"season","min_minutes","model","player_id","player_name","coefficient"
2010,0,"dummy","4226","Cedric Jackson",10.8848077957748
2010,0,"dummy","3410","Alexis Ajinca",7.99385585813924
2010,0,"dummy","84","Ryan Bowen",7.35433251505795
2010,0,"dummy","4021",NA,3.37438490712255
2010,0,"dummy","3466","Kyle Weaver",3.1978836182325
2010,0,"dummy","3421","Joey Dorsey",2.56927740853765
2010,0,"dummy","2749","Travis Diener",2.1995049601479
2010,0,"dummy","3219","Acie Law",2.14721555929838
2010,0,"dummy","3207","Aaron Gray",1.46042973081602
2010,0,"dummy","2774","Ian Mahinmi",1.38504584070504
2010,0,"dummy","3205","Kyrylo Fesenko",1.35048969297755
2010,0,"dummy","pair_1966_2419",NA,1.01259616051971
2010,0,"dummy","3469","D.J. White",0.996056527009096
2010,0,"dummy","49","Raja Bell",0.978931613948535
2010,0,"dummy","1135","Chris Andersen",0.964453301198438
2010,0,"dummy","2810","Shavlik Randolph",0.945280857111968
2010,0,"dummy","1828","Reggie Evans",0.939646274970071
2010,0,"dummy","94","Primoz Brezec",0.870668074553869
2010,0,"dummy","3433","Malik Hairston",0.817312436017494
2010,0,"dummy","2419","Anderson Varejao",0.802758952803614
2010,0,"dummy","1024","Jamaal Tinsley",0.78861481104834
2010,0,"dummy","2171","Darko Milicic",0.786861474074323
2010,0,"dummy","312",NA,0.755248440667829
2010,0,"dummy","802","Jerry Stackhouse",0.753745320498279
2010,0,"dummy","234","Francisco Elson",0.733245801140311
2010,0,"dummy","3225","Greg Oden",0.693649995274319
2010,0,"dummy","4024","Marcus Landry",0.686692506022659
2010,0,"dummy","3412","Ryan Anderson",0.682401121749581
2010,0,"dummy","1765","Matt Barnes",0.66559146231592
2010,0,"dummy","2384","Dwight Howard",0.661528282316556
2010,0,"dummy","3974","Dante Cunningham",0.657985723444615
2010,0,"dummy","362","Zydrunas Ilgauskas",0.637851650993163
2010,0,"dummy","261","Kevin Garnett",0.634073527075912
2010,0,"dummy","136","Vince Carter",0.607691086753439
2010,0,"dummy","1966","LeBron James",0.605095359137479
2010,0,"dummy","3467","Sonny Weems",0.593716944198338
2010,0,"dummy","992","DeSagana Diop",0.587209177362432
2010,0,"dummy","530","Antonio McDyess",0.57880513432242
2010,0,"dummy","1978","Nick Collison",0.57040014613162
2010,0,"dummy","3025","Sergio Rodriguez",0.56780859465559
2010,0,"dummy","510","Shawn Marion",0.56082386144232
2010,0,"dummy","2411","Josh Smith",0.555452407494573
2010,0,"dummy","617","Lamar Odom",0.550802736584328
2010,0,"dummy","181","Erick Dampier",0.546030680698467
2010,0,"dummy","3241","Julian Wright",0.544597501103288
2010,0,"dummy","609","Dirk Nowitzki",0.520455505544596
2010,0,"dummy","2763","Luther Head",0.515825575197443
2010,0,"dummy","pair_1007_3213",NA,0.5085241228605
2010,0,"dummy","2797","Marvin Williams",0.503485731532133
2010,0,"dummy","3220","Josh McRoberts",0.503294916237244
2010,0,"dummy","3930","Cartier Martin",0.500311071431918
2010,0,"dummy","25","Ron Artest",0.495256704560904
2010,0,"dummy","4010","A.J. Price",0.488666723934318
2010,0,"dummy","933","Jason Williams",0.486114446367972
2010,0,"dummy","2747","Andrew Bogut",0.484292531793585
2010,0,"dummy","996","Pau Gasol",0.479408018319356
2010,0,"dummy","pair_609_841",NA,0.479020211235965
2010,0,"dummy","pair_2983_557",NA,0.476261330817167
2010,0,"dummy","3967","Derrick Brown",0.474237430307612
2010,0,"dummy","246","Derek Fisher",0.460007777695331
2010,0,"dummy","3447","Robin Lopez",0.45749682794836
2010,0,"dummy","110","Kobe Bryant",0.450681938327806
2010,0,"dummy","2790","Roko Ukic",0.44334500316977
2010,0,"dummy","557","Andre Miller",0.439703062868814
2010,0,"dummy","2166","Leandro Barbosa",0.434965280927985
2010,0,"dummy","3239","Sean Williams",0.432851752159895
2010,0,"dummy","pair_2747_3997",NA,0.430647915465889
2010,0,"dummy","2009","James Jones",0.418393613424952
2010,0,"dummy","3213","Al Horford",0.411111292390444
2010,0,"dummy","1721","Roger Mason",0.409683318941215
2010,0,"dummy","pair_1017_3005",NA,0.404630734220952
2010,0,"dummy","9","Ray Allen",0.393505250338639
2010,0,"dummy","3277","C.J. Watson",0.388480371000603
2010,0,"dummy","2011","Kyle Korver",0.38616937318244
2010,0,"dummy","635","Anthony Parker",0.384453857570551
2010,0,"dummy","3012","Kyle Lowry",0.38421941716575
2010,0,"dummy","656","Morris Peterson",0.383486633027733
2010,0,"dummy","2018","Kendrick Perkins",0.381907426667661
2010,0,"dummy","1777","Ronald Murray",0.380633934967763
2010,0,"dummy","2795","Martell Webster",0.379596508808189
2010,0,"dummy","2798","Deron Williams",0.377271051522457
2010,0,"dummy","3229","Chris Richard",0.37644764552276
2010,0,"dummy","242","Michael Finley",0.375377778527844
2010,0,"dummy","1987","Dwyane Wade",0.374080280125844
2010,0,"dummy","1007","Joe Johnson",0.372221874783587
2010,0,"dummy","1034","Charlie Bell",0.371802865235345
2010,0,"dummy","4000","Ty Lawson",0.369573249259507
2010,0,"dummy","3006","Daniel Gibson",0.359344946094971
2010,0,"dummy","3966","Jon Brockman",0.350115709844874
2010,0,"dummy","3040","Shelden Williams",0.347553139522692
2010,0,"dummy","2755","Francisco Garcia",0.341331939780291
2010,0,"dummy","61","Mike Bibby",0.338706640718194
2010,0,"dummy","849","Kenny Thomas",0.338267479739703
2010,0,"dummy","1975","Carmelo Anthony",0.336556812518703
2010,0,"dummy","4001","Eric Maynor",0.334321531690625
2010,0,"dummy","2754","Channing Frye",0.327515770170725
2010,0,"dummy","4224","Sundiata Gaines",0.326863754621242
2010,0,"dummy","515","Kenyon Martin",0.324980140813738
2010,0,"dummy","3024","J.J. Redick",0.323410219181801
2010,0,"dummy","3002","Jordan Farmar",0.318906619397248
2010,0,"dummy","3438","George Hill",0.318227454458943
2010,0,"dummy","682","Joel Przybilla",0.311125816225633
2010,0,"dummy","4032","Wes Matthews",0.307323322581569
2010,0,"dummy","434","Andrei Kirilenko",0.30593347810104
2010,0,"dummy","1717","Jared Jeffries",0.305885931613368
2010,0,"dummy","pair_110_617",NA,0.305653290967111
2010,0,"dummy","3202","Kevin Durant",0.30505085728156
2010,0,"dummy","3032","Tyrus Thomas",0.304482374375268
2010,0,"dummy","1015","Tony Parker",0.303622008018493
2010,0,"dummy","3046","Chris Quinn",0.300217245116259
2010,0,"dummy","3415","D.J. Augustin",0.29993111795662
2010,0,"dummy","592","Steve Nash",0.297429065620459
2010,0,"dummy","pair_2384_469",NA,0.293538884905538
2010,0,"dummy","2422","Delonte West",0.292192406402148
2010,0,"dummy","2834","Chuck Hayes",0.28734255646862
2010,0,"dummy","3201","Jared Dudley",0.286030589128963
2010,0,"dummy","703","Quentin Richardson",0.284772682905422
2010,0,"dummy","2769","Amir Johnson",0.281580325989129
2010,0,"dummy","pair_1006_3438",NA,0.279487641791573
2010,0,"dummy","2178","Mo Williams",0.277187559988351
2010,0,"dummy","2873","James Singleton",0.273339264517437
2010,0,"dummy","1006","Richard Jefferson",0.272248237934316
2010,0,"dummy","pair_1703_2798",NA,0.264278394277215
2010,0,"dummy","662","Paul Pierce",0.256992353661404
2010,0,"dummy","2991","Ronnie Brewer",0.252147388852017
2010,0,"dummy","pair_3026_9",NA,0.247533288852377
2010,0,"dummy","1713","Nene Hilario",0.241245703740096
2010,0,"dummy","3249","Jamario Moon",0.2363928159834
2010,0,"dummy","1725",NA,0.234082085098204
2010,0,"dummy","3423","Goran Dragic",0.226401789460372
2010,0,"dummy","2778","C.J. Miles",0.220709515745099
2010,0,"dummy","1996","Matt Bonner",0.219268910053387
2010,0,"dummy","pair_1975_63",NA,0.216364514890595
2010,0,"dummy","2748","Andrew Bynum",0.212263130066194
2010,0,"dummy","2444","J.R. Smith",0.211912853425338
2010,0,"dummy","1719","Nenad Krstic",0.206743490450227
2010,0,"dummy","885","Ben Wallace",0.204727194373235
2010,0,"dummy","3451","Luc Richard",0.204648640640078
2010,0,"dummy","3992","James Harden",0.199009533077062
2010,0,"dummy","272","Manu Ginobili",0.19723241591281
2010,0,"dummy","3993","Gerald Henderson",0.196543790967325
2010,0,"dummy","pair_3202_3468",NA,0.196499170255399
2010,0,"dummy","2782","Nate Robinson",0.193409301297938
2010,0,"dummy","3190","Marco Belinelli",0.192504129801762
2010,0,"dummy","63","Chauncey Billups",0.191204575927217
2010,0,"dummy","615","Jermaine O'Neal",0.190671307773097
2010,0,"dummy","3027","Brandon Roy",0.185950193895964
2010,0,"dummy","3278","Mario West",0.185509657223542
2010,0,"dummy","1026","Gerald Wallace",0.180542390717878
2010,0,"dummy","2439","Jameer Nelson",0.178861238459631
2010,0,"dummy","3968","Chase Budinger",0.172902603562074
2010,0,"dummy","4017","Marcus Thornton",0.170152129061694
2010,0,"dummy","pair_1727_592",NA,0.169931972930972
2010,0,"dummy","1703","Carlos Boozer",0.168197800819525
2010,0,"dummy","3997","Brandon Jennings",0.165830679249034
2010,0,"dummy","2015","Travis Outlaw",0.165249925656245
2010,0,"dummy","2807","Ronnie Price",0.160135910235484
2010,0,"dummy","250","Jeff Foster",0.15806484078592
2010,0,"dummy","378","Stephen Jackson",0.15795324898558
2010,0,"dummy","pair_2167_378",NA,0.154639172159436
2010,0,"dummy","3015","Paul Millsap",0.151094978508475
2010,0,"dummy","348","Eddie House",0.148351777730862
2010,0,"dummy","558","Mike Miller",0.148027106590692
2010,0,"dummy","2779","Chris Paul",0.146487981452983
2010,0,"dummy","pair_3235_885",NA,0.145366373473548
2010,0,"dummy","165","Jamal Crawford",0.143605702812765
2010,0,"dummy","2760","Danny Granger",0.142332213571158
2010,0,"dummy","1995","Keith Bogans",0.13785875116372
2010,0,"dummy","2983","LaMarcus Aldridge",0.135660010255166
2010,0,"dummy","215","Tim Duncan",0.129916757718613
2010,0,"dummy","1994","Steve Blake",0.126396890182196
2010,0,"dummy","pair_194_1982",NA,0.123232021758011
2010,0,"dummy","1726","John Salmons",0.118804719701712
2010,0,"dummy","2004","Willie Green",0.117285132356172
2010,0,"dummy","1018","Jason Richardson",0.115029132563105
2010,0,"dummy","3428","Danilo Gallinari",0.113951650061774
2010,0,"dummy","pair_2429_3456",NA,0.109999581257535
2010,0,"dummy","356","Larry Hughes",0.102330067841843
2010,0,"dummy","429","Jason Kidd",0.0994815494673398
2010,0,"dummy","3026","Rajon Rondo",0.0988505721600503
2010,0,"dummy","2801","Antoine Wright",0.0949214015657119
2010,0,"dummy","1017","Zach Randolph",0.0895780689212057
2010,0,"dummy","1977","Chris Bosh",0.0887631739871946
2010,0,"dummy","2992","Shannon Brown",0.0835656461667447
2010,0,"dummy","125","Marcus Camby",0.0815228663410767
2010,0,"dummy","671","James Posey",0.0747223242371472
2010,0,"dummy","2429","Luol Deng",0.0740026847043074
2010,0,"dummy","3187","Arron Afflalo",0.0709131661473373
2010,0,"dummy","3472","Bobby Brown",0.0705561251067922
2010,0,"dummy","396","Anthony Johnson",0.069835660553631
2010,0,"dummy","2850","Jawad Williams",0.0681839658190866
2010,0,"dummy","91","Elton Brand",0.0640013554585691
2010,0,"dummy","3204","Rudy Fernandez",0.0618899498383098
2010,0,"dummy","3436","Roy Hibbert",0.0608611529826975
2010,0,"dummy","2767","Ersan Ilyasova",0.0596717709610947
2010,0,"dummy","3449","Kevin Love",0.058944178245444
2010,0,"dummy","3028","Thabo Sefolosha",0.0561773507149032
2010,0,"dummy","3468","Russell Westbrook",0.0544569483984158
2010,0,"dummy","469","Rashard Lewis",0.0501816032898242
2010,0,"dummy","2200","Marquis Daniels",0.0486241370565708
2010,0,"dummy","3005","Rudy Gay",0.0470796909127334
2010,0,"dummy","2776","Sean May",0.0448701414174263
2010,0,"dummy","3041","Louis Amundson",0.0328000263303392
2010,0,"dummy","991","Samuel Dalembert",0.0301405326289293
2010,0,"dummy","2167","Boris Diaw",0.0281841883328958
2010,0,"dummy","1727","Amare Stoudemire",0.0239240494147033
2010,0,"dummy","2448","Beno Udrih",0.022005830754414
2010,0,"dummy","3991","Tyler Hansbrough",0.0159819099239625
2010,0,"dummy","3231","Ramon Sessions",0.00519126457385055
2010,0,"dummy","1",NA,0
2010,0,"dummy","2423","Dorell Wright",-0.00304801570678743
2010,0,"dummy","1999","Carlos Delfino",-0.00997771166775808
2010,0,"dummy","3206","Marc Gasol",-0.0101811812833433
2010,0,"dummy","3192","Aaron Brooks",-0.0120383238268813
2010,0,"dummy","2768","Jarrett Jack",-0.014063551832537
2010,0,"dummy","1022","Bobby Simmons",-0.0142396883384479
2010,0,"dummy","1014","Mehmet Okur",-0.0149567927641698
2010,0,"dummy","3419","Mario Chalmers",-0.0177090280042069
2010,0,"dummy","3450","O.J. Mayo",-0.0184708691779434
2010,0,"dummy","3962","Chris Hunter",-0.0198635287594745
2010,0,"dummy","3195","Mike Conley",-0.0231488463870579
2010,0,"dummy","3418","Michael Beasley",-0.0234703963447572
2010,0,"dummy","2387","Royal Ivey",-0.0246133665599424
2010,0,"dummy","3432","Donte Greene",-0.0249889429145776
2010,0,"dummy","3965","DeJuan Blair",-0.0254791108344256
2010,0,"dummy","2805","Fabricio Oberto",-0.0266003144773817
2010,0,"dummy","1858","Devin Brown",-0.0269456740043626
2010,0,"dummy","2367","Tony Allen",-0.027517822455066
2010,0,"dummy","pair_2772_3428",NA,-0.0337566936991296
2010,0,"dummy","813","Peja Stojakovic",-0.035222411781288
2010,0,"dummy","808","DeShawn Stevenson",-0.0356676854073971
2010,0,"dummy","1767","Rasual Butler",-0.0424829935390395
2010,0,"dummy","3235","Rodney Stuckey",-0.0441316848351758
2010,0,"dummy","974","Gilbert Arenas",-0.0443151477998073
2010,0,"dummy","4015","Jeff Teague",-0.0485597797199299
2010,0,"dummy","1781","Luis Scola",-0.0550033365493687
2010,0,"dummy","2426","Trevor Ariza",-0.058705108997976
2010,0,"dummy","1981","Kirk Hinrich",-0.0617258454463834
2010,0,"dummy","3474","Anthony Morrow",-0.0623885072470048
2010,0,"dummy","841","Jason Terry",-0.0656547431259546
2010,0,"dummy","2399","Emeka Okafor",-0.0679481137183441
2010,0,"dummy","3456","Derrick Rose",-0.0702570969940648
2010,0,"dummy","2806","Jose Calderon",-0.0716062543295334
2010,0,"dummy","3196","Daequan Cook",-0.0751433684994699
2010,0,"dummy","3437","J.J. Hickson",-0.0814869732087753
2010,0,"dummy","1000","Brendan Haywood",-0.0860160826487781
2010,0,"dummy","614","Shaquille O'Neal",-0.0865137624707443
2010,0,"dummy","3244","Thaddeus Young",-0.090223996846988
2010,0,"dummy","2506","Damien Wilkins",-0.0909166472302864
2010,0,"dummy","3209","Jeff Green",-0.0910712420803748
2010,0,"dummy","4205","David Andersen",-0.092973127920112
2010,0,"dummy","3462","Jason Thompson",-0.097603292375795
2010,0,"dummy","2799","Lou Williams",-0.10091875270091
2010,0,"dummy","3431","Eric Gordon",-0.103759650071815
2010,0,"dummy","568","Nazr Mohammed",-0.113495036718795
2010,0,"dummy","pair_3462_3983",NA,-0.113991020951308
2010,0,"dummy","3994","Jordan Hill",-0.114972069613531
2010,0,"dummy","pair_1781_3192",NA,-0.117385183892586
2010,0,"dummy","pair_1705_385",NA,-0.118390264351255
2010,0,"dummy","2006","Josh Howard",-0.118528585467486
2010,0,"dummy","511","Sean Marks",-0.122710976789567
2010,0,"dummy","1982","Chris Kaman",-0.124494571833911
2010,0,"dummy","336","Grant Hill",-0.126843463976152
2010,0,"dummy","pair_2177_2399",NA,-0.127825066848018
2010,0,"dummy","2177","David West",-0.132497565214044
2010,0,"dummy","2393","Shaun Livingston",-0.135242129352072
2010,0,"dummy","3975","Stephen Curry",-0.136318130823089
2010,0,"dummy","2997","Mardy Collins",-0.136991372701204
2010,0,"dummy","3986","Taj Gibson",-0.138031540304465
2010,0,"dummy","4008","Jeff Pendergraph",-0.140332377786037
2010,0,"dummy","2753","Raymond Felton",-0.140344823333828
2010,0,"dummy","pair_1987_2184",NA,-0.140537953910036
2010,0,"dummy","976","Shane Battier",-0.145676721980017
2010,0,"dummy","pair_2768_2987",NA,-0.146006489203432
2010,0,"dummy","1705","Caron Butler",-0.148145782580335
2010,0,"dummy","1055","Carlos Arroyo",-0.15033079510493
2010,0,"dummy","3031","Craig Smith",-0.158572574410996
2010,0,"dummy","2386","Andre Iguodala",-0.159344194876011
2010,0,"dummy","3981","Wayne Ellington",-0.160447737718684
2010,0,"dummy","1027","Earl Watson",-0.16063691524869
2010,0,"dummy","2775","Jason Maxiell",-0.165305113285745
2010,0,"dummy","556","Brad Miller",-0.167375192896184
2010,0,"dummy","4004","Patrick Mills",-0.169810888294708
2010,0,"dummy","194","Baron Davis",-0.172204094078528
2010,0,"dummy","2746","Andray Blatche",-0.177755399417129
2010,0,"dummy","2173","Mickael Pietrus",-0.177964705840926
2010,0,"dummy","3478","Hamed Haddadi",-0.17801780973475
2010,0,"dummy","1784","Darius Songaila",-0.181370780600644
2010,0,"dummy","2772","David Lee",-0.183703734359391
2010,0,"dummy","2995","Rodney Carney",-0.186698333984697
2010,0,"dummy","366","Allen Iverson",-0.189879399910226
2010,0,"dummy","862","Hedo Turkoglu",-0.189927949869753
2010,0,"dummy","498","Jamaal Magloire",-0.190894868548055
2010,0,"dummy","3243","Nick Young",-0.192920614969434
2010,0,"dummy","3554","Omri Casspi",-0.196788803454672
2010,0,"dummy","3439","Serge Ibaka",-0.201199834878981
2010,0,"dummy","1985","Luke Ridnour",-0.201921332087363
2010,0,"dummy","3998","Jonas Jerebko",-0.202451406371965
2010,0,"dummy","1708","Mike Dunleavy",-0.204276888601159
2010,0,"dummy","3441","Nathan Jawai",-0.211074091666277
2010,0,"dummy","2794","Hakim Warrick",-0.211843866445347
2010,0,"dummy","308","Al Harrington",-0.214070718663351
2010,0,"dummy","3996","Lester Hudson",-0.218345821137554
2010,0,"dummy","3276","Anthony Tolliver",-0.221348438352607
2010,0,"dummy","1710","Dan Gadzuric",-0.223183055670028
2010,0,"dummy","2377","Chris Duhon",-0.22985855534348
2010,0,"dummy","3464","Bill Walker",-0.238803180439944
2010,0,"dummy","385","Antawn Jamison",-0.240152828779311
2010,0,"dummy","267","Devean George",-0.246202750990315
2010,0,"dummy","2984","Hilton Armstrong",-0.247267582157086
2010,0,"dummy","497","Corey Maggette",-0.247500867456317
2010,0,"dummy","3976","Austin Daye",-0.253575498932707
2010,0,"dummy","4016","Hasheem Thabeet",-0.261782349296809
2010,0,"dummy","2832","Stephen Graham",-0.263818072228348
2010,0,"dummy","3457","Brandon Rush",-0.26399485755424
2010,0,"dummy","1724","Tayshaun Prince",-0.264203960102317
2010,0,"dummy","2987","Andrea Bargnani",-0.265343074895518
2010,0,"dummy","3020","Oleksiy Pecherov",-0.271359390205718
2010,0,"dummy","3416","Nicolas Batum",-0.274411567497253
2010,0,"dummy","3194","Wilson Chandler",-0.275947607945739
2010,0,"dummy","3417","Jerryd Bayless",-0.277826210540677
2010,0,"dummy","3224","Joakim Noah",-0.278192191844142
2010,0,"dummy","3995","Jrue Holiday",-0.278636575264317
2010,0,"dummy","3003","Randy Foye",-0.280315517028772
2010,0,"dummy","3217","Carl Landry",-0.283469567265979
2010,0,"dummy","3211","Spencer Hawes",-0.286753259122638
2010,0,"dummy","pair_2386_3244",NA,-0.302131715131933
2010,0,"dummy","2184","Udonis Haslem",-0.304758213632466
2010,0,"dummy","26","Chucky Atkins",-0.304887580185179
2010,0,"dummy","209","Keyon Dooling",-0.310416842909523
2010,0,"dummy","1016","Vladimir Radmanovic",-0.312353193636775
2010,0,"dummy","2789","Ronny Turiaf",-0.324765905631569
2010,0,"dummy","3970","DeMarre Carroll",-0.327813597526117
2010,0,"dummy","11","Rafer Alston",-0.329015601125471
2010,0,"dummy","2381","Ben Gordon",-0.331201504025837
2010,0,"dummy","4003","Jodie Meeks",-0.331505693222562
2010,0,"dummy","3232","Jason Smith",-0.33528536161822
2010,0,"dummy","3963","Rodrigue Beaubois",-0.336311870625638
2010,0,"dummy","3039","Marcus Williams",-0.337672076193097
2010,0,"dummy","2757","Ryan Gomes",-0.346646660026744
2010,0,"dummy","2427","Andris Biedrins",-0.346989034034112
2010,0,"dummy","851","Etan Thomas",-0.351525819554549
2010,0,"dummy","984","Tyson Chandler",-0.354547014427918
2010,0,"dummy","2759","Joey Graham",-0.361132695239077
2010,0,"dummy","351","Juwan Howard",-0.362577498405746
2010,0,"dummy","2417","Sebastian Telfair",-0.364333139443685
2010,0,"dummy","1821","Jannero Pargo",-0.368062539259757
2010,0,"dummy","3237","Al Thornton",-0.371507968223551
2010,0,"dummy","3429","J.R. Giddens",-0.374690800336142
2010,0,"dummy","3983","Tyreke Evans",-0.379897194858861
2010,0,"dummy","620","Kevin Ollie",-0.388701302342703
2010,0,"dummy","294","Richard Hamilton",-0.3900271684642
2010,0,"dummy","3455","Anthony Randolph",-0.390373023240899
2010,0,"dummy","1711","Drew Gooden",-0.407137859264171
2010,0,"dummy","692","Michael Redd",-0.409054150917071
2010,0,"dummy","883","Rasheed Wallace",-0.419435783127467
2010,0,"dummy","3214","Yi Jianlian",-0.420227870655462
2010,0,"dummy","2450","D.J. Mbenga",-0.42062017586316
2010,0,"dummy","4005",NA,-0.42624987758973
2010,0,"dummy","3999","James Johnson",-0.427905963204072
2010,0,"dummy","988","Jarron Collins",-0.433802466301623
2010,0,"dummy","87","Earl Boykins",-0.434174574219622
2010,0,"dummy","2008","Dahntay Jones",-0.435982486972173
2010,0,"dummy","2389","Al Jefferson",-0.439272087001912
2010,0,"dummy","3247","Joel Anthony",-0.444972744372872
2010,0,"dummy","137","Anthony Carter",-0.454268698373292
2010,0,"dummy","3055","Jose Juan",-0.457884690099664
2010,0,"dummy","2456","Andres Nocioni",-0.461646307116294
2010,0,"dummy","866","Ime Udoka",-0.480681762316833
2010,0,"dummy","846","Kurt Thomas",-0.481898768257159
2010,0,"dummy","2816","Will Bynum",-0.485343460204014
2010,0,"dummy","3973","Darren Collison",-0.491923747865328
2010,0,"dummy","1979","T.J. Ford",-0.4962730842679
2010,0,"dummy","2421","Sasha Vujacic",-0.501716402250852
2010,0,"dummy","2751","Monta Ellis",-0.509803130699833
2010,0,"dummy","2016","Zaza Pachulia",-0.510211765404687
2010,0,"dummy","598","Rasho Nesterovic",-0.51758245009966
2010,0,"dummy","3191","Corey Brewer",-0.518845298728823
2010,0,"dummy","3978","DeMar DeRozan",-0.540761484628633
2010,0,"dummy","4019","Terrence Williams",-0.555405298559351
2010,0,"dummy","2745","Brandon Bass",-0.558250509521737
2010,0,"dummy","2165","Marcus Banks",-0.559642754350141
2010,0,"dummy","2394","Kevin Martin",-0.560958773284965
2010,0,"dummy","193","Ricky Davis",-0.563185786723521
2010,0,"dummy","1980","Jarvis Hayes",-0.57341888212656
2010,0,"dummy","2172","Sasha Pavlovic",-0.603785512166673
2010,0,"dummy","3979","Toney Douglas",-0.604248709631136
2010,0,"dummy","2758","Marcin Gortat",-0.61066315443606
2010,0,"dummy","2986","Renaldo Balkman",-0.613368319963722
2010,0,"dummy","pair_2751_3975",NA,-0.622494880649519
2010,0,"dummy","3971","Earl Clark",-0.62453421038245
2010,0,"dummy","3448","Brook Lopez",-0.632436566476959
2010,0,"dummy","2792","Charlie Villanueva",-0.634033359711264
2010,0,"dummy","3422","Chris Douglas-Roberts",-0.641193321783347
2010,0,"dummy","1013","Troy Murphy",-0.676239656420017
2010,0,"dummy","3445","Courtney Lee",-0.682625031541778
2010,0,"dummy","847","Tim Thomas",-0.688878706645575
2010,0,"dummy","981","Kwame Brown",-0.694484038889837
2010,0,"dummy","2780","Johan Petro",-0.706233525598959
2010,0,"dummy","3442","DeAndre Jordan",-0.711732765603367
2010,0,"dummy","2197","Josh Powell",-0.718219036783564
2010,0,"dummy","4020","Sam Young",-0.72871589966001
2010,0,"dummy","3200","Glen Davis",-0.731890878598589
2010,0,"dummy","3010","Solomon Jones",-0.737567930251563
2010,0,"dummy","pair_2382_3448",NA,-0.738541006876746
2010,0,"dummy","591","Eduardo Najera",-0.742394251839857
2010,0,"dummy","1031","Maurice Evans",-0.754216254330634
2010,0,"dummy","998","Trenton Hassell",-0.764913894414736
2010,0,"dummy","130","Brian Cardinal",-0.766518712378712
2010,0,"dummy","3985","Jonny Flynn",-0.784503511273492
2010,0,"dummy","1021","Brian Scalabrine",-0.800623497885363
2010,0,"dummy","3246","Dominic McGuire",-0.805570217954002
2010,0,"dummy","788","Joe Smith",-0.821612903086863
2010,0,"dummy","pair_3191_3985",NA,-0.833248513504862
2010,0,"dummy","3452","JaVale McGee",-0.841436800240196
2010,0,"dummy","3475","Othello Hunter",-0.842734167202604
2010,0,"dummy","3251","Coby Karl",-0.84633415330435
2010,0,"dummy","2211","Matt Carroll",-0.863719940334327
2010,0,"dummy","2433","Kris Humphries",-0.873815195981304
2010,0,"dummy","1051","Mike James",-0.876361262111148
2010,0,"dummy","359","Lindsey Hunter",-0.895223082875901
2010,0,"dummy","3048",NA,-0.90366736269938
2010,0,"dummy","2010","Jason Kapono",-0.904493544336456
2010,0,"dummy","2382","Devin Harris",-0.924728512918564
2010,0,"dummy","3460","Marreese Speights",-0.93434676216961
2010,0,"dummy","3008","Ryan Hollins",-0.94648116252127
2010,0,"dummy","779","Brian Skinner",-0.954780798777723
2010,0,"dummy","3023","Leon Powe",-0.97465608935957
2010,0,"dummy","pair_1013_3457",NA,-0.988245610067773
2010,0,"dummy","2027","Luke Walton",-0.995874534795614
2010,0,"dummy","2188","Quinton Ross",-1.00645492441038
2010,0,"dummy","2990","Josh Boone",-1.0513434711913
2010,0,"dummy","1731","Chris Wilcox",-1.0536623979642
2010,0,"dummy","2821","Kelenna Azubuike",-1.07436582512494
2010,0,"dummy","4023","Garrett Temple",-1.10106441171499
2010,0,"dummy","2998",NA,-1.110354591139
2010,0,"dummy","45","Tony Battie",-1.14116582884113
2010,0,"dummy","4012","DaJuan Summers",-1.15384034282711
2010,0,"dummy","532","Tracy McGrady",-1.18502505174688
2010,0,"dummy","1002","Steven Hunter",-1.21239999579891
2010,0,"dummy","3440","Darnell Jackson",-1.21690187534408
2010,0,"dummy","575","Mikki Moore",-1.25889280261052
2010,0,"dummy","3179","Randolph Morris",-1.28956687268038
2010,0,"dummy","3990","Taylor Griffin",-1.29790847404343
2010,0,"dummy","990","Eddy Curry",-1.29902397825866
2010,0,"dummy","50","Jonathan Bender",-1.30438835888308
2010,0,"dummy","3053","Pops Mensah-Bonsu",-1.31099974706378
2010,0,"dummy","687","Theo Ratliff",-1.36096577088182
2010,0,"dummy","3018","Steve Novak",-1.36754906950935
2010,0,"dummy","987","Jason Collins",-1.42785766472953
2010,0,"dummy","3019","Patrick O'Bryant",-1.5578193826617
2010,0,"dummy","3444","Kosta Koufos",-1.5979605260688
2010,0,"dummy","1712","Marcus Haislip",-1.7021066364278
2010,0,"dummy","3016","Adam Morrison",-1.79619400428083
2010,0,"dummy","4014","Jermaine Taylor",-1.95622201339405
2010,0,"dummy","10","Malik Allen",-1.96829258989562
2010,0,"dummy","3413","Darrell Arthur",-2.00501149362837
2010,0,"dummy","3988","Daniel Green",-2.32637215875893
2010,0,"dummy","3238","Alando Tucker",-2.42919695260872
2010,0,"dummy","3081","Mike Harris",-2.56257418498668
2010,0,"dummy","518","Desmond Mason",-2.72015739130328
2010,0,"dummy","1913","Mike Wilks",-4.05996582136376
2010,0,"dummy","1998","Brian Cook",-4.22924348036426
2010,0,"dummy","2827","Will Conroy",-5.49302160677107
2010,5,"dummy","84","Ryan Bowen",7.9051563906736
2010,5,"dummy","3466","Kyle Weaver",3.44520372993527
2010,5,"dummy","3421","Joey Dorsey",2.69421280565076
2010,5,"dummy","3219","Acie Law",2.31770579106347
2010,5,"dummy","3207","Aaron Gray",1.60221881238583
2010,5,"dummy","2774","Ian Mahinmi",1.49459595273344
2010,5,"dummy","3205","Kyrylo Fesenko",1.43731891064849
2010,5,"dummy","pair_1966_2419",NA,1.07135636352624
2010,5,"dummy","49","Raja Bell",1.06256688424453
2010,5,"dummy","3469","D.J. White",1.06026848840727
2010,5,"dummy","1135","Chris Andersen",1.03684713457127
2010,5,"dummy","1828","Reggie Evans",0.999741293496326
2010,5,"dummy","1024","Jamaal Tinsley",0.863239017749751
2010,5,"dummy","2171","Darko Milicic",0.854391908050332
2010,5,"dummy","2419","Anderson Varejao",0.84852474152071
2010,5,"dummy","802","Jerry Stackhouse",0.808692808014882
2010,5,"dummy","4024","Marcus Landry",0.781853367240202
2010,5,"dummy","234","Francisco Elson",0.744769787695502
2010,5,"dummy","3225","Greg Oden",0.736625425604312
2010,5,"dummy","3412","Ryan Anderson",0.72947132297114
2010,5,"dummy","1765","Matt Barnes",0.70968100896443
2010,5,"dummy","3974","Dante Cunningham",0.708529897715595
2010,5,"dummy","2384","Dwight Howard",0.701746287769056
2010,5,"dummy","261","Kevin Garnett",0.675587276668341
2010,5,"dummy","362","Zydrunas Ilgauskas",0.661196617019694
2010,5,"dummy","136","Vince Carter",0.648955167884153
2010,5,"dummy","1966","LeBron James",0.637391252596637
2010,5,"dummy","992","DeSagana Diop",0.635697796534826
2010,5,"dummy","3467","Sonny Weems",0.629107070519603
2010,5,"dummy","3025","Sergio Rodriguez",0.622442015497397
2010,5,"dummy","530","Antonio McDyess",0.614941282529593
2010,5,"dummy","1978","Nick Collison",0.611757740112649
2010,5,"dummy","510","Shawn Marion",0.602604402033669
2010,5,"dummy","3241","Julian Wright",0.589534051787643
2010,5,"dummy","2411","Josh Smith",0.588895384752322
2010,5,"dummy","617","Lamar Odom",0.583420662955644
2010,5,"dummy","181","Erick Dampier",0.579724522586779
2010,5,"dummy","3220","Josh McRoberts",0.564083276645977
2010,5,"dummy","609","Dirk Nowitzki",0.560243452209633
2010,5,"dummy","2763","Luther Head",0.560180850532831
2010,5,"dummy","4010","A.J. Price",0.550592769274006
2010,5,"dummy","3930","Cartier Martin",0.54669202463493
2010,5,"dummy","pair_1007_3213",NA,0.535012718645287
2010,5,"dummy","2797","Marvin Williams",0.528236420662363
2010,5,"dummy","3967","Derrick Brown",0.52420147689995
2010,5,"dummy","25","Ron Artest",0.520267772632375
2010,5,"dummy","933","Jason Williams",0.51826794044358
2010,5,"dummy","2747","Andrew Bogut",0.516648367792332
2010,5,"dummy","pair_609_841",NA,0.513779072888359
2010,5,"dummy","pair_2983_557",NA,0.507190017468091
2010,5,"dummy","996","Pau Gasol",0.502421680714747
2010,5,"dummy","3239","Sean Williams",0.490028151734272
2010,5,"dummy","246","Derek Fisher",0.482094198459298
2010,5,"dummy","2790","Roko Ukic",0.48164372739218
2010,5,"dummy","3447","Robin Lopez",0.479733575304338
2010,5,"dummy","110","Kobe Bryant",0.472072140060748
2010,5,"dummy","557","Andre Miller",0.468777334653799
2010,5,"dummy","2009","James Jones",0.461652386128045
2010,5,"dummy","2166","Leandro Barbosa",0.460545322209957
2010,5,"dummy","pair_2747_3997",NA,0.456135397153223
2010,5,"dummy","1721","Roger Mason",0.449747950550181
2010,5,"dummy","pair_1017_3005",NA,0.438024194330106
2010,5,"dummy","3213","Al Horford",0.431163371495111
2010,5,"dummy","3277","C.J. Watson",0.427479318298963
2010,5,"dummy","656","Morris Peterson",0.422625894746721
2010,5,"dummy","9","Ray Allen",0.418264544097342
2010,5,"dummy","1777","Ronald Murray",0.412930818457959
2010,5,"dummy","1987","Dwyane Wade",0.410546774722961
2010,5,"dummy","2795","Martell Webster",0.409838710788446
2010,5,"dummy","3012","Kyle Lowry",0.409743247279821
2010,5,"dummy","2011","Kyle Korver",0.40731922907722
2010,5,"dummy","2018","Kendrick Perkins",0.403592513418434
2010,5,"dummy","3040","Shelden Williams",0.403173475926499
2010,5,"dummy","242","Michael Finley",0.401321920955287
2010,5,"dummy","3229","Chris Richard",0.401207623583291
2010,5,"dummy","2798","Deron Williams",0.400332394593063
2010,5,"dummy","635","Anthony Parker",0.397568838261831
2010,5,"dummy","1034","Charlie Bell",0.39754308913806
2010,5,"dummy","4000","Ty Lawson",0.390647745266047
2010,5,"dummy","1007","Joe Johnson",0.388000903369504
2010,5,"dummy","3966","Jon Brockman",0.381470058638858
2010,5,"dummy","2755","Francisco Garcia",0.366667471020366
2010,5,"dummy","849","Kenny Thomas",0.364704807618852
2010,5,"dummy","3006","Daniel Gibson",0.360047097869232
2010,5,"dummy","1975","Carmelo Anthony",0.353102747697648
2010,5,"dummy","2754","Channing Frye",0.350875754399863
2010,5,"dummy","3046","Chris Quinn",0.350513592096772
2010,5,"dummy","4001","Eric Maynor",0.348709439904861
2010,5,"dummy","61","Mike Bibby",0.347455840686826
2010,5,"dummy","515","Kenyon Martin",0.344068191874322
2010,5,"dummy","3002","Jordan Farmar",0.34378870013161
2010,5,"dummy","3024","J.J. Redick",0.341391483270843
2010,5,"dummy","3438","George Hill",0.34092101310827
2010,5,"dummy","1717","Jared Jeffries",0.334727880860041
2010,5,"dummy","3032","Tyrus Thomas",0.330437473227673
2010,5,"dummy","682","Joel Przybilla",0.328529757235002
2010,5,"dummy","3202","Kevin Durant",0.32848921245409
2010,5,"dummy","3415","D.J. Augustin",0.324758000955042
2010,5,"dummy","4032","Wes Matthews",0.320368893012772
2010,5,"dummy","1015","Tony Parker",0.317988460623767
2010,5,"dummy","592","Steve Nash",0.317249793533343
2010,5,"dummy","2834","Chuck Hayes",0.316226311002453
2010,5,"dummy","4224","Sundiata Gaines",0.315445305140188
2010,5,"dummy","434","Andrei Kirilenko",0.315435805923196
2010,5,"dummy","pair_110_617",NA,0.31109375086912
2010,5,"dummy","703","Quentin Richardson",0.307086635468908
2010,5,"dummy","3201","Jared Dudley",0.30427288083828
2010,5,"dummy","2422","Delonte West",0.302097743063635
2010,5,"dummy","pair_2384_469",NA,0.300538634494858
2010,5,"dummy","2873","James Singleton",0.299118251786766
2010,5,"dummy","2769","Amir Johnson",0.298537600766783
2010,5,"dummy","pair_1006_3438",NA,0.292479811769085
2010,5,"dummy","1006","Richard Jefferson",0.286125119857452
2010,5,"dummy","2178","Mo Williams",0.284608862705324
2010,5,"dummy","pair_1703_2798",NA,0.277001888117914
2010,5,"dummy","662","Paul Pierce",0.268967987584001
2010,5,"dummy","2991","Ronnie Brewer",0.259609945274626
2010,5,"dummy","3993","Gerald Henderson",0.255886488201756
2010,5,"dummy","pair_3026_9",NA,0.255829105910876
2010,5,"dummy","1713","Nene Hilario",0.254182986290863
2010,5,"dummy","1725",NA,0.249447720738563
2010,5,"dummy","3249","Jamario Moon",0.234152694341384
2010,5,"dummy","885","Ben Wallace",0.230686425589957
2010,5,"dummy","2778","C.J. Miles",0.230360495958158
2010,5,"dummy","3423","Goran Dragic",0.229464200379984
2010,5,"dummy","1996","Matt Bonner",0.22823022895035
2010,5,"dummy","pair_1975_63",NA,0.221669267622288
2010,5,"dummy","1719","Nenad Krstic",0.218115189730844
2010,5,"dummy","2444","J.R. Smith",0.21751645062982
2010,5,"dummy","3451","Luc Richard",0.217028565376526
2010,5,"dummy","2748","Andrew Bynum",0.21431039329427
2010,5,"dummy","2782","Nate Robinson",0.209702423711669
2010,5,"dummy","3992","James Harden",0.209063322548168
2010,5,"dummy","pair_3202_3468",NA,0.207676249532092
2010,5,"dummy","615","Jermaine O'Neal",0.205325386468328
2010,5,"dummy","272","Manu Ginobili",0.200136184842618
2010,5,"dummy","63","Chauncey Billups",0.197475866151029
2010,5,"dummy","3190","Marco Belinelli",0.197160798912804
2010,5,"dummy","1026","Gerald Wallace",0.194381617500934
2010,5,"dummy","3027","Brandon Roy",0.192537702679881
2010,5,"dummy","4017","Marcus Thornton",0.18702563608747
2010,5,"dummy","2439","Jameer Nelson",0.179130029211579
2010,5,"dummy","250","Jeff Foster",0.177969696617823
2010,5,"dummy","pair_1727_592",NA,0.177471539073844
2010,5,"dummy","348","Eddie House",0.175772797412511
2010,5,"dummy","2015","Travis Outlaw",0.1718997474706
2010,5,"dummy","558","Mike Miller",0.171703719626338
2010,5,"dummy","2807","Ronnie Price",0.171638654342234
2010,5,"dummy","1703","Carlos Boozer",0.171463365926186
2010,5,"dummy","378","Stephen Jackson",0.169648121715433
2010,5,"dummy","3997","Brandon Jennings",0.16827879745287
2010,5,"dummy","3968","Chase Budinger",0.168016120781592
2010,5,"dummy","pair_2167_378",NA,0.165808482533286
2010,5,"dummy","2760","Danny Granger",0.165555101166604
2010,5,"dummy","pair_3235_885",NA,0.16408020928574
2010,5,"dummy","2779","Chris Paul",0.156868681504124
2010,5,"dummy","165","Jamal Crawford",0.153404136732125
2010,5,"dummy","3015","Paul Millsap",0.146505457304229
2010,5,"dummy","2004","Willie Green",0.142868427872933
2010,5,"dummy","1995","Keith Bogans",0.140539594240677
2010,5,"dummy","2983","LaMarcus Aldridge",0.139319880480513
2010,5,"dummy","pair_194_1982",NA,0.139086487569959
2010,5,"dummy","1726","John Salmons",0.131765697238835
2010,5,"dummy","1994","Steve Blake",0.130552488155619
2010,5,"dummy","215","Tim Duncan",0.129598667732097
2010,5,"dummy","3428","Danilo Gallinari",0.127258284397815
2010,5,"dummy","pair_2429_3456",NA,0.121911389441422
2010,5,"dummy","1018","Jason Richardson",0.121053521623771
2010,5,"dummy","356","Larry Hughes",0.120844313326808
2010,5,"dummy","1977","Chris Bosh",0.100003063399628
2010,5,"dummy","2801","Antoine Wright",0.0998666178556056
2010,5,"dummy","429","Jason Kidd",0.0987574603106954
2010,5,"dummy","1017","Zach Randolph",0.0969410508800652
2010,5,"dummy","3026","Rajon Rondo",0.096139056558256
2010,5,"dummy","125","Marcus Camby",0.0911857997029948
2010,5,"dummy","671","James Posey",0.0904537978863814
2010,5,"dummy","2992","Shannon Brown",0.0839993960708334
2010,5,"dummy","2429","Luol Deng",0.0839475001152843
2010,5,"dummy","3449","Kevin Love",0.0783173696771935
2010,5,"dummy","91","Elton Brand",0.0754962757237263
2010,5,"dummy","3472","Bobby Brown",0.0748648560612323
2010,5,"dummy","3436","Roy Hibbert",0.0718157154801583
2010,5,"dummy","3187","Arron Afflalo",0.0700175723572574
2010,5,"dummy","396","Anthony Johnson",0.0665617427034431
2010,5,"dummy","2776","Sean May",0.0648988567997932
2010,5,"dummy","3204","Rudy Fernandez",0.0592266061171411
2010,5,"dummy","2767","Ersan Ilyasova",0.0570244383685672
2010,5,"dummy","3028","Thabo Sefolosha",0.0546038134365827
2010,5,"dummy","3468","Russell Westbrook",0.0513686701002288
2010,5,"dummy","3005","Rudy Gay",0.050220484455881
2010,5,"dummy","2200","Marquis Daniels",0.0497955597662494
2010,5,"dummy","2850","Jawad Williams",0.0492711050129114
2010,5,"dummy","469","Rashard Lewis",0.0386051767797744
2010,5,"dummy","991","Samuel Dalembert",0.0353970646268825
2010,5,"dummy","2448","Beno Udrih",0.0309599515154531
2010,5,"dummy","2167","Boris Diaw",0.025450332981052
2010,5,"dummy","3991","Tyler Hansbrough",0.0232472698607372
2010,5,"dummy","1727","Amare Stoudemire",0.0185742704062452
2010,5,"dummy","3041","Louis Amundson",0.0163979176077383
2010,5,"dummy","3231","Ramon Sessions",0.0135943285823527
2010,5,"dummy","1022","Bobby Simmons",0.0105030513340401
2010,5,"dummy","2423","Dorell Wright",0.00711720172952111
2010,5,"dummy","3192","Aaron Brooks",-0.013247579091504
2010,5,"dummy","2768","Jarrett Jack",-0.013580723809556
2010,5,"dummy","2387","Royal Ivey",-0.0140849358187378
2010,5,"dummy","3206","Marc Gasol",-0.0142289562503341
2010,5,"dummy","3962","Chris Hunter",-0.0153416608070081
2010,5,"dummy","3450","O.J. Mayo",-0.0187404682807268
2010,5,"dummy","3432","Donte Greene",-0.0199160201590014
2010,5,"dummy","1014","Mehmet Okur",-0.0203275762129815
2010,5,"dummy","3419","Mario Chalmers",-0.0206614386083501
2010,5,"dummy","1999","Carlos Delfino",-0.0216762329551826
2010,5,"dummy","1858","Devin Brown",-0.0259262662320339
2010,5,"dummy","2367","Tony Allen",-0.0265872065720265
2010,5,"dummy","3195","Mike Conley",-0.0275533195409747
2010,5,"dummy","3418","Michael Beasley",-0.0278009604034421
2010,5,"dummy","pair_2772_3428",NA,-0.0332008318819509
2010,5,"dummy","813","Peja Stojakovic",-0.0335130143997147
2010,5,"dummy","2805","Fabricio Oberto",-0.0337582579358113
2010,5,"dummy","808","DeShawn Stevenson",-0.0356642844139587
2010,5,"dummy","3965","DeJuan Blair",-0.0363132689268099
2010,5,"dummy","3235","Rodney Stuckey",-0.0368585951283264
2010,5,"dummy","4015","Jeff Teague",-0.037288439028134
2010,5,"dummy","974","Gilbert Arenas",-0.0426445896401231
2010,5,"dummy","1767","Rasual Butler",-0.0431972954427604
2010,5,"dummy","3474","Anthony Morrow",-0.0573413626623303
2010,5,"dummy","1781","Luis Scola",-0.0574688722340063
2010,5,"dummy","2426","Trevor Ariza",-0.0595521541117941
2010,5,"dummy","3196","Daequan Cook",-0.0652510304599988
2010,5,"dummy","1981","Kirk Hinrich",-0.0690100924600262
2010,5,"dummy","2399","Emeka Okafor",-0.0699566436567082
2010,5,"dummy","2806","Jose Calderon",-0.0716213344076009
2010,5,"dummy","3456","Derrick Rose",-0.0757994824587839
2010,5,"dummy","841","Jason Terry",-0.076149004741079
2010,5,"dummy","2506","Damien Wilkins",-0.080111067611452
2010,5,"dummy","3244","Thaddeus Young",-0.0881198413810696
2010,5,"dummy","1000","Brendan Haywood",-0.0904709534644198
2010,5,"dummy","3462","Jason Thompson",-0.0960766580809301
2010,5,"dummy","3437","J.J. Hickson",-0.101722234753416
2010,5,"dummy","614","Shaquille O'Neal",-0.103173896244274
2010,5,"dummy","2799","Lou Williams",-0.103571980166588
2010,5,"dummy","3209","Jeff Green",-0.104327400075282
2010,5,"dummy","3431","Eric Gordon",-0.106965007048317
2010,5,"dummy","pair_3462_3983",NA,-0.112007906607142
2010,5,"dummy","3994","Jordan Hill",-0.115162732841479
2010,5,"dummy","pair_1705_385",NA,-0.117492774879796
2010,5,"dummy","568","Nazr Mohammed",-0.11871603362795
2010,5,"dummy","511","Sean Marks",-0.122045141728028
2010,5,"dummy","pair_1781_3192",NA,-0.127600948958433
2010,5,"dummy","2006","Josh Howard",-0.130480609660788
2010,5,"dummy","1982","Chris Kaman",-0.13160398572723
2010,5,"dummy","3975","Stephen Curry",-0.134173832936852
2010,5,"dummy","pair_2177_2399",NA,-0.135138000225978
2010,5,"dummy","2177","David West",-0.138598955333606
2010,5,"dummy","4205","David Andersen",-0.14012340020565
2010,5,"dummy","336","Grant Hill",-0.14256002816466
2010,5,"dummy","3986","Taj Gibson",-0.145713072445903
2010,5,"dummy","pair_2768_2987",NA,-0.151817730093603
2010,5,"dummy","1705","Caron Butler",-0.152847335232996
2010,5,"dummy","1055","Carlos Arroyo",-0.153332611389199
2010,5,"dummy","4008","Jeff Pendergraph",-0.153575099280625
2010,5,"dummy","2753","Raymond Felton",-0.153776943757519
2010,5,"dummy","pair_1987_2184",NA,-0.15395709092662
2010,5,"dummy","976","Shane Battier",-0.158079642267688
2010,5,"dummy","2997","Mardy Collins",-0.158160218588597
2010,5,"dummy","2386","Andre Iguodala",-0.16185195634549
2010,5,"dummy","2393","Shaun Livingston",-0.164783613135794
2010,5,"dummy","1027","Earl Watson",-0.165857963790246
2010,5,"dummy","3031","Craig Smith",-0.166430356260119
2010,5,"dummy","3981","Wayne Ellington",-0.167545414878128
2010,5,"dummy","2775","Jason Maxiell",-0.172779593463161
2010,5,"dummy","556","Brad Miller",-0.177948897457791
2010,5,"dummy","194","Baron Davis",-0.18413555828048
2010,5,"dummy","2746","Andray Blatche",-0.187908901544786
2010,5,"dummy","2995","Rodney Carney",-0.188374067384706
2010,5,"dummy","1784","Darius Songaila",-0.192253863909636
2010,5,"dummy","2772","David Lee",-0.194453152005684
2010,5,"dummy","862","Hedo Turkoglu",-0.198374216974014
2010,5,"dummy","3243","Nick Young",-0.200578338410698
2010,5,"dummy","366","Allen Iverson",-0.203695139034118
2010,5,"dummy","2173","Mickael Pietrus",-0.204899489944748
2010,5,"dummy","3998","Jonas Jerebko",-0.20634080524842
2010,5,"dummy","3554","Omri Casspi",-0.206988969307383
2010,5,"dummy","498","Jamaal Magloire",-0.208343535104136
2010,5,"dummy","1708","Mike Dunleavy",-0.21111063306154
2010,5,"dummy","3441","Nathan Jawai",-0.215275826896597
2010,5,"dummy","1985","Luke Ridnour",-0.2162365644404
2010,5,"dummy","3439","Serge Ibaka",-0.224278561704065
2010,5,"dummy","308","Al Harrington",-0.226525938308495
2010,5,"dummy","3276","Anthony Tolliver",-0.234540901434622
2010,5,"dummy","2794","Hakim Warrick",-0.234564735833257
2010,5,"dummy","1710","Dan Gadzuric",-0.245410789407601
2010,5,"dummy","2377","Chris Duhon",-0.246401021121044
2010,5,"dummy","385","Antawn Jamison",-0.255523477914331
2010,5,"dummy","497","Corey Maggette",-0.255856829121348
2010,5,"dummy","267","Devean George",-0.259462302700771
2010,5,"dummy","3457","Brandon Rush",-0.268220749685291
2010,5,"dummy","2984","Hilton Armstrong",-0.268844255883931
2010,5,"dummy","4016","Hasheem Thabeet",-0.270514258294123
2010,5,"dummy","3976","Austin Daye",-0.273499167481142
2010,5,"dummy","3020","Oleksiy Pecherov",-0.274157526954593
2010,5,"dummy","1724","Tayshaun Prince",-0.279664398170814
2010,5,"dummy","2987","Andrea Bargnani",-0.28180233360324
2010,5,"dummy","3194","Wilson Chandler",-0.29267706238079
2010,5,"dummy","3995","Jrue Holiday",-0.294493108286347
2010,5,"dummy","3003","Randy Foye",-0.296529588597666
2010,5,"dummy","3417","Jerryd Bayless",-0.298601740509929
2010,5,"dummy","3211","Spencer Hawes",-0.299874914575084
2010,5,"dummy","2832","Stephen Graham",-0.301905549343529
2010,5,"dummy","3416","Nicolas Batum",-0.302171887986677
2010,5,"dummy","3224","Joakim Noah",-0.304731271243265
2010,5,"dummy","3217","Carl Landry",-0.31051352579856
2010,5,"dummy","209","Keyon Dooling",-0.311368229599074
2010,5,"dummy","1016","Vladimir Radmanovic",-0.31653494510705
2010,5,"dummy","pair_2386_3244",NA,-0.318643487576027
2010,5,"dummy","2184","Udonis Haslem",-0.323642950135353
2010,5,"dummy","3039","Marcus Williams",-0.327978129303717
2010,5,"dummy","26","Chucky Atkins",-0.328802142942559
2010,5,"dummy","3970","DeMarre Carroll",-0.331503520703181
2010,5,"dummy","2789","Ronny Turiaf",-0.342337375289397
2010,5,"dummy","11","Rafer Alston",-0.34337818079816
2010,5,"dummy","2381","Ben Gordon",-0.349264394424925
2010,5,"dummy","4003","Jodie Meeks",-0.349625990591504
2010,5,"dummy","3232","Jason Smith",-0.351688684054605
2010,5,"dummy","2757","Ryan Gomes",-0.351765661791028
2010,5,"dummy","2427","Andris Biedrins",-0.367122145312701
2010,5,"dummy","3963","Rodrigue Beaubois",-0.36907854393446
2010,5,"dummy","851","Etan Thomas",-0.370071443572984
2010,5,"dummy","984","Tyson Chandler",-0.388916210875698
2010,5,"dummy","2759","Joey Graham",-0.393497493290817
2010,5,"dummy","351","Juwan Howard",-0.397291499598277
2010,5,"dummy","3237","Al Thornton",-0.398382043934654
2010,5,"dummy","2417","Sebastian Telfair",-0.401231822029118
2010,5,"dummy","3983","Tyreke Evans",-0.403763930761656
2010,5,"dummy","1821","Jannero Pargo",-0.405969601744953
2010,5,"dummy","3455","Anthony Randolph",-0.416050174418813
2010,5,"dummy","294","Richard Hamilton",-0.416391502058207
2010,5,"dummy","620","Kevin Ollie",-0.418148834419926
2010,5,"dummy","3214","Yi Jianlian",-0.426984414126938
2010,5,"dummy","2450","D.J. Mbenga",-0.436786748944203
2010,5,"dummy","1711","Drew Gooden",-0.441575892798165
2010,5,"dummy","692","Michael Redd",-0.442407812086261
2010,5,"dummy","883","Rasheed Wallace",-0.456039488797678
2010,5,"dummy","2389","Al Jefferson",-0.457210688679562
2010,5,"dummy","2008","Dahntay Jones",-0.457616954370133
2010,5,"dummy","3247","Joel Anthony",-0.462156586184804
2010,5,"dummy","87","Earl Boykins",-0.46844701080747
2010,5,"dummy","3999","James Johnson",-0.47609714232776
2010,5,"dummy","2456","Andres Nocioni",-0.492136130240223
2010,5,"dummy","3055","Jose Juan",-0.493453400096394
2010,5,"dummy","137","Anthony Carter",-0.494843413788956
2010,5,"dummy","988","Jarron Collins",-0.50143715546519
2010,5,"dummy","846","Kurt Thomas",-0.509608305225696
2010,5,"dummy","866","Ime Udoka",-0.514434751321132
2010,5,"dummy","2816","Will Bynum",-0.51460922887884
2010,5,"dummy","1979","T.J. Ford",-0.524154109215753
2010,5,"dummy","3973","Darren Collison",-0.529241108393841
2010,5,"dummy","3191","Corey Brewer",-0.538109271155578
2010,5,"dummy","2751","Monta Ellis",-0.539230996983713
2010,5,"dummy","2421","Sasha Vujacic",-0.540564254650838
2010,5,"dummy","2016","Zaza Pachulia",-0.548445329516164
2010,5,"dummy","598","Rasho Nesterovic",-0.568279143597552
2010,5,"dummy","4019","Terrence Williams",-0.579947770509406
2010,5,"dummy","3978","DeMar DeRozan",-0.583441384482944
2010,5,"dummy","1980","Jarvis Hayes",-0.590784567599565
2010,5,"dummy","2394","Kevin Martin",-0.596153007870739
2010,5,"dummy","2745","Brandon Bass",-0.609503962338143
2010,5,"dummy","193","Ricky Davis",-0.61783850018291
2010,5,"dummy","1",NA,-0.61881660379141
2010,5,"dummy","3979","Toney Douglas",-0.641371618489915
2010,5,"dummy","2172","Sasha Pavlovic",-0.650446447043184
2010,5,"dummy","2986","Renaldo Balkman",-0.651074272923976
2010,5,"dummy","2165","Marcus Banks",-0.653301931061755
2010,5,"dummy","pair_2751_3975",NA,-0.658067703407671
2010,5,"dummy","3448","Brook Lopez",-0.658529921071069
2010,5,"dummy","2758","Marcin Gortat",-0.663456019641284
2010,5,"dummy","3422","Chris Douglas-Roberts",-0.668069678053405
2010,5,"dummy","2792","Charlie Villanueva",-0.671614194219858
2010,5,"dummy","3445","Courtney Lee",-0.708932910601597
2010,5,"dummy","1013","Troy Murphy",-0.719139767471445
2010,5,"dummy","3971","Earl Clark",-0.727124585692632
2010,5,"dummy","847","Tim Thomas",-0.733349258653511
2010,5,"dummy","981","Kwame Brown",-0.756115633751063
2010,5,"dummy","2197","Josh Powell",-0.763939362706729
2010,5,"dummy","pair_2382_3448",NA,-0.766719258281524
2010,5,"dummy","3442","DeAndre Jordan",-0.769000101286387
2010,5,"dummy","4020","Sam Young",-0.774381326738781
2010,5,"dummy","3200","Glen Davis",-0.784153177431256
2010,5,"dummy","3010","Solomon Jones",-0.784447593803891
2010,5,"dummy","591","Eduardo Najera",-0.78710071670221
2010,5,"dummy","998","Trenton Hassell",-0.799847281323727
2010,5,"dummy","1031","Maurice Evans",-0.810024540138365
2010,5,"dummy","130","Brian Cardinal",-0.825934188559688
2010,5,"dummy","3985","Jonny Flynn",-0.827045960297674
2010,5,"dummy","1021","Brian Scalabrine",-0.860461089209694
2010,5,"dummy","pair_3191_3985",NA,-0.875737297936715
2010,5,"dummy","788","Joe Smith",-0.88981331098507
2010,5,"dummy","3251","Coby Karl",-0.912144549916706
2010,5,"dummy","3452","JaVale McGee",-0.912605673719221
2010,5,"dummy","2433","Kris Humphries",-0.935205129675822
2010,5,"dummy","359","Lindsey Hunter",-0.944944488413146
2010,5,"dummy","2010","Jason Kapono",-0.954606710387301
2010,5,"dummy","1051","Mike James",-0.95948198304162
2010,5,"dummy","2382","Devin Harris",-0.971945451828972
2010,5,"dummy","3048",NA,-0.977225224770408
2010,5,"dummy","3",NA,-0.993347185324733
2010,5,"dummy","3460","Marreese Speights",-1.00629753166742
2010,5,"dummy","3008","Ryan Hollins",-1.00657775192736
2010,5,"dummy","779","Brian Skinner",-1.02453004415904
2010,5,"dummy","3023","Leon Powe",-1.04675334490629
2010,5,"dummy","pair_1013_3457",NA,-1.05402585720143
2010,5,"dummy","2027","Luke Walton",-1.07990396038319
2010,5,"dummy","2188","Quinton Ross",-1.08735547658255
2010,5,"dummy","2990","Josh Boone",-1.10529903846173
2010,5,"dummy","1731","Chris Wilcox",-1.13964579056421
2010,5,"dummy","2821","Kelenna Azubuike",-1.15031425834998
2010,5,"dummy","45","Tony Battie",-1.19382265148724
2010,5,"dummy","532","Tracy McGrady",-1.26732312581146
2010,5,"dummy","1002","Steven Hunter",-1.26935437942286
2010,5,"dummy","4012","DaJuan Summers",-1.2800859172247
2010,5,"dummy","4023","Garrett Temple",-1.31213526593449
2010,5,"dummy","575","Mikki Moore",-1.3479076783366
2010,5,"dummy","990","Eddy Curry",-1.39922018409832
2010,5,"dummy","50","Jonathan Bender",-1.41976712588635
2010,5,"dummy","687","Theo Ratliff",-1.44977553182082
2010,5,"dummy","3016","Adam Morrison",-1.92352446963902
2010,5,"dummy","10","Malik Allen",-2.12127325427664
2010,5,"dummy","3413","Darrell Arthur",-2.13980708995724
2010,5,"dummy","2",NA,-2.60318682154665
2010,5,"dummy","518","Desmond Mason",-2.9105909757965
2010,5,"dummy","1913","Mike Wilks",-4.37031229885488
2010,5,"dummy","2827","Will Conroy",-5.92345818696688
2010,10,"dummy","5",NA,8.3630800696991
2010,10,"dummy","3466","Kyle Weaver",4.09612201432348
2010,10,"dummy","49","Raja Bell",1.22555074836582
2010,10,"dummy","pair_1966_2419",NA,1.1996724957493
2010,10,"dummy","1135","Chris Andersen",1.18759294599334
2010,10,"dummy","1828","Reggie Evans",1.15461752295971
2010,10,"dummy","1024","Jamaal Tinsley",0.998962781373907
2010,10,"dummy","2171","Darko Milicic",0.989608897550987
2010,10,"dummy","2419","Anderson Varejao",0.950400296543821
2010,10,"dummy","802","Jerry Stackhouse",0.948083458048935
2010,10,"dummy","3225","Greg Oden",0.831987088603649
2010,10,"dummy","3412","Ryan Anderson",0.81996336306341
2010,10,"dummy","1765","Matt Barnes",0.799026389981098
2010,10,"dummy","2384","Dwight Howard",0.785646459259734
2010,10,"dummy","261","Kevin Garnett",0.761766001087702
2010,10,"dummy","3025","Sergio Rodriguez",0.744449625414356
2010,10,"dummy","136","Vince Carter",0.73375105585976
2010,10,"dummy","362","Zydrunas Ilgauskas",0.720024730849329
2010,10,"dummy","1966","LeBron James",0.712858370164656
2010,10,"dummy","3241","Julian Wright",0.711095507960055
2010,10,"dummy","1978","Nick Collison",0.709470784540952
2010,10,"dummy","2763","Luther Head",0.705912877774055
2010,10,"dummy","530","Antonio McDyess",0.704321422131456
2010,10,"dummy","3467","Sonny Weems",0.699734124195483
2010,10,"dummy","510","Shawn Marion",0.693629168489905
2010,10,"dummy","4010","A.J. Price",0.681758735604251
2010,10,"dummy","2411","Josh Smith",0.661239574372244
2010,10,"dummy","181","Erick Dampier",0.6502729946494
2010,10,"dummy","3930","Cartier Martin",0.649230867922054
2010,10,"dummy","609","Dirk Nowitzki",0.636829231694669
2010,10,"dummy","2755","Francisco Garcia",0.632302029238561
2010,10,"dummy","617","Lamar Odom",0.632145829573591
2010,10,"dummy","pair_609_841",NA,0.589494117100733
2010,10,"dummy","pair_1007_3213",NA,0.587800311072652
2010,10,"dummy","933","Jason Williams",0.583072366198498
2010,10,"dummy","2747","Andrew Bogut",0.580745452692208
2010,10,"dummy","pair_2983_557",NA,0.576140336496892
2010,10,"dummy","25","Ron Artest",0.574772813805692
2010,10,"dummy","2797","Marvin Williams",0.571828828024912
2010,10,"dummy","3447","Robin Lopez",0.553747240349973
2010,10,"dummy","2009","James Jones",0.552415837928969
2010,10,"dummy","557","Andre Miller",0.543666496990501
2010,10,"dummy","3277","C.J. Watson",0.539227486928774
2010,10,"dummy","996","Pau Gasol",0.536272423515144
2010,10,"dummy","2011","Kyle Korver",0.534876071043642
2010,10,"dummy","1721","Roger Mason",0.528101199026759
2010,10,"dummy","246","Derek Fisher",0.523297914243721
2010,10,"dummy","1777","Ronald Murray",0.518549846492352
2010,10,"dummy","656","Morris Peterson",0.517415812103741
2010,10,"dummy","110","Kobe Bryant",0.509996872065859
2010,10,"dummy","3012","Kyle Lowry",0.50902389336171
2010,10,"dummy","pair_1017_3005",NA,0.50500936642018
2010,10,"dummy","pair_2747_3997",NA,0.503839434445438
2010,10,"dummy","2166","Leandro Barbosa",0.495043624436369
2010,10,"dummy","2795","Martell Webster",0.494167214613182
2010,10,"dummy","1987","Dwyane Wade",0.485693181956972
2010,10,"dummy","3229","Chris Richard",0.484501394299445
2010,10,"dummy","9","Ray Allen",0.471308245999934
2010,10,"dummy","2798","Deron Williams",0.46380482712333
2010,10,"dummy","3213","Al Horford",0.461643771776196
2010,10,"dummy","1034","Charlie Bell",0.459512017471748
2010,10,"dummy","3415","D.J. Augustin",0.451412641813031
2010,10,"dummy","242","Michael Finley",0.449151082172955
2010,10,"dummy","3966","Jon Brockman",0.445170245794507
2010,10,"dummy","2018","Kendrick Perkins",0.437125278640409
2010,10,"dummy","635","Anthony Parker",0.427709441644222
2010,10,"dummy","4001","Eric Maynor",0.411075354616224
2010,10,"dummy","1007","Joe Johnson",0.408580041732731
2010,10,"dummy","2754","Channing Frye",0.404990637004389
2010,10,"dummy","4000","Ty Lawson",0.397380673959034
2010,10,"dummy","515","Kenyon Martin",0.39336124105448
2010,10,"dummy","4032","Wes Matthews",0.390659906301109
2010,10,"dummy","3438","George Hill",0.38483196509093
2010,10,"dummy","1975","Carmelo Anthony",0.381769384825668
2010,10,"dummy","1717","Jared Jeffries",0.379001188415002
2010,10,"dummy","2834","Chuck Hayes",0.378026188081921
2010,10,"dummy","3202","Kevin Durant",0.376244285599032
2010,10,"dummy","3024","J.J. Redick",0.372818044255939
2010,10,"dummy","3006","Daniel Gibson",0.370452245952815
2010,10,"dummy","3032","Tyrus Thomas",0.367836999030786
2010,10,"dummy","592","Steve Nash",0.366024013389724
2010,10,"dummy","434","Andrei Kirilenko",0.365805525378987
2010,10,"dummy","682","Joel Przybilla",0.359735746492808
2010,10,"dummy","3201","Jared Dudley",0.358105343904951
2010,10,"dummy","61","Mike Bibby",0.354846609454455
2010,10,"dummy","703","Quentin Richardson",0.354552026023767
2010,10,"dummy","1015","Tony Parker",0.35023646715689
2010,10,"dummy","pair_1006_3438",NA,0.330760854253506
2010,10,"dummy","2769","Amir Johnson",0.326717156704477
2010,10,"dummy","1006","Richard Jefferson",0.321234776722101
2010,10,"dummy","pair_110_617",NA,0.32107893560173
2010,10,"dummy","2422","Delonte West",0.316976368052005
2010,10,"dummy","pair_2384_469",NA,0.306213111669017
2010,10,"dummy","pair_1703_2798",NA,0.305726224953458
2010,10,"dummy","2991","Ronnie Brewer",0.301151073993415
2010,10,"dummy","662","Paul Pierce",0.29464949052338
2010,10,"dummy","2178","Mo Williams",0.294145253751895
2010,10,"dummy","885","Ben Wallace",0.292524674135144
2010,10,"dummy","3423","Goran Dragic",0.274265325737908
2010,10,"dummy","2778","C.J. Miles",0.272991454813458
2010,10,"dummy","1713","Nene Hilario",0.271679783977568
2010,10,"dummy","3002","Jordan Farmar",0.267055719824131
2010,10,"dummy","pair_3026_9",NA,0.266909593806278
2010,10,"dummy","4017","Marcus Thornton",0.260678469142768
2010,10,"dummy","1026","Gerald Wallace",0.25586576094658
2010,10,"dummy","3992","James Harden",0.255567039093275
2010,10,"dummy","1996","Matt Bonner",0.252291169543015
2010,10,"dummy","1719","Nenad Krstic",0.241806162473139
2010,10,"dummy","3451","Luc Richard",0.23298430269008
2010,10,"dummy","378","Stephen Jackson",0.23163498690104
2010,10,"dummy","pair_3202_3468",NA,0.230343027510448
2010,10,"dummy","2782","Nate Robinson",0.229115734835634
2010,10,"dummy","615","Jermaine O'Neal",0.228952917352468
2010,10,"dummy","250","Jeff Foster",0.225480008674175
2010,10,"dummy","3249","Jamario Moon",0.224672314475578
2010,10,"dummy","272","Manu Ginobili",0.221777443431779
2010,10,"dummy","2760","Danny Granger",0.218073187366919
2010,10,"dummy","pair_1975_63",NA,0.217084827647858
2010,10,"dummy","348","Eddie House",0.211475700065406
2010,10,"dummy","2807","Ronnie Price",0.211463208571455
2010,10,"dummy","3027","Brandon Roy",0.21092631388667
2010,10,"dummy","558","Mike Miller",0.209303169007522
2010,10,"dummy","pair_3235_885",NA,0.208770564816786
2010,10,"dummy","2444","J.R. Smith",0.201617426599328
2010,10,"dummy","2748","Andrew Bynum",0.201567179815767
2010,10,"dummy","pair_1727_592",NA,0.195192344831849
2010,10,"dummy","pair_2167_378",NA,0.191607994013127
2010,10,"dummy","63","Chauncey Billups",0.191205523581684
2010,10,"dummy","3190","Marco Belinelli",0.190669739113531
2010,10,"dummy","2004","Willie Green",0.188957533678385
2010,10,"dummy","2015","Travis Outlaw",0.183963125414592
2010,10,"dummy","2439","Jameer Nelson",0.181445438779762
2010,10,"dummy","1703","Carlos Boozer",0.180451828548926
2010,10,"dummy","3968","Chase Budinger",0.179222769954661
2010,10,"dummy","2779","Chris Paul",0.178865121357683
2010,10,"dummy","pair_194_1982",NA,0.178133105855519
2010,10,"dummy","3997","Brandon Jennings",0.176465041883749
2010,10,"dummy","3428","Danilo Gallinari",0.163042561279738
2010,10,"dummy","3015","Paul Millsap",0.16035272606997
2010,10,"dummy","1994","Steve Blake",0.157304440825626
2010,10,"dummy","1726","John Salmons",0.150731715050464
2010,10,"dummy","2983","LaMarcus Aldridge",0.150246953775207
2010,10,"dummy","1995","Keith Bogans",0.150203427083128
2010,10,"dummy","pair_2429_3456",NA,0.149625795683994
2010,10,"dummy","671","James Posey",0.143670452722716
2010,10,"dummy","356","Larry Hughes",0.142874890945893
2010,10,"dummy","1018","Jason Richardson",0.135799029855442
2010,10,"dummy","1022","Bobby Simmons",0.132164886015501
2010,10,"dummy","215","Tim Duncan",0.127544990956578
2010,10,"dummy","165","Jamal Crawford",0.125211518816394
2010,10,"dummy","1977","Chris Bosh",0.122001594413846
2010,10,"dummy","3449","Kevin Love",0.121241000838785
2010,10,"dummy","125","Marcus Camby",0.112919445008931
2010,10,"dummy","3204","Rudy Fernandez",0.111402166377065
2010,10,"dummy","91","Elton Brand",0.108644294176714
2010,10,"dummy","2429","Luol Deng",0.105117997697375
2010,10,"dummy","3436","Roy Hibbert",0.105019862863359
2010,10,"dummy","2801","Antoine Wright",0.103386336413905
2010,10,"dummy","1017","Zach Randolph",0.0948587229140127
2010,10,"dummy","429","Jason Kidd",0.0887363997147577
2010,10,"dummy","3026","Rajon Rondo",0.0848245569334784
2010,10,"dummy","2200","Marquis Daniels",0.081311411816296
2010,10,"dummy","2448","Beno Udrih",0.0682165851206972
2010,10,"dummy","3468","Russell Westbrook",0.0602087916048029
2010,10,"dummy","2767","Ersan Ilyasova",0.0574261501971377
2010,10,"dummy","3991","Tyler Hansbrough",0.0509716668265064
2010,10,"dummy","3028","Thabo Sefolosha",0.0503979581327196
2010,10,"dummy","991","Samuel Dalembert",0.0501897663886212
2010,10,"dummy","396","Anthony Johnson",0.0404813502693148
2010,10,"dummy","3005","Rudy Gay",0.0366397666589953
2010,10,"dummy","2167","Boris Diaw",0.0319235572640051
2010,10,"dummy","3187","Arron Afflalo",0.0312180633779029
2010,10,"dummy","2423","Dorell Wright",0.0286384337505916
2010,10,"dummy","1727","Amare Stoudemire",0.00766092819293498
2010,10,"dummy","469","Rashard Lewis",0.00561813549433078
2010,10,"dummy","3192","Aaron Brooks",0.00546781118951863
2010,10,"dummy","3231","Ramon Sessions",0.00517753315248609
2010,10,"dummy","2992","Shannon Brown",-0.00372544824615911
2010,10,"dummy","3432","Donte Greene",-0.00383284186736543
2010,10,"dummy","2768","Jarrett Jack",-0.0153186195889575
2010,10,"dummy","813","Peja Stojakovic",-0.0165103419617047
2010,10,"dummy","2805","Fabricio Oberto",-0.0205456419518892
2010,10,"dummy","3474","Anthony Morrow",-0.0215975904989422
2010,10,"dummy","1858","Devin Brown",-0.0244676606723106
2010,10,"dummy","3419","Mario Chalmers",-0.0246329781536621
2010,10,"dummy","pair_2772_3428",NA,-0.0261780141375634
2010,10,"dummy","3206","Marc Gasol",-0.0297602918329063
2010,10,"dummy","3235","Rodney Stuckey",-0.0342628617325336
2010,10,"dummy","1999","Carlos Delfino",-0.0355807294728616
2010,10,"dummy","808","DeShawn Stevenson",-0.0362603523197346
2010,10,"dummy","3418","Michael Beasley",-0.0363909776152764
2010,10,"dummy","3195","Mike Conley",-0.0396021196469713
2010,10,"dummy","1767","Rasual Butler",-0.0398430835364557
2010,10,"dummy","974","Gilbert Arenas",-0.0400925843493251
2010,10,"dummy","3450","O.J. Mayo",-0.0419706784638478
2010,10,"dummy","2367","Tony Allen",-0.0427065020390123
2010,10,"dummy","1014","Mehmet Okur",-0.047294300280524
2010,10,"dummy","1781","Luis Scola",-0.0605665581130111
2010,10,"dummy","2426","Trevor Ariza",-0.0611207650349456
2010,10,"dummy","3965","DeJuan Blair",-0.0642292635240439
2010,10,"dummy","2506","Damien Wilkins",-0.0644229763893203
2010,10,"dummy","3196","Daequan Cook",-0.066846368336587
2010,10,"dummy","2806","Jose Calderon",-0.072671135472175
2010,10,"dummy","2399","Emeka Okafor",-0.0787680282760456
2010,10,"dummy","3244","Thaddeus Young",-0.0790768306001173
2010,10,"dummy","1981","Kirk Hinrich",-0.0807957279730704
2010,10,"dummy","3462","Jason Thompson",-0.0816540637668583
2010,10,"dummy","3456","Derrick Rose",-0.0893084203124083
2010,10,"dummy","1000","Brendan Haywood",-0.0931333884231139
2010,10,"dummy","pair_3462_3983",NA,-0.0938489188849082
2010,10,"dummy","3975","Stephen Curry",-0.097364754548499
2010,10,"dummy","841","Jason Terry",-0.101651340518434
2010,10,"dummy","pair_1705_385",NA,-0.110357642069187
2010,10,"dummy","2799","Lou Williams",-0.110832472667857
2010,10,"dummy","3431","Eric Gordon",-0.118604271149048
2010,10,"dummy","2006","Josh Howard",-0.124822284023211
2010,10,"dummy","3209","Jeff Green",-0.12751914781366
2010,10,"dummy","568","Nazr Mohammed",-0.129830990283757
2010,10,"dummy","614","Shaquille O'Neal",-0.133852176766866
2010,10,"dummy","pair_1781_3192",NA,-0.138149196594108
2010,10,"dummy","1982","Chris Kaman",-0.141497831659488
2010,10,"dummy","2177","David West",-0.146632255898092
2010,10,"dummy","3437","J.J. Hickson",-0.150392957875746
2010,10,"dummy","pair_2177_2399",NA,-0.157135963005863
2010,10,"dummy","3031","Craig Smith",-0.159531167287174
2010,10,"dummy","1027","Earl Watson",-0.160134394560494
2010,10,"dummy","1705","Caron Butler",-0.161587162208781
2010,10,"dummy","3986","Taj Gibson",-0.16383669616218
2010,10,"dummy","pair_2768_2987",NA,-0.163891456083984
2010,10,"dummy","2753","Raymond Felton",-0.164053763483067
2010,10,"dummy","2386","Andre Iguodala",-0.169532903742354
2010,10,"dummy","4008","Jeff Pendergraph",-0.179823022573501
2010,10,"dummy","pair_1987_2184",NA,-0.179913898331515
2010,10,"dummy","336","Grant Hill",-0.181042450412067
2010,10,"dummy","976","Shane Battier",-0.181385194751791
2010,10,"dummy","1055","Carlos Arroyo",-0.190484989813083
2010,10,"dummy","2775","Jason Maxiell",-0.194462479637258
2010,10,"dummy","3981","Wayne Ellington",-0.200174325144091
2010,10,"dummy","1784","Darius Songaila",-0.20327559126018
2010,10,"dummy","4205","David Andersen",-0.20734609824166
2010,10,"dummy","194","Baron Davis",-0.209256903837625
2010,10,"dummy","3554","Omri Casspi",-0.210017104491229
2010,10,"dummy","1708","Mike Dunleavy",-0.210247669735145
2010,10,"dummy","556","Brad Miller",-0.219181416376515
2010,10,"dummy","2772","David Lee",-0.221222276085062
2010,10,"dummy","366","Allen Iverson",-0.223325737464169
2010,10,"dummy","862","Hedo Turkoglu",-0.224013465819972
2010,10,"dummy","3998","Jonas Jerebko",-0.22536901357638
2010,10,"dummy","2746","Andray Blatche",-0.228982986103066
2010,10,"dummy","3243","Nick Young",-0.230544968887248
2010,10,"dummy","1",NA,-0.236660768950469
2010,10,"dummy","3439","Serge Ibaka",-0.239973340125735
2010,10,"dummy","267","Devean George",-0.249222342479122
2010,10,"dummy","1985","Luke Ridnour",-0.249939087325309
2010,10,"dummy","3276","Anthony Tolliver",-0.265754519403165
2010,10,"dummy","497","Corey Maggette",-0.26807059861527
2010,10,"dummy","3457","Brandon Rush",-0.268496852214643
2010,10,"dummy","2173","Mickael Pietrus",-0.271188668567825
2010,10,"dummy","2794","Hakim Warrick",-0.273027454829908
2010,10,"dummy","308","Al Harrington",-0.279295393747702
2010,10,"dummy","3416","Nicolas Batum",-0.284480101831721
2010,10,"dummy","2377","Chris Duhon",-0.285904533159807
2010,10,"dummy","385","Antawn Jamison",-0.28927651956449
2010,10,"dummy","1710","Dan Gadzuric",-0.291521219206828
2010,10,"dummy","1724","Tayshaun Prince",-0.306062442481471
2010,10,"dummy","3417","Jerryd Bayless",-0.3099580230003
2010,10,"dummy","3211","Spencer Hawes",-0.319087155726984
2010,10,"dummy","2987","Andrea Bargnani",-0.319338123102656
2010,10,"dummy","209","Keyon Dooling",-0.327946672186019
2010,10,"dummy","3995","Jrue Holiday",-0.330611464416028
2010,10,"dummy","1016","Vladimir Radmanovic",-0.334048970627171
2010,10,"dummy","3194","Wilson Chandler",-0.338787182033142
2010,10,"dummy","3003","Randy Foye",-0.352976891594429
2010,10,"dummy","3224","Joakim Noah",-0.353091069517334
2010,10,"dummy","3217","Carl Landry",-0.357306490329746
2010,10,"dummy","pair_2386_3244",NA,-0.357948802347584
2010,10,"dummy","2757","Ryan Gomes",-0.358055270269797
2010,10,"dummy","11","Rafer Alston",-0.361229314243397
2010,10,"dummy","2184","Udonis Haslem",-0.376001397252832
2010,10,"dummy","26","Chucky Atkins",-0.37977261398567
2010,10,"dummy","2381","Ben Gordon",-0.391464411766462
2010,10,"dummy","2427","Andris Biedrins",-0.392614095786653
2010,10,"dummy","2789","Ronny Turiaf",-0.396538052533004
2010,10,"dummy","3214","Yi Jianlian",-0.421010731188646
2010,10,"dummy","3455","Anthony Randolph",-0.430960964695542
2010,10,"dummy","3983","Tyreke Evans",-0.43337252612169
2010,10,"dummy","851","Etan Thomas",-0.437119487803053
2010,10,"dummy","2417","Sebastian Telfair",-0.447484364598524
2010,10,"dummy","3237","Al Thornton",-0.449538583558321
2010,10,"dummy","984","Tyson Chandler",-0.449557704139732
2010,10,"dummy","3963","Rodrigue Beaubois",-0.45170584160355
2010,10,"dummy","351","Juwan Howard",-0.461249447914316
2010,10,"dummy","294","Richard Hamilton",-0.468396353171133
2010,10,"dummy","3039","Marcus Williams",-0.4684261958931
2010,10,"dummy","2389","Al Jefferson",-0.501852459339924
2010,10,"dummy","2759","Joey Graham",-0.50353034348129
2010,10,"dummy","2008","Dahntay Jones",-0.508904138829231
2010,10,"dummy","1711","Drew Gooden",-0.515281493781276
2010,10,"dummy","692","Michael Redd",-0.521508535169045
2010,10,"dummy","3247","Joel Anthony",-0.525811715567167
2010,10,"dummy","883","Rasheed Wallace",-0.537717254270371
2010,10,"dummy","87","Earl Boykins",-0.540618670336663
2010,10,"dummy","2456","Andres Nocioni",-0.544679574848781
2010,10,"dummy","3191","Corey Brewer",-0.577278594675987
2010,10,"dummy","1979","T.J. Ford",-0.577994285066033
2010,10,"dummy","3055","Jose Juan",-0.579295785264239
2010,10,"dummy","866","Ime Udoka",-0.581179245544061
2010,10,"dummy","2751","Monta Ellis",-0.58589514215667
2010,10,"dummy","846","Kurt Thomas",-0.589646821910697
2010,10,"dummy","4019","Terrence Williams",-0.590990522905357
2010,10,"dummy","3973","Darren Collison",-0.592862566069236
2010,10,"dummy","2816","Will Bynum",-0.605940539712291
2010,10,"dummy","1980","Jarvis Hayes",-0.628273098924127
2010,10,"dummy","137","Anthony Carter",-0.646525270361518
2010,10,"dummy","3978","DeMar DeRozan",-0.671043762193327
2010,10,"dummy","2394","Kevin Martin",-0.677439020666826
2010,10,"dummy","193","Ricky Davis",-0.696322378514554
2010,10,"dummy","3422","Chris Douglas-Roberts",-0.697948522019084
2010,10,"dummy","3448","Brook Lopez",-0.699451851704038
2010,10,"dummy","2",NA,-0.714363527214807
2010,10,"dummy","pair_2751_3975",NA,-0.717552771700881
2010,10,"dummy","2745","Brandon Bass",-0.726911035514829
2010,10,"dummy","3979","Toney Douglas",-0.730559659895901
2010,10,"dummy","3445","Courtney Lee",-0.760606801198758
2010,10,"dummy","2792","Charlie Villanueva",-0.782440656536836
2010,10,"dummy","2758","Marcin Gortat",-0.78390393517973
2010,10,"dummy","1013","Troy Murphy",-0.808557328439015
2010,10,"dummy","pair_2382_3448",NA,-0.812298988867276
2010,10,"dummy","847","Tim Thomas",-0.82526677003194
2010,10,"dummy","998","Trenton Hassell",-0.854141638442113
2010,10,"dummy","591","Eduardo Najera",-0.870895170295782
2010,10,"dummy","3442","DeAndre Jordan",-0.872150643884249
2010,10,"dummy","3010","Solomon Jones",-0.88835635506727
2010,10,"dummy","3985","Jonny Flynn",-0.922307519580785
2010,10,"dummy","3200","Glen Davis",-0.92339169490684
2010,10,"dummy","4",NA,-0.945907041968735
2010,10,"dummy","3251","Coby Karl",-0.947288045080174
2010,10,"dummy","pair_3191_3985",NA,-0.961673870423184
2010,10,"dummy","4020","Sam Young",-0.964990556796187
2010,10,"dummy","1031","Maurice Evans",-1.02883439306141
2010,10,"dummy","2433","Kris Humphries",-1.04772701379898
2010,10,"dummy","2382","Devin Harris",-1.06610959111597
2010,10,"dummy","2010","Jason Kapono",-1.08979854890158
2010,10,"dummy","3048",NA,-1.13694724934586
2010,10,"dummy","3008","Ryan Hollins",-1.14520241754242
2010,10,"dummy","3460","Marreese Speights",-1.14991561269429
2010,10,"dummy","pair_1013_3457",NA,-1.19460605291389
2010,10,"dummy","3",NA,-1.21233665686477
2010,10,"dummy","2990","Josh Boone",-1.22394182972774
2010,10,"dummy","2821","Kelenna Azubuike",-1.32221484377978
2010,10,"dummy","1731","Chris Wilcox",-1.32424195282227
2010,10,"dummy","532","Tracy McGrady",-1.45107223218277
2010,10,"dummy","575","Mikki Moore",-1.54374829205835
2010,10,"dummy","687","Theo Ratliff",-1.71265228484599
2010,10,"dummy","518","Desmond Mason",-3.28121358321895
2010,10,"dummy","1913","Mike Wilks",-4.99019519810308
2010,15,"dummy","49","Raja Bell",1.36315017952582
2010,15,"dummy","pair_1966_2419",NA,1.26991876634458
2010,15,"dummy","1135","Chris Andersen",1.25736927700204
2010,15,"dummy","2419","Anderson Varejao",1.02174788813982
2010,15,"dummy","802","Jerry Stackhouse",0.970588180255312
2010,15,"dummy","3225","Greg Oden",0.878316061519505
2010,15,"dummy","2384","Dwight Howard",0.876064385070478
2010,15,"dummy","1765","Matt Barnes",0.855410364335924
2010,15,"dummy","261","Kevin Garnett",0.828099031429286
2010,15,"dummy","1978","Nick Collison",0.78581647294404
2010,15,"dummy","136","Vince Carter",0.778997736456367
2010,15,"dummy","362","Zydrunas Ilgauskas",0.770896049778271
2010,15,"dummy","2763","Luther Head",0.767654183473706
2010,15,"dummy","1966","LeBron James",0.760513965893073
2010,15,"dummy","530","Antonio McDyess",0.743632809465851
2010,15,"dummy","510","Shawn Marion",0.737871727345986
2010,15,"dummy","3930","Cartier Martin",0.714995872437626
2010,15,"dummy","617","Lamar Odom",0.697978757650898
2010,15,"dummy","181","Erick Dampier",0.69763130578439
2010,15,"dummy","2411","Josh Smith",0.677248175888746
2010,15,"dummy","609","Dirk Nowitzki",0.667315124707796
2010,15,"dummy","933","Jason Williams",0.632790945477823
2010,15,"dummy","3447","Robin Lopez",0.626804828229197
2010,15,"dummy","pair_1007_3213",NA,0.625826190000955
2010,15,"dummy","2747","Andrew Bogut",0.622412354896175
2010,15,"dummy","656","Morris Peterson",0.621036402910066
2010,15,"dummy","25","Ron Artest",0.615887954471405
2010,15,"dummy","pair_2983_557",NA,0.60826407176073
2010,15,"dummy","pair_609_841",NA,0.607739787660491
2010,15,"dummy","1777","Ronald Murray",0.599532032742625
2010,15,"dummy","2797","Marvin Williams",0.582439445183793
2010,15,"dummy","3277","C.J. Watson",0.579288313277497
2010,15,"dummy","996","Pau Gasol",0.577532234260134
2010,15,"dummy","557","Andre Miller",0.567750661673807
2010,15,"dummy","3012","Kyle Lowry",0.564881523017688
2010,15,"dummy","2166","Leandro Barbosa",0.563247163817238
2010,15,"dummy","pair_1017_3005",NA,0.558204066343518
2010,15,"dummy","1721","Roger Mason",0.557357708889258
2010,15,"dummy","110","Kobe Bryant",0.552243589470455
2010,15,"dummy","pair_2747_3997",NA,0.532942912089747
2010,15,"dummy","246","Derek Fisher",0.530813433321424
2010,15,"dummy","2795","Martell Webster",0.526419835197442
2010,15,"dummy","1987","Dwyane Wade",0.518430360369079
2010,15,"dummy","9","Ray Allen",0.507735303863059
2010,15,"dummy","2798","Deron Williams",0.500119583600437
2010,15,"dummy","1034","Charlie Bell",0.487810105849997
2010,15,"dummy","3213","Al Horford",0.474600697639701
2010,15,"dummy","2018","Kendrick Perkins",0.461167436512764
2010,15,"dummy","2754","Channing Frye",0.454985062100588
2010,15,"dummy","4032","Wes Matthews",0.452077304680843
2010,15,"dummy","635","Anthony Parker",0.451057449881634
2010,15,"dummy","434","Andrei Kirilenko",0.434562458416124
2010,15,"dummy","3201","Jared Dudley",0.431126665621444
2010,15,"dummy","3024","J.J. Redick",0.428769776754853
2010,15,"dummy","2834","Chuck Hayes",0.420400900961503
2010,15,"dummy","3438","George Hill",0.412241086023156
2010,15,"dummy","1007","Joe Johnson",0.407175794313153
2010,15,"dummy","3006","Daniel Gibson",0.4052758596017
2010,15,"dummy","4000","Ty Lawson",0.400109363395068
2010,15,"dummy","3032","Tyrus Thomas",0.398582997649334
2010,15,"dummy","1975","Carmelo Anthony",0.396717563156993
2010,15,"dummy","1717","Jared Jeffries",0.3964032876384
2010,15,"dummy","1015","Tony Parker",0.392189987865971
2010,15,"dummy","3202","Kevin Durant",0.391529379986488
2010,15,"dummy","515","Kenyon Martin",0.391175729869294
2010,15,"dummy","592","Steve Nash",0.385084470738367
2010,15,"dummy","682","Joel Przybilla",0.377572191853903
2010,15,"dummy","61","Mike Bibby",0.367435882945813
2010,15,"dummy","703","Quentin Richardson",0.363134073256888
2010,15,"dummy","2778","C.J. Miles",0.356173710739185
2010,15,"dummy","1006","Richard Jefferson",0.355114284608816
2010,15,"dummy","pair_110_617",NA,0.345245380979248
2010,15,"dummy","pair_1006_3438",NA,0.343717265389904
2010,15,"dummy","2991","Ronnie Brewer",0.336732879561965
2010,15,"dummy","2422","Delonte West",0.331999660976168
2010,15,"dummy","662","Paul Pierce",0.325038404771249
2010,15,"dummy","2178","Mo Williams",0.319408784594361
2010,15,"dummy","885","Ben Wallace",0.3177056733694
2010,15,"dummy","pair_1703_2798",NA,0.314301749442652
2010,15,"dummy","pair_2384_469",NA,0.310650328760692
2010,15,"dummy","4017","Marcus Thornton",0.310355001576994
2010,15,"dummy","1026","Gerald Wallace",0.29146048866619
2010,15,"dummy","250","Jeff Foster",0.278109564621017
2010,15,"dummy","615","Jermaine O'Neal",0.276657243058136
2010,15,"dummy","3992","James Harden",0.275862706532148
2010,15,"dummy","1719","Nenad Krstic",0.270812430386934
2010,15,"dummy","pair_3026_9",NA,0.268423433805915
2010,15,"dummy","378","Stephen Jackson",0.267840595373999
2010,15,"dummy","1713","Nene Hilario",0.259062481072446
2010,15,"dummy","2760","Danny Granger",0.257824783961142
2010,15,"dummy","2801","Antoine Wright",0.241278218999178
2010,15,"dummy","558","Mike Miller",0.237463695488198
2010,15,"dummy","pair_3202_3468",NA,0.237289381782875
2010,15,"dummy","3451","Luc Richard",0.235805411543009
2010,15,"dummy","272","Manu Ginobili",0.2340983064536
2010,15,"dummy","pair_3235_885",NA,0.229117239019467
2010,15,"dummy","2779","Chris Paul",0.2275785017779
2010,15,"dummy","3015","Paul Millsap",0.22736647298338
2010,15,"dummy","pair_1975_63",NA,0.226813463668545
2010,15,"dummy","1703","Carlos Boozer",0.216569433767729
2010,15,"dummy","2782","Nate Robinson",0.216235928414641
2010,15,"dummy","2748","Andrew Bynum",0.215329252238305
2010,15,"dummy","3968","Chase Budinger",0.214153305406056
2010,15,"dummy","pair_194_1982",NA,0.212595034712168
2010,15,"dummy","pair_2167_378",NA,0.212535016644961
2010,15,"dummy","3027","Brandon Roy",0.208941204239101
2010,15,"dummy","1977","Chris Bosh",0.207944501187983
2010,15,"dummy","pair_1727_592",NA,0.198380235605621
2010,15,"dummy","63","Chauncey Billups",0.187518365039389
2010,15,"dummy","3428","Danilo Gallinari",0.186127200882868
2010,15,"dummy","2439","Jameer Nelson",0.181394070701401
2010,15,"dummy","2015","Travis Outlaw",0.180936515068243
2010,15,"dummy","671","James Posey",0.178547099998418
2010,15,"dummy","356","Larry Hughes",0.176287489934913
2010,15,"dummy","3997","Brandon Jennings",0.174661768866731
2010,15,"dummy","pair_2429_3456",NA,0.173397802515755
2010,15,"dummy","2444","J.R. Smith",0.167550972544337
2010,15,"dummy","3449","Kevin Love",0.167475105972096
2010,15,"dummy","1726","John Salmons",0.163182531499387
2010,15,"dummy","1995","Keith Bogans",0.162578619968266
2010,15,"dummy","3436","Roy Hibbert",0.156288949522282
2010,15,"dummy","215","Tim Duncan",0.156072534959118
2010,15,"dummy","1994","Steve Blake",0.155768375423254
2010,15,"dummy","1018","Jason Richardson",0.149993370199726
2010,15,"dummy","2983","LaMarcus Aldridge",0.146746445504746
2010,15,"dummy","2004","Willie Green",0.130706667506408
2010,15,"dummy","2448","Beno Udrih",0.129727027250211
2010,15,"dummy","2429","Luol Deng",0.123423342947323
2010,15,"dummy","125","Marcus Camby",0.119738184927058
2010,15,"dummy","1017","Zach Randolph",0.096500424978843
2010,15,"dummy","3204","Rudy Fernandez",0.0952165824692418
2010,15,"dummy","91","Elton Brand",0.0886507606821344
2010,15,"dummy","991","Samuel Dalembert",0.0820538246015378
2010,15,"dummy","2768","Jarrett Jack",0.0765733530228242
2010,15,"dummy","3026","Rajon Rondo",0.0761938867354172
2010,15,"dummy","429","Jason Kidd",0.0713480851415893
2010,15,"dummy","2767","Ersan Ilyasova",0.061692839612287
2010,15,"dummy","2167","Boris Diaw",0.0550694403006237
2010,15,"dummy","3468","Russell Westbrook",0.0502905842448058
2010,15,"dummy","3432","Donte Greene",0.0485188927150002
2010,15,"dummy","3028","Thabo Sefolosha",0.0422150079454688
2010,15,"dummy","2992","Shannon Brown",0.0391042885549051
2010,15,"dummy","2423","Dorell Wright",0.0356717121401554
2010,15,"dummy","3005","Rudy Gay",0.0339524878146046
2010,15,"dummy","2806","Jose Calderon",0.0153215800268504
2010,15,"dummy","1727","Amare Stoudemire",0.011041834384349
2010,15,"dummy","3192","Aaron Brooks",0.00917341281286787
2010,15,"dummy","3187","Arron Afflalo",0.00637255887062322
2010,15,"dummy","3231","Ramon Sessions",0.00593689131931238
2010,15,"dummy","165","Jamal Crawford",0.0040635387815323
2010,15,"dummy","3474","Anthony Morrow",-0.00816328294813105
2010,15,"dummy","3419","Mario Chalmers",-0.0143054204679621
2010,15,"dummy","pair_2772_3428",NA,-0.0172431645725069
2010,15,"dummy","1858","Devin Brown",-0.0203551341555644
2010,15,"dummy","974","Gilbert Arenas",-0.0265250229279478
2010,15,"dummy","813","Peja Stojakovic",-0.0328394616423043
2010,15,"dummy","3206","Marc Gasol",-0.0368981171502294
2010,15,"dummy","469","Rashard Lewis",-0.0402409436218494
2010,15,"dummy","1014","Mehmet Okur",-0.0416027765941118
2010,15,"dummy","3450","O.J. Mayo",-0.0420638191032838
2010,15,"dummy","2506","Damien Wilkins",-0.0437381030811711
2010,15,"dummy","3418","Michael Beasley",-0.0454495391663849
2010,15,"dummy","3235","Rodney Stuckey",-0.05499133878422
2010,15,"dummy","1767","Rasual Butler",-0.0556519138730812
2010,15,"dummy","2426","Trevor Ariza",-0.0569044165782971
2010,15,"dummy","3195","Mike Conley",-0.057827519332858
2010,15,"dummy","1781","Luis Scola",-0.0588304241615884
2010,15,"dummy","3462","Jason Thompson",-0.0616882197334203
2010,15,"dummy","3965","DeJuan Blair",-0.0666167397890684
2010,15,"dummy","2399","Emeka Okafor",-0.0672691068343167
2010,15,"dummy","1999","Carlos Delfino",-0.0690871104638616
2010,15,"dummy","2367","Tony Allen",-0.0745349175275533
2010,15,"dummy","1981","Kirk Hinrich",-0.078132606171707
2010,15,"dummy","3975","Stephen Curry",-0.0887836879727682
2010,15,"dummy","3456","Derrick Rose",-0.0891807018882593
2010,15,"dummy","1000","Brendan Haywood",-0.0905145908863858
2010,15,"dummy","pair_3462_3983",NA,-0.104101794937277
2010,15,"dummy","568","Nazr Mohammed",-0.104646747617196
2010,15,"dummy","pair_1705_385",NA,-0.108978177480628
2010,15,"dummy","pair_2768_2987",NA,-0.119403991205824
2010,15,"dummy","614","Shaquille O'Neal",-0.133425224975349
2010,15,"dummy","3244","Thaddeus Young",-0.135544939487413
2010,15,"dummy","2006","Josh Howard",-0.140404669135649
2010,15,"dummy","2177","David West",-0.142549962584104
2010,15,"dummy","3431","Eric Gordon",-0.143813127474107
2010,15,"dummy","3209","Jeff Green",-0.145297316620004
2010,15,"dummy","pair_1781_3192",NA,-0.145979431887142
2010,15,"dummy","pair_2177_2399",NA,-0.154984033069268
2010,15,"dummy","1982","Chris Kaman",-0.156868581655443
2010,15,"dummy","3554","Omri Casspi",-0.1606010864536
2010,15,"dummy","3437","J.J. Hickson",-0.163630052940196
2010,15,"dummy","841","Jason Terry",-0.167560142344626
2010,15,"dummy","3",NA,-0.168212141317985
2010,15,"dummy","1705","Caron Butler",-0.171220786319406
2010,15,"dummy","1",NA,-0.172042050553578
2010,15,"dummy","3986","Taj Gibson",-0.175787195221734
2010,15,"dummy","1027","Earl Watson",-0.180276117106209
2010,15,"dummy","1708","Mike Dunleavy",-0.182444765862445
2010,15,"dummy","976","Shane Battier",-0.187545776340914
2010,15,"dummy","2799","Lou Williams",-0.188764021573761
2010,15,"dummy","862","Hedo Turkoglu",-0.194602583556894
2010,15,"dummy","336","Grant Hill",-0.195320941136278
2010,15,"dummy","2753","Raymond Felton",-0.203341886091359
2010,15,"dummy","2775","Jason Maxiell",-0.210690000670442
2010,15,"dummy","pair_1987_2184",NA,-0.214683196994703
2010,15,"dummy","2386","Andre Iguodala",-0.229057172882648
2010,15,"dummy","2772","David Lee",-0.231951034235235
2010,15,"dummy","194","Baron Davis",-0.235012741629424
2010,15,"dummy","556","Brad Miller",-0.237284660216962
2010,15,"dummy","366","Allen Iverson",-0.24322988478382
2010,15,"dummy","3243","Nick Young",-0.257458233502998
2010,15,"dummy","3457","Brandon Rush",-0.264076486781084
2010,15,"dummy","497","Corey Maggette",-0.267880832494968
2010,15,"dummy","2746","Andray Blatche",-0.268353030860286
2010,15,"dummy","2987","Andrea Bargnani",-0.276635837111029
2010,15,"dummy","3998","Jonas Jerebko",-0.277267556050874
2010,15,"dummy","308","Al Harrington",-0.290532795911389
2010,15,"dummy","1985","Luke Ridnour",-0.293638454510233
2010,15,"dummy","3276","Anthony Tolliver",-0.295209947724463
2010,15,"dummy","2794","Hakim Warrick",-0.304790306295679
2010,15,"dummy","2173","Mickael Pietrus",-0.305719832050431
2010,15,"dummy","385","Antawn Jamison",-0.312076006199534
2010,15,"dummy","2377","Chris Duhon",-0.315979920658045
2010,15,"dummy","3211","Spencer Hawes",-0.317152841298238
2010,15,"dummy","1016","Vladimir Radmanovic",-0.329310015335265
2010,15,"dummy","1724","Tayshaun Prince",-0.329378227184364
2010,15,"dummy","3194","Wilson Chandler",-0.342117900825068
2010,15,"dummy","3416","Nicolas Batum",-0.350324009520903
2010,15,"dummy","2757","Ryan Gomes",-0.351426465846128
2010,15,"dummy","3003","Randy Foye",-0.364287126289441
2010,15,"dummy","11","Rafer Alston",-0.376726423618678
2010,15,"dummy","3224","Joakim Noah",-0.3808365535315
2010,15,"dummy","3217","Carl Landry",-0.381781138099064
2010,15,"dummy","5",NA,-0.38615006517199
2010,15,"dummy","209","Keyon Dooling",-0.387081723470778
2010,15,"dummy","3995","Jrue Holiday",-0.391036410848344
2010,15,"dummy","2427","Andris Biedrins",-0.398708656798272
2010,15,"dummy","pair_2386_3244",NA,-0.40495261374093
2010,15,"dummy","2184","Udonis Haslem",-0.411905576658364
2010,15,"dummy","2381","Ben Gordon",-0.419989465423816
2010,15,"dummy","3214","Yi Jianlian",-0.427254181101038
2010,15,"dummy","2789","Ronny Turiaf",-0.433057042150514
2010,15,"dummy","3455","Anthony Randolph",-0.438239064613825
2010,15,"dummy","3983","Tyreke Evans",-0.449199911833066
2010,15,"dummy","984","Tyson Chandler",-0.455760109484618
2010,15,"dummy","351","Juwan Howard",-0.520068980525581
2010,15,"dummy","2",NA,-0.524515666074374
2010,15,"dummy","2389","Al Jefferson",-0.524730407101413
2010,15,"dummy","2008","Dahntay Jones",-0.532100429145524
2010,15,"dummy","294","Richard Hamilton",-0.535167874007401
2010,15,"dummy","3237","Al Thornton",-0.537839718600942
2010,15,"dummy","2456","Andres Nocioni",-0.539182755024541
2010,15,"dummy","1711","Drew Gooden",-0.553186447535476
2010,15,"dummy","883","Rasheed Wallace",-0.55608136304507
2010,15,"dummy","692","Michael Redd",-0.581514722375701
2010,15,"dummy","3191","Corey Brewer",-0.593893520100968
2010,15,"dummy","3973","Darren Collison",-0.609711276338104
2010,15,"dummy","2751","Monta Ellis",-0.615637641539099
2010,15,"dummy","1979","T.J. Ford",-0.634356064363115
2010,15,"dummy","4019","Terrence Williams",-0.644356913741451
2010,15,"dummy","2816","Will Bynum",-0.685161545344903
2010,15,"dummy","3055","Jose Juan",-0.692903886193575
2010,15,"dummy","3978","DeMar DeRozan",-0.698798244522929
2010,15,"dummy","1980","Jarvis Hayes",-0.707224096953938
2010,15,"dummy","3448","Brook Lopez",-0.726675658327081
2010,15,"dummy","2394","Kevin Martin",-0.73342896862582
2010,15,"dummy","3422","Chris Douglas-Roberts",-0.737392333323137
2010,15,"dummy","pair_2751_3975",NA,-0.757794130613517
2010,15,"dummy","3445","Courtney Lee",-0.811792550121126
2010,15,"dummy","pair_2382_3448",NA,-0.839251681918079
2010,15,"dummy","1013","Troy Murphy",-0.849955322682906
2010,15,"dummy","2792","Charlie Villanueva",-0.854770154365414
2010,15,"dummy","998","Trenton Hassell",-0.867932252284929
2010,15,"dummy","3985","Jonny Flynn",-0.964618102268647
2010,15,"dummy","pair_3191_3985",NA,-1.00170908804868
2010,15,"dummy","3251","Coby Karl",-1.01643576063382
2010,15,"dummy","2382","Devin Harris",-1.13187180232348
2010,15,"dummy","3008","Ryan Hollins",-1.21921280335763
2010,15,"dummy","4",NA,-1.24161799737006
2010,15,"dummy","pair_1013_3457",NA,-1.25316847658537
2010,15,"dummy","2990","Josh Boone",-1.25691103717006
2010,15,"dummy","2821","Kelenna Azubuike",-1.34562618270042
2010,15,"dummy","532","Tracy McGrady",-1.42594999659767
2010,15,"dummy","575","Mikki Moore",-1.63348072463476
2010,20,"dummy","49","Raja Bell",1.57067838841564
2010,20,"dummy","pair_1966_2419",NA,1.48602440781483
2010,20,"dummy","2419","Anderson Varejao",1.26016126450548
2010,20,"dummy","2384","Dwight Howard",1.07380985628258
2010,20,"dummy","3225","Greg Oden",1.04240315287472
2010,20,"dummy","1765","Matt Barnes",1.01437523388672
2010,20,"dummy","261","Kevin Garnett",0.931405060084515
2010,20,"dummy","1966","LeBron James",0.928403243184418
2010,20,"dummy","136","Vince Carter",0.897103550882819
2010,20,"dummy","3930","Cartier Martin",0.856347042552875
2010,20,"dummy","510","Shawn Marion",0.815626777819653
2010,20,"dummy","617","Lamar Odom",0.765865940668924
2010,20,"dummy","181","Erick Dampier",0.744997988039218
2010,20,"dummy","3447","Robin Lopez",0.743513616616058
2010,20,"dummy","2411","Josh Smith",0.741799514736766
2010,20,"dummy","2747","Andrew Bogut",0.721127707431497
2010,20,"dummy","609","Dirk Nowitzki",0.710603352586231
2010,20,"dummy","25","Ron Artest",0.68002752590069
2010,20,"dummy","pair_1007_3213",NA,0.67661344511524
2010,20,"dummy","pair_2983_557",NA,0.668426305151125
2010,20,"dummy","pair_609_841",NA,0.657402984340119
2010,20,"dummy","3277","C.J. Watson",0.656292810573871
2010,20,"dummy","pair_1017_3005",NA,0.650648220733677
2010,20,"dummy","996","Pau Gasol",0.633165219126234
2010,20,"dummy","557","Andre Miller",0.632812767965176
2010,20,"dummy","2797","Marvin Williams",0.624503645701245
2010,20,"dummy","1987","Dwyane Wade",0.605218971494739
2010,20,"dummy","pair_2747_3997",NA,0.602127775425151
2010,20,"dummy","2795","Martell Webster",0.600506148686953
2010,20,"dummy","110","Kobe Bryant",0.594159299040345
2010,20,"dummy","246","Derek Fisher",0.581116718689963
2010,20,"dummy","9","Ray Allen",0.566630336138135
2010,20,"dummy","2798","Deron Williams",0.563879579465749
2010,20,"dummy","3438","George Hill",0.563177455072783
2010,20,"dummy","2754","Channing Frye",0.559413939545675
2010,20,"dummy","635","Anthony Parker",0.558639212458798
2010,20,"dummy","1975","Carmelo Anthony",0.555487228561806
2010,20,"dummy","1015","Tony Parker",0.540180463405893
2010,20,"dummy","3202","Kevin Durant",0.520008170810087
2010,20,"dummy","515","Kenyon Martin",0.512915770609016
2010,20,"dummy","1034","Charlie Bell",0.510332519038281
2010,20,"dummy","4032","Wes Matthews",0.510179689265406
2010,20,"dummy","2834","Chuck Hayes",0.506141239455549
2010,20,"dummy","2018","Kendrick Perkins",0.501179578172125
2010,20,"dummy","3213","Al Horford",0.499869902227789
2010,20,"dummy","1006","Richard Jefferson",0.49106230599669
2010,20,"dummy","434","Andrei Kirilenko",0.49021123743977
2010,20,"dummy","1717","Jared Jeffries",0.484824297799575
2010,20,"dummy","592","Steve Nash",0.477192403439046
2010,20,"dummy","pair_1006_3438",NA,0.441749969366464
2010,20,"dummy","682","Joel Przybilla",0.426537142194267
2010,20,"dummy","2444","J.R. Smith",0.421322241347664
2010,20,"dummy","1007","Joe Johnson",0.417989213956309
2010,20,"dummy","703","Quentin Richardson",0.415385109195738
2010,20,"dummy","2178","Mo Williams",0.388631278686869
2010,20,"dummy","61","Mike Bibby",0.383480608018163
2010,20,"dummy","885","Ben Wallace",0.377068518023665
2010,20,"dummy","pair_2384_469",NA,0.373245479852263
2010,20,"dummy","2991","Ronnie Brewer",0.367243462253304
2010,20,"dummy","1026","Gerald Wallace",0.360789332554257
2010,20,"dummy","272","Manu Ginobili",0.35817114928387
2010,20,"dummy","378","Stephen Jackson",0.34990628320327
2010,20,"dummy","pair_110_617",NA,0.341866016383255
2010,20,"dummy","1713","Nene Hilario",0.341410875461531
2010,20,"dummy","662","Paul Pierce",0.335483594896261
2010,20,"dummy","pair_1703_2798",NA,0.33163382558605
2010,20,"dummy","2760","Danny Granger",0.327391897531054
2010,20,"dummy","pair_3202_3468",NA,0.317383553677727
2010,20,"dummy","615","Jermaine O'Neal",0.315183620311092
2010,20,"dummy","pair_3026_9",NA,0.286471871721078
2010,20,"dummy","2779","Chris Paul",0.282736184090155
2010,20,"dummy","pair_3235_885",NA,0.280816840216687
2010,20,"dummy","1719","Nenad Krstic",0.279891381592455
2010,20,"dummy","215","Tim Duncan",0.27393333815032
2010,20,"dummy","3015","Paul Millsap",0.269351837440102
2010,20,"dummy","pair_194_1982",NA,0.264983009349694
2010,20,"dummy","pair_2167_378",NA,0.258049007685646
2010,20,"dummy","1977","Chris Bosh",0.245340322252396
2010,20,"dummy","63","Chauncey Billups",0.244617698346407
2010,20,"dummy","pair_1727_592",NA,0.240464689037535
2010,20,"dummy","1703","Carlos Boozer",0.234924802989639
2010,20,"dummy","pair_1975_63",NA,0.234310970978498
2010,20,"dummy","1726","John Salmons",0.233995924750696
2010,20,"dummy","3451","Luc Richard",0.232631888413169
2010,20,"dummy","558","Mike Miller",0.230927194409247
2010,20,"dummy","356","Larry Hughes",0.230430603761425
2010,20,"dummy","3436","Roy Hibbert",0.228379530257538
2010,20,"dummy","3027","Brandon Roy",0.222901716379911
2010,20,"dummy","pair_2429_3456",NA,0.221701239133615
2010,20,"dummy","3428","Danilo Gallinari",0.220808670595476
2010,20,"dummy","2748","Andrew Bynum",0.193869201496624
2010,20,"dummy","3449","Kevin Love",0.192277182486721
2010,20,"dummy","1018","Jason Richardson",0.174656678429696
2010,20,"dummy","3997","Brandon Jennings",0.171366859177082
2010,20,"dummy","2429","Luol Deng",0.162318444117911
2010,20,"dummy","1994","Steve Blake",0.154751711417054
2010,20,"dummy","3",NA,0.145535955864931
2010,20,"dummy","125","Marcus Camby",0.142449906262619
2010,20,"dummy","2983","LaMarcus Aldridge",0.130187109819461
2010,20,"dummy","2448","Beno Udrih",0.120622295953351
2010,20,"dummy","2439","Jameer Nelson",0.118032909347264
2010,20,"dummy","991","Samuel Dalembert",0.117792598355962
2010,20,"dummy","3468","Russell Westbrook",0.110117145938261
2010,20,"dummy","2768","Jarrett Jack",0.103331649154279
2010,20,"dummy","91","Elton Brand",0.0943878953846811
2010,20,"dummy","1017","Zach Randolph",0.0844264064138014
2010,20,"dummy","2767","Ersan Ilyasova",0.0777072105113653
2010,20,"dummy","3187","Arron Afflalo",0.0729545196765408
2010,20,"dummy","2167","Boris Diaw",0.0719199694353278
2010,20,"dummy","3026","Rajon Rondo",0.0520304188321583
2010,20,"dummy","3192","Aaron Brooks",0.0519499197398172
2010,20,"dummy","3028","Thabo Sefolosha",0.0461879082872895
2010,20,"dummy","3432","Donte Greene",0.0461367207054288
2010,20,"dummy","1727","Amare Stoudemire",0.0318060638660032
2010,20,"dummy","429","Jason Kidd",0.0281751122962112
2010,20,"dummy","2806","Jose Calderon",0.0143964748983866
2010,20,"dummy","3005","Rudy Gay",0.0117964708964819
2010,20,"dummy","3474","Anthony Morrow",0.0104737738154068
2010,20,"dummy","813","Peja Stojakovic",0.0100563008371795
2010,20,"dummy","2426","Trevor Ariza",-0.0166333392429092
2010,20,"dummy","3419","Mario Chalmers",-0.0191491353928107
2010,20,"dummy","2399","Emeka Okafor",-0.0211028005151204
2010,20,"dummy","1781","Luis Scola",-0.0220074505356448
2010,20,"dummy","pair_2772_3428",NA,-0.0270821089945993
2010,20,"dummy","469","Rashard Lewis",-0.0284594545963768
2010,20,"dummy","974","Gilbert Arenas",-0.0303519209934289
2010,20,"dummy","1858","Devin Brown",-0.0481493906189795
2010,20,"dummy","1767","Rasual Butler",-0.059209133220758
2010,20,"dummy","3206","Marc Gasol",-0.0622810619322957
2010,20,"dummy","1014","Mehmet Okur",-0.0669009098882603
2010,20,"dummy","3418","Michael Beasley",-0.0701398752565057
2010,20,"dummy","3450","O.J. Mayo",-0.0743806920927687
2010,20,"dummy","1981","Kirk Hinrich",-0.0767028137588136
2010,20,"dummy","165","Jamal Crawford",-0.0792954806211151
2010,20,"dummy","3195","Mike Conley",-0.0799881029933817
2010,20,"dummy","3456","Derrick Rose",-0.083550735403518
2010,20,"dummy","3975","Stephen Curry",-0.0870109472845735
2010,20,"dummy","3462","Jason Thompson",-0.0872178273986757
2010,20,"dummy","3235","Rodney Stuckey",-0.0897719793717703
2010,20,"dummy","1000","Brendan Haywood",-0.103141467949978
2010,20,"dummy","pair_3462_3983",NA,-0.104671228467966
2010,20,"dummy","2177","David West",-0.107637620836616
2010,20,"dummy","pair_1705_385",NA,-0.112118604501276
2010,20,"dummy","1999","Carlos Delfino",-0.115241573359133
2010,20,"dummy","568","Nazr Mohammed",-0.116180052521527
2010,20,"dummy","pair_2768_2987",NA,-0.117729712954536
2010,20,"dummy","pair_2177_2399",NA,-0.122654087453211
2010,20,"dummy","3209","Jeff Green",-0.134143902974449
2010,20,"dummy","1027","Earl Watson",-0.139396623621939
2010,20,"dummy","1",NA,-0.142555383267388
2010,20,"dummy","3244","Thaddeus Young",-0.145963319135112
2010,20,"dummy","3431","Eric Gordon",-0.153169024310116
2010,20,"dummy","1708","Mike Dunleavy",-0.15972696859272
2010,20,"dummy","pair_1781_3192",NA,-0.165495862928931
2010,20,"dummy","3437","J.J. Hickson",-0.170216845581254
2010,20,"dummy","614","Shaquille O'Neal",-0.173977153431304
2010,20,"dummy","1982","Chris Kaman",-0.182097576732328
2010,20,"dummy","976","Shane Battier",-0.19392409872933
2010,20,"dummy","3554","Omri Casspi",-0.198882341446702
2010,20,"dummy","4",NA,-0.199323914108424
2010,20,"dummy","3986","Taj Gibson",-0.206856361940649
2010,20,"dummy","862","Hedo Turkoglu",-0.215321563473074
2010,20,"dummy","2799","Lou Williams",-0.216592242455236
2010,20,"dummy","1705","Caron Butler",-0.220348402368292
2010,20,"dummy","2753","Raymond Felton",-0.234876687477923
2010,20,"dummy","336","Grant Hill",-0.236429548101297
2010,20,"dummy","2006","Josh Howard",-0.238666232216331
2010,20,"dummy","3457","Brandon Rush",-0.257068167439901
2010,20,"dummy","2173","Mickael Pietrus",-0.264121972661251
2010,20,"dummy","2386","Andre Iguodala",-0.264769048850395
2010,20,"dummy","pair_1987_2184",NA,-0.265630188587107
2010,20,"dummy","556","Brad Miller",-0.266384440953036
2010,20,"dummy","194","Baron Davis",-0.268978551527904
2010,20,"dummy","2772","David Lee",-0.273186780870702
2010,20,"dummy","841","Jason Terry",-0.287826180430739
2010,20,"dummy","366","Allen Iverson",-0.295259409592787
2010,20,"dummy","2987","Andrea Bargnani",-0.305181908757715
2010,20,"dummy","497","Corey Maggette",-0.310297144917079
2010,20,"dummy","308","Al Harrington",-0.336793219387834
2010,20,"dummy","3217","Carl Landry",-0.340217788406604
2010,20,"dummy","3998","Jonas Jerebko",-0.346875036445147
2010,20,"dummy","2377","Chris Duhon",-0.350561922254368
2010,20,"dummy","1016","Vladimir Radmanovic",-0.356316863506999
2010,20,"dummy","2",NA,-0.370389711974646
2010,20,"dummy","3211","Spencer Hawes",-0.370614149195294
2010,20,"dummy","1724","Tayshaun Prince",-0.381312340288286
2010,20,"dummy","385","Antawn Jamison",-0.392502285494918
2010,20,"dummy","3194","Wilson Chandler",-0.392948269818268
2010,20,"dummy","3276","Anthony Tolliver",-0.394042018120177
2010,20,"dummy","2757","Ryan Gomes",-0.422261805984386
2010,20,"dummy","3224","Joakim Noah",-0.433163362860421
2010,20,"dummy","3003","Randy Foye",-0.434318927154612
2010,20,"dummy","2427","Andris Biedrins",-0.445679492007267
2010,20,"dummy","pair_2386_3244",NA,-0.4511336156765
2010,20,"dummy","3455","Anthony Randolph",-0.475134134110918
2010,20,"dummy","3214","Yi Jianlian",-0.479588578396328
2010,20,"dummy","11","Rafer Alston",-0.49387137959983
2010,20,"dummy","984","Tyson Chandler",-0.505350244842568
2010,20,"dummy","2184","Udonis Haslem",-0.505947903184909
2010,20,"dummy","3983","Tyreke Evans",-0.531600350381727
2010,20,"dummy","2381","Ben Gordon",-0.540212903430918
2010,20,"dummy","2008","Dahntay Jones",-0.5725376630498
2010,20,"dummy","2389","Al Jefferson",-0.603811849759273
2010,20,"dummy","3973","Darren Collison",-0.617407815854462
2010,20,"dummy","294","Richard Hamilton",-0.621369214543766
2010,20,"dummy","351","Juwan Howard",-0.63809398715776
2010,20,"dummy","3237","Al Thornton",-0.64654228596281
2010,20,"dummy","1979","T.J. Ford",-0.675452160149263
2010,20,"dummy","3191","Corey Brewer",-0.676961264015864
2010,20,"dummy","883","Rasheed Wallace",-0.68295715126612
2010,20,"dummy","1711","Drew Gooden",-0.701245094799478
2010,20,"dummy","2751","Monta Ellis",-0.714405919230808
2010,20,"dummy","692","Michael Redd",-0.765296310911559
2010,20,"dummy","3978","DeMar DeRozan",-0.790019940081848
2010,20,"dummy","2394","Kevin Martin",-0.861727705727831
2010,20,"dummy","3448","Brook Lopez",-0.86630040396904
2010,20,"dummy","pair_2751_3975",NA,-0.866829119287341
2010,20,"dummy","3422","Chris Douglas-Roberts",-0.870348149570032
2010,20,"dummy","pair_2382_3448",NA,-0.922906041621186
2010,20,"dummy","1013","Troy Murphy",-0.929202524001272
2010,20,"dummy","3445","Courtney Lee",-0.966576844617058
2010,20,"dummy","998","Trenton Hassell",-1.03899305417913
2010,20,"dummy","2792","Charlie Villanueva",-1.0441052282639
2010,20,"dummy","pair_3191_3985",NA,-1.11408278973201
2010,20,"dummy","3985","Jonny Flynn",-1.12601591932312
2010,20,"dummy","5",NA,-1.3321274670859
2010,20,"dummy","2382","Devin Harris",-1.33403665239645
2010,20,"dummy","pair_1013_3457",NA,-1.42255478395741
2010,20,"dummy","2821","Kelenna Azubuike",-1.51569523692645
2010,20,"dummy","575","Mikki Moore",-1.83783378013718
2010,25,"dummy","pair_1966_2419",NA,2.35698314878845
2010,25,"dummy","49","Raja Bell",2.1533522527956
2010,25,"dummy","2384","Dwight Howard",1.57110404113226
2010,25,"dummy","3225","Greg Oden",1.44766882901267
2010,25,"dummy","1966","LeBron James",1.31409139781202
2010,25,"dummy","136","Vince Carter",1.2638721481977
2010,25,"dummy","261","Kevin Garnett",1.24889637433774
2010,25,"dummy","2747","Andrew Bogut",1.10602150928991
2010,25,"dummy","510","Shawn Marion",1.08308526311838
2010,25,"dummy","617","Lamar Odom",0.982682051156967
2010,25,"dummy","pair_1017_3005",NA,0.961513942228827
2010,25,"dummy","181","Erick Dampier",0.958832242176967
2010,25,"dummy","2411","Josh Smith",0.935229089067529
2010,25,"dummy","pair_2983_557",NA,0.932624288486322
2010,25,"dummy","609","Dirk Nowitzki",0.918118660756852
2010,25,"dummy","pair_2747_3997",NA,0.916901575173149
2010,25,"dummy","pair_609_841",NA,0.880235506509839
2010,25,"dummy","557","Andre Miller",0.878236071274566
2010,25,"dummy","1987","Dwyane Wade",0.873063942043524
2010,25,"dummy","2798","Deron Williams",0.857999200790308
2010,25,"dummy","1015","Tony Parker",0.824591071231743
2010,25,"dummy","25","Ron Artest",0.823579801110095
2010,25,"dummy","pair_1007_3213",NA,0.82223539960774
2010,25,"dummy","1975","Carmelo Anthony",0.799351572841867
2010,25,"dummy","3202","Kevin Durant",0.759736819780652
2010,25,"dummy","2797","Marvin Williams",0.759732935955458
2010,25,"dummy","635","Anthony Parker",0.758238565290775
2010,25,"dummy","pair_1006_3438",NA,0.741345265773813
2010,25,"dummy","1717","Jared Jeffries",0.739596880815276
2010,25,"dummy","2754","Channing Frye",0.736234904474185
2010,25,"dummy","996","Pau Gasol",0.73559010536587
2010,25,"dummy","434","Andrei Kirilenko",0.726663834263182
2010,25,"dummy","110","Kobe Bryant",0.725012599842738
2010,25,"dummy","515","Kenyon Martin",0.715739958433873
2010,25,"dummy","1006","Richard Jefferson",0.709012083613074
2010,25,"dummy","592","Steve Nash",0.703217200343399
2010,25,"dummy","246","Derek Fisher",0.677310598413183
2010,25,"dummy","9","Ray Allen",0.654702052103047
2010,25,"dummy","2018","Kendrick Perkins",0.647714424163226
2010,25,"dummy","4",NA,0.618665329921662
2010,25,"dummy","703","Quentin Richardson",0.549712953167006
2010,25,"dummy","2178","Mo Williams",0.546909763465089
2010,25,"dummy","3213","Al Horford",0.546376346329053
2010,25,"dummy","885","Ben Wallace",0.536467902716873
2010,25,"dummy","378","Stephen Jackson",0.522394748268184
2010,25,"dummy","1026","Gerald Wallace",0.516814945190061
2010,25,"dummy","2991","Ronnie Brewer",0.513852190929712
2010,25,"dummy","pair_2384_469",NA,0.481926682677914
2010,25,"dummy","1713","Nene Hilario",0.478386505959216
2010,25,"dummy","2760","Danny Granger",0.462866971703161
2010,25,"dummy","3449","Kevin Love",0.452058971994996
2010,25,"dummy","215","Tim Duncan",0.450648109243352
2010,25,"dummy","pair_3202_3468",NA,0.444470394932359
2010,25,"dummy","1007","Joe Johnson",0.43866591880952
2010,25,"dummy","2779","Chris Paul",0.438188840875234
2010,25,"dummy","615","Jermaine O'Neal",0.418139783626625
2010,25,"dummy","pair_1703_2798",NA,0.414876769141436
2010,25,"dummy","pair_194_1982",NA,0.41424531665022
2010,25,"dummy","3428","Danilo Gallinari",0.410824611974228
2010,25,"dummy","pair_3235_885",NA,0.405630641550278
2010,25,"dummy","61","Mike Bibby",0.375121792950322
2010,25,"dummy","3027","Brandon Roy",0.367359265180366
2010,25,"dummy","662","Paul Pierce",0.341866667693703
2010,25,"dummy","1703","Carlos Boozer",0.332376208622488
2010,25,"dummy","1977","Chris Bosh",0.327913051875758
2010,25,"dummy","1726","John Salmons",0.32455966566303
2010,25,"dummy","pair_2429_3456",NA,0.324260003169442
2010,25,"dummy","pair_2167_378",NA,0.323003669427686
2010,25,"dummy","pair_1727_592",NA,0.318133918228846
2010,25,"dummy","3997","Brandon Jennings",0.307570449289171
2010,25,"dummy","63","Chauncey Billups",0.304768307070953
2010,25,"dummy","pair_110_617",NA,0.284685163004857
2010,25,"dummy","3436","Roy Hibbert",0.273116667099645
2010,25,"dummy","pair_3026_9",NA,0.261185981888741
2010,25,"dummy","1018","Jason Richardson",0.253827770155479
2010,25,"dummy","2439","Jameer Nelson",0.246496004502617
2010,25,"dummy","2429","Luol Deng",0.236187342472882
2010,25,"dummy","558","Mike Miller",0.232778146868723
2010,25,"dummy","991","Samuel Dalembert",0.221805968720735
2010,25,"dummy","3474","Anthony Morrow",0.207106034092216
2010,25,"dummy","2983","LaMarcus Aldridge",0.207015094640217
2010,25,"dummy","pair_1975_63",NA,0.206987596554827
2010,25,"dummy","91","Elton Brand",0.192547314050196
2010,25,"dummy","125","Marcus Camby",0.18010985622132
2010,25,"dummy","3192","Aaron Brooks",0.161894378441497
2010,25,"dummy","2768","Jarrett Jack",0.159825927083897
2010,25,"dummy","2748","Andrew Bynum",0.156714499830063
2010,25,"dummy","3468","Russell Westbrook",0.151275348124582
2010,25,"dummy","1017","Zach Randolph",0.103864942240332
2010,25,"dummy","3975","Stephen Curry",0.0773242174692835
2010,25,"dummy","1781","Luis Scola",0.0570056231126974
2010,25,"dummy","3028","Thabo Sefolosha",0.0560283895104631
2010,25,"dummy","2806","Jose Calderon",0.0523865153080477
2010,25,"dummy","2167","Boris Diaw",0.0510730379178242
2010,25,"dummy","2426","Trevor Ariza",0.0454627902459718
2010,25,"dummy","974","Gilbert Arenas",0.0382905413869616
2010,25,"dummy","1727","Amare Stoudemire",0.0283565131195434
2010,25,"dummy","pair_2772_3428",NA,0.011593336206373
2010,25,"dummy","pair_3462_3983",NA,0.00707587572740124
2010,25,"dummy","3462","Jason Thompson",0.00316493022313934
2010,25,"dummy","813","Peja Stojakovic",-0.0102682534572461
2010,25,"dummy","3005","Rudy Gay",-0.0106054205957575
2010,25,"dummy","2399","Emeka Okafor",-0.0349681923756014
2010,25,"dummy","1",NA,-0.0443867704147606
2010,25,"dummy","1767","Rasual Butler",-0.0851290042615961
2010,25,"dummy","3206","Marc Gasol",-0.0859335684096973
2010,25,"dummy","1981","Kirk Hinrich",-0.087375736609352
2010,25,"dummy","1000","Brendan Haywood",-0.0992112881877706
2010,25,"dummy","3244","Thaddeus Young",-0.100426547465496
2010,25,"dummy","pair_1705_385",NA,-0.101622519415233
2010,25,"dummy","pair_1781_3192",NA,-0.102872040061265
2010,25,"dummy","3450","O.J. Mayo",-0.102873920423174
2010,25,"dummy","1999","Carlos Delfino",-0.104618155288067
2010,25,"dummy","469","Rashard Lewis",-0.106406109137341
2010,25,"dummy","1014","Mehmet Okur",-0.118443222730919
2010,25,"dummy","3026","Rajon Rondo",-0.122191813345358
2010,25,"dummy","3456","Derrick Rose",-0.13503290341515
2010,25,"dummy","429","Jason Kidd",-0.136658347753369
2010,25,"dummy","1027","Earl Watson",-0.151074587045721
2010,25,"dummy","3195","Mike Conley",-0.157625880759154
2010,25,"dummy","pair_2768_2987",NA,-0.173051684503404
2010,25,"dummy","pair_2177_2399",NA,-0.180539909487457
2010,25,"dummy","2177","David West",-0.200759769079327
2010,25,"dummy","3235","Rodney Stuckey",-0.203830224596972
2010,25,"dummy","976","Shane Battier",-0.212430013107286
2010,25,"dummy","3209","Jeff Green",-0.212905727909309
2010,25,"dummy","3431","Eric Gordon",-0.214345178554845
2010,25,"dummy","3418","Michael Beasley",-0.216155681063856
2010,25,"dummy","497","Corey Maggette",-0.230935831541762
2010,25,"dummy","2799","Lou Williams",-0.262195677933576
2010,25,"dummy","1705","Caron Butler",-0.270600751089437
2010,25,"dummy","614","Shaquille O'Neal",-0.272696340284731
2010,25,"dummy","3986","Taj Gibson",-0.279216560172064
2010,25,"dummy","1982","Chris Kaman",-0.297189385492447
2010,25,"dummy","3457","Brandon Rush",-0.317199125344407
2010,25,"dummy","2772","David Lee",-0.325578389073819
2010,25,"dummy","2386","Andre Iguodala",-0.32717043237436
2010,25,"dummy","862","Hedo Turkoglu",-0.332792794658957
2010,25,"dummy","336","Grant Hill",-0.360750693219997
2010,25,"dummy","308","Al Harrington",-0.381674803998256
2010,25,"dummy","2757","Ryan Gomes",-0.385265614682491
2010,25,"dummy","366","Allen Iverson",-0.398946155049145
2010,25,"dummy","3211","Spencer Hawes",-0.403265084387174
2010,25,"dummy","2753","Raymond Felton",-0.403746239738254
2010,25,"dummy","2",NA,-0.412115265066795
2010,25,"dummy","194","Baron Davis",-0.434798881555165
2010,25,"dummy","3214","Yi Jianlian",-0.444102862551175
2010,25,"dummy","2377","Chris Duhon",-0.4557239542667
2010,25,"dummy","2987","Andrea Bargnani",-0.461332900761648
2010,25,"dummy","3",NA,-0.463525340185619
2010,25,"dummy","2427","Andris Biedrins",-0.471501103918462
2010,25,"dummy","3194","Wilson Chandler",-0.487677276631916
2010,25,"dummy","1724","Tayshaun Prince",-0.50182028714328
2010,25,"dummy","3998","Jonas Jerebko",-0.527861489925375
2010,25,"dummy","385","Antawn Jamison",-0.53655754637812
2010,25,"dummy","pair_2386_3244",NA,-0.582111747851454
2010,25,"dummy","pair_1987_2184",NA,-0.587552396620825
2010,25,"dummy","841","Jason Terry",-0.597262367368962
2010,25,"dummy","3224","Joakim Noah",-0.61931637491675
2010,25,"dummy","3983","Tyreke Evans",-0.668747066490969
2010,25,"dummy","11","Rafer Alston",-0.684159209873838
2010,25,"dummy","2389","Al Jefferson",-0.707131439279579
2010,25,"dummy","984","Tyson Chandler",-0.742193686837436
2010,25,"dummy","3191","Corey Brewer",-0.757075220300714
2010,25,"dummy","2751","Monta Ellis",-0.828006893199787
2010,25,"dummy","2381","Ben Gordon",-0.868990205709668
2010,25,"dummy","294","Richard Hamilton",-0.919679609849259
2010,25,"dummy","pair_2382_3448",NA,-1.00798220966962
2010,25,"dummy","3422","Chris Douglas-Roberts",-1.0286283836571
2010,25,"dummy","692","Michael Redd",-1.04349446101563
2010,25,"dummy","3448","Brook Lopez",-1.04457964256895
2010,25,"dummy","2394","Kevin Martin",-1.10118564872798
2010,25,"dummy","5",NA,-1.11488637397204
2010,25,"dummy","pair_2751_3975",NA,-1.11752526712839
2010,25,"dummy","3445","Courtney Lee",-1.14684500135163
2010,25,"dummy","1013","Troy Murphy",-1.30795119846206
2010,25,"dummy","pair_3191_3985",NA,-1.33960115112908
2010,25,"dummy","3985","Jonny Flynn",-1.42237754076232
2010,25,"dummy","2382","Devin Harris",-1.69580633459298
2010,25,"dummy","pair_1013_3457",NA,-1.89243087744744
2010,25,"dummy","2821","Kelenna Azubuike",-2.0163287678605
2010,25,"dummy","575","Mikki Moore",-2.43506828261656
2010,30,"dummy","pair_1966_2419",NA,2.77170943419106
2010,30,"dummy","49","Raja Bell",2.28939937201624
2010,30,"dummy","2384","Dwight Howard",1.90971318710233
2010,30,"dummy","1966","LeBron James",1.60045169187595
2010,30,"dummy","136","Vince Carter",1.53061941271914
2010,30,"dummy","261","Kevin Garnett",1.4796101438127
2010,30,"dummy","pair_2983_557",NA,1.40134440366345
2010,30,"dummy","2411","Josh Smith",1.24753329473228
2010,30,"dummy","25","Ron Artest",1.22071826474571
2010,30,"dummy","pair_1017_3005",NA,1.22023277304754
2010,30,"dummy","2747","Andrew Bogut",1.20643304341343
2010,30,"dummy","2798","Deron Williams",1.2037109603559
2010,30,"dummy","pair_1006_3438",NA,1.17045114186739
2010,30,"dummy","510","Shawn Marion",1.14505308207061
2010,30,"dummy","pair_1007_3213",NA,1.10323001532985
2010,30,"dummy","1987","Dwyane Wade",1.09888569413139
2010,30,"dummy","1015","Tony Parker",1.06933892149386
2010,30,"dummy","181","Erick Dampier",1.0201666614052
2010,30,"dummy","110","Kobe Bryant",1.01869442216438
2010,30,"dummy","pair_2747_3997",NA,0.998233586210422
2010,30,"dummy","3202","Kevin Durant",0.988062712278565
2010,30,"dummy","996","Pau Gasol",0.977939272799497
2010,30,"dummy","592","Steve Nash",0.943369550684549
2010,30,"dummy","609","Dirk Nowitzki",0.938033689357114
2010,30,"dummy","1975","Carmelo Anthony",0.900458198889017
2010,30,"dummy","pair_110_617",NA,0.772643859086731
2010,30,"dummy","515","Kenyon Martin",0.764364830696541
2010,30,"dummy","pair_609_841",NA,0.7529954862274
2010,30,"dummy","3213","Al Horford",0.752221699396158
2010,30,"dummy","9","Ray Allen",0.74869879333124
2010,30,"dummy","3027","Brandon Roy",0.700942500940086
2010,30,"dummy","2178","Mo Williams",0.662911531556232
2010,30,"dummy","2018","Kendrick Perkins",0.660634389390316
2010,30,"dummy","2760","Danny Granger",0.644511879007287
2010,30,"dummy","1007","Joe Johnson",0.635716860114029
2010,30,"dummy","pair_1703_2798",NA,0.590789755296809
2010,30,"dummy","1026","Gerald Wallace",0.566695270402555
2010,30,"dummy","pair_3202_3468",NA,0.564959411908535
2010,30,"dummy","3428","Danilo Gallinari",0.556915777507309
2010,30,"dummy","215","Tim Duncan",0.554240762112089
2010,30,"dummy","pair_194_1982",NA,0.550999923760879
2010,30,"dummy","1703","Carlos Boozer",0.533264101233658
2010,30,"dummy","885","Ben Wallace",0.517232060697281
2010,30,"dummy","2779","Chris Paul",0.508235369949965
2010,30,"dummy","1977","Chris Bosh",0.506606814569958
2010,30,"dummy","378","Stephen Jackson",0.486549201048868
2010,30,"dummy","1713","Nene Hilario",0.484689819074808
2010,30,"dummy","pair_2384_469",NA,0.479920904016872
2010,30,"dummy","615","Jermaine O'Neal",0.471898396795844
2010,30,"dummy","pair_2429_3456",NA,0.466185000708791
2010,30,"dummy","pair_1727_592",NA,0.411362568941451
2010,30,"dummy","1",NA,0.401654736568805
2010,30,"dummy","pair_3235_885",NA,0.381775610552602
2010,30,"dummy","2983","LaMarcus Aldridge",0.371055978282433
2010,30,"dummy","558","Mike Miller",0.366722787912856
2010,30,"dummy","1018","Jason Richardson",0.354636014624514
2010,30,"dummy","662","Paul Pierce",0.347519609225567
2010,30,"dummy","2429","Luol Deng",0.346684741767701
2010,30,"dummy","pair_2167_378",NA,0.329540359526621
2010,30,"dummy","2748","Andrew Bynum",0.270202676318112
2010,30,"dummy","63","Chauncey Billups",0.260785306056307
2010,30,"dummy","3997","Brandon Jennings",0.24500215328655
2010,30,"dummy","125","Marcus Camby",0.23979260574136
2010,30,"dummy","pair_3026_9",NA,0.201572491988926
2010,30,"dummy","3192","Aaron Brooks",0.188654551979676
2010,30,"dummy","3468","Russell Westbrook",0.18750288568918
2010,30,"dummy","pair_1975_63",NA,0.109634090963888
2010,30,"dummy","1017","Zach Randolph",0.092694552730667
2010,30,"dummy","3975","Stephen Curry",0.0590219777256826
2010,30,"dummy","pair_2772_3428",NA,0.0524435678884578
2010,30,"dummy","974","Gilbert Arenas",0.0460606236127491
2010,30,"dummy","3462","Jason Thompson",0.0337109168645317
2010,30,"dummy","1727","Amare Stoudemire",0.0318994176980957
2010,30,"dummy","2426","Trevor Ariza",0.0181425786154222
2010,30,"dummy","1781","Luis Scola",0.0145616114522019
2010,30,"dummy","pair_3462_3983",NA,0.0133462209298392
2010,30,"dummy","1014","Mehmet Okur",0.0016143142908261
2010,30,"dummy","3244","Thaddeus Young",-0.0130352910082329
2010,30,"dummy","813","Peja Stojakovic",-0.030529399734547
2010,30,"dummy","2167","Boris Diaw",-0.031435393544404
2010,30,"dummy","4",NA,-0.0328558881620633
2010,30,"dummy","3005","Rudy Gay",-0.0640188418588628
2010,30,"dummy","2399","Emeka Okafor",-0.0751588791862721
2010,30,"dummy","pair_2768_2987",NA,-0.0926832294308274
2010,30,"dummy","pair_1705_385",NA,-0.107563015767917
2010,30,"dummy","3206","Marc Gasol",-0.134267325450044
2010,30,"dummy","3456","Derrick Rose",-0.137833586392942
2010,30,"dummy","3450","O.J. Mayo",-0.143499959189934
2010,30,"dummy","1000","Brendan Haywood",-0.162004192954767
2010,30,"dummy","3195","Mike Conley",-0.196168465516258
2010,30,"dummy","469","Rashard Lewis",-0.222276001170872
2010,30,"dummy","pair_1781_3192",NA,-0.232088735051012
2010,30,"dummy","3",NA,-0.246468379857934
2010,30,"dummy","3026","Rajon Rondo",-0.251410157233213
2010,30,"dummy","3431","Eric Gordon",-0.253322746268808
2010,30,"dummy","3209","Jeff Green",-0.259790579706229
2010,30,"dummy","2386","Andre Iguodala",-0.265169370440184
2010,30,"dummy","2177","David West",-0.274876923017055
2010,30,"dummy","pair_2177_2399",NA,-0.28018020565258
2010,30,"dummy","862","Hedo Turkoglu",-0.295944265509137
2010,30,"dummy","5",NA,-0.30245140270657
2010,30,"dummy","976","Shane Battier",-0.304000635711515
2010,30,"dummy","366","Allen Iverson",-0.308332672903223
2010,30,"dummy","2",NA,-0.312428078203592
2010,30,"dummy","2772","David Lee",-0.321402908711285
2010,30,"dummy","1705","Caron Butler",-0.333222028872114
2010,30,"dummy","429","Jason Kidd",-0.369311354801885
2010,30,"dummy","1982","Chris Kaman",-0.387430943895648
2010,30,"dummy","3235","Rodney Stuckey",-0.431902584179537
2010,30,"dummy","2377","Chris Duhon",-0.443058356603646
2010,30,"dummy","3211","Spencer Hawes",-0.44596381494621
2010,30,"dummy","3214","Yi Jianlian",-0.464185162646702
2010,30,"dummy","2987","Andrea Bargnani",-0.483528526279144
2010,30,"dummy","194","Baron Davis",-0.535617265198978
2010,30,"dummy","3194","Wilson Chandler",-0.557467330198238
2010,30,"dummy","pair_2386_3244",NA,-0.591491884013381
2010,30,"dummy","2753","Raymond Felton",-0.641581221518546
2010,30,"dummy","385","Antawn Jamison",-0.666761080225752
2010,30,"dummy","3224","Joakim Noah",-0.68193072014259
2010,30,"dummy","1724","Tayshaun Prince",-0.732135464674764
2010,30,"dummy","pair_1987_2184",NA,-0.741113991329763
2010,30,"dummy","3983","Tyreke Evans",-0.805257917298685
2010,30,"dummy","2389","Al Jefferson",-0.963576188194715
2010,30,"dummy","3191","Corey Brewer",-1.02865950976636
2010,30,"dummy","pair_2382_3448",NA,-1.04955631310375
2010,30,"dummy","2751","Monta Ellis",-1.13852561403345
2010,30,"dummy","294","Richard Hamilton",-1.21956323832914
2010,30,"dummy","2394","Kevin Martin",-1.29243296158924
2010,30,"dummy","3448","Brook Lopez",-1.32675659393347
2010,30,"dummy","pair_2751_3975",NA,-1.33147735986435
2010,30,"dummy","3445","Courtney Lee",-1.37317476471597
2010,30,"dummy","1013","Troy Murphy",-1.52580683513444
2010,30,"dummy","pair_3191_3985",NA,-1.96793945549464
2010,30,"dummy","2382","Devin Harris",-2.02725627930905
2010,30,"dummy","pair_1013_3457",NA,-2.23115351333305
2011,0,"dummy","2762",NA,8.81681789963557
2011,0,"dummy","2214",NA,5.0714810963204
2011,0,"dummy","4244","Lance Stephenson",4.85703796309709
2011,0,"dummy","3478","Hamed Haddadi",2.16619852312544
2011,0,"dummy","3252","Mustafa Shakur",1.69655072615798
2011,0,"dummy","3970","DeMarre Carroll",1.5411820689917
2011,0,"dummy","1717","Jared Jeffries",1.41381693516678
2011,0,"dummy","3469","D.J. White",1.19346862804357
2011,0,"dummy","3196","Daequan Cook",1.19244805692145
2011,0,"dummy","609","Dirk Nowitzki",1.07182057266506
2011,0,"dummy","933",NA,0.988943497583487
2011,0,"dummy","984","Tyson Chandler",0.935460682972816
2011,0,"dummy","2008","Dahntay Jones",0.926810832343838
2011,0,"dummy","261","Kevin Garnett",0.921019750582193
2011,0,"dummy","614","Shaquille O'Neal",0.909363915159078
2011,0,"dummy","250","Jeff Foster",0.87144938275482
2011,0,"dummy","987","Jason Collins",0.810498448995229
2011,0,"dummy","136","Vince Carter",0.745297647809774
2011,0,"dummy","3277","C.J. Watson",0.737306296062172
2011,0,"dummy","215","Tim Duncan",0.709827853189252
2011,0,"dummy","1705","Caron Butler",0.705737407477284
2011,0,"dummy","4267","Cole Aldrich",0.67810189443216
2011,0,"dummy","246","Derek Fisher",0.675728525104479
2011,0,"dummy","2745","Brandon Bass",0.655430999085124
2011,0,"dummy","1977","Chris Bosh",0.645778606971896
2011,0,"dummy","662","Paul Pierce",0.645175227575877
2011,0,"dummy","3414","Omer Asik",0.627178459675059
2011,0,"dummy","2807","Ronnie Price",0.616893843374946
2011,0,"dummy","pair_1015_215",NA,0.615468877646632
2011,0,"dummy","1708","Mike Dunleavy",0.609253427402853
2011,0,"dummy","3205","Kyrylo Fesenko",0.607359842680561
2011,0,"dummy","3460","Marreese Speights",0.602144026471071
2011,0,"dummy","2018","Kendrick Perkins",0.602081763543704
2011,0,"dummy","1966","LeBron James",0.600717227891748
2011,0,"dummy","3224","Joakim Noah",0.590407638155413
2011,0,"dummy","pair_1966_1987",NA,0.568827605365557
2011,0,"dummy","3412","Ryan Anderson",0.554177936161642
2011,0,"dummy","3966","Jon Brockman",0.549834548134101
2011,0,"dummy","813","Peja Stojakovic",0.54784188166492
2011,0,"dummy","3012","Kyle Lowry",0.539206534447564
2011,0,"dummy","3965","DeJuan Blair",0.521084978550315
2011,0,"dummy","272","Manu Ginobili",0.520874315638995
2011,0,"dummy","1987","Dwyane Wade",0.514959577819176
2011,0,"dummy","2748","Andrew Bynum",0.514163698119467
2011,0,"dummy","2439","Jameer Nelson",0.513927096587533
2011,0,"dummy","pair_2754_592",NA,0.512974848414792
2011,0,"dummy","209","Keyon Dooling",0.507151664326715
2011,0,"dummy","3220","Josh McRoberts",0.505396796931863
2011,0,"dummy","2797","Marvin Williams",0.499903745190524
2011,0,"dummy","1027","Earl Watson",0.498409911105844
2011,0,"dummy","1978","Nick Collison",0.495594299543986
2011,0,"dummy","3244","Thaddeus Young",0.482040079502091
2011,0,"dummy","2779","Chris Paul",0.480570063129292
2011,0,"dummy","2444","J.R. Smith",0.474574614829468
2011,0,"dummy","2184","Udonis Haslem",0.474269110611339
2011,0,"dummy","4261","Ekpe Udoh",0.469236713158853
2011,0,"dummy","656",NA,0.468986476144987
2011,0,"dummy","2399","Emeka Okafor",0.463223673006175
2011,0,"dummy","1996","Matt Bonner",0.452447233299583
2011,0,"dummy","808","DeShawn Stevenson",0.447600911616167
2011,0,"dummy","568","Nazr Mohammed",0.445543566030196
2011,0,"dummy","pair_2384_2439",NA,0.440098508437303
2011,0,"dummy","25","Ron Artest",0.428878691304969
2011,0,"dummy","4292","Willie Warren",0.427378256126701
2011,0,"dummy","4295","Jeremy Evans",0.427006511021954
2011,0,"dummy","9","Ray Allen",0.426378870388407
2011,0,"dummy","3986","Taj Gibson",0.42512438701634
2011,0,"dummy","2009","James Jones",0.415090684774266
2011,0,"dummy","362","Zydrunas Ilgauskas",0.413820766218112
2011,0,"dummy","1765","Matt Barnes",0.411395191480434
2011,0,"dummy","pair_2426_2779",NA,0.409990403405811
2011,0,"dummy","3967","Derrick Brown",0.409406429915261
2011,0,"dummy","1709","Melvin Ely",0.405146775990192
2011,0,"dummy","3026","Rajon Rondo",0.404627935808362
2011,0,"dummy","4001","Eric Maynor",0.398953575441132
2011,0,"dummy","4300","Gary Neal",0.397694630180156
2011,0,"dummy","pair_3995_91",NA,0.396329634772806
2011,0,"dummy","2429","Luol Deng",0.395213768624883
2011,0,"dummy","pair_3026_9",NA,0.394963257205474
2011,0,"dummy","2747","Andrew Bogut",0.393323545288071
2011,0,"dummy","3206","Marc Gasol",0.39108203950648
2011,0,"dummy","3438","George Hill",0.382308420638135
2011,0,"dummy","4279","Armon Johnson",0.376764878000285
2011,0,"dummy","2011","Kyle Korver",0.37628410519355
2011,0,"dummy","2188","Quinton Ross",0.375486282658151
2011,0,"dummy","996","Pau Gasol",0.374965182845157
2011,0,"dummy","617","Lamar Odom",0.364897987014528
2011,0,"dummy","3995","Jrue Holiday",0.360617820824602
2011,0,"dummy","3419","Mario Chalmers",0.351959041553122
2011,0,"dummy","1703","Carlos Boozer",0.346690579331639
2011,0,"dummy","pair_2444_308",NA,0.346273509926427
2011,0,"dummy","110","Kobe Bryant",0.338753214938302
2011,0,"dummy","pair_2429_3456",NA,0.33850649019786
2011,0,"dummy","194","Baron Davis",0.336332011054114
2011,0,"dummy","4299","Jeremy Lin",0.320447101721727
2011,0,"dummy","2010","Jason Kapono",0.320013462763646
2011,0,"dummy","2384","Dwight Howard",0.319596077513998
2011,0,"dummy","592","Steve Nash",0.315542346081115
2011,0,"dummy","2173","Mickael Pietrus",0.315123737161188
2011,0,"dummy","3456","Derrick Rose",0.314888309305704
2011,0,"dummy","2177","David West",0.312461538349307
2011,0,"dummy","348","Eddie House",0.309112167567229
2011,0,"dummy","2027","Luke Walton",0.308916256092244
2011,0,"dummy","2422","Delonte West",0.307611161169075
2011,0,"dummy","181","Erick Dampier",0.306311819602292
2011,0,"dummy","1713","Nene Hilario",0.304159980453606
2011,0,"dummy","pair_2983_4032",NA,0.303118909667353
2011,0,"dummy","3276","Anthony Tolliver",0.301435228866626
2011,0,"dummy","4020","Sam Young",0.299673236092468
2011,0,"dummy","530","Antonio McDyess",0.296113634813601
2011,0,"dummy","429","Jason Kidd",0.294005121114
2011,0,"dummy","515","Kenyon Martin",0.292519571281997
2011,0,"dummy","2992","Shannon Brown",0.290405086801111
2011,0,"dummy","3213","Al Horford",0.289605254409932
2011,0,"dummy","841","Jason Terry",0.284265611820611
2011,0,"dummy","1006","Richard Jefferson",0.283793260956758
2011,0,"dummy","1016","Vladimir Radmanovic",0.279823490429163
2011,0,"dummy","130","Brian Cardinal",0.279546914866869
2011,0,"dummy","862","Hedo Turkoglu",0.275108369237285
2011,0,"dummy","2774","Ian Mahinmi",0.267557951897612
2011,0,"dummy","pair_110_996",NA,0.265776173964085
2011,0,"dummy","1015","Tony Parker",0.265655902162418
2011,0,"dummy","3232","Jason Smith",0.26453368305084
2011,0,"dummy","3194","Wilson Chandler",0.253639170138697
2011,0,"dummy","3464","Bill Walker",0.242469235298648
2011,0,"dummy","3195","Mike Conley",0.233425406147788
2011,0,"dummy","591","Eduardo Najera",0.230832820957501
2011,0,"dummy","3027","Brandon Roy",0.229432688997666
2011,0,"dummy","2991","Ronnie Brewer",0.223858026015084
2011,0,"dummy","2834","Chuck Hayes",0.223803014476024
2011,0,"dummy","3005","Rudy Gay",0.212980833770465
2011,0,"dummy","1781","Luis Scola",0.212593721568934
2011,0,"dummy","1007","Joe Johnson",0.211080201582017
2011,0,"dummy","687","Theo Ratliff",0.209039565967748
2011,0,"dummy","976","Shane Battier",0.208516292956685
2011,0,"dummy","pair_2394_3012",NA,0.208228698244003
2011,0,"dummy","3024","J.J. Redick",0.204001602986994
2011,0,"dummy","3015","Paul Millsap",0.20355695353078
2011,0,"dummy","4274","Landry Fields",0.198536532943678
2011,0,"dummy","61","Mike Bibby",0.194713716538027
2011,0,"dummy","557","Andre Miller",0.194307044476437
2011,0,"dummy","2411","Josh Smith",0.192939040915764
2011,0,"dummy","3055","Jose Juan",0.191218013998742
2011,0,"dummy","3204","Rudy Fernandez",0.18729045308688
2011,0,"dummy","pair_1727_4274",NA,0.186124932786887
2011,0,"dummy","2386","Andre Iguodala",0.176995044957406
2011,0,"dummy","4010","A.J. Price",0.173156992805455
2011,0,"dummy","2767","Ersan Ilyasova",0.17215234997336
2011,0,"dummy","1018","Jason Richardson",0.154179235819968
2011,0,"dummy","2799","Lou Williams",0.15202546537964
2011,0,"dummy","pair_1017_3195",NA,0.150316809568744
2011,0,"dummy","3999","James Johnson",0.149980667663906
2011,0,"dummy","3413","Darrell Arthur",0.141834101236016
2011,0,"dummy","3241","Julian Wright",0.139804942261059
2011,0,"dummy","4000","Ty Lawson",0.139072760469769
2011,0,"dummy","2789","Ronny Turiaf",0.135826512561004
2011,0,"dummy","3993","Gerald Henderson",0.135703876129827
2011,0,"dummy","4015","Jeff Teague",0.130597911310125
2011,0,"dummy","4032","Wesley Matthews",0.123640401000061
2011,0,"dummy","3439","Serge Ibaka",0.115666810730199
2011,0,"dummy","3975","Stephen Curry",0.11489080589517
2011,0,"dummy","3202","Kevin Durant",0.105706613398044
2011,0,"dummy","2423","Dorell Wright",0.105684075314417
2011,0,"dummy","1975","Carmelo Anthony",0.103977827125475
2011,0,"dummy","1026","Gerald Wallace",0.101317897205361
2011,0,"dummy","3431","Eric Gordon",0.0987074610627365
2011,0,"dummy","1055","Carlos Arroyo",0.0972542512147674
2011,0,"dummy","846","Kurt Thomas",0.0950183868709819
2011,0,"dummy","308","Al Harrington",0.0940177309183206
2011,0,"dummy","pair_165_3213",NA,0.0937973613466948
2011,0,"dummy","3428","Danilo Gallinari",0.0891782641958139
2011,0,"dummy","3187","Arron Afflalo",0.0885217289098445
2011,0,"dummy","4003","Jodie Meeks",0.0816411762795675
2011,0,"dummy","2754","Channing Frye",0.0808219525913601
2011,0,"dummy","pair_2389_3015",NA,0.0791823804827662
2011,0,"dummy","3450","O.J. Mayo",0.076072775703953
2011,0,"dummy","2006","Josh Howard",0.0755901254801616
2011,0,"dummy","4017","Marcus Thornton",0.0742486145715001
2011,0,"dummy","2775","Jason Maxiell",0.0741310892372148
2011,0,"dummy","2778","C.J. Miles",0.0726220921874153
2011,0,"dummy","3554","Omri Casspi",0.0725489068562178
2011,0,"dummy","4023","Garrett Temple",0.0723751771355284
2011,0,"dummy","91","Elton Brand",0.0720482774683851
2011,0,"dummy","3462","Jason Thompson",0.0707246427936999
2011,0,"dummy","434","Andrei Kirilenko",0.0644022796131984
2011,0,"dummy","2381","Ben Gordon",0.0638472936409194
2011,0,"dummy","2426","Trevor Ariza",0.061502153752305
2011,0,"dummy","1017","Zach Randolph",0.0612114027813308
2011,0,"dummy","63","Chauncey Billups",0.0601268250269539
2011,0,"dummy","3421","Joey Dorsey",0.0545578731265271
2011,0,"dummy","3028","Thabo Sefolosha",0.0457116211645922
2011,0,"dummy","4247","Wesley Johnson",0.0455864584887578
2011,0,"dummy","556","Brad Miller",0.0420646806992753
2011,0,"dummy","3416","Nicolas Batum",0.0413768884170861
2011,0,"dummy","3209","Jeff Green",0.0406940190202233
2011,0,"dummy","45","Tony Battie",0.0374537535467613
2011,0,"dummy","3445","Courtney Lee",0.0339303605408295
2011,0,"dummy","1034","Charlie Bell",0.0299686685873158
2011,0,"dummy","3444","Kosta Koufos",0.0298365214379089
2011,0,"dummy","2782","Nate Robinson",0.0296779139203508
2011,0,"dummy","3010","Solomon Jones",0.0284994908919845
2011,0,"dummy","974","Gilbert Arenas",0.0263381299590111
2011,0,"dummy","4229","Reggie Williams",0.0258336707989073
2011,0,"dummy","2983","LaMarcus Aldridge",0.0218986261028957
2011,0,"dummy","4239","Evan Turner",0.0176024820711616
2011,0,"dummy","3992","James Harden",0.00985257031979795
2011,0,"dummy","3447","Robin Lopez",0.00707865425665761
2011,0,"dummy","1995","Keith Bogans",0.00477534950466121
2011,0,"dummy","4335","Jeff Adrien",0.00377481431790888
2011,0,"dummy","1",NA,0
2011,0,"dummy","3971","Earl Clark",-0.00142577205690542
2011,0,"dummy","469","Rashard Lewis",-0.00361654198106831
2011,0,"dummy","3247","Joel Anthony",-0.00672550162905509
2011,0,"dummy","3211","Spencer Hawes",-0.00962329278579189
2011,0,"dummy","2770","Linas Kleiza",-0.0104869374909403
2011,0,"dummy","2200","Marquis Daniels",-0.013632201955034
2011,0,"dummy","1719","Nenad Krstic",-0.0146889292641358
2011,0,"dummy","3031","Craig Smith",-0.0200431372685115
2011,0,"dummy","1979","T.J. Ford",-0.0224545729623531
2011,0,"dummy","3200","Glen Davis",-0.0230979864145535
2011,0,"dummy","pair_2760_3973",NA,-0.0254246893609751
2011,0,"dummy","2393","Shaun Livingston",-0.0262945098256774
2011,0,"dummy","pair_3431_3989",NA,-0.0296286498077468
2011,0,"dummy","165","Jamal Crawford",-0.036489070149205
2011,0,"dummy","4005","Byron Mullens",-0.0386292398904763
2011,0,"dummy","pair_3202_3468",NA,-0.0388779415099076
2011,0,"dummy","3442","DeAndre Jordan",-0.0404788531169363
2011,0,"dummy","2757","Ryan Gomes",-0.0435712612107824
2011,0,"dummy","1731","Chris Wilcox",-0.0450541410627818
2011,0,"dummy","2389","Al Jefferson",-0.049125862333667
2011,0,"dummy","1727","Amare Stoudemire",-0.0515300755613818
2011,0,"dummy","682","Joel Przybilla",-0.0644337678285442
2011,0,"dummy","2760","Danny Granger",-0.0708777628929945
2011,0,"dummy","pair_2423_2751",NA,-0.0776713380508899
2011,0,"dummy","2769","Amir Johnson",-0.0868680378065045
2011,0,"dummy","497","Corey Maggette",-0.0880344421489659
2011,0,"dummy","3451","Luc Richard",-0.0883460781581686
2011,0,"dummy","1724","Tayshaun Prince",-0.0891147537357095
2011,0,"dummy","703","Quentin Richardson",-0.089729415188007
2011,0,"dummy","3418","Michael Beasley",-0.0930289572647353
2011,0,"dummy","2448","Beno Udrih",-0.093203385983597
2011,0,"dummy","3190","Marco Belinelli",-0.0977644791917617
2011,0,"dummy","3968","Chase Budinger",-0.104179892350096
2011,0,"dummy","3243","Nick Young",-0.114880466708247
2011,0,"dummy","2367","Tony Allen",-0.115854779197661
2011,0,"dummy","2753","Raymond Felton",-0.120183247266258
2011,0,"dummy","3979","Toney Douglas",-0.122377813091807
2011,0,"dummy","802","Jerry Stackhouse",-0.123055300765035
2011,0,"dummy","2004","Willie Green",-0.125692378195376
2011,0,"dummy","3452","JaVale McGee",-0.126749535473254
2011,0,"dummy","991","Samuel Dalembert",-0.127861488335975
2011,0,"dummy","3989","Blake Griffin",-0.131636300343761
2011,0,"dummy","3002","Jordan Farmar",-0.13723069258182
2011,0,"dummy","pair_2167_3415",NA,-0.137950285484367
2011,0,"dummy","2394","Kevin Martin",-0.140224100873721
2011,0,"dummy","3436","Roy Hibbert",-0.141577920923154
2011,0,"dummy","336","Grant Hill",-0.147300823366688
2011,0,"dummy","4205","David Andersen",-0.14739606996116
2011,0,"dummy","4251","Paul George",-0.147715198915068
2011,0,"dummy","1135","Chris Andersen",-0.153836984112216
2011,0,"dummy","2794","Hakim Warrick",-0.154288797456979
2011,0,"dummy","3997","Brandon Jennings",-0.156558819385031
2011,0,"dummy","3422","Chris Douglas-Roberts",-0.156905541751517
2011,0,"dummy","3201","Jared Dudley",-0.165112931851086
2011,0,"dummy","3474","Anthony Morrow",-0.165236371128969
2011,0,"dummy","2166","Leandro Barbosa",-0.16708220511519
2011,0,"dummy","2772","David Lee",-0.170139378269469
2011,0,"dummy","125","Marcus Camby",-0.170801536836101
2011,0,"dummy","2167","Boris Diaw",-0.17553381598727
2011,0,"dummy","3457","Brandon Rush",-0.175887726818064
2011,0,"dummy","2751","Monta Ellis",-0.178899729527148
2011,0,"dummy","87","Earl Boykins",-0.182234987558204
2011,0,"dummy","pair_3418_3449",NA,-0.183324562209379
2011,0,"dummy","2417","Sebastian Telfair",-0.18937488190632
2011,0,"dummy","4012","DaJuan Summers",-0.189548922602839
2011,0,"dummy","2798","Deron Williams",-0.195121751965146
2011,0,"dummy","3008","Ryan Hollins",-0.196817878497764
2011,0,"dummy","3983","Tyreke Evans",-0.203237063586489
2011,0,"dummy","532","Tracy McGrady",-0.206323567394174
2011,0,"dummy","2373","Josh Childress",-0.21371657188045
2011,0,"dummy","3468","Russell Westbrook",-0.214767306878534
2011,0,"dummy","3415","D.J. Augustin",-0.215652863581324
2011,0,"dummy","3006","Daniel Gibson",-0.220279465490732
2011,0,"dummy","3235","Rodney Stuckey",-0.22409490825779
2011,0,"dummy","3237","Al Thornton",-0.225233314623363
2011,0,"dummy","3256","Trey Johnson",-0.226475695008474
2011,0,"dummy","3984","Christian Eyenga",-0.228244047415156
2011,0,"dummy","1994","Steve Blake",-0.240667412667794
2011,0,"dummy","2211","Matt Carroll",-0.241006914773558
2011,0,"dummy","pair_510_841",NA,-0.245144824436646
2011,0,"dummy","2477","Earl Barron",-0.249544394274181
2011,0,"dummy","558","Mike Miller",-0.252035151876292
2011,0,"dummy","4291","Greivis Vasquez",-0.253952386912586
2011,0,"dummy","3191","Corey Brewer",-0.257490277781456
2011,0,"dummy","3448","Brook Lopez",-0.261658052113414
2011,0,"dummy","2419","Anderson Varejao",-0.267305630872999
2011,0,"dummy","1726","John Salmons",-0.269987234456925
2011,0,"dummy","2780","Johan Petro",-0.273350718707915
2011,0,"dummy","pair_1724_3235",NA,-0.275350017751087
2011,0,"dummy","3432","Donte Greene",-0.277037443857635
2011,0,"dummy","635","Anthony Parker",-0.279616714171022
2011,0,"dummy","3041","Louis Amundson",-0.281145593572664
2011,0,"dummy","1711","Drew Gooden",-0.284363046426245
2011,0,"dummy","510","Shawn Marion",-0.284412707430075
2011,0,"dummy","3974","Dante Cunningham",-0.284541621373162
2011,0,"dummy","3040","Shelden Williams",-0.285379084315533
2011,0,"dummy","2806","Jose Calderon",-0.286031480143906
2011,0,"dummy","3930","Cartier Martin",-0.289564290120405
2011,0,"dummy","2746","Andray Blatche",-0.290084446702694
2011,0,"dummy","3973","Darren Collison",-0.293511983147239
2011,0,"dummy","4035","Garret Siler",-0.296933504110097
2011,0,"dummy","2816","Will Bynum",-0.303422696465708
2011,0,"dummy","4250","Luke Babbitt",-0.304807539707125
2011,0,"dummy","1985","Luke Ridnour",-0.306814711875285
2011,0,"dummy","1999","Carlos Delfino",-0.316673457773799
2011,0,"dummy","2850","Jawad Williams",-0.318715800839151
2011,0,"dummy","pair_2448_4258",NA,-0.321687653248995
2011,0,"dummy","3214","Yi Jianlian",-0.322484968379714
2011,0,"dummy","3032","Tyrus Thomas",-0.326664826948285
2011,0,"dummy","351","Juwan Howard",-0.331216025583989
2011,0,"dummy","2866","John Lucas",-0.332161346483779
2011,0,"dummy","2763","Luther Head",-0.335480500969272
2011,0,"dummy","2987","Andrea Bargnani",-0.336168278790844
2011,0,"dummy","3217","Carl Landry",-0.33677078021262
2011,0,"dummy","4179","Larry Owens",-0.339520074593859
2011,0,"dummy","4253","Quincy Pondexter",-0.340539855197754
2011,0,"dummy","4296","Ben Uzoh",-0.346311707446512
2011,0,"dummy","1767","Rasual Butler",-0.347139379891396
2011,0,"dummy","2750","Ike Diogu",-0.357045136377143
2011,0,"dummy","2793","Von Wafer",-0.358989955689682
2011,0,"dummy","2377","Chris Duhon",-0.359387635190978
2011,0,"dummy","671","James Posey",-0.362634868591215
2011,0,"dummy","2755","Francisco Garcia",-0.372074930297251
2011,0,"dummy","3192","Aaron Brooks",-0.377683744314041
2011,0,"dummy","4241","Xavier Henry",-0.380037012420338
2011,0,"dummy","4258","DeMarcus Cousins",-0.383897585877021
2011,0,"dummy","2421","Sasha Vujacic",-0.385417057635536
2011,0,"dummy","4019","Terrence Williams",-0.393466662746317
2011,0,"dummy","234","Francisco Elson",-0.408394360208186
2011,0,"dummy","pair_3231_3437",NA,-0.408569797369544
2011,0,"dummy","3246","Dominic McGuire",-0.414954235526203
2011,0,"dummy","988","Jarron Collins",-0.415012528387238
2011,0,"dummy","3207","Aaron Gray",-0.417006131854728
2011,0,"dummy","4257","Derrick Favors",-0.420149636685511
2011,0,"dummy","378","Stephen Jackson",-0.420680061197027
2011,0,"dummy","3410","Alexis Ajinca",-0.426492547734858
2011,0,"dummy","2382","Devin Harris",-0.427345051531221
2011,0,"dummy","3449","Kevin Love",-0.427655996855753
2011,0,"dummy","3991","Tyler Hansbrough",-0.432789318112272
2011,0,"dummy","2792","Charlie Villanueva",-0.434638923995426
2011,0,"dummy","2433","Kris Humphries",-0.438110217863461
2011,0,"dummy","4298","Timofey Mozgov",-0.446129507600131
2011,0,"dummy","pair_1726_3997",NA,-0.447320127557959
2011,0,"dummy","4237","John Wall",-0.449071163857519
2011,0,"dummy","3249","Jamario Moon",-0.457462374168656
2011,0,"dummy","pair_2015_3448",NA,-0.457684965708012
2011,0,"dummy","2427","Andris Biedrins",-0.459141439194215
2011,0,"dummy","pair_2987_3978",NA,-0.463538838206488
2011,0,"dummy","3038","Shawne Williams",-0.472400154795014
2011,0,"dummy","2171","Darko Milicic",-0.477006653685295
2011,0,"dummy","2758","Marcin Gortat",-0.484367340803802
2011,0,"dummy","3963","Rodrigue Beaubois",-0.48642372627868
2011,0,"dummy","4260","Greg Monroe",-0.486596539354095
2011,0,"dummy","49","Raja Bell",-0.48676957480486
2011,0,"dummy","4304","Samardo Samuels",-0.488683360051244
2011,0,"dummy","3105","Pooh Jeter",-0.491384177887694
2011,0,"dummy","3994","Jordan Hill",-0.493677418064403
2011,0,"dummy","3437","J.J. Hickson",-0.502831274811446
2011,0,"dummy","4248","Al-Farouq Aminu",-0.503710017439907
2011,0,"dummy","2178","Mo Williams",-0.510406271114043
2011,0,"dummy","3978","DeMar DeRozan",-0.510771186199203
2011,0,"dummy","2450","D.J. Mbenga",-0.514188298865138
2011,0,"dummy","294","Richard Hamilton",-0.526997410893263
2011,0,"dummy","3003","Randy Foye",-0.540147760040749
2011,0,"dummy","1981","Kirk Hinrich",-0.547723485180804
2011,0,"dummy","4270","Trevor Booker",-0.548578944063094
2011,0,"dummy","3976","Austin Daye",-0.565149164001623
2011,0,"dummy","2016","Zaza Pachulia",-0.570457344190428
2011,0,"dummy","4014","Jermaine Taylor",-0.571273371286741
2011,0,"dummy","2015","Travis Outlaw",-0.580763443184744
2011,0,"dummy","3231","Ramon Sessions",-0.581816681298397
2011,0,"dummy","2456","Andres Nocioni",-0.590640505590325
2011,0,"dummy","4264","Patrick Patterson",-0.593452280071581
2011,0,"dummy","4224","Sundiata Gaines",-0.60758926576908
2011,0,"dummy","1000","Brendan Haywood",-0.610188006604244
2011,0,"dummy","3242","Brandan Wright",-0.62240585059467
2011,0,"dummy","4242","James Anderson",-0.644442707112117
2011,0,"dummy","385","Antawn Jamison",-0.64511222975154
2011,0,"dummy","3425","Semih Erden",-0.645693482772557
2011,0,"dummy","2986","Renaldo Balkman",-0.649794339288789
2011,0,"dummy","pair_2746_4237",NA,-0.660236890699244
2011,0,"dummy","992","DeSagana Diop",-0.672630254359795
2011,0,"dummy","2995","Rodney Carney",-0.673327984092715
2011,0,"dummy","4004","Patrick Mills",-0.676529586498083
2011,0,"dummy","1031","Maurice Evans",-0.683885055412927
2011,0,"dummy","4265","Larry Sanders",-0.686673144960954
2011,0,"dummy","4305","Ishmael Smith",-0.735466987732733
2011,0,"dummy","2759","Joey Graham",-0.750146615632281
2011,0,"dummy","2832","Stephen Graham",-0.750591457165975
2011,0,"dummy","4312","Gary Forbes",-0.75646938276378
2011,0,"dummy","2768","Jarrett Jack",-0.759334099495789
2011,0,"dummy","3996","Lester Hudson",-0.767016683905901
2011,0,"dummy","4238","Eric Bledsoe",-0.769567814401209
2011,0,"dummy","3417","Jerryd Bayless",-0.780608233528346
2011,0,"dummy","3985","Jonny Flynn",-0.790679399981889
2011,0,"dummy","2982",NA,-0.810473635350575
2011,0,"dummy","1998","Brian Cook",-0.818049426934963
2011,0,"dummy","1828","Reggie Evans",-0.824427865368687
2011,0,"dummy","1710","Dan Gadzuric",-0.825510126877162
2011,0,"dummy","3046","Chris Quinn",-0.832633532735992
2011,0,"dummy","2795","Martell Webster",-0.840078361879887
2011,0,"dummy","866","Ime Udoka",-0.851941323586403
2011,0,"dummy","4259","Ed Davis",-0.85211720515539
2011,0,"dummy","885","Ben Wallace",-0.857999180521349
2011,0,"dummy","4360","Manny Harris",-0.879635241828574
2011,0,"dummy","981","Kwame Brown",-0.885067651833463
2011,0,"dummy","4276","Luke Harangody",-0.913784604111203
2011,0,"dummy","3233","Tiago Splitter",-0.946304411343479
2011,0,"dummy","1021",NA,-0.973040490901334
2011,0,"dummy","615","Jermaine O'Neal",-0.980051487505453
2011,0,"dummy","3467","Sonny Weems",-0.989306291273217
2011,0,"dummy","4249","Gordon Hayward",-0.994345715371323
2011,0,"dummy","2197","Josh Powell",-0.994520250979717
2011,0,"dummy","3440","Darnell Jackson",-0.997409496080335
2011,0,"dummy","2387",NA,-1.00017244278425
2011,0,"dummy","3981","Wayne Ellington",-1.00538217549485
2011,0,"dummy","4277","Lazar Hayward",-1.01535194792612
2011,0,"dummy","137","Anthony Carter",-1.02201519869877
2011,0,"dummy","1784","Darius Songaila",-1.04012918689798
2011,0,"dummy","2506","Damien Wilkins",-1.06093274398923
2011,0,"dummy","1014","Mehmet Okur",-1.07044840869955
2011,0,"dummy","3453","Nikola Pekovic",-1.07426191774609
2011,0,"dummy","1013","Troy Murphy",-1.08854386928544
2011,0,"dummy","2984","Hilton Armstrong",-1.13525175840818
2011,0,"dummy","4252","Damion James",-1.17881106777169
2011,0,"dummy","4016","Hasheem Thabeet",-1.2093621239204
2011,0,"dummy","3023","Leon Powe",-1.21647305665359
2011,0,"dummy","1982","Chris Kaman",-1.21840410179566
2011,0,"dummy","4243","Jordan Crawford",-1.23181231145602
2011,0,"dummy","3423","Goran Dragic",-1.23910736725743
2011,0,"dummy","4327","Zabian Dowdell",-1.30803310823452
2011,0,"dummy","10","Malik Allen",-1.31364776962583
2011,0,"dummy","3053",NA,-1.32396001921017
2011,0,"dummy","2172","Sasha Pavlovic",-1.34109966393384
2011,0,"dummy","4232","Alonzo Gee",-1.3940572039065
2011,0,"dummy","3219","Acie Law",-1.4158955737583
2011,0,"dummy","2805","Fabricio Oberto",-1.49949953141922
2011,0,"dummy","3455","Anthony Randolph",-1.50081002933491
2011,0,"dummy","3988",NA,-1.52122473403226
2011,0,"dummy","4272","Derrick Caracter",-1.57598025479373
2011,0,"dummy","4246","Dominique Jones",-1.59414972293945
2011,0,"dummy","4289","Kevin Seraphin",-1.61177999804364
2011,0,"dummy","511","Sean Marks",-1.72706059778985
2011,0,"dummy","4240","Avery Bradley",-1.77781468790347
2011,0,"dummy","1722","Yao Ming",-1.83036693684156
2011,0,"dummy","4256","Devin Ebanks",-1.86494223931075
2011,0,"dummy","788",NA,-1.90601229075725
2011,0,"dummy","4302",NA,-2.07322081945082
2011,0,"dummy","2165","Marcus Banks",-2.17529596388964
2011,0,"dummy","4285","Andy Rautins",-2.29690501501523
2011,0,"dummy","4268","Solomon Alabi",-2.31289636597882
2011,0,"dummy","2801",NA,-2.61530051962258
2011,0,"dummy","851","Etan Thomas",-2.67683516161858
2011,0,"dummy","4254",NA,-2.68619273388444
2011,0,"dummy","1721","Roger Mason",-2.70684301814233
2011,0,"dummy","4282","Hamady Ndiaye",-2.97387056555847
2011,0,"dummy","4400","Chris Johnson",-3.10105821193745
2011,0,"dummy","1022",NA,-3.18500667225172
2011,0,"dummy","3018","Steve Novak",-3.26884492655546
2011,0,"dummy","498","Jamaal Magloire",-4.43603582458363
2011,0,"dummy","4262",NA,-8.32422684360611
2011,0,"dummy","779",NA,-11.1243448486839
2011,5,"dummy","3252","Mustafa Shakur",1.879330810154
2011,5,"dummy","3970","DeMarre Carroll",1.72426196640025
2011,5,"dummy","1717","Jared Jeffries",1.51987039961489
2011,5,"dummy","3469","D.J. White",1.33181411346659
2011,5,"dummy","3196","Daequan Cook",1.26927173737515
2011,5,"dummy","609","Dirk Nowitzki",1.14545524304996
2011,5,"dummy","933",NA,1.09386289342709
2011,5,"dummy","984","Tyson Chandler",0.996536644868509
2011,5,"dummy","2008","Dahntay Jones",0.981369521805276
2011,5,"dummy","261","Kevin Garnett",0.976634644425299
2011,5,"dummy","614","Shaquille O'Neal",0.959095210398316
2011,5,"dummy","250","Jeff Foster",0.955404263594103
2011,5,"dummy","987","Jason Collins",0.873407030514492
2011,5,"dummy","136","Vince Carter",0.797463813549594
2011,5,"dummy","3277","C.J. Watson",0.772077829464403
2011,5,"dummy","215","Tim Duncan",0.752890198677538
2011,5,"dummy","1705","Caron Butler",0.74110254038671
2011,5,"dummy","4267","Cole Aldrich",0.715165059686044
2011,5,"dummy","246","Derek Fisher",0.712887226496988
2011,5,"dummy","2745","Brandon Bass",0.701539337217312
2011,5,"dummy","662","Paul Pierce",0.681250361966599
2011,5,"dummy","1977","Chris Bosh",0.677533531405258
2011,5,"dummy","1708","Mike Dunleavy",0.6648285012931
2011,5,"dummy","3414","Omer Asik",0.66215824008897
2011,5,"dummy","2807","Ronnie Price",0.656085754522658
2011,5,"dummy","3460","Marreese Speights",0.653811852686039
2011,5,"dummy","pair_1015_215",NA,0.64731440201572
2011,5,"dummy","3205","Kyrylo Fesenko",0.638712704932632
2011,5,"dummy","2018","Kendrick Perkins",0.633471134602458
2011,5,"dummy","1966","LeBron James",0.628620843049472
2011,5,"dummy","3224","Joakim Noah",0.628214042634215
2011,5,"dummy","3966","Jon Brockman",0.603447506481155
2011,5,"dummy","pair_1966_1987",NA,0.594876120649054
2011,5,"dummy","3412","Ryan Anderson",0.58381649104618
2011,5,"dummy","3012","Kyle Lowry",0.579746052804529
2011,5,"dummy","813","Peja Stojakovic",0.576174610600615
2011,5,"dummy","209","Keyon Dooling",0.547578925578137
2011,5,"dummy","272","Manu Ginobili",0.546110586816399
2011,5,"dummy","2748","Andrew Bynum",0.54600815707846
2011,5,"dummy","pair_2754_592",NA,0.544610717325681
2011,5,"dummy","3965","DeJuan Blair",0.543015431387792
2011,5,"dummy","1987","Dwyane Wade",0.538621407283637
2011,5,"dummy","3220","Josh McRoberts",0.537068608377333
2011,5,"dummy","2439","Jameer Nelson",0.536659832813892
2011,5,"dummy","1027","Earl Watson",0.533219440947286
2011,5,"dummy","2797","Marvin Williams",0.53304270494573
2011,5,"dummy","1978","Nick Collison",0.526284852489251
2011,5,"dummy","3244","Thaddeus Young",0.517137993855837
2011,5,"dummy","2779","Chris Paul",0.512038129692076
2011,5,"dummy","2444","J.R. Smith",0.511957321480454
2011,5,"dummy","4261","Ekpe Udoh",0.503526399421756
2011,5,"dummy","2399","Emeka Okafor",0.492082489340403
2011,5,"dummy","568","Nazr Mohammed",0.478909117456841
2011,5,"dummy","1996","Matt Bonner",0.476270801340465
2011,5,"dummy","808","DeShawn Stevenson",0.475951974406146
2011,5,"dummy","2184","Udonis Haslem",0.473095251686359
2011,5,"dummy","4295","Jeremy Evans",0.466068367537573
2011,5,"dummy","pair_2384_2439",NA,0.454246081382609
2011,5,"dummy","2188","Quinton Ross",0.446397685259236
2011,5,"dummy","25","Ron Artest",0.443986122358454
2011,5,"dummy","3986","Taj Gibson",0.443161508965894
2011,5,"dummy","9","Ray Allen",0.442371434162613
2011,5,"dummy","2747","Andrew Bogut",0.433330585462583
2011,5,"dummy","pair_2426_2779",NA,0.432418948325932
2011,5,"dummy","3967","Derrick Brown",0.432235765195691
2011,5,"dummy","4001","Eric Maynor",0.430511110402667
2011,5,"dummy","362","Zydrunas Ilgauskas",0.428362411975057
2011,5,"dummy","pair_3995_91",NA,0.425602074947416
2011,5,"dummy","4279","Armon Johnson",0.424230636757261
2011,5,"dummy","2009","James Jones",0.422347619739806
2011,5,"dummy","1765","Matt Barnes",0.419208451577606
2011,5,"dummy","3026","Rajon Rondo",0.417035134624978
2011,5,"dummy","1709","Melvin Ely",0.414484258242607
2011,5,"dummy","4300","Gary Neal",0.413888892389348
2011,5,"dummy","3206","Marc Gasol",0.413731465261191
2011,5,"dummy","2429","Luol Deng",0.410708590581681
2011,5,"dummy","pair_3026_9",NA,0.405764880381284
2011,5,"dummy","3438","George Hill",0.394594280309034
2011,5,"dummy","996","Pau Gasol",0.390356595268662
2011,5,"dummy","3995","Jrue Holiday",0.387216939542598
2011,5,"dummy","2011","Kyle Korver",0.384663161220094
2011,5,"dummy","617","Lamar Odom",0.37756871973697
2011,5,"dummy","pair_2444_308",NA,0.374449721378727
2011,5,"dummy","194","Baron Davis",0.365054764113171
2011,5,"dummy","1703","Carlos Boozer",0.361559552735501
2011,5,"dummy","3419","Mario Chalmers",0.358907843916895
2011,5,"dummy","pair_2429_3456",NA,0.352185528605298
2011,5,"dummy","110","Kobe Bryant",0.346860536540345
2011,5,"dummy","4299","Jeremy Lin",0.34383157216076
2011,5,"dummy","2173","Mickael Pietrus",0.342434846113481
2011,5,"dummy","3276","Anthony Tolliver",0.341871829684639
2011,5,"dummy","592","Steve Nash",0.335045293843466
2011,5,"dummy","2384","Dwight Howard",0.332126813988399
2011,5,"dummy","2177","David West",0.330866065962994
2011,5,"dummy","1713","Nene Hilario",0.330225059101788
2011,5,"dummy","4020","Sam Young",0.327764451878961
2011,5,"dummy","3456","Derrick Rose",0.326946165887791
2011,5,"dummy","pair_2983_4032",NA,0.325103402095538
2011,5,"dummy","130","Brian Cardinal",0.322723262514004
2011,5,"dummy","515","Kenyon Martin",0.314777420271839
2011,5,"dummy","181","Erick Dampier",0.314045302497806
2011,5,"dummy","2027","Luke Walton",0.311735729072947
2011,5,"dummy","1016","Vladimir Radmanovic",0.305442269738819
2011,5,"dummy","429","Jason Kidd",0.304902114355643
2011,5,"dummy","3213","Al Horford",0.304444432033684
2011,5,"dummy","530","Antonio McDyess",0.295163539978906
2011,5,"dummy","841","Jason Terry",0.293165574794475
2011,5,"dummy","2992","Shannon Brown",0.292670985447859
2011,5,"dummy","348","Eddie House",0.291665350490882
2011,5,"dummy","862","Hedo Turkoglu",0.290584697883412
2011,5,"dummy","3232","Jason Smith",0.284888426960509
2011,5,"dummy","1006","Richard Jefferson",0.28329883002317
2011,5,"dummy","2774","Ian Mahinmi",0.275192349405661
2011,5,"dummy","3194","Wilson Chandler",0.272940774744173
2011,5,"dummy","pair_110_996",NA,0.269430971076641
2011,5,"dummy","1015","Tony Parker",0.266720548599909
2011,5,"dummy","3195","Mike Conley",0.253599376172259
2011,5,"dummy","3027","Brandon Roy",0.253437723752837
2011,5,"dummy","591","Eduardo Najera",0.252227184802008
2011,5,"dummy","3464","Bill Walker",0.24808483305279
2011,5,"dummy","2834","Chuck Hayes",0.235885765135716
2011,5,"dummy","2422","Delonte West",0.235003682720379
2011,5,"dummy","3005","Rudy Gay",0.229710324068141
2011,5,"dummy","976","Shane Battier",0.227291787685412
2011,5,"dummy","1781","Luis Scola",0.226651244051298
2011,5,"dummy","3015","Paul Millsap",0.225581872223337
2011,5,"dummy","2991","Ronnie Brewer",0.218703039797247
2011,5,"dummy","1007","Joe Johnson",0.218163177151838
2011,5,"dummy","pair_2394_3012",NA,0.216566128465797
2011,5,"dummy","4274","Landry Fields",0.212448993849529
2011,5,"dummy","3024","J.J. Redick",0.211980943576268
2011,5,"dummy","557","Andre Miller",0.209040001073464
2011,5,"dummy","3055","Jose Juan",0.208471728249481
2011,5,"dummy","3204","Rudy Fernandez",0.204799961694935
2011,5,"dummy","pair_1727_4274",NA,0.201292285712649
2011,5,"dummy","61","Mike Bibby",0.199268438969347
2011,5,"dummy","2411","Josh Smith",0.19718586514683
2011,5,"dummy","687","Theo Ratliff",0.187726020923695
2011,5,"dummy","2767","Ersan Ilyasova",0.183323546382348
2011,5,"dummy","2386","Andre Iguodala",0.181194205873035
2011,5,"dummy","3241","Julian Wright",0.169565501481001
2011,5,"dummy","4010","A.J. Price",0.167419108516286
2011,5,"dummy","3999","James Johnson",0.166155013093163
2011,5,"dummy","2799","Lou Williams",0.161328008375195
2011,5,"dummy","1018","Jason Richardson",0.158770087462285
2011,5,"dummy","pair_1017_3195",NA,0.156742026746073
2011,5,"dummy","3413","Darrell Arthur",0.150499871156151
2011,5,"dummy","4015","Jeff Teague",0.149232118034512
2011,5,"dummy","4000","Ty Lawson",0.146455376395741
2011,5,"dummy","3993","Gerald Henderson",0.146448913347619
2011,5,"dummy","2789","Ronny Turiaf",0.138385475892417
2011,5,"dummy","3975","Stephen Curry",0.133385776135865
2011,5,"dummy","4032","Wesley Matthews",0.132255458594064
2011,5,"dummy","3439","Serge Ibaka",0.126779000853071
2011,5,"dummy","2423","Dorell Wright",0.120896576358252
2011,5,"dummy","1026","Gerald Wallace",0.119577921665107
2011,5,"dummy","3431","Eric Gordon",0.117227855035108
2011,5,"dummy","3202","Kevin Durant",0.117021119471516
2011,5,"dummy","1975","Carmelo Anthony",0.108992043073871
2011,5,"dummy","2006","Josh Howard",0.102324974510448
2011,5,"dummy","308","Al Harrington",0.101370911072876
2011,5,"dummy","pair_165_3213",NA,0.0995241267154776
2011,5,"dummy","2775","Jason Maxiell",0.0953867005009699
2011,5,"dummy","3187","Arron Afflalo",0.0924199959907334
2011,5,"dummy","3428","Danilo Gallinari",0.0921213920982571
2011,5,"dummy","846","Kurt Thomas",0.0909738941021954
2011,5,"dummy","pair_2389_3015",NA,0.0900377599060129
2011,5,"dummy","3450","O.J. Mayo",0.0883051059310677
2011,5,"dummy","3462","Jason Thompson",0.0851772014690428
2011,5,"dummy","2381","Ben Gordon",0.0834802728242602
2011,5,"dummy","2754","Channing Frye",0.0815784463452914
2011,5,"dummy","3554","Omri Casspi",0.0815676728034572
2011,5,"dummy","1055","Carlos Arroyo",0.0815034120362836
2011,5,"dummy","4003","Jodie Meeks",0.0809380736606062
2011,5,"dummy","2778","C.J. Miles",0.0762934217715039
2011,5,"dummy","91","Elton Brand",0.0722220553118334
2011,5,"dummy","3421","Joey Dorsey",0.0711412385779415
2011,5,"dummy","434","Andrei Kirilenko",0.0711119957490792
2011,5,"dummy","4023","Garrett Temple",0.0679551889176159
2011,5,"dummy","4247","Wesley Johnson",0.0632002665016371
2011,5,"dummy","4017","Marcus Thornton",0.0618139485783096
2011,5,"dummy","63","Chauncey Billups",0.0597692448148723
2011,5,"dummy","1017","Zach Randolph",0.0591675030391583
2011,5,"dummy","2426","Trevor Ariza",0.0553038061333539
2011,5,"dummy","3028","Thabo Sefolosha",0.0516697833510797
2011,5,"dummy","3010","Solomon Jones",0.0513361396279355
2011,5,"dummy","556","Brad Miller",0.049101031784104
2011,5,"dummy","3444","Kosta Koufos",0.0461764494368897
2011,5,"dummy","1034","Charlie Bell",0.0444896174952699
2011,5,"dummy","3209","Jeff Green",0.0425595715657327
2011,5,"dummy","45","Tony Battie",0.0408270243685241
2011,5,"dummy","3445","Courtney Lee",0.040360495398982
2011,5,"dummy","3416","Nicolas Batum",0.0396638771287098
2011,5,"dummy","974","Gilbert Arenas",0.0297086837642629
2011,5,"dummy","2782","Nate Robinson",0.0280050878749322
2011,5,"dummy","4229","Reggie Williams",0.0268069364013356
2011,5,"dummy","3031","Craig Smith",0.0232085159258995
2011,5,"dummy","2983","LaMarcus Aldridge",0.020532206342876
2011,5,"dummy","4335","Jeff Adrien",0.0177732376079801
2011,5,"dummy","4239","Evan Turner",0.0127742885648801
2011,5,"dummy","3971","Earl Clark",0.00683594565832619
2011,5,"dummy","3992","James Harden",0.00544819740507945
2011,5,"dummy","469","Rashard Lewis",0.00149706451223803
2011,5,"dummy","3447","Robin Lopez",0.00074560005108827
2011,5,"dummy","3",NA,0
2011,5,"dummy","2770","Linas Kleiza",-0.00151474079756638
2011,5,"dummy","1995","Keith Bogans",-0.0106475363171567
2011,5,"dummy","3211","Spencer Hawes",-0.012515361689686
2011,5,"dummy","1719","Nenad Krstic",-0.0160492639364621
2011,5,"dummy","1979","T.J. Ford",-0.0185794365768583
2011,5,"dummy","3247","Joel Anthony",-0.0207936606746611
2011,5,"dummy","2393","Shaun Livingston",-0.0246391482159742
2011,5,"dummy","2200","Marquis Daniels",-0.0254565383979412
2011,5,"dummy","pair_3431_3989",NA,-0.0270159431459089
2011,5,"dummy","pair_2760_3973",NA,-0.0285870646049034
2011,5,"dummy","2757","Ryan Gomes",-0.0347473254723537
2011,5,"dummy","3442","DeAndre Jordan",-0.0357447019899834
2011,5,"dummy","pair_3202_3468",NA,-0.0373242129255014
2011,5,"dummy","165","Jamal Crawford",-0.0385950369879964
2011,5,"dummy","1731","Chris Wilcox",-0.0406757840933524
2011,5,"dummy","3200","Glen Davis",-0.0435350598204731
2011,5,"dummy","2389","Al Jefferson",-0.0481029744133089
2011,5,"dummy","1727","Amare Stoudemire",-0.0569042625623594
2011,5,"dummy","682","Joel Przybilla",-0.0719893073779003
2011,5,"dummy","2760","Danny Granger",-0.0776559048794529
2011,5,"dummy","2769","Amir Johnson",-0.0790371373452758
2011,5,"dummy","pair_2423_2751",NA,-0.0807496634886815
2011,5,"dummy","1724","Tayshaun Prince",-0.08090682478066
2011,5,"dummy","3418","Michael Beasley",-0.0842932223328771
2011,5,"dummy","2448","Beno Udrih",-0.091359562685722
2011,5,"dummy","3451","Luc Richard",-0.0983686354580547
2011,5,"dummy","703","Quentin Richardson",-0.103161411124222
2011,5,"dummy","497","Corey Maggette",-0.106309640418187
2011,5,"dummy","3243","Nick Young",-0.107477586609672
2011,5,"dummy","3968","Chase Budinger",-0.110987575632616
2011,5,"dummy","3190","Marco Belinelli",-0.118516624295175
2011,5,"dummy","3452","JaVale McGee",-0.123490772951142
2011,5,"dummy","991","Samuel Dalembert",-0.127677357149353
2011,5,"dummy","2367","Tony Allen",-0.128896917023765
2011,5,"dummy","3989","Blake Griffin",-0.130668037471974
2011,5,"dummy","2753","Raymond Felton",-0.131645174202426
2011,5,"dummy","3002","Jordan Farmar",-0.133377872982282
2011,5,"dummy","pair_2167_3415",NA,-0.138005421003924
2011,5,"dummy","2004","Willie Green",-0.140902175021476
2011,5,"dummy","3979","Toney Douglas",-0.142621909967926
2011,5,"dummy","4205","David Andersen",-0.144298324686718
2011,5,"dummy","3436","Roy Hibbert",-0.15608401592217
2011,5,"dummy","3997","Brandon Jennings",-0.158790247047974
2011,5,"dummy","2394","Kevin Martin",-0.158845011126287
2011,5,"dummy","2794","Hakim Warrick",-0.159014346389893
2011,5,"dummy","3474","Anthony Morrow",-0.160324419253442
2011,5,"dummy","1135","Chris Andersen",-0.161964732246336
2011,5,"dummy","2166","Leandro Barbosa",-0.163621502326376
2011,5,"dummy","3422","Chris Douglas-Roberts",-0.165435279484271
2011,5,"dummy","336","Grant Hill",-0.16610707458405
2011,5,"dummy","4251","Paul George",-0.167301356766778
2011,5,"dummy","3201","Jared Dudley",-0.173404389792545
2011,5,"dummy","2772","David Lee",-0.180723454001734
2011,5,"dummy","2167","Boris Diaw",-0.182074037456824
2011,5,"dummy","pair_3418_3449",NA,-0.184066244369582
2011,5,"dummy","3457","Brandon Rush",-0.186006708475546
2011,5,"dummy","125","Marcus Camby",-0.187978028194266
2011,5,"dummy","2417","Sebastian Telfair",-0.189493820614861
2011,5,"dummy","2751","Monta Ellis",-0.189871576930402
2011,5,"dummy","87","Earl Boykins",-0.202000611755885
2011,5,"dummy","3008","Ryan Hollins",-0.203168899739142
2011,5,"dummy","2798","Deron Williams",-0.204966388883178
2011,5,"dummy","4012","DaJuan Summers",-0.205027877309652
2011,5,"dummy","3983","Tyreke Evans",-0.205685388171743
2011,5,"dummy","532","Tracy McGrady",-0.208497411929515
2011,5,"dummy","2373","Josh Childress",-0.209583453617289
2011,5,"dummy","3006","Daniel Gibson",-0.218346523345082
2011,5,"dummy","3415","D.J. Augustin",-0.224619662905414
2011,5,"dummy","3984","Christian Eyenga",-0.225614648861729
2011,5,"dummy","3235","Rodney Stuckey",-0.226108322518203
2011,5,"dummy","3468","Russell Westbrook",-0.231922782778707
2011,5,"dummy","3237","Al Thornton",-0.23275038503957
2011,5,"dummy","802","Jerry Stackhouse",-0.245810875935992
2011,5,"dummy","3256","Trey Johnson",-0.247374806936131
2011,5,"dummy","2211","Matt Carroll",-0.256766266372166
2011,5,"dummy","3448","Brook Lopez",-0.262558361208589
2011,5,"dummy","3191","Corey Brewer",-0.262756856351822
2011,5,"dummy","2419","Anderson Varejao",-0.270216870459087
2011,5,"dummy","2780","Johan Petro",-0.271865157367545
2011,5,"dummy","3930","Cartier Martin",-0.272507123608892
2011,5,"dummy","pair_510_841",NA,-0.274273014661783
2011,5,"dummy","2477","Earl Barron",-0.276950136897784
2011,5,"dummy","558","Mike Miller",-0.277646682296289
2011,5,"dummy","635","Anthony Parker",-0.279501023933041
2011,5,"dummy","4291","Greivis Vasquez",-0.280475043688359
2011,5,"dummy","pair_1724_3235",NA,-0.281941628315668
2011,5,"dummy","1994","Steve Blake",-0.283810886404181
2011,5,"dummy","3432","Donte Greene",-0.285861719986194
2011,5,"dummy","2746","Andray Blatche",-0.292339895239586
2011,5,"dummy","2806","Jose Calderon",-0.293490860586739
2011,5,"dummy","1726","John Salmons",-0.293750293471625
2011,5,"dummy","1711","Drew Gooden",-0.298023240982271
2011,5,"dummy","3041","Louis Amundson",-0.299514208878174
2011,5,"dummy","3974","Dante Cunningham",-0.309672016511161
2011,5,"dummy","3040","Shelden Williams",-0.311796889421035
2011,5,"dummy","2816","Will Bynum",-0.314902933919536
2011,5,"dummy","510","Shawn Marion",-0.316708669836196
2011,5,"dummy","1985","Luke Ridnour",-0.317612299506402
2011,5,"dummy","3973","Darren Collison",-0.319757952729018
2011,5,"dummy","3214","Yi Jianlian",-0.33054121092229
2011,5,"dummy","1767","Rasual Butler",-0.332910975630525
2011,5,"dummy","pair_2448_4258",NA,-0.337039942917615
2011,5,"dummy","4296","Ben Uzoh",-0.3412362574057
2011,5,"dummy","2987","Andrea Bargnani",-0.346298767299016
2011,5,"dummy","1999","Carlos Delfino",-0.34637490008737
2011,5,"dummy","3032","Tyrus Thomas",-0.346740152453742
2011,5,"dummy","2850","Jawad Williams",-0.348126017144104
2011,5,"dummy","2763","Luther Head",-0.35242379460097
2011,5,"dummy","3217","Carl Landry",-0.357368068240187
2011,5,"dummy","4253","Quincy Pondexter",-0.364758787021096
2011,5,"dummy","2750","Ike Diogu",-0.373779558178636
2011,5,"dummy","351","Juwan Howard",-0.38195642346491
2011,5,"dummy","671","James Posey",-0.38251057008481
2011,5,"dummy","2377","Chris Duhon",-0.388181165920075
2011,5,"dummy","4019","Terrence Williams",-0.397127511645204
2011,5,"dummy","2755","Francisco Garcia",-0.400992423255285
2011,5,"dummy","4241","Xavier Henry",-0.403225724299174
2011,5,"dummy","3192","Aaron Brooks",-0.406415056565893
2011,5,"dummy","2421","Sasha Vujacic",-0.407175577080817
2011,5,"dummy","2793","Von Wafer",-0.407734286680761
2011,5,"dummy","988","Jarron Collins",-0.410048609602295
2011,5,"dummy","4258","DeMarcus Cousins",-0.411361262643361
2011,5,"dummy","pair_3231_3437",NA,-0.422400264116149
2011,5,"dummy","4257","Derrick Favors",-0.425519636551914
2011,5,"dummy","3246","Dominic McGuire",-0.44131612025226
2011,5,"dummy","2382","Devin Harris",-0.44207055963563
2011,5,"dummy","3207","Aaron Gray",-0.445199042115964
2011,5,"dummy","3449","Kevin Love",-0.44755424034949
2011,5,"dummy","378","Stephen Jackson",-0.448995742596355
2011,5,"dummy","234","Francisco Elson",-0.450682954980601
2011,5,"dummy","2433","Kris Humphries",-0.458501821648542
2011,5,"dummy","2792","Charlie Villanueva",-0.45933493211716
2011,5,"dummy","4237","John Wall",-0.466390245745728
2011,5,"dummy","3991","Tyler Hansbrough",-0.470805096321399
2011,5,"dummy","3410","Alexis Ajinca",-0.471569389420323
2011,5,"dummy","pair_1726_3997",NA,-0.472549963587057
2011,5,"dummy","pair_2015_3448",NA,-0.472885236162779
2011,5,"dummy","pair_2987_3978",NA,-0.479139237686456
2011,5,"dummy","3249","Jamario Moon",-0.483699328799134
2011,5,"dummy","2427","Andris Biedrins",-0.492376520760088
2011,5,"dummy","4298","Timofey Mozgov",-0.49573181588856
2011,5,"dummy","4304","Samardo Samuels",-0.502913612426998
2011,5,"dummy","2171","Darko Milicic",-0.504645445407109
2011,5,"dummy","3038","Shawne Williams",-0.508531454344095
2011,5,"dummy","4248","Al-Farouq Aminu",-0.513743820436154
2011,5,"dummy","4260","Greg Monroe",-0.514561989578176
2011,5,"dummy","3437","J.J. Hickson",-0.524872678274381
2011,5,"dummy","49","Raja Bell",-0.527294357652906
2011,5,"dummy","3978","DeMar DeRozan",-0.5287994735475
2011,5,"dummy","2758","Marcin Gortat",-0.530037064085773
2011,5,"dummy","3105","Pooh Jeter",-0.530880607188702
2011,5,"dummy","3994","Jordan Hill",-0.532488206278794
2011,5,"dummy","2178","Mo Williams",-0.532657733650057
2011,5,"dummy","2450","D.J. Mbenga",-0.534947095126673
2011,5,"dummy","3963","Rodrigue Beaubois",-0.554341714737634
2011,5,"dummy","294","Richard Hamilton",-0.555420291075547
2011,5,"dummy","4270","Trevor Booker",-0.567610791695913
2011,5,"dummy","3003","Randy Foye",-0.576280875471664
2011,5,"dummy","1981","Kirk Hinrich",-0.577576279230855
2011,5,"dummy","3976","Austin Daye",-0.600233305014553
2011,5,"dummy","2016","Zaza Pachulia",-0.607094191067586
2011,5,"dummy","4014","Jermaine Taylor",-0.610265686630066
2011,5,"dummy","3231","Ramon Sessions",-0.611184670562527
2011,5,"dummy","2015","Travis Outlaw",-0.611976414044773
2011,5,"dummy","4224","Sundiata Gaines",-0.630065520092778
2011,5,"dummy","4264","Patrick Patterson",-0.642950657855336
2011,5,"dummy","2456","Andres Nocioni",-0.646705115131559
2011,5,"dummy","1000","Brendan Haywood",-0.665918353626338
2011,5,"dummy","3242","Brandan Wright",-0.667026467698033
2011,5,"dummy","385","Antawn Jamison",-0.676345041648
2011,5,"dummy","pair_2746_4237",NA,-0.695111079895177
2011,5,"dummy","3425","Semih Erden",-0.706878503672903
2011,5,"dummy","2995","Rodney Carney",-0.712865768266901
2011,5,"dummy","4242","James Anderson",-0.722603627787004
2011,5,"dummy","2986","Renaldo Balkman",-0.722977162461586
2011,5,"dummy","4265","Larry Sanders",-0.73123009617048
2011,5,"dummy","4004","Patrick Mills",-0.731940677641249
2011,5,"dummy","1031","Maurice Evans",-0.736031860716654
2011,5,"dummy","992","DeSagana Diop",-0.736273387894181
2011,5,"dummy","2832","Stephen Graham",-0.785552499303471
2011,5,"dummy","4305","Ishmael Smith",-0.787034079841802
2011,5,"dummy","2759","Joey Graham",-0.798862322141362
2011,5,"dummy","2768","Jarrett Jack",-0.811223781811191
2011,5,"dummy","4238","Eric Bledsoe",-0.822635394899105
2011,5,"dummy","4312","Gary Forbes",-0.826988413818133
2011,5,"dummy","3417","Jerryd Bayless",-0.837919375786473
2011,5,"dummy","3985","Jonny Flynn",-0.841963722908311
2011,5,"dummy","1998","Brian Cook",-0.844533897071125
2011,5,"dummy","2982",NA,-0.85147176459147
2011,5,"dummy","1828","Reggie Evans",-0.860738484830043
2011,5,"dummy","1710","Dan Gadzuric",-0.883372703791755
2011,5,"dummy","2795","Martell Webster",-0.892260121001478
2011,5,"dummy","4259","Ed Davis",-0.899966701161779
2011,5,"dummy","866","Ime Udoka",-0.912234097375959
2011,5,"dummy","885","Ben Wallace",-0.915456790062908
2011,5,"dummy","4360","Manny Harris",-0.917923498834758
2011,5,"dummy","981","Kwame Brown",-0.949977303909625
2011,5,"dummy","4276","Luke Harangody",-0.999893770422888
2011,5,"dummy","1",NA,-1.00997741255499
2011,5,"dummy","2387",NA,-1.01585308089823
2011,5,"dummy","3233","Tiago Splitter",-1.0233207591902
2011,5,"dummy","3467","Sonny Weems",-1.04834316148184
2011,5,"dummy","2197","Josh Powell",-1.06124089202914
2011,5,"dummy","615","Jermaine O'Neal",-1.06751290459295
2011,5,"dummy","3981","Wayne Ellington",-1.06829064209589
2011,5,"dummy","4249","Gordon Hayward",-1.0717554664559
2011,5,"dummy","4277","Lazar Hayward",-1.09030948527712
2011,5,"dummy","3440","Darnell Jackson",-1.10730911779189
2011,5,"dummy","137","Anthony Carter",-1.11349573290335
2011,5,"dummy","1784","Darius Songaila",-1.13779452284169
2011,5,"dummy","3453","Nikola Pekovic",-1.13882811200642
2011,5,"dummy","2506","Damien Wilkins",-1.14917112412163
2011,5,"dummy","1013","Troy Murphy",-1.1599182764037
2011,5,"dummy","1014","Mehmet Okur",-1.16037226852116
2011,5,"dummy","2984","Hilton Armstrong",-1.20107691555989
2011,5,"dummy","4252","Damion James",-1.24027182224858
2011,5,"dummy","3023","Leon Powe",-1.29196559428412
2011,5,"dummy","1982","Chris Kaman",-1.2932079586654
2011,5,"dummy","3423","Goran Dragic",-1.32793643623131
2011,5,"dummy","4243","Jordan Crawford",-1.33011764597907
2011,5,"dummy","4327","Zabian Dowdell",-1.39108168247443
2011,5,"dummy","10","Malik Allen",-1.4281757208816
2011,5,"dummy","2172","Sasha Pavlovic",-1.45402661966649
2011,5,"dummy","4232","Alonzo Gee",-1.48833343877178
2011,5,"dummy","3219","Acie Law",-1.53134300568809
2011,5,"dummy","2805","Fabricio Oberto",-1.60632678172799
2011,5,"dummy","4246","Dominique Jones",-1.72207112667945
2011,5,"dummy","4289","Kevin Seraphin",-1.72217674128708
2011,5,"dummy","511","Sean Marks",-1.83330723361699
2011,5,"dummy","1722","Yao Ming",-1.95980841986586
2011,5,"dummy","788",NA,-2.09040969971577
2011,5,"dummy","2165","Marcus Banks",-2.35841311626753
2011,5,"dummy","4254",NA,-2.91129596055354
2011,5,"dummy","1721","Roger Mason",-2.96086350800355
2011,5,"dummy","2",NA,-3.29701215531441
2011,10,"dummy","609","Dirk Nowitzki",1.22899033711801
2011,10,"dummy","250","Jeff Foster",1.07054036557005
2011,10,"dummy","984","Tyson Chandler",1.05139623157124
2011,10,"dummy","261","Kevin Garnett",1.04302464813881
2011,10,"dummy","614","Shaquille O'Neal",1.01411826323476
2011,10,"dummy","987","Jason Collins",0.928662298644953
2011,10,"dummy","136","Vince Carter",0.846506352825043
2011,10,"dummy","215","Tim Duncan",0.797716389736144
2011,10,"dummy","1705","Caron Butler",0.774107999927889
2011,10,"dummy","2745","Brandon Bass",0.7709923026506
2011,10,"dummy","246","Derek Fisher",0.749844082405633
2011,10,"dummy","1708","Mike Dunleavy",0.718523898419396
2011,10,"dummy","662","Paul Pierce",0.717012166106284
2011,10,"dummy","1977","Chris Bosh",0.70797705777362
2011,10,"dummy","pair_1015_215",NA,0.684537662526573
2011,10,"dummy","3224","Joakim Noah",0.683804834596302
2011,10,"dummy","1027","Earl Watson",0.669470908541938
2011,10,"dummy","1966","LeBron James",0.660244111034239
2011,10,"dummy","2018","Kendrick Perkins",0.64823407741799
2011,10,"dummy","3012","Kyle Lowry",0.636744750286362
2011,10,"dummy","3412","Ryan Anderson",0.627455319072536
2011,10,"dummy","813","Peja Stojakovic",0.62457613325615
2011,10,"dummy","209","Keyon Dooling",0.6231560937064
2011,10,"dummy","pair_1966_1987",NA,0.616945129652028
2011,10,"dummy","1978","Nick Collison",0.600410817328155
2011,10,"dummy","3220","Josh McRoberts",0.595551613340439
2011,10,"dummy","2748","Andrew Bynum",0.591409930250309
2011,10,"dummy","3244","Thaddeus Young",0.585121335145134
2011,10,"dummy","pair_2754_592",NA,0.580587239266106
2011,10,"dummy","3986","Taj Gibson",0.564544921885831
2011,10,"dummy","2439","Jameer Nelson",0.561482131492745
2011,10,"dummy","272","Manu Ginobili",0.560163005069358
2011,10,"dummy","2797","Marvin Williams",0.558290503214866
2011,10,"dummy","3965","DeJuan Blair",0.555041770901307
2011,10,"dummy","1987","Dwyane Wade",0.554544637116804
2011,10,"dummy","4001","Eric Maynor",0.549695704037196
2011,10,"dummy","2011","Kyle Korver",0.548373870925098
2011,10,"dummy","2779","Chris Paul",0.545009791756929
2011,10,"dummy","2399","Emeka Okafor",0.530355646409958
2011,10,"dummy","568","Nazr Mohammed",0.529673261202187
2011,10,"dummy","2444","J.R. Smith",0.523040510466874
2011,10,"dummy","808","DeShawn Stevenson",0.488198205639291
2011,10,"dummy","4261","Ekpe Udoh",0.485827986208481
2011,10,"dummy","2429","Luol Deng",0.484036158149264
2011,10,"dummy","pair_2384_2439",NA,0.470686395663116
2011,10,"dummy","2184","Udonis Haslem",0.462357009550613
2011,10,"dummy","2747","Andrew Bogut",0.460841270523271
2011,10,"dummy","9","Ray Allen",0.460552671217986
2011,10,"dummy","25","Ron Artest",0.458514937586419
2011,10,"dummy","3206","Marc Gasol",0.457859570005666
2011,10,"dummy","pair_2426_2779",NA,0.456352851287998
2011,10,"dummy","pair_3995_91",NA,0.452444461573165
2011,10,"dummy","1996","Matt Bonner",0.450446835755029
2011,10,"dummy","362","Zydrunas Ilgauskas",0.448957114874484
2011,10,"dummy","1765","Matt Barnes",0.432746816943505
2011,10,"dummy","2009","James Jones",0.43145302899947
2011,10,"dummy","3026","Rajon Rondo",0.42701299785449
2011,10,"dummy","3995","Jrue Holiday",0.426961289507782
2011,10,"dummy","1709","Melvin Ely",0.425085507703553
2011,10,"dummy","996","Pau Gasol",0.418810011632512
2011,10,"dummy","pair_3026_9",NA,0.415206052566506
2011,10,"dummy","617","Lamar Odom",0.406260442286568
2011,10,"dummy","1703","Carlos Boozer",0.392242318158754
2011,10,"dummy","194","Baron Davis",0.387965934922906
2011,10,"dummy","3438","George Hill",0.373527258508233
2011,10,"dummy","3276","Anthony Tolliver",0.368888747198041
2011,10,"dummy","2173","Mickael Pietrus",0.36799965664112
2011,10,"dummy","4300","Gary Neal",0.367183681081149
2011,10,"dummy","3419","Mario Chalmers",0.364416561398389
2011,10,"dummy","pair_2429_3456",NA,0.361486785648636
2011,10,"dummy","592","Steve Nash",0.357358164329067
2011,10,"dummy","2384","Dwight Howard",0.356428058172474
2011,10,"dummy","pair_2444_308",NA,0.354482043229734
2011,10,"dummy","110","Kobe Bryant",0.35366579564969
2011,10,"dummy","2177","David West",0.349746881266708
2011,10,"dummy","2991","Ronnie Brewer",0.349605729824844
2011,10,"dummy","1713","Nene Hilario",0.349380242294526
2011,10,"dummy","pair_2983_4032",NA,0.348189243481745
2011,10,"dummy","4020","Sam Young",0.346517332862406
2011,10,"dummy","515","Kenyon Martin",0.342361340539551
2011,10,"dummy","3456","Derrick Rose",0.340330303458328
2011,10,"dummy","841","Jason Terry",0.322241824177623
2011,10,"dummy","130","Brian Cardinal",0.32164127132361
2011,10,"dummy","181","Erick Dampier",0.321310274411091
2011,10,"dummy","2422","Delonte West",0.313825467101883
2011,10,"dummy","3213","Al Horford",0.313152134749217
2011,10,"dummy","429","Jason Kidd",0.31025944418865
2011,10,"dummy","862","Hedo Turkoglu",0.307537975568777
2011,10,"dummy","3232","Jason Smith",0.304000032817663
2011,10,"dummy","3194","Wilson Chandler",0.302457769734763
2011,10,"dummy","1016","Vladimir Radmanovic",0.300979455127953
2011,10,"dummy","3999","James Johnson",0.29471392146187
2011,10,"dummy","2992","Shannon Brown",0.29109676294749
2011,10,"dummy","530","Antonio McDyess",0.287685242724705
2011,10,"dummy","4010","A.J. Price",0.28544794698568
2011,10,"dummy","1006","Richard Jefferson",0.277072460013103
2011,10,"dummy","348","Eddie House",0.270240124239862
2011,10,"dummy","3195","Mike Conley",0.269522468093058
2011,10,"dummy","pair_110_996",NA,0.269384771333786
2011,10,"dummy","3015","Paul Millsap",0.261155715019603
2011,10,"dummy","1015","Tony Parker",0.26041481936032
2011,10,"dummy","3027","Brandon Roy",0.250474076399401
2011,10,"dummy","2834","Chuck Hayes",0.245478407061076
2011,10,"dummy","976","Shane Battier",0.244410677493111
2011,10,"dummy","1781","Luis Scola",0.241807262609104
2011,10,"dummy","4274","Landry Fields",0.230339641091614
2011,10,"dummy","3024","J.J. Redick",0.230168468196757
2011,10,"dummy","pair_2394_3012",NA,0.227861942307443
2011,10,"dummy","1007","Joe Johnson",0.227100156925646
2011,10,"dummy","3005","Rudy Gay",0.227012858369189
2011,10,"dummy","3055","Jose Juan",0.223924358427099
2011,10,"dummy","557","Andre Miller",0.221687080690561
2011,10,"dummy","pair_1727_4274",NA,0.218197869019889
2011,10,"dummy","2767","Ersan Ilyasova",0.214245664689332
2011,10,"dummy","2386","Andre Iguodala",0.212904393231907
2011,10,"dummy","2799","Lou Williams",0.21090536234263
2011,10,"dummy","3993","Gerald Henderson",0.196386673706462
2011,10,"dummy","2411","Josh Smith",0.192787179214179
2011,10,"dummy","61","Mike Bibby",0.183573667338746
2011,10,"dummy","3241","Julian Wright",0.168748880129339
2011,10,"dummy","3413","Darrell Arthur",0.167253013862713
2011,10,"dummy","2789","Ronny Turiaf",0.165189351253887
2011,10,"dummy","pair_1017_3195",NA,0.164084072765814
2011,10,"dummy","1018","Jason Richardson",0.161969226185764
2011,10,"dummy","3204","Rudy Fernandez",0.161021347737559
2011,10,"dummy","3975","Stephen Curry",0.156356418274531
2011,10,"dummy","1026","Gerald Wallace",0.145472284575464
2011,10,"dummy","3202","Kevin Durant",0.142848167562711
2011,10,"dummy","2778","C.J. Miles",0.138083720390149
2011,10,"dummy","2423","Dorell Wright",0.137932626863724
2011,10,"dummy","3439","Serge Ibaka",0.137368835001295
2011,10,"dummy","3431","Eric Gordon",0.129693075782428
2011,10,"dummy","4000","Ty Lawson",0.129435822480333
2011,10,"dummy","4032","Wesley Matthews",0.116987912722357
2011,10,"dummy","2381","Ben Gordon",0.104225429096838
2011,10,"dummy","3462","Jason Thompson",0.102176594829279
2011,10,"dummy","1975","Carmelo Anthony",0.0994971767595092
2011,10,"dummy","3428","Danilo Gallinari",0.0987635851497796
2011,10,"dummy","pair_2389_3015",NA,0.096869839623342
2011,10,"dummy","434","Andrei Kirilenko",0.0967586598070832
2011,10,"dummy","4003","Jodie Meeks",0.0959497383390485
2011,10,"dummy","3554","Omri Casspi",0.0946735330412944
2011,10,"dummy","2775","Jason Maxiell",0.0934540718391899
2011,10,"dummy","4247","Wesley Johnson",0.0932061082910072
2011,10,"dummy","3187","Arron Afflalo",0.0802643888080439
2011,10,"dummy","2754","Channing Frye",0.0801146015779577
2011,10,"dummy","846","Kurt Thomas",0.079981730475445
2011,10,"dummy","3421","Joey Dorsey",0.0782292643710764
2011,10,"dummy","3450","O.J. Mayo",0.0771281080831024
2011,10,"dummy","pair_165_3213",NA,0.0771045120720533
2011,10,"dummy","3445","Courtney Lee",0.075733458656341
2011,10,"dummy","3010","Solomon Jones",0.0753820545902719
2011,10,"dummy","1055","Carlos Arroyo",0.0741185163193649
2011,10,"dummy","91","Elton Brand",0.0674813211994285
2011,10,"dummy","2006","Josh Howard",0.0646407949852234
2011,10,"dummy","63","Chauncey Billups",0.0639636643917238
2011,10,"dummy","308","Al Harrington",0.0569654920344608
2011,10,"dummy","1017","Zach Randolph",0.0538598766788121
2011,10,"dummy","2426","Trevor Ariza",0.0504115734557176
2011,10,"dummy","3028","Thabo Sefolosha",0.0494248629197189
2011,10,"dummy","4017","Marcus Thornton",0.0484196371568429
2011,10,"dummy","3209","Jeff Green",0.0460323472186812
2011,10,"dummy","3992","James Harden",0.0444483009046453
2011,10,"dummy","4239","Evan Turner",0.0406972684786886
2011,10,"dummy","2393","Shaun Livingston",0.040690729564505
2011,10,"dummy","4229","Reggie Williams",0.0359045559799755
2011,10,"dummy","556","Brad Miller",0.0206995574260661
2011,10,"dummy","3416","Nicolas Batum",0.0186853226711415
2011,10,"dummy","2770","Linas Kleiza",0.0177895583168254
2011,10,"dummy","2983","LaMarcus Aldridge",0.00496033920175915
2011,10,"dummy","974","Gilbert Arenas",0.00108690927094226
2011,10,"dummy","3447","Robin Lopez",0.000809353144849908
2011,10,"dummy","2782","Nate Robinson",0.000716613930969948
2011,10,"dummy","5",NA,0
2011,10,"dummy","469","Rashard Lewis",-0.00654117137583815
2011,10,"dummy","1719","Nenad Krstic",-0.011885832241752
2011,10,"dummy","1995","Keith Bogans",-0.0143957388442341
2011,10,"dummy","1979","T.J. Ford",-0.0196318785302071
2011,10,"dummy","pair_3431_3989",NA,-0.0265946551094605
2011,10,"dummy","pair_2760_3973",NA,-0.0295469171411937
2011,10,"dummy","pair_3202_3468",NA,-0.0315325688427533
2011,10,"dummy","3442","DeAndre Jordan",-0.0337285641270063
2011,10,"dummy","1731","Chris Wilcox",-0.0340343234414961
2011,10,"dummy","3211","Spencer Hawes",-0.0404916045187353
2011,10,"dummy","2757","Ryan Gomes",-0.0405796791416784
2011,10,"dummy","2389","Al Jefferson",-0.0413764533726339
2011,10,"dummy","3247","Joel Anthony",-0.0514622812757177
2011,10,"dummy","2769","Amir Johnson",-0.0568966240622988
2011,10,"dummy","1727","Amare Stoudemire",-0.0592776242302447
2011,10,"dummy","3200","Glen Davis",-0.0625633876025546
2011,10,"dummy","3418","Michael Beasley",-0.07014383168226
2011,10,"dummy","2200","Marquis Daniels",-0.0703777599455216
2011,10,"dummy","1724","Tayshaun Prince",-0.0740998044613275
2011,10,"dummy","pair_2423_2751",NA,-0.0756163354382522
2011,10,"dummy","3",NA,-0.0848778743375345
2011,10,"dummy","3451","Luc Richard",-0.0849298953400707
2011,10,"dummy","3452","JaVale McGee",-0.0909322809354067
2011,10,"dummy","497","Corey Maggette",-0.0924858693684941
2011,10,"dummy","2760","Danny Granger",-0.0959895999818821
2011,10,"dummy","2448","Beno Udrih",-0.0985276246610577
2011,10,"dummy","3002","Jordan Farmar",-0.101019802314734
2011,10,"dummy","3968","Chase Budinger",-0.101110374122173
2011,10,"dummy","165","Jamal Crawford",-0.106249275626227
2011,10,"dummy","682","Joel Przybilla",-0.114913362247177
2011,10,"dummy","703","Quentin Richardson",-0.121861528743129
2011,10,"dummy","4251","Paul George",-0.122154703791636
2011,10,"dummy","991","Samuel Dalembert",-0.130966738967292
2011,10,"dummy","pair_2167_3415",NA,-0.136507645238051
2011,10,"dummy","3989","Blake Griffin",-0.136594954569164
2011,10,"dummy","2753","Raymond Felton",-0.136832723515422
2011,10,"dummy","3190","Marco Belinelli",-0.143540801833494
2011,10,"dummy","87","Earl Boykins",-0.144611935294077
2011,10,"dummy","3997","Brandon Jennings",-0.1512506910341
2011,10,"dummy","3243","Nick Young",-0.152193226723216
2011,10,"dummy","2367","Tony Allen",-0.153630695424085
2011,10,"dummy","2166","Leandro Barbosa",-0.15443443458879
2011,10,"dummy","2004","Willie Green",-0.157655677923665
2011,10,"dummy","3436","Roy Hibbert",-0.157823323135846
2011,10,"dummy","3422","Chris Douglas-Roberts",-0.158222293631844
2011,10,"dummy","3474","Anthony Morrow",-0.158767362154313
2011,10,"dummy","3979","Toney Douglas",-0.16146851582749
2011,10,"dummy","pair_3418_3449",NA,-0.175815237397901
2011,10,"dummy","2794","Hakim Warrick",-0.178266589174116
2011,10,"dummy","2167","Boris Diaw",-0.18277295175727
2011,10,"dummy","2394","Kevin Martin",-0.183340511656488
2011,10,"dummy","2373","Josh Childress",-0.187835270693458
2011,10,"dummy","336","Grant Hill",-0.188233930808615
2011,10,"dummy","3457","Brandon Rush",-0.188806678407487
2011,10,"dummy","3201","Jared Dudley",-0.194710651756411
2011,10,"dummy","3008","Ryan Hollins",-0.195162752851978
2011,10,"dummy","125","Marcus Camby",-0.197529522899865
2011,10,"dummy","2798","Deron Williams",-0.199782564592124
2011,10,"dummy","3984","Christian Eyenga",-0.202786105590084
2011,10,"dummy","2772","David Lee",-0.205443687984488
2011,10,"dummy","2751","Monta Ellis",-0.20829394881503
2011,10,"dummy","532","Tracy McGrady",-0.208938212725323
2011,10,"dummy","2417","Sebastian Telfair",-0.210124870991369
2011,10,"dummy","3006","Daniel Gibson",-0.212467321775877
2011,10,"dummy","3983","Tyreke Evans",-0.218010583991879
2011,10,"dummy","3415","D.J. Augustin",-0.220284107701845
2011,10,"dummy","3235","Rodney Stuckey",-0.227148954482178
2011,10,"dummy","3468","Russell Westbrook",-0.239872132084021
2011,10,"dummy","1135","Chris Andersen",-0.243529013027416
2011,10,"dummy","3237","Al Thornton",-0.253736479811359
2011,10,"dummy","3448","Brook Lopez",-0.259050279150436
2011,10,"dummy","3191","Corey Brewer",-0.259095464607591
2011,10,"dummy","2419","Anderson Varejao",-0.273071485554432
2011,10,"dummy","635","Anthony Parker",-0.282805876467927
2011,10,"dummy","2477","Earl Barron",-0.284174424531424
2011,10,"dummy","pair_1724_3235",NA,-0.287990126152496
2011,10,"dummy","pair_510_841",NA,-0.290102562879536
2011,10,"dummy","1726","John Salmons",-0.293539042573662
2011,10,"dummy","2806","Jose Calderon",-0.295331544314922
2011,10,"dummy","1",NA,-0.295616329313819
2011,10,"dummy","1711","Drew Gooden",-0.307979777725659
2011,10,"dummy","3432","Donte Greene",-0.319164319369394
2011,10,"dummy","2746","Andray Blatche",-0.319517064504273
2011,10,"dummy","1985","Luke Ridnour",-0.323821773550631
2011,10,"dummy","2816","Will Bynum",-0.32993838835511
2011,10,"dummy","3032","Tyrus Thomas",-0.333375544167816
2011,10,"dummy","1994","Steve Blake",-0.336376640081403
2011,10,"dummy","3973","Darren Collison",-0.337353854872754
2011,10,"dummy","558","Mike Miller",-0.342399225641884
2011,10,"dummy","510","Shawn Marion",-0.351633634351966
2011,10,"dummy","4019","Terrence Williams",-0.353276534345718
2011,10,"dummy","2987","Andrea Bargnani",-0.357142065907862
2011,10,"dummy","2850","Jawad Williams",-0.358040983816268
2011,10,"dummy","pair_2448_4258",NA,-0.359443931650376
2011,10,"dummy","3040","Shelden Williams",-0.360889398543324
2011,10,"dummy","3214","Yi Jianlian",-0.367508491496997
2011,10,"dummy","3217","Carl Landry",-0.369893612484725
2011,10,"dummy","1999","Carlos Delfino",-0.374136811129961
2011,10,"dummy","3974","Dante Cunningham",-0.378347789946292
2011,10,"dummy","3041","Louis Amundson",-0.382116288382987
2011,10,"dummy","1767","Rasual Butler",-0.387889511426199
2011,10,"dummy","2763","Luther Head",-0.39539673047465
2011,10,"dummy","2750","Ike Diogu",-0.401598816590213
2011,10,"dummy","3192","Aaron Brooks",-0.415091520855432
2011,10,"dummy","4257","Derrick Favors",-0.416135485979574
2011,10,"dummy","671","James Posey",-0.420588468453596
2011,10,"dummy","pair_3231_3437",NA,-0.420806202711364
2011,10,"dummy","2421","Sasha Vujacic",-0.435962989414477
2011,10,"dummy","2377","Chris Duhon",-0.442716158146715
2011,10,"dummy","2755","Francisco Garcia",-0.443597703529957
2011,10,"dummy","3991","Tyler Hansbrough",-0.447043523963197
2011,10,"dummy","4258","DeMarcus Cousins",-0.448624853352637
2011,10,"dummy","2382","Devin Harris",-0.449732090470209
2011,10,"dummy","3246","Dominic McGuire",-0.450604253809127
2011,10,"dummy","3449","Kevin Love",-0.463890077941656
2011,10,"dummy","2433","Kris Humphries",-0.467317930829548
2011,10,"dummy","378","Stephen Jackson",-0.467637459438317
2011,10,"dummy","4241","Xavier Henry",-0.468971017368626
2011,10,"dummy","3207","Aaron Gray",-0.482376536497249
2011,10,"dummy","2792","Charlie Villanueva",-0.4835034060228
2011,10,"dummy","4304","Samardo Samuels",-0.487331876311377
2011,10,"dummy","pair_2015_3448",NA,-0.491676811670871
2011,10,"dummy","pair_2987_3978",NA,-0.492657234542534
2011,10,"dummy","3249","Jamario Moon",-0.492833595152704
2011,10,"dummy","pair_1726_3997",NA,-0.49344587563353
2011,10,"dummy","2427","Andris Biedrins",-0.527100509170786
2011,10,"dummy","4237","John Wall",-0.527321675541969
2011,10,"dummy","2171","Darko Milicic",-0.535493387655901
2011,10,"dummy","3437","J.J. Hickson",-0.545562508404597
2011,10,"dummy","4260","Greg Monroe",-0.545721700885828
2011,10,"dummy","3038","Shawne Williams",-0.546575552705551
2011,10,"dummy","3978","DeMar DeRozan",-0.549214980843385
2011,10,"dummy","4248","Al-Farouq Aminu",-0.551602123039119
2011,10,"dummy","2178","Mo Williams",-0.552260251264054
2011,10,"dummy","4298","Timofey Mozgov",-0.576916083407103
2011,10,"dummy","49","Raja Bell",-0.577447217508218
2011,10,"dummy","3105","Pooh Jeter",-0.582665769650608
2011,10,"dummy","2758","Marcin Gortat",-0.585147792667585
2011,10,"dummy","3994","Jordan Hill",-0.594735241148483
2011,10,"dummy","294","Richard Hamilton",-0.595982133492066
2011,10,"dummy","3003","Randy Foye",-0.62252949265331
2011,10,"dummy","3963","Rodrigue Beaubois",-0.623574137822205
2011,10,"dummy","3231","Ramon Sessions",-0.625429218579592
2011,10,"dummy","3976","Austin Daye",-0.635429317933712
2011,10,"dummy","1981","Kirk Hinrich",-0.640239619898298
2011,10,"dummy","4264","Patrick Patterson",-0.641718509181515
2011,10,"dummy","2015","Travis Outlaw",-0.643433210966395
2011,10,"dummy","4014","Jermaine Taylor",-0.656412593305814
2011,10,"dummy","4270","Trevor Booker",-0.658991457514947
2011,10,"dummy","2456","Andres Nocioni",-0.675287178679934
2011,10,"dummy","2016","Zaza Pachulia",-0.70238262552748
2011,10,"dummy","385","Antawn Jamison",-0.706755660116251
2011,10,"dummy","2",NA,-0.732262801867943
2011,10,"dummy","pair_2746_4237",NA,-0.740015900966148
2011,10,"dummy","1000","Brendan Haywood",-0.759796501380245
2011,10,"dummy","992","DeSagana Diop",-0.761549563493507
2011,10,"dummy","4265","Larry Sanders",-0.770247942277538
2011,10,"dummy","2995","Rodney Carney",-0.770965968331522
2011,10,"dummy","3425","Semih Erden",-0.784688141541802
2011,10,"dummy","2832","Stephen Graham",-0.815552177575194
2011,10,"dummy","1031","Maurice Evans",-0.843669580481006
2011,10,"dummy","2759","Joey Graham",-0.844868567946521
2011,10,"dummy","2768","Jarrett Jack",-0.865164393550892
2011,10,"dummy","3985","Jonny Flynn",-0.875499781594023
2011,10,"dummy","4238","Eric Bledsoe",-0.885222527019169
2011,10,"dummy","3417","Jerryd Bayless",-0.900547409688862
2011,10,"dummy","1828","Reggie Evans",-0.904200410776827
2011,10,"dummy","2795","Martell Webster",-0.918261321521631
2011,10,"dummy","1710","Dan Gadzuric",-0.95022740813229
2011,10,"dummy","4360","Manny Harris",-0.951466145614497
2011,10,"dummy","4259","Ed Davis",-0.970354650872457
2011,10,"dummy","885","Ben Wallace",-0.976458314216069
2011,10,"dummy","981","Kwame Brown",-0.99211956915424
2011,10,"dummy","4249","Gordon Hayward",-1.0859009015774
2011,10,"dummy","3467","Sonny Weems",-1.10239711647468
2011,10,"dummy","3981","Wayne Ellington",-1.1648526099471
2011,10,"dummy","1013","Troy Murphy",-1.20136245639149
2011,10,"dummy","615","Jermaine O'Neal",-1.21484790179753
2011,10,"dummy","3453","Nikola Pekovic",-1.23648854384309
2011,10,"dummy","4252","Damion James",-1.29994482638032
2011,10,"dummy","1982","Chris Kaman",-1.35396883758403
2011,10,"dummy","3023","Leon Powe",-1.36516578948935
2011,10,"dummy","3423","Goran Dragic",-1.40284031014528
2011,10,"dummy","2172","Sasha Pavlovic",-1.57042323280864
2011,10,"dummy","4232","Alonzo Gee",-1.58573152762155
2011,10,"dummy","1722","Yao Ming",-2.1206410107013
2011,10,"dummy","4",NA,-2.93909059231126
2011,15,"dummy","609","Dirk Nowitzki",1.4256418525022
2011,15,"dummy","250","Jeff Foster",1.38766507430117
2011,15,"dummy","984","Tyson Chandler",1.25491741695098
2011,15,"dummy","261","Kevin Garnett",1.23328198496856
2011,15,"dummy","614","Shaquille O'Neal",1.19773824779697
2011,15,"dummy","136","Vince Carter",0.994644415697976
2011,15,"dummy","215","Tim Duncan",0.924257786903169
2011,15,"dummy","1708","Mike Dunleavy",0.911189504221157
2011,15,"dummy","2745","Brandon Bass",0.896670151247648
2011,15,"dummy","1705","Caron Butler",0.878136395386804
2011,15,"dummy","246","Derek Fisher",0.854840183018319
2011,15,"dummy","1977","Chris Bosh",0.850304805493302
2011,15,"dummy","662","Paul Pierce",0.83117300310006
2011,15,"dummy","3224","Joakim Noah",0.801890885564806
2011,15,"dummy","3012","Kyle Lowry",0.790213649663203
2011,15,"dummy","1966","LeBron James",0.783335378307097
2011,15,"dummy","pair_1015_215",NA,0.77214965623158
2011,15,"dummy","3220","Josh McRoberts",0.744997443592413
2011,15,"dummy","209","Keyon Dooling",0.741013930184116
2011,15,"dummy","3412","Ryan Anderson",0.733682080041378
2011,15,"dummy","2018","Kendrick Perkins",0.733299728554899
2011,15,"dummy","pair_2754_592",NA,0.722806598638055
2011,15,"dummy","2748","Andrew Bynum",0.708218229820697
2011,15,"dummy","3244","Thaddeus Young",0.69327989283899
2011,15,"dummy","813","Peja Stojakovic",0.690175288881175
2011,15,"dummy","pair_1966_1987",NA,0.685901602063403
2011,15,"dummy","568","Nazr Mohammed",0.674002314217351
2011,15,"dummy","2779","Chris Paul",0.669463494441063
2011,15,"dummy","272","Manu Ginobili",0.657483979980717
2011,15,"dummy","1987","Dwyane Wade",0.653297563999465
2011,15,"dummy","3986","Taj Gibson",0.651929955566278
2011,15,"dummy","2439","Jameer Nelson",0.643774687312046
2011,15,"dummy","2444","J.R. Smith",0.641407997514317
2011,15,"dummy","2399","Emeka Okafor",0.639273535072373
2011,15,"dummy","2011","Kyle Korver",0.637649632931274
2011,15,"dummy","2797","Marvin Williams",0.637240849543674
2011,15,"dummy","3965","DeJuan Blair",0.616582212178805
2011,15,"dummy","1765","Matt Barnes",0.596172955945569
2011,15,"dummy","2747","Andrew Bogut",0.57946020181947
2011,15,"dummy","2184","Udonis Haslem",0.57664905602493
2011,15,"dummy","3206","Marc Gasol",0.561358324986074
2011,15,"dummy","2429","Luol Deng",0.554989317297329
2011,15,"dummy","2009","James Jones",0.545159033763121
2011,15,"dummy","pair_2426_2779",NA,0.543338608894238
2011,15,"dummy","pair_3995_91",NA,0.540376075821354
2011,15,"dummy","808","DeShawn Stevenson",0.533499846918041
2011,15,"dummy","pair_2384_2439",NA,0.524906581591964
2011,15,"dummy","9","Ray Allen",0.519423954679664
2011,15,"dummy","25","Ron Artest",0.508713850179277
2011,15,"dummy","3995","Jrue Holiday",0.503835242375285
2011,15,"dummy","996","Pau Gasol",0.500237502446015
2011,15,"dummy","1996","Matt Bonner",0.494878255703599
2011,15,"dummy","617","Lamar Odom",0.49368061384018
2011,15,"dummy","194","Baron Davis",0.482577920983729
2011,15,"dummy","362","Zydrunas Ilgauskas",0.479282197716846
2011,15,"dummy","592","Steve Nash",0.456332325265609
2011,15,"dummy","4300","Gary Neal",0.448888831533387
2011,15,"dummy","3026","Rajon Rondo",0.446453647869161
2011,15,"dummy","3438","George Hill",0.44472155812007
2011,15,"dummy","4020","Sam Young",0.433004973904276
2011,15,"dummy","3419","Mario Chalmers",0.429651954721659
2011,15,"dummy","1703","Carlos Boozer",0.4278492888104
2011,15,"dummy","pair_2983_4032",NA,0.427355559307555
2011,15,"dummy","pair_3026_9",NA,0.424357069618595
2011,15,"dummy","2173","Mickael Pietrus",0.415319619784383
2011,15,"dummy","1713","Nene Hilario",0.415227146984848
2011,15,"dummy","pair_2444_308",NA,0.413161050376176
2011,15,"dummy","2177","David West",0.4114128844118
2011,15,"dummy","pair_2429_3456",NA,0.401134986902989
2011,15,"dummy","3213","Al Horford",0.390677001725873
2011,15,"dummy","515","Kenyon Martin",0.384322739718962
2011,15,"dummy","110","Kobe Bryant",0.379240250618389
2011,15,"dummy","2384","Dwight Howard",0.376612039003503
2011,15,"dummy","2991","Ronnie Brewer",0.376446659739756
2011,15,"dummy","3456","Derrick Rose",0.374991278946146
2011,15,"dummy","3194","Wilson Chandler",0.373721210443571
2011,15,"dummy","3015","Paul Millsap",0.354078583681932
2011,15,"dummy","841","Jason Terry",0.346615691460513
2011,15,"dummy","3195","Mike Conley",0.339065667259671
2011,15,"dummy","429","Jason Kidd",0.313119566576311
2011,15,"dummy","3027","Brandon Roy",0.313038265231903
2011,15,"dummy","2834","Chuck Hayes",0.310804625985541
2011,15,"dummy","1781","Luis Scola",0.304563830944348
2011,15,"dummy","862","Hedo Turkoglu",0.302367892721337
2011,15,"dummy","976","Shane Battier",0.298668641606187
2011,15,"dummy","1006","Richard Jefferson",0.296073450828839
2011,15,"dummy","3005","Rudy Gay",0.289611743550529
2011,15,"dummy","3439","Serge Ibaka",0.283233224372073
2011,15,"dummy","557","Andre Miller",0.279134265773764
2011,15,"dummy","1007","Joe Johnson",0.276976333311096
2011,15,"dummy","3993","Gerald Henderson",0.27180639878049
2011,15,"dummy","1015","Tony Parker",0.266013702386843
2011,15,"dummy","pair_110_996",NA,0.264155319872937
2011,15,"dummy","4274","Landry Fields",0.260754519619213
2011,15,"dummy","2767","Ersan Ilyasova",0.259137370377278
2011,15,"dummy","pair_1727_4274",NA,0.257160095844679
2011,15,"dummy","3992","James Harden",0.256117122424217
2011,15,"dummy","pair_2394_3012",NA,0.255371566876702
2011,15,"dummy","2799","Lou Williams",0.247463998000498
2011,15,"dummy","3024","J.J. Redick",0.246383501494831
2011,15,"dummy","2386","Andre Iguodala",0.24535617185136
2011,15,"dummy","3202","Kevin Durant",0.244313991255998
2011,15,"dummy","1026","Gerald Wallace",0.238770695753597
2011,15,"dummy","3975","Stephen Curry",0.235157013289386
2011,15,"dummy","61","Mike Bibby",0.224940921969292
2011,15,"dummy","2411","Josh Smith",0.220238775009097
2011,15,"dummy","3055","Jose Juan",0.219838209521009
2011,15,"dummy","2423","Dorell Wright",0.217984649972328
2011,15,"dummy","3204","Rudy Fernandez",0.217475186819644
2011,15,"dummy","2778","C.J. Miles",0.215433793820353
2011,15,"dummy","2789","Ronny Turiaf",0.18790395787561
2011,15,"dummy","2381","Ben Gordon",0.187040642278306
2011,15,"dummy","4000","Ty Lawson",0.169224181223013
2011,15,"dummy","3431","Eric Gordon",0.169123814836768
2011,15,"dummy","pair_1017_3195",NA,0.161816125791919
2011,15,"dummy","1018","Jason Richardson",0.161789892238983
2011,15,"dummy","434","Andrei Kirilenko",0.16081604153886
2011,15,"dummy","4247","Wesley Johnson",0.157264259269917
2011,15,"dummy","pair_2389_3015",NA,0.141990446732829
2011,15,"dummy","3450","O.J. Mayo",0.14060660120539
2011,15,"dummy","4032","Wesley Matthews",0.136715318475985
2011,15,"dummy","3462","Jason Thompson",0.13615565676468
2011,15,"dummy","3209","Jeff Green",0.124496379438111
2011,15,"dummy","3554","Omri Casspi",0.122961217427051
2011,15,"dummy","4003","Jodie Meeks",0.116594141870482
2011,15,"dummy","1975","Carmelo Anthony",0.115197331372144
2011,15,"dummy","3428","Danilo Gallinari",0.111916429366602
2011,15,"dummy","2006","Josh Howard",0.109088131396596
2011,15,"dummy","3187","Arron Afflalo",0.0981991241150624
2011,15,"dummy","3028","Thabo Sefolosha",0.0979481073981679
2011,15,"dummy","4229","Reggie Williams",0.0837223177666268
2011,15,"dummy","63","Chauncey Billups",0.0816229410399654
2011,15,"dummy","2770","Linas Kleiza",0.0804952754285891
2011,15,"dummy","846","Kurt Thomas",0.0693090827433207
2011,15,"dummy","pair_165_3213",NA,0.0689476106738209
2011,15,"dummy","91","Elton Brand",0.0545676241895156
2011,15,"dummy","308","Al Harrington",0.0532356574148798
2011,15,"dummy","2426","Trevor Ariza",0.0498504139467284
2011,15,"dummy","1017","Zach Randolph",0.0457917488359411
2011,15,"dummy","556","Brad Miller",0.0413978187874199
2011,15,"dummy","1055","Carlos Arroyo",0.031772131510743
2011,15,"dummy","3416","Nicolas Batum",0.0315048652767368
2011,15,"dummy","4239","Evan Turner",0.0214420460828052
2011,15,"dummy","2754","Channing Frye",0.0211262054406279
2011,15,"dummy","2769","Amir Johnson",0.00504499257485048
2011,15,"dummy","2983","LaMarcus Aldridge",0.00187571127281302
2011,15,"dummy","469","Rashard Lewis",-0.00202890455059318
2011,15,"dummy","1724","Tayshaun Prince",-0.0197241309407531
2011,15,"dummy","pair_3431_3989",NA,-0.0213277840142511
2011,15,"dummy","974","Gilbert Arenas",-0.0213445824718606
2011,15,"dummy","1731","Chris Wilcox",-0.0223403834463703
2011,15,"dummy","1719","Nenad Krstic",-0.0242333617862102
2011,15,"dummy","3442","DeAndre Jordan",-0.0274281671770893
2011,15,"dummy","3447","Robin Lopez",-0.0309609337386001
2011,15,"dummy","2389","Al Jefferson",-0.0317117428631303
2011,15,"dummy","pair_3202_3468",NA,-0.036747140295521
2011,15,"dummy","2757","Ryan Gomes",-0.0367945305847903
2011,15,"dummy","1995","Keith Bogans",-0.0424653307746179
2011,15,"dummy","pair_2760_3973",NA,-0.0462185188340249
2011,15,"dummy","pair_2423_2751",NA,-0.0526913794044921
2011,15,"dummy","3211","Spencer Hawes",-0.057059604406364
2011,15,"dummy","3418","Michael Beasley",-0.057756086042064
2011,15,"dummy","1727","Amare Stoudemire",-0.0754746791410846
2011,15,"dummy","3452","JaVale McGee",-0.0781348646276513
2011,15,"dummy","3247","Joel Anthony",-0.0860891028506914
2011,15,"dummy","3451","Luc Richard",-0.0907210107719437
2011,15,"dummy","2448","Beno Udrih",-0.0920468599431597
2011,15,"dummy","3200","Glen Davis",-0.0923105317830331
2011,15,"dummy","2760","Danny Granger",-0.0995592933674593
2011,15,"dummy","497","Corey Maggette",-0.134306558277294
2011,15,"dummy","pair_2167_3415",NA,-0.137515325161019
2011,15,"dummy","2166","Leandro Barbosa",-0.138769128677301
2011,15,"dummy","3984","Christian Eyenga",-0.142100383801617
2011,15,"dummy","3989","Blake Griffin",-0.148974316876808
2011,15,"dummy","3002","Jordan Farmar",-0.151801473983499
2011,15,"dummy","991","Samuel Dalembert",-0.154016657683677
2011,15,"dummy","2367","Tony Allen",-0.16025367979073
2011,15,"dummy","3243","Nick Young",-0.164413392713295
2011,15,"dummy","pair_3418_3449",NA,-0.168316671124109
2011,15,"dummy","3997","Brandon Jennings",-0.171809492878537
2011,15,"dummy","3474","Anthony Morrow",-0.172976999768456
2011,15,"dummy","2167","Boris Diaw",-0.177000268275236
2011,15,"dummy","2004","Willie Green",-0.182635482265951
2011,15,"dummy","3006","Daniel Gibson",-0.183846564344122
2011,15,"dummy","3436","Roy Hibbert",-0.183954302556826
2011,15,"dummy","3457","Brandon Rush",-0.185527679504142
2011,15,"dummy","2753","Raymond Felton",-0.186398563157011
2011,15,"dummy","703","Quentin Richardson",-0.192819973698993
2011,15,"dummy","3235","Rodney Stuckey",-0.200961199745026
2011,15,"dummy","532","Tracy McGrady",-0.205994636965742
2011,15,"dummy","3190","Marco Belinelli",-0.215502179758302
2011,15,"dummy","2751","Monta Ellis",-0.220005581320502
2011,15,"dummy","2772","David Lee",-0.223270409157481
2011,15,"dummy","3979","Toney Douglas",-0.231658917614259
2011,15,"dummy","3422","Chris Douglas-Roberts",-0.231864685701027
2011,15,"dummy","4",NA,-0.234641884497739
2011,15,"dummy","165","Jamal Crawford",-0.234918268218099
2011,15,"dummy","3983","Tyreke Evans",-0.235321132525279
2011,15,"dummy","3415","D.J. Augustin",-0.243435841741706
2011,15,"dummy","2394","Kevin Martin",-0.244618951966748
2011,15,"dummy","2419","Anderson Varejao",-0.247769616831183
2011,15,"dummy","2806","Jose Calderon",-0.250252457056581
2011,15,"dummy","125","Marcus Camby",-0.253172685872626
2011,15,"dummy","336","Grant Hill",-0.261570216744766
2011,15,"dummy","2798","Deron Williams",-0.268172834751855
2011,15,"dummy","3191","Corey Brewer",-0.275479289424928
2011,15,"dummy","pair_1724_3235",NA,-0.2759977321848
2011,15,"dummy","3237","Al Thornton",-0.277474325153056
2011,15,"dummy","635","Anthony Parker",-0.279806723051668
2011,15,"dummy","3468","Russell Westbrook",-0.281370383081589
2011,15,"dummy","3448","Brook Lopez",-0.287287307548885
2011,15,"dummy","1",NA,-0.318964033505671
2011,15,"dummy","2417","Sebastian Telfair",-0.326606221796683
2011,15,"dummy","2746","Andray Blatche",-0.343489855605461
2011,15,"dummy","1711","Drew Gooden",-0.349277227478077
2011,15,"dummy","2477","Earl Barron",-0.362424213567949
2011,15,"dummy","3032","Tyrus Thomas",-0.363787193605687
2011,15,"dummy","1726","John Salmons",-0.364835285012342
2011,15,"dummy","558","Mike Miller",-0.367843663260265
2011,15,"dummy","3",NA,-0.375232804849678
2011,15,"dummy","3432","Donte Greene",-0.375587561872026
2011,15,"dummy","3201","Jared Dudley",-0.375720349569838
2011,15,"dummy","5",NA,-0.375881151167899
2011,15,"dummy","2987","Andrea Bargnani",-0.379316406075464
2011,15,"dummy","pair_2448_4258",NA,-0.394422111238034
2011,15,"dummy","pair_510_841",NA,-0.396991821528175
2011,15,"dummy","1985","Luke Ridnour",-0.401171011815248
2011,15,"dummy","3041","Louis Amundson",-0.414604511309498
2011,15,"dummy","3040","Shelden Williams",-0.424674919115306
2011,15,"dummy","3973","Darren Collison",-0.434021247098985
2011,15,"dummy","3217","Carl Landry",-0.45270366461541
2011,15,"dummy","1999","Carlos Delfino",-0.460000484144551
2011,15,"dummy","pair_3231_3437",NA,-0.462464852776661
2011,15,"dummy","3974","Dante Cunningham",-0.468675070823129
2011,15,"dummy","3991","Tyler Hansbrough",-0.470954559045719
2011,15,"dummy","510","Shawn Marion",-0.479292026700051
2011,15,"dummy","3192","Aaron Brooks",-0.487139088664971
2011,15,"dummy","2421","Sasha Vujacic",-0.48963038327641
2011,15,"dummy","2382","Devin Harris",-0.517138025853599
2011,15,"dummy","4257","Derrick Favors",-0.520371429858507
2011,15,"dummy","2755","Francisco Garcia",-0.520836774523892
2011,15,"dummy","pair_2987_3978",NA,-0.532594428757803
2011,15,"dummy","378","Stephen Jackson",-0.534838798012089
2011,15,"dummy","4258","DeMarcus Cousins",-0.535320436694294
2011,15,"dummy","pair_2015_3448",NA,-0.53567882585294
2011,15,"dummy","2433","Kris Humphries",-0.542887746331628
2011,15,"dummy","2792","Charlie Villanueva",-0.543981955830243
2011,15,"dummy","3249","Jamario Moon",-0.545589815200266
2011,15,"dummy","3449","Kevin Love",-0.553791155515801
2011,15,"dummy","3207","Aaron Gray",-0.571041942417515
2011,15,"dummy","pair_1726_3997",NA,-0.577279798611227
2011,15,"dummy","3978","DeMar DeRozan",-0.602640277689236
2011,15,"dummy","2171","Darko Milicic",-0.609993144388733
2011,15,"dummy","4237","John Wall",-0.610992890576794
2011,15,"dummy","3437","J.J. Hickson",-0.624396788765195
2011,15,"dummy","2178","Mo Williams",-0.633860894690615
2011,15,"dummy","294","Richard Hamilton",-0.63785812999181
2011,15,"dummy","2427","Andris Biedrins",-0.638761565004306
2011,15,"dummy","4260","Greg Monroe",-0.644689001848307
2011,15,"dummy","3994","Jordan Hill",-0.673836208461387
2011,15,"dummy","49","Raja Bell",-0.685305856807015
2011,15,"dummy","3976","Austin Daye",-0.739662722842188
2011,15,"dummy","3003","Randy Foye",-0.739818481235131
2011,15,"dummy","3231","Ramon Sessions",-0.741013917636181
2011,15,"dummy","2015","Travis Outlaw",-0.744930685028191
2011,15,"dummy","2",NA,-0.764853353318968
2011,15,"dummy","2758","Marcin Gortat",-0.768772564928148
2011,15,"dummy","1981","Kirk Hinrich",-0.772857779879835
2011,15,"dummy","385","Antawn Jamison",-0.830631227793497
2011,15,"dummy","2456","Andres Nocioni",-0.844602427890882
2011,15,"dummy","pair_2746_4237",NA,-0.8490421829238
2011,15,"dummy","3963","Rodrigue Beaubois",-0.85630331243314
2011,15,"dummy","2759","Joey Graham",-0.94071140856667
2011,15,"dummy","2768","Jarrett Jack",-0.969448916748125
2011,15,"dummy","1828","Reggie Evans",-1.00024498218138
2011,15,"dummy","3985","Jonny Flynn",-1.06013318179255
2011,15,"dummy","4238","Eric Bledsoe",-1.09511582200145
2011,15,"dummy","2795","Martell Webster",-1.1283135592415
2011,15,"dummy","885","Ben Wallace",-1.14529997778356
2011,15,"dummy","981","Kwame Brown",-1.14896843106762
2011,15,"dummy","4360","Manny Harris",-1.15689997749741
2011,15,"dummy","4259","Ed Davis",-1.17226726461739
2011,15,"dummy","3467","Sonny Weems",-1.29252681933812
2011,15,"dummy","615","Jermaine O'Neal",-1.46057963557583
2011,15,"dummy","1982","Chris Kaman",-1.6174257417404
2011,15,"dummy","1722","Yao Ming",-2.4775697619006
2011,20,"dummy","609","Dirk Nowitzki",2.09364288960799
2011,20,"dummy","984","Tyson Chandler",1.78996246533404
2011,20,"dummy","261","Kevin Garnett",1.60594626111465
2011,20,"dummy","614","Shaquille O'Neal",1.58059937342758
2011,20,"dummy","1708","Mike Dunleavy",1.39669027313628
2011,20,"dummy","136","Vince Carter",1.30440658044814
2011,20,"dummy","3224","Joakim Noah",1.30363947751671
2011,20,"dummy","1977","Chris Bosh",1.23503006150985
2011,20,"dummy","215","Tim Duncan",1.22464211792408
2011,20,"dummy","2745","Brandon Bass",1.17732445681039
2011,20,"dummy","1966","LeBron James",1.15743387039919
2011,20,"dummy","3012","Kyle Lowry",1.11832431628376
2011,20,"dummy","246","Derek Fisher",1.11487307639538
2011,20,"dummy","1705","Caron Butler",1.09165681646818
2011,20,"dummy","3220","Josh McRoberts",1.09129699687623
2011,20,"dummy","3244","Thaddeus Young",1.04156282156406
2011,20,"dummy","209","Keyon Dooling",1.03000191636606
2011,20,"dummy","568","Nazr Mohammed",1.0137864657998
2011,20,"dummy","662","Paul Pierce",1.01259306424298
2011,20,"dummy","pair_2754_592",NA,0.999181754204613
2011,20,"dummy","2018","Kendrick Perkins",0.967810934643726
2011,20,"dummy","2444","J.R. Smith",0.963762649330997
2011,20,"dummy","pair_1015_215",NA,0.942135255504245
2011,20,"dummy","2779","Chris Paul",0.927516042943588
2011,20,"dummy","2748","Andrew Bynum",0.923857660427337
2011,20,"dummy","272","Manu Ginobili",0.914682066585721
2011,20,"dummy","1987","Dwyane Wade",0.90679843029561
2011,20,"dummy","2429","Luol Deng",0.896256168154266
2011,20,"dummy","2747","Andrew Bogut",0.89481385607324
2011,20,"dummy","2797","Marvin Williams",0.874984018168658
2011,20,"dummy","2439","Jameer Nelson",0.851312326705175
2011,20,"dummy","2399","Emeka Okafor",0.835769925697792
2011,20,"dummy","pair_1966_1987",NA,0.833701002280074
2011,20,"dummy","3206","Marc Gasol",0.813081260164763
2011,20,"dummy","3965","DeJuan Blair",0.790144610829937
2011,20,"dummy","3438","George Hill",0.76352673334984
2011,20,"dummy","pair_3995_91",NA,0.725806413294074
2011,20,"dummy","194","Baron Davis",0.722583475300466
2011,20,"dummy","pair_2426_2779",NA,0.720880935149478
2011,20,"dummy","3995","Jrue Holiday",0.678938130151603
2011,20,"dummy","617","Lamar Odom",0.675841334213944
2011,20,"dummy","3456","Derrick Rose",0.674608519592753
2011,20,"dummy","996","Pau Gasol",0.661561099622573
2011,20,"dummy","pair_2983_4032",NA,0.645597279318408
2011,20,"dummy","1703","Carlos Boozer",0.63799690846736
2011,20,"dummy","pair_2444_308",NA,0.637786007441873
2011,20,"dummy","pair_2384_2439",NA,0.634474072883423
2011,20,"dummy","1713","Nene Hilario",0.620237004104103
2011,20,"dummy","3015","Paul Millsap",0.615485964119997
2011,20,"dummy","362","Zydrunas Ilgauskas",0.608168350348159
2011,20,"dummy","592","Steve Nash",0.60777210362477
2011,20,"dummy","pair_2429_3456",NA,0.580180936235038
2011,20,"dummy","25","Ron Artest",0.56761924007276
2011,20,"dummy","3194","Wilson Chandler",0.556374854630847
2011,20,"dummy","3213","Al Horford",0.525131180903574
2011,20,"dummy","9","Ray Allen",0.519515018676119
2011,20,"dummy","3195","Mike Conley",0.517876380538662
2011,20,"dummy","841","Jason Terry",0.500644659447955
2011,20,"dummy","2384","Dwight Howard",0.498911491718985
2011,20,"dummy","515","Kenyon Martin",0.498048112242592
2011,20,"dummy","2177","David West",0.496199087799605
2011,20,"dummy","3027","Brandon Roy",0.469227300215735
2011,20,"dummy","3026","Rajon Rondo",0.462920655149865
2011,20,"dummy","1026","Gerald Wallace",0.449323303012545
2011,20,"dummy","3975","Stephen Curry",0.429893534033517
2011,20,"dummy","557","Andre Miller",0.429717662074631
2011,20,"dummy","862","Hedo Turkoglu",0.425841608332478
2011,20,"dummy","110","Kobe Bryant",0.423307355853283
2011,20,"dummy","2423","Dorell Wright",0.40599357722069
2011,20,"dummy","3439","Serge Ibaka",0.405308631149324
2011,20,"dummy","3005","Rudy Gay",0.400620984186348
2011,20,"dummy","2381","Ben Gordon",0.3997032609828
2011,20,"dummy","3202","Kevin Durant",0.384778621282658
2011,20,"dummy","429","Jason Kidd",0.377816754358266
2011,20,"dummy","pair_1727_4274",NA,0.377740407741114
2011,20,"dummy","4274","Landry Fields",0.376853078301639
2011,20,"dummy","pair_3026_9",NA,0.375429733631025
2011,20,"dummy","3024","J.J. Redick",0.375351727595992
2011,20,"dummy","2834","Chuck Hayes",0.374906520542589
2011,20,"dummy","2767","Ersan Ilyasova",0.37426480058363
2011,20,"dummy","976","Shane Battier",0.369945670666288
2011,20,"dummy","3992","James Harden",0.369289577957365
2011,20,"dummy","1781","Luis Scola",0.36121646904347
2011,20,"dummy","2386","Andre Iguodala",0.352882194224761
2011,20,"dummy","1007","Joe Johnson",0.351365525537863
2011,20,"dummy","3431","Eric Gordon",0.312288082944239
2011,20,"dummy","1006","Richard Jefferson",0.310911331040883
2011,20,"dummy","4247","Wesley Johnson",0.307696898160147
2011,20,"dummy","pair_2394_3012",NA,0.298654319686547
2011,20,"dummy","2006","Josh Howard",0.267822306183071
2011,20,"dummy","2411","Josh Smith",0.265171198514868
2011,20,"dummy","434","Andrei Kirilenko",0.2631686440819
2011,20,"dummy","pair_2389_3015",NA,0.258741431241077
2011,20,"dummy","61","Mike Bibby",0.255684176141401
2011,20,"dummy","3554","Omri Casspi",0.254412548312875
2011,20,"dummy","1015","Tony Parker",0.244674422507149
2011,20,"dummy","pair_110_996",NA,0.223266525032172
2011,20,"dummy","1018","Jason Richardson",0.220387881365568
2011,20,"dummy","pair_1017_3195",NA,0.215191244361092
2011,20,"dummy","3462","Jason Thompson",0.202593636283906
2011,20,"dummy","1975","Carmelo Anthony",0.180585924507815
2011,20,"dummy","3028","Thabo Sefolosha",0.179970589091802
2011,20,"dummy","2769","Amir Johnson",0.171460808664228
2011,20,"dummy","3209","Jeff Green",0.168813264588696
2011,20,"dummy","4032","Wesley Matthews",0.167445175073704
2011,20,"dummy","3428","Danilo Gallinari",0.165128737824755
2011,20,"dummy","3187","Arron Afflalo",0.15833291924705
2011,20,"dummy","3450","O.J. Mayo",0.158054839744127
2011,20,"dummy","2770","Linas Kleiza",0.15585052157896
2011,20,"dummy","846","Kurt Thomas",0.149647982845877
2011,20,"dummy","1724","Tayshaun Prince",0.125475421410057
2011,20,"dummy","974","Gilbert Arenas",0.10420910849474
2011,20,"dummy","4003","Jodie Meeks",0.094396615090323
2011,20,"dummy","63","Chauncey Billups",0.090987099554653
2011,20,"dummy","pair_165_3213",NA,0.0756011884849565
2011,20,"dummy","1017","Zach Randolph",0.0471472700552655
2011,20,"dummy","3452","JaVale McGee",0.0398209906094596
2011,20,"dummy","3416","Nicolas Batum",0.0272675309628146
2011,20,"dummy","2389","Al Jefferson",0.0257748500222834
2011,20,"dummy","91","Elton Brand",0.0153469191268511
2011,20,"dummy","pair_2760_3973",NA,0.0125747223071978
2011,20,"dummy","3418","Michael Beasley",0.00960904865810229
2011,20,"dummy","2757","Ryan Gomes",0.00930955634983747
2011,20,"dummy","469","Rashard Lewis",0.00544757114786328
2011,20,"dummy","2983","LaMarcus Aldridge",-0.00298032628283238
2011,20,"dummy","pair_3431_3989",NA,-0.00623221698245636
2011,20,"dummy","1719","Nenad Krstic",-0.00645623869156295
2011,20,"dummy","3442","DeAndre Jordan",-0.00995632090361201
2011,20,"dummy","3984","Christian Eyenga",-0.0225573201439755
2011,20,"dummy","pair_2423_2751",NA,-0.026151838307683
2011,20,"dummy","3447","Robin Lopez",-0.0301874284154301
2011,20,"dummy","pair_3202_3468",NA,-0.0429880603474192
2011,20,"dummy","2448","Beno Udrih",-0.0635733939758712
2011,20,"dummy","2760","Danny Granger",-0.0687374728609735
2011,20,"dummy","pair_2167_3415",NA,-0.0731001952894223
2011,20,"dummy","3451","Luc Richard",-0.0804832988676406
2011,20,"dummy","2426","Trevor Ariza",-0.104389319009861
2011,20,"dummy","3211","Spencer Hawes",-0.106408694895996
2011,20,"dummy","3474","Anthony Morrow",-0.10820445454676
2011,20,"dummy","3243","Nick Young",-0.116587285651335
2011,20,"dummy","1727","Amare Stoudemire",-0.117632168519173
2011,20,"dummy","3989","Blake Griffin",-0.122664021007925
2011,20,"dummy","pair_3418_3449",NA,-0.132283005895369
2011,20,"dummy","2754","Channing Frye",-0.134136454677781
2011,20,"dummy","3457","Brandon Rush",-0.14442355332338
2011,20,"dummy","3997","Brandon Jennings",-0.146828670455606
2011,20,"dummy","2167","Boris Diaw",-0.152142794868789
2011,20,"dummy","3006","Daniel Gibson",-0.157127997726465
2011,20,"dummy","3235","Rodney Stuckey",-0.158056259886751
2011,20,"dummy","1055","Carlos Arroyo",-0.164041044366923
2011,20,"dummy","991","Samuel Dalembert",-0.186092853822456
2011,20,"dummy","532","Tracy McGrady",-0.194123764068705
2011,20,"dummy","2419","Anderson Varejao",-0.195058520902113
2011,20,"dummy","2806","Jose Calderon",-0.221271991001338
2011,20,"dummy","pair_1724_3235",NA,-0.243209811962102
2011,20,"dummy","3983","Tyreke Evans",-0.245152875252235
2011,20,"dummy","3415","D.J. Augustin",-0.245535905134239
2011,20,"dummy","4",NA,-0.245788746796443
2011,20,"dummy","3448","Brook Lopez",-0.250166438665725
2011,20,"dummy","2772","David Lee",-0.259529750982836
2011,20,"dummy","497","Corey Maggette",-0.259594952896569
2011,20,"dummy","2751","Monta Ellis",-0.268214692218931
2011,20,"dummy","635","Anthony Parker",-0.269491903757916
2011,20,"dummy","3200","Glen Davis",-0.270671289708807
2011,20,"dummy","5",NA,-0.278411929620579
2011,20,"dummy","2753","Raymond Felton",-0.283598642015955
2011,20,"dummy","1",NA,-0.286812447341085
2011,20,"dummy","2798","Deron Williams",-0.302764803823676
2011,20,"dummy","2746","Andray Blatche",-0.315944360066986
2011,20,"dummy","3436","Roy Hibbert",-0.331506156647394
2011,20,"dummy","3191","Corey Brewer",-0.342208309853601
2011,20,"dummy","165","Jamal Crawford",-0.363893277162858
2011,20,"dummy","3422","Chris Douglas-Roberts",-0.375467033570464
2011,20,"dummy","125","Marcus Camby",-0.380277071472118
2011,20,"dummy","1985","Luke Ridnour",-0.425214048773901
2011,20,"dummy","2987","Andrea Bargnani",-0.433119876511684
2011,20,"dummy","3190","Marco Belinelli",-0.434166392196893
2011,20,"dummy","1711","Drew Gooden",-0.439976771404659
2011,20,"dummy","3468","Russell Westbrook",-0.448812319648987
2011,20,"dummy","pair_3231_3437",NA,-0.46695985357301
2011,20,"dummy","2394","Kevin Martin",-0.474167949780581
2011,20,"dummy","336","Grant Hill",-0.475744542055555
2011,20,"dummy","pair_2448_4258",NA,-0.484871456421367
2011,20,"dummy","1726","John Salmons",-0.494683807075807
2011,20,"dummy","pair_510_841",NA,-0.548805423353116
2011,20,"dummy","pair_2015_3448",NA,-0.570287036131373
2011,20,"dummy","pair_2987_3978",NA,-0.602362627982657
2011,20,"dummy","3217","Carl Landry",-0.604664454946995
2011,20,"dummy","3973","Darren Collison",-0.613570138867123
2011,20,"dummy","2433","Kris Humphries",-0.62939437784861
2011,20,"dummy","2382","Devin Harris",-0.63583581541134
2011,20,"dummy","1999","Carlos Delfino",-0.657333990430008
2011,20,"dummy","3",NA,-0.66086727592981
2011,20,"dummy","510","Shawn Marion",-0.684737945331663
2011,20,"dummy","378","Stephen Jackson",-0.703653125303194
2011,20,"dummy","2",NA,-0.713591673879994
2011,20,"dummy","4258","DeMarcus Cousins",-0.719278278284161
2011,20,"dummy","pair_1726_3997",NA,-0.725055987693362
2011,20,"dummy","4237","John Wall",-0.736508962005352
2011,20,"dummy","2792","Charlie Villanueva",-0.743918647983111
2011,20,"dummy","3449","Kevin Love",-0.759779836598734
2011,20,"dummy","2171","Darko Milicic",-0.799870212513975
2011,20,"dummy","294","Richard Hamilton",-0.826011681481065
2011,20,"dummy","2178","Mo Williams",-0.828899257538012
2011,20,"dummy","3437","J.J. Hickson",-0.836675593509738
2011,20,"dummy","3978","DeMar DeRozan",-0.847295278330217
2011,20,"dummy","2427","Andris Biedrins",-0.870456593826325
2011,20,"dummy","4260","Greg Monroe",-0.905510988505379
2011,20,"dummy","2015","Travis Outlaw",-0.979346920389899
2011,20,"dummy","3231","Ramon Sessions",-0.982824758225
2011,20,"dummy","3003","Randy Foye",-0.986427127684839
2011,20,"dummy","49","Raja Bell",-0.99190064526207
2011,20,"dummy","1981","Kirk Hinrich",-1.02741235290513
2011,20,"dummy","pair_2746_4237",NA,-1.04659631821399
2011,20,"dummy","385","Antawn Jamison",-1.11611268716335
2011,20,"dummy","1828","Reggie Evans",-1.23939009657993
2011,20,"dummy","4238","Eric Bledsoe",-1.47816087158991
2011,20,"dummy","981","Kwame Brown",-1.5027959037514
2011,20,"dummy","885","Ben Wallace",-1.56048938972316
2011,20,"dummy","2795","Martell Webster",-1.63508026719222
2011,20,"dummy","3467","Sonny Weems",-1.77348077394004
2011,20,"dummy","1982","Chris Kaman",-2.09015982777811
2011,20,"dummy","1722","Yao Ming",-3.37593303440598
2011,25,"dummy","609","Dirk Nowitzki",2.2793053227967
2011,25,"dummy","984","Tyson Chandler",1.94318019410309
2011,25,"dummy","261","Kevin Garnett",1.87142786910391
2011,25,"dummy","1708","Mike Dunleavy",1.57425300195918
2011,25,"dummy","136","Vince Carter",1.54365587095085
2011,25,"dummy","215","Tim Duncan",1.46067215453543
2011,25,"dummy","3224","Joakim Noah",1.41990668066179
2011,25,"dummy","1977","Chris Bosh",1.39155054703622
2011,25,"dummy","1966","LeBron James",1.32725499639577
2011,25,"dummy","2747","Andrew Bogut",1.27408988737388
2011,25,"dummy","3012","Kyle Lowry",1.26636804861033
2011,25,"dummy","3220","Josh McRoberts",1.24660468339729
2011,25,"dummy","246","Derek Fisher",1.24415985559782
2011,25,"dummy","662","Paul Pierce",1.23058688060659
2011,25,"dummy","272","Manu Ginobili",1.221177491237
2011,25,"dummy","pair_2444_308",NA,1.17700529933628
2011,25,"dummy","1705","Caron Butler",1.11566564016659
2011,25,"dummy","pair_1015_215",NA,1.10337215764109
2011,25,"dummy","pair_2754_592",NA,1.0951654549857
2011,25,"dummy","2439","Jameer Nelson",1.07267275872575
2011,25,"dummy","2748","Andrew Bynum",1.02501326280414
2011,25,"dummy","2779","Chris Paul",1.02474787463325
2011,25,"dummy","1987","Dwyane Wade",0.998806425062055
2011,25,"dummy","2797","Marvin Williams",0.985835910694599
2011,25,"dummy","2429","Luol Deng",0.966450498818962
2011,25,"dummy","2018","Kendrick Perkins",0.937439284431753
2011,25,"dummy","2399","Emeka Okafor",0.923689400874158
2011,25,"dummy","3995","Jrue Holiday",0.912971270647556
2011,25,"dummy","3206","Marc Gasol",0.908763199804926
2011,25,"dummy","pair_1966_1987",NA,0.860131307098746
2011,25,"dummy","pair_3995_91",NA,0.835143191357872
2011,25,"dummy","194","Baron Davis",0.827914610288184
2011,25,"dummy","pair_2426_2779",NA,0.796590163018383
2011,25,"dummy","1713","Nene Hilario",0.738499162628379
2011,25,"dummy","3015","Paul Millsap",0.735476565948186
2011,25,"dummy","pair_2384_2439",NA,0.734249202239568
2011,25,"dummy","2384","Dwight Howard",0.727209892996838
2011,25,"dummy","pair_2983_4032",NA,0.715950569178353
2011,25,"dummy","617","Lamar Odom",0.715854790572446
2011,25,"dummy","996","Pau Gasol",0.706956825800748
2011,25,"dummy","3456","Derrick Rose",0.678301565159019
2011,25,"dummy","862","Hedo Turkoglu",0.653122488054255
2011,25,"dummy","3194","Wilson Chandler",0.647417659169122
2011,25,"dummy","9","Ray Allen",0.639910062864299
2011,25,"dummy","1026","Gerald Wallace",0.638801235200969
2011,25,"dummy","592","Steve Nash",0.635985846092333
2011,25,"dummy","515","Kenyon Martin",0.626096743204969
2011,25,"dummy","1703","Carlos Boozer",0.620845532037132
2011,25,"dummy","25","Ron Artest",0.589282219702261
2011,25,"dummy","3195","Mike Conley",0.578082314876312
2011,25,"dummy","3213","Al Horford",0.570630859770909
2011,25,"dummy","pair_2429_3456",NA,0.555787884653593
2011,25,"dummy","3027","Brandon Roy",0.553797991629733
2011,25,"dummy","2177","David West",0.543990090646493
2011,25,"dummy","3439","Serge Ibaka",0.541137667256257
2011,25,"dummy","2386","Andre Iguodala",0.531060670932582
2011,25,"dummy","3202","Kevin Durant",0.527610089401553
2011,25,"dummy","3026","Rajon Rondo",0.526771677142328
2011,25,"dummy","3975","Stephen Curry",0.494340763175677
2011,25,"dummy","1006","Richard Jefferson",0.487890038928297
2011,25,"dummy","557","Andre Miller",0.472872853252377
2011,25,"dummy","2423","Dorell Wright",0.468051218112829
2011,25,"dummy","3005","Rudy Gay",0.450936887617501
2011,25,"dummy","841","Jason Terry",0.441678896685914
2011,25,"dummy","2834","Chuck Hayes",0.43355604664552
2011,25,"dummy","pair_1727_4274",NA,0.429579666972321
2011,25,"dummy","4274","Landry Fields",0.422626111712157
2011,25,"dummy","110","Kobe Bryant",0.413645428242695
2011,25,"dummy","1015","Tony Parker",0.398503519950465
2011,25,"dummy","pair_3026_9",NA,0.39680526712516
2011,25,"dummy","976","Shane Battier",0.378662562518033
2011,25,"dummy","1007","Joe Johnson",0.369203234788327
2011,25,"dummy","1781","Luis Scola",0.360300608081887
2011,25,"dummy","1018","Jason Richardson",0.356329105672097
2011,25,"dummy","434","Andrei Kirilenko",0.347195920369077
2011,25,"dummy","pair_2394_3012",NA,0.315762784757128
2011,25,"dummy","pair_2389_3015",NA,0.292210863206357
2011,25,"dummy","3209","Jeff Green",0.289551856985667
2011,25,"dummy","429","Jason Kidd",0.270813153658648
2011,25,"dummy","2411","Josh Smith",0.266408583746699
2011,25,"dummy","3187","Arron Afflalo",0.261883187001287
2011,25,"dummy","61","Mike Bibby",0.24585048783406
2011,25,"dummy","1975","Carmelo Anthony",0.224152919016751
2011,25,"dummy","pair_1017_3195",NA,0.213686256137406
2011,25,"dummy","3431","Eric Gordon",0.203777898864182
2011,25,"dummy","3428","Danilo Gallinari",0.199077848573158
2011,25,"dummy","2381","Ben Gordon",0.191472543455953
2011,25,"dummy","pair_110_996",NA,0.177367102042547
2011,25,"dummy","4032","Wesley Matthews",0.173862922816987
2011,25,"dummy","63","Chauncey Billups",0.149741167097543
2011,25,"dummy","5",NA,0.145352131549191
2011,25,"dummy","91","Elton Brand",0.121952856797839
2011,25,"dummy","3452","JaVale McGee",0.114932997188261
2011,25,"dummy","pair_165_3213",NA,0.0780145078043491
2011,25,"dummy","846","Kurt Thomas",0.0734670723340556
2011,25,"dummy","1719","Nenad Krstic",0.0581614605887896
2011,25,"dummy","3418","Michael Beasley",0.0564163472028839
2011,25,"dummy","2769","Amir Johnson",0.0520201314989795
2011,25,"dummy","469","Rashard Lewis",0.0413486594638568
2011,25,"dummy","pair_2760_3973",NA,0.0361260326997112
2011,25,"dummy","1017","Zach Randolph",0.0248242026985381
2011,25,"dummy","3416","Nicolas Batum",0.0233971118301366
2011,25,"dummy","2389","Al Jefferson",0.0215151660223867
2011,25,"dummy","2448","Beno Udrih",0.0177833406198277
2011,25,"dummy","pair_2167_3415",NA,0.0103591436082912
2011,25,"dummy","pair_3202_3468",NA,0.00937485341459125
2011,25,"dummy","1724","Tayshaun Prince",-0.0238115779688425
2011,25,"dummy","2983","LaMarcus Aldridge",-0.031747276765581
2011,25,"dummy","pair_2423_2751",NA,-0.0398901283307605
2011,25,"dummy","1",NA,-0.0541699702772453
2011,25,"dummy","pair_3418_3449",NA,-0.0560140532477242
2011,25,"dummy","3997","Brandon Jennings",-0.057502535837972
2011,25,"dummy","2167","Boris Diaw",-0.0833768362846894
2011,25,"dummy","3243","Nick Young",-0.0833884383234084
2011,25,"dummy","3442","DeAndre Jordan",-0.0905160755592893
2011,25,"dummy","pair_3431_3989",NA,-0.0910036703981149
2011,25,"dummy","2760","Danny Granger",-0.102918249583914
2011,25,"dummy","3474","Anthony Morrow",-0.136160923856487
2011,25,"dummy","2426","Trevor Ariza",-0.167628771388441
2011,25,"dummy","1727","Amare Stoudemire",-0.170038543946006
2011,25,"dummy","3211","Spencer Hawes",-0.173762766510176
2011,25,"dummy","2754","Channing Frye",-0.184735443974124
2011,25,"dummy","3415","D.J. Augustin",-0.192253384714473
2011,25,"dummy","3983","Tyreke Evans",-0.21546612615335
2011,25,"dummy","2419","Anderson Varejao",-0.220665811202515
2011,25,"dummy","2757","Ryan Gomes",-0.222584456968554
2011,25,"dummy","3006","Daniel Gibson",-0.233351425721324
2011,25,"dummy","635","Anthony Parker",-0.271798310761609
2011,25,"dummy","2746","Andray Blatche",-0.279373792659411
2011,25,"dummy","3448","Brook Lopez",-0.298909568550696
2011,25,"dummy","2751","Monta Ellis",-0.299788220378777
2011,25,"dummy","2772","David Lee",-0.305982435071949
2011,25,"dummy","1726","John Salmons",-0.308698849339223
2011,25,"dummy","3200","Glen Davis",-0.328519720676017
2011,25,"dummy","2753","Raymond Felton",-0.339035879294166
2011,25,"dummy","3235","Rodney Stuckey",-0.352866223565768
2011,25,"dummy","2798","Deron Williams",-0.360645274262827
2011,25,"dummy","pair_1724_3235",NA,-0.36151565970079
2011,25,"dummy","125","Marcus Camby",-0.379757637616448
2011,25,"dummy","3436","Roy Hibbert",-0.407285570215386
2011,25,"dummy","2806","Jose Calderon",-0.408149835846568
2011,25,"dummy","2",NA,-0.422470712010275
2011,25,"dummy","3468","Russell Westbrook",-0.439469583090045
2011,25,"dummy","pair_2448_4258",NA,-0.446372489558001
2011,25,"dummy","1985","Luke Ridnour",-0.450862101336372
2011,25,"dummy","1999","Carlos Delfino",-0.454282340747774
2011,25,"dummy","165","Jamal Crawford",-0.468115203740066
2011,25,"dummy","1711","Drew Gooden",-0.48305460688596
2011,25,"dummy","3989","Blake Griffin",-0.491522792543682
2011,25,"dummy","3190","Marco Belinelli",-0.51753227364403
2011,25,"dummy","2987","Andrea Bargnani",-0.552939714299044
2011,25,"dummy","3",NA,-0.581712296143358
2011,25,"dummy","2394","Kevin Martin",-0.593321884766792
2011,25,"dummy","336","Grant Hill",-0.620251641187721
2011,25,"dummy","pair_2015_3448",NA,-0.627282378975629
2011,25,"dummy","pair_3231_3437",NA,-0.670199077489148
2011,25,"dummy","pair_2987_3978",NA,-0.707999278538767
2011,25,"dummy","378","Stephen Jackson",-0.708320737596439
2011,25,"dummy","4",NA,-0.714748785143656
2011,25,"dummy","3973","Darren Collison",-0.724969706957266
2011,25,"dummy","2382","Devin Harris",-0.729236043461702
2011,25,"dummy","4258","DeMarcus Cousins",-0.738666737129584
2011,25,"dummy","2171","Darko Milicic",-0.788861675582071
2011,25,"dummy","4237","John Wall",-0.796032930412337
2011,25,"dummy","2178","Mo Williams",-0.871204856237855
2011,25,"dummy","pair_1726_3997",NA,-0.873290872234095
2011,25,"dummy","pair_510_841",NA,-0.873779925501029
2011,25,"dummy","3449","Kevin Love",-0.916384435250912
2011,25,"dummy","2427","Andris Biedrins",-0.982743468940024
2011,25,"dummy","3978","DeMar DeRozan",-0.986239129967871
2011,25,"dummy","3437","J.J. Hickson",-0.986594201801612
2011,25,"dummy","1981","Kirk Hinrich",-1.12563488685559
2011,25,"dummy","49","Raja Bell",-1.13889241049255
2011,25,"dummy","pair_2746_4237",NA,-1.13941352290611
2011,25,"dummy","2015","Travis Outlaw",-1.15397841233542
2011,25,"dummy","385","Antawn Jamison",-1.35555753667227
2011,25,"dummy","1828","Reggie Evans",-1.5092504702368
2011,25,"dummy","981","Kwame Brown",-1.74854135261794
2011,25,"dummy","885","Ben Wallace",-1.82441419829441
2011,25,"dummy","1722","Yao Ming",-3.76339681447748
2011,30,"dummy","609","Dirk Nowitzki",2.37913543098424
2011,30,"dummy","984","Tyson Chandler",1.97755136404807
2011,30,"dummy","261","Kevin Garnett",1.82844322436156
2011,30,"dummy","215","Tim Duncan",1.56124871295944
2011,30,"dummy","136","Vince Carter",1.4370973539733
2011,30,"dummy","3224","Joakim Noah",1.36916471736712
2011,30,"dummy","1977","Chris Bosh",1.34647166961268
2011,30,"dummy","1966","LeBron James",1.34223349702028
2011,30,"dummy","272","Manu Ginobili",1.29693463258471
2011,30,"dummy","3012","Kyle Lowry",1.29333715806062
2011,30,"dummy","pair_2444_308",NA,1.29003747147203
2011,30,"dummy","2747","Andrew Bogut",1.2435115229643
2011,30,"dummy","pair_1015_215",NA,1.21568624945079
2011,30,"dummy","662","Paul Pierce",1.17706702360067
2011,30,"dummy","2439","Jameer Nelson",1.15760832138593
2011,30,"dummy","1705","Caron Butler",1.04389778458273
2011,30,"dummy","pair_2754_592",NA,1.01247273748473
2011,30,"dummy","1",NA,1.00149029059721
2011,30,"dummy","996","Pau Gasol",0.993431562209206
2011,30,"dummy","2429","Luol Deng",0.958897339731639
2011,30,"dummy","110","Kobe Bryant",0.950518017635581
2011,30,"dummy","1987","Dwyane Wade",0.949611430699531
2011,30,"dummy","2779","Chris Paul",0.931438301487598
2011,30,"dummy","617","Lamar Odom",0.904182440498851
2011,30,"dummy","3995","Jrue Holiday",0.903967777226621
2011,30,"dummy","3206","Marc Gasol",0.822505572587966
2011,30,"dummy","pair_1966_1987",NA,0.821731636185048
2011,30,"dummy","pair_3995_91",NA,0.816667241529455
2011,30,"dummy","2384","Dwight Howard",0.780142315691806
2011,30,"dummy","2399","Emeka Okafor",0.779620801680843
2011,30,"dummy","pair_2384_2439",NA,0.773901581884512
2011,30,"dummy","3213","Al Horford",0.76928850830444
2011,30,"dummy","3015","Paul Millsap",0.759835442713202
2011,30,"dummy","pair_2983_4032",NA,0.725470799539477
2011,30,"dummy","1713","Nene Hilario",0.70485091350357
2011,30,"dummy","pair_2426_2779",NA,0.686731196169079
2011,30,"dummy","3194","Wilson Chandler",0.655756688106114
2011,30,"dummy","3456","Derrick Rose",0.650212879737834
2011,30,"dummy","3202","Kevin Durant",0.636322863281951
2011,30,"dummy","592","Steve Nash",0.619464015252717
2011,30,"dummy","pair_110_996",NA,0.582246777553985
2011,30,"dummy","9","Ray Allen",0.574129731361857
2011,30,"dummy","3027","Brandon Roy",0.549290425548419
2011,30,"dummy","1703","Carlos Boozer",0.545451397017778
2011,30,"dummy","2386","Andre Iguodala",0.519193245081252
2011,30,"dummy","pair_2429_3456",NA,0.507723499530302
2011,30,"dummy","1015","Tony Parker",0.48152507177812
2011,30,"dummy","3195","Mike Conley",0.480708842776468
2011,30,"dummy","1018","Jason Richardson",0.477073896614034
2011,30,"dummy","1007","Joe Johnson",0.455963590187838
2011,30,"dummy","557","Andre Miller",0.446551798020993
2011,30,"dummy","3026","Rajon Rondo",0.436226253105179
2011,30,"dummy","1026","Gerald Wallace",0.429468910471652
2011,30,"dummy","434","Andrei Kirilenko",0.415054256877161
2011,30,"dummy","2411","Josh Smith",0.407183502838357
2011,30,"dummy","pair_1727_4274",NA,0.398152206975014
2011,30,"dummy","2177","David West",0.390435237525672
2011,30,"dummy","4274","Landry Fields",0.366017000828943
2011,30,"dummy","2423","Dorell Wright",0.345694563595742
2011,30,"dummy","3431","Eric Gordon",0.33684175770021
2011,30,"dummy","3005","Rudy Gay",0.328772742998451
2011,30,"dummy","3209","Jeff Green",0.323533211564515
2011,30,"dummy","pair_2760_3973",NA,0.32108278266064
2011,30,"dummy","pair_2389_3015",NA,0.303314305802148
2011,30,"dummy","pair_3026_9",NA,0.285994978563599
2011,30,"dummy","3975","Stephen Curry",0.277262130263547
2011,30,"dummy","2760","Danny Granger",0.276620444047807
2011,30,"dummy","976","Shane Battier",0.276190001012924
2011,30,"dummy","1781","Luis Scola",0.257174365863109
2011,30,"dummy","429","Jason Kidd",0.243933680808121
2011,30,"dummy","pair_2394_3012",NA,0.241846862836388
2011,30,"dummy","3187","Arron Afflalo",0.189811506753725
2011,30,"dummy","1975","Carmelo Anthony",0.16787026729878
2011,30,"dummy","3428","Danilo Gallinari",0.144657595602823
2011,30,"dummy","4032","Wesley Matthews",0.129647098722106
2011,30,"dummy","pair_1017_3195",NA,0.089042172396111
2011,30,"dummy","63","Chauncey Billups",0.0671775324801131
2011,30,"dummy","91","Elton Brand",0.060627640868698
2011,30,"dummy","pair_3202_3468",NA,0.0536997663371723
2011,30,"dummy","3418","Michael Beasley",0.015888769052493
2011,30,"dummy","2",NA,0.0101051044243625
2011,30,"dummy","pair_3431_3989",NA,-0.00309564462854017
2011,30,"dummy","2448","Beno Udrih",-0.0526438445516723
2011,30,"dummy","2389","Al Jefferson",-0.0545035268847631
2011,30,"dummy","469","Rashard Lewis",-0.0772796725759466
2011,30,"dummy","pair_3418_3449",NA,-0.0865797673287371
2011,30,"dummy","pair_165_3213",NA,-0.101838828987411
2011,30,"dummy","2983","LaMarcus Aldridge",-0.10382110343879
2011,30,"dummy","1017","Zach Randolph",-0.104402092159272
2011,30,"dummy","3997","Brandon Jennings",-0.126826280382725
2011,30,"dummy","pair_2167_3415",NA,-0.144822675952038
2011,30,"dummy","1724","Tayshaun Prince",-0.155378190977808
2011,30,"dummy","3",NA,-0.188429073809054
2011,30,"dummy","pair_2423_2751",NA,-0.213608206206926
2011,30,"dummy","3474","Anthony Morrow",-0.267783453513093
2011,30,"dummy","2754","Channing Frye",-0.281993245181986
2011,30,"dummy","2167","Boris Diaw",-0.282671272005047
2011,30,"dummy","1727","Amare Stoudemire",-0.282959279307821
2011,30,"dummy","3989","Blake Griffin",-0.332265318012104
2011,30,"dummy","3983","Tyreke Evans",-0.346240533998133
2011,30,"dummy","2426","Trevor Ariza",-0.349098846375035
2011,30,"dummy","3973","Darren Collison",-0.349776096556543
2011,30,"dummy","2419","Anderson Varejao",-0.373530920185892
2011,30,"dummy","3468","Russell Westbrook",-0.402864901145549
2011,30,"dummy","2746","Andray Blatche",-0.415824480615281
2011,30,"dummy","1726","John Salmons",-0.419059471197903
2011,30,"dummy","2806","Jose Calderon",-0.435425029054759
2011,30,"dummy","2798","Deron Williams",-0.437500162455049
2011,30,"dummy","3415","D.J. Augustin",-0.443912864590959
2011,30,"dummy","2753","Raymond Felton",-0.457173825928442
2011,30,"dummy","3448","Brook Lopez",-0.473512112303174
2011,30,"dummy","125","Marcus Camby",-0.486349897859328
2011,30,"dummy","2751","Monta Ellis",-0.500352381543768
2011,30,"dummy","3235","Rodney Stuckey",-0.533767161896084
2011,30,"dummy","2772","David Lee",-0.539061804428855
2011,30,"dummy","pair_1724_3235",NA,-0.608800866691641
2011,30,"dummy","1999","Carlos Delfino",-0.622338563150813
2011,30,"dummy","2987","Andrea Bargnani",-0.633518226775579
2011,30,"dummy","pair_510_841",NA,-0.654312742324527
2011,30,"dummy","pair_2448_4258",NA,-0.686512898836558
2011,30,"dummy","4",NA,-0.701290093765034
2011,30,"dummy","2394","Kevin Martin",-0.718129803144592
2011,30,"dummy","336","Grant Hill",-0.75167360132908
2011,30,"dummy","pair_2987_3978",NA,-0.800701461517322
2011,30,"dummy","5",NA,-0.804189176713991
2011,30,"dummy","4237","John Wall",-0.911478472323621
2011,30,"dummy","2171","Darko Milicic",-0.92862224766898
2011,30,"dummy","2382","Devin Harris",-0.958561127499146
2011,30,"dummy","pair_2015_3448",NA,-0.994510264369822
2011,30,"dummy","378","Stephen Jackson",-1.00491525563862
2011,30,"dummy","pair_3231_3437",NA,-1.03435907035575
2011,30,"dummy","pair_1726_3997",NA,-1.04348348766514
2011,30,"dummy","3449","Kevin Love",-1.04412970718754
2011,30,"dummy","3978","DeMar DeRozan",-1.08378548523571
2011,30,"dummy","2178","Mo Williams",-1.11294571082756
2011,30,"dummy","49","Raja Bell",-1.23536029344825
2011,30,"dummy","pair_2746_4237",NA,-1.244604202919
2011,30,"dummy","385","Antawn Jamison",-1.57321412411511
2012,0,"dummy","4262","Hassan Whiteside",10.8063978935846
2012,0,"dummy","2750","Ike Diogu",6.87723224824144
2012,0,"dummy","4296","Ben Uzoh",4.68239915055338
2012,0,"dummy","181",NA,2.83015663393967
2012,0,"dummy","2761","Gerald Green",2.10351894770758
2012,0,"dummy","4303","Donald Sloan",1.85148407195273
2012,0,"dummy","802","Jerry Stackhouse",1.69510644153128
2012,0,"dummy","4280","Jerome Jordan",1.58579851894243
2012,0,"dummy","272","Manu Ginobili",1.48256799794016
2012,0,"dummy","136","Vince Carter",1.38710742446998
2012,0,"dummy","3431","Eric Gordon",1.28370368028009
2012,0,"dummy","45","Tony Battie",1.27523909514932
2012,0,"dummy","4282",NA,1.25934834095133
2012,0,"dummy","1021","Brian Scalabrine",1.23385736872184
2012,0,"dummy","1051","Mike James",1.09546114341912
2012,0,"dummy","3986","Taj Gibson",1.05567798961303
2012,0,"dummy","4261","Ekpe Udoh",1.03012027836349
2012,0,"dummy","2789","Ronny Turiaf",0.996476632483064
2012,0,"dummy","3211","Spencer Hawes",0.987952922325629
2012,0,"dummy","6478","Nikola Vucevic",0.964170772295795
2012,0,"dummy","3055","Jose Juan",0.93180473318476
2012,0,"dummy","1705","Caron Butler",0.916075930451356
2012,0,"dummy","515","Kenyon Martin",0.903492570761378
2012,0,"dummy","4010","A.J. Price",0.897148904355996
2012,0,"dummy","1978","Nick Collison",0.8704062654637
2012,0,"dummy","250","Jeff Foster",0.85840618749111
2012,0,"dummy","1996","Matt Bonner",0.821228798803427
2012,0,"dummy","2795","Martell Webster",0.810880364139115
2012,0,"dummy","3018","Steve Novak",0.809757993218724
2012,0,"dummy","3213","Al Horford",0.791588946708581
2012,0,"dummy","6439","Josh Harrellson",0.779230410324666
2012,0,"dummy","1708","Mike Dunleavy",0.778869321260428
2012,0,"dummy","846","Kurt Thomas",0.751087081543215
2012,0,"dummy","2448","Beno Udrih",0.748666092389635
2012,0,"dummy","3244","Thaddeus Young",0.74357057676623
2012,0,"dummy","2429","Luol Deng",0.739990854932921
2012,0,"dummy","1000","Brendan Haywood",0.736014886880008
2012,0,"dummy","2760","Danny Granger",0.734405303502899
2012,0,"dummy","2027",NA,0.73402075858325
2012,0,"dummy","4299","Jeremy Lin",0.711934146728321
2012,0,"dummy","532","Tracy McGrady",0.710455069250406
2012,0,"dummy","pair_2758_592",NA,0.706892615608282
2012,0,"dummy","2986","Renaldo Balkman",0.705122263402507
2012,0,"dummy","294","Richard Hamilton",0.70257240222733
2012,0,"dummy","3242","Brandan Wright",0.691838422937903
2012,0,"dummy","1031","Maurice Evans",0.686709957395179
2012,0,"dummy","3456","Derrick Rose",0.670989864904043
2012,0,"dummy","2991","Ronnie Brewer",0.658998778780442
2012,0,"dummy","pair_2983_4032",NA,0.657852917430094
2012,0,"dummy","4265","Larry Sanders",0.650702701626906
2012,0,"dummy","3195","Mike Conley",0.647307972026077
2012,0,"dummy","3419","Mario Chalmers",0.645731326575833
2012,0,"dummy","pair_1966_3419",NA,0.624556216448901
2012,0,"dummy","1966","LeBron James",0.614963130021907
2012,0,"dummy","3968","Chase Budinger",0.614308618527077
2012,0,"dummy","2010","Jason Kapono",0.611036042613058
2012,0,"dummy","609","Dirk Nowitzki",0.600246451546859
2012,0,"dummy","6490","Terrel Harris",0.594080877439534
2012,0,"dummy","3992","James Harden",0.593805613134551
2012,0,"dummy","6462","Marcus Morris",0.58762436876959
2012,0,"dummy","6484","Carldell Johnson",0.585769068626951
2012,0,"dummy","4248","Al-Farouq Aminu",0.57554129830782
2012,0,"dummy","2866","John Lucas",0.571327778830439
2012,0,"dummy","976","Shane Battier",0.567105765117455
2012,0,"dummy","63","Chauncey Billups",0.56610944381616
2012,0,"dummy","3428","Danilo Gallinari",0.561115603988924
2012,0,"dummy","pair_2760_3436",NA,0.550093168404919
2012,0,"dummy","165","Jamal Crawford",0.540493358376965
2012,0,"dummy","6441","Tyler Honeycutt",0.537037302165714
2012,0,"dummy","3206","Marc Gasol",0.533496530943083
2012,0,"dummy","2444","J.R. Smith",0.531585949737671
2012,0,"dummy","3412","Ryan Anderson",0.524035205211081
2012,0,"dummy","3442","DeAndre Jordan",0.522641818908777
2012,0,"dummy","3204","Rudy Fernandez",0.514846614889794
2012,0,"dummy","2983","LaMarcus Aldridge",0.510482177314134
2012,0,"dummy","194","Baron Davis",0.507786559335833
2012,0,"dummy","2439","Jameer Nelson",0.506241543118634
2012,0,"dummy","1013","Troy Murphy",0.495092482989749
2012,0,"dummy","pair_2799_3244",NA,0.490326358673257
2012,0,"dummy","1987","Dwyane Wade",0.477950457101932
2012,0,"dummy","498","Jamaal Magloire",0.470445167608505
2012,0,"dummy","2779","Chris Paul",0.467292349898142
2012,0,"dummy","3233","Tiago Splitter",0.464040349391941
2012,0,"dummy","1015","Tony Parker",0.458868008722181
2012,0,"dummy","pair_3005_3206",NA,0.455728389517031
2012,0,"dummy","6546","Gustavo Ayon",0.453951371447882
2012,0,"dummy","1026","Gerald Wallace",0.451922065052979
2012,0,"dummy","3989","Blake Griffin",0.444489540069611
2012,0,"dummy","6440","Tobias Harris",0.435301940271735
2012,0,"dummy","3988","Daniel Green",0.434961980772981
2012,0,"dummy","4239","Evan Turner",0.433308079357565
2012,0,"dummy","1765","Matt Barnes",0.425348631537718
2012,0,"dummy","557","Andre Miller",0.423648861468144
2012,0,"dummy","3028","Thabo Sefolosha",0.421603656516543
2012,0,"dummy","3478","Hamed Haddadi",0.418867423363934
2012,0,"dummy","2184","Udonis Haslem",0.408211669722662
2012,0,"dummy","991","Samuel Dalembert",0.39952924228732
2012,0,"dummy","3994","Jordan Hill",0.393964124429288
2012,0,"dummy","568","Nazr Mohammed",0.38816522739575
2012,0,"dummy","4253","Quincy Pondexter",0.385149396377575
2012,0,"dummy","1018","Jason Richardson",0.377100029317859
2012,0,"dummy","125","Marcus Camby",0.373049940257662
2012,0,"dummy","3196","Daequan Cook",0.372252284460713
2012,0,"dummy","336","Grant Hill",0.370930804202179
2012,0,"dummy","1977","Chris Bosh",0.369692918237809
2012,0,"dummy","6452","Jon Leuer",0.363906449216774
2012,0,"dummy","1016","Vladimir Radmanovic",0.363219442159044
2012,0,"dummy","3247","Joel Anthony",0.359113935469805
2012,0,"dummy","3436","Roy Hibbert",0.357380332936139
2012,0,"dummy","3995","Jrue Holiday",0.352794463614805
2012,0,"dummy","2770","Linas Kleiza",0.350680639970119
2012,0,"dummy","2367","Tony Allen",0.345505000588623
2012,0,"dummy","pair_3423_3445",NA,0.343139245409461
2012,0,"dummy","110","Kobe Bryant",0.34073938908874
2012,0,"dummy","2748","Andrew Bynum",0.335958594573621
2012,0,"dummy","3445","Courtney Lee",0.33523076488786
2012,0,"dummy","3224","Joakim Noah",0.329803442825973
2012,0,"dummy","429","Jason Kidd",0.328282775996099
2012,0,"dummy","2411","Josh Smith",0.325427841075682
2012,0,"dummy","2422","Delonte West",0.319816261485761
2012,0,"dummy","261","Kevin Garnett",0.317944532820279
2012,0,"dummy","592","Steve Nash",0.317071427081398
2012,0,"dummy","6455","Vernon Macklin",0.314697264203815
2012,0,"dummy","3981","Wayne Ellington",0.308376305982506
2012,0,"dummy","4032","Wesley Matthews",0.306962799998936
2012,0,"dummy","2753","Raymond Felton",0.304184264920677
2012,0,"dummy","3414","Omer Asik",0.301974380244317
2012,0,"dummy","3451","Luc Richard",0.298610277904219
2012,0,"dummy","3012","Kyle Lowry",0.296808792639534
2012,0,"dummy","4294","Elliot Williams",0.296370490328174
2012,0,"dummy","1981","Kirk Hinrich",0.292910280493985
2012,0,"dummy","pair_2779_3989",NA,0.291851505873572
2012,0,"dummy","2016","Zaza Pachulia",0.286257146485917
2012,0,"dummy","4001","Eric Maynor",0.282661972947003
2012,0,"dummy","1731","Chris Wilcox",0.281777824202073
2012,0,"dummy","6424","Lavoy Allen",0.280782379975536
2012,0,"dummy","4304","Samardo Samuels",0.276668580873435
2012,0,"dummy","2384","Dwight Howard",0.275599137647836
2012,0,"dummy","pair_308_557",NA,0.275354860996037
2012,0,"dummy","2799","Lou Williams",0.264235915321648
2012,0,"dummy","3239","Sean Williams",0.262399369558835
2012,0,"dummy","2386","Andre Iguodala",0.261081129676009
2012,0,"dummy","2774","Ian Mahinmi",0.2598264538529
2012,0,"dummy","2377","Chris Duhon",0.257368519561916
2012,0,"dummy","1982","Chris Kaman",0.250387566481245
2012,0,"dummy","pair_3202_3468",NA,0.249261007443359
2012,0,"dummy","1007","Joe Johnson",0.246124417831394
2012,0,"dummy","pair_110_996",NA,0.242246357315119
2012,0,"dummy","4274","Landry Fields",0.236977807912636
2012,0,"dummy","1821","Jannero Pargo",0.236886262607847
2012,0,"dummy","703","Quentin Richardson",0.236744464154618
2012,0,"dummy","3975","Stephen Curry",0.234544214006424
2012,0,"dummy","3202","Kevin Durant",0.231389648742028
2012,0,"dummy","6523",NA,0.231103460748595
2012,0,"dummy","1994","Steve Blake",0.227160168281128
2012,0,"dummy","2172","Sasha Pavlovic",0.227154704943728
2012,0,"dummy","558","Mike Miller",0.224735855890857
2012,0,"dummy","1717","Jared Jeffries",0.219180367595892
2012,0,"dummy","3468","Russell Westbrook",0.217875782822613
2012,0,"dummy","3457","Brandon Rush",0.216648446896913
2012,0,"dummy","2177","David West",0.211722186475585
2012,0,"dummy","4015","Jeff Teague",0.202828777309893
2012,0,"dummy","6480","Derrick Williams",0.201365119123378
2012,0,"dummy","6481","Jordan Williams",0.197222802458951
2012,0,"dummy","6466","Chandler Parsons",0.196944440263147
2012,0,"dummy","3984","Christian Eyenga",0.189154032887816
2012,0,"dummy","2769","Amir Johnson",0.185482501283502
2012,0,"dummy","pair_1703_3224",NA,0.185002175394424
2012,0,"dummy","2767","Ersan Ilyasova",0.1799858613574
2012,0,"dummy","4165","Jan Vesely",0.177514746919226
2012,0,"dummy","pair_2384_3024",NA,0.176583485784351
2012,0,"dummy","3449","Kevin Love",0.176279590954234
2012,0,"dummy","3214","Yi Jianlian",0.170128318424939
2012,0,"dummy","3453","Nikola Pekovic",0.168591258639893
2012,0,"dummy","2009","James Jones",0.168335816359352
2012,0,"dummy","3015","Paul Millsap",0.16429655446768
2012,0,"dummy","25","Metta World",0.15626422772056
2012,0,"dummy","3437","J.J. Hickson",0.154608027270728
2012,0,"dummy","2747","Andrew Bogut",0.152835019740754
2012,0,"dummy","862","Hedo Turkoglu",0.150381254914366
2012,0,"dummy","6447","Enes Kanter",0.145327533512798
2012,0,"dummy","2173","Mickael Pietrus",0.145157136809875
2012,0,"dummy","6429","Alec Burks",0.1387562650862
2012,0,"dummy","4251","Paul George",0.138545523451166
2012,0,"dummy","2758","Marcin Gortat",0.134739279874684
2012,0,"dummy","1135","Chris Andersen",0.134192746933154
2012,0,"dummy","3277","C.J. Watson",0.130106740503939
2012,0,"dummy","pair_2411_4015",NA,0.127170526022874
2012,0,"dummy","3973","Darren Collison",0.124340729960521
2012,0,"dummy","4017","Marcus Thornton",0.122575321933247
2012,0,"dummy","2755","Francisco Garcia",0.115939640904533
2012,0,"dummy","3008","Ryan Hollins",0.115600748392448
2012,0,"dummy","6430","Jimmy Butler",0.103917707520356
2012,0,"dummy","215","Tim Duncan",0.103899193578151
2012,0,"dummy","2011","Kyle Korver",0.103055965984082
2012,0,"dummy","4011","Ricky Rubio",0.0958052551782495
2012,0,"dummy","4003","Jodie Meeks",0.087737367310589
2012,0,"dummy","4335","Jeff Adrien",0.0856428963918743
2012,0,"dummy","4289","Kevin Seraphin",0.0854268037985423
2012,0,"dummy","996","Pau Gasol",0.0841463871306184
2012,0,"dummy","pair_2433_2798",NA,0.0830829163424985
2012,0,"dummy","2778","C.J. Miles",0.0825577933826652
2012,0,"dummy","3231","Ramon Sessions",0.065127812635509
2012,0,"dummy","4241","Xavier Henry",0.0626497489089121
2012,0,"dummy","3970","DeMarre Carroll",0.0574292795844413
2012,0,"dummy","2754","Channing Frye",0.0563775304823259
2012,0,"dummy","pair_1015_215",NA,0.0509881338622296
2012,0,"dummy","3963","Rodrigue Beaubois",0.0459221108770377
2012,0,"dummy","841","Jason Terry",0.0356049387336551
2012,0,"dummy","4000","Ty Lawson",0.0339081565546636
2012,0,"dummy","308","Al Harrington",0.0277677955205662
2012,0,"dummy","3276","Anthony Tolliver",0.0265135676919813
2012,0,"dummy","3965","DeJuan Blair",0.0237524684246622
2012,0,"dummy","1781","Luis Scola",0.0217939839243603
2012,0,"dummy","91","Elton Brand",0.0159073467792249
2012,0,"dummy","pair_2772_3457",NA,0.014804557591138
2012,0,"dummy","1713","Nene Hilario",0.0139158531496957
2012,0,"dummy","2006","Josh Howard",0.00753746656142223
2012,0,"dummy","246","Derek Fisher",0.00505809156969883
2012,0,"dummy","6468","Iman Shumpert",0.00437451076296721
2012,0,"dummy","615","Jermaine O'Neal",0.00152320199248401
2012,0,"dummy","1027","Earl Watson",0.000639013136046739
2012,0,"dummy","1",NA,0
2012,0,"dummy","2",NA,0
2012,0,"dummy","3",NA,0
2012,0,"dummy","1006","Richard Jefferson",-0.00128980449677241
2012,0,"dummy","6443","Reggie Jackson",-0.00252111514997901
2012,0,"dummy","3006","Daniel Gibson",-0.00266222639815732
2012,0,"dummy","3005","Rudy Gay",-0.00370070835607041
2012,0,"dummy","3003","Randy Foye",-0.00402822410566694
2012,0,"dummy","3439","Serge Ibaka",-0.00410273662110272
2012,0,"dummy","662","Paul Pierce",-0.00969667755039757
2012,0,"dummy","9","Ray Allen",-0.0111491184143618
2012,0,"dummy","1703","Carlos Boozer",-0.0168850349050748
2012,0,"dummy","2745","Brandon Bass",-0.0203772700157282
2012,0,"dummy","4298","Timofey Mozgov",-0.0222021280810525
2012,0,"dummy","2987","Andrea Bargnani",-0.0241658795555401
2012,0,"dummy","pair_2389_3015",NA,-0.0263881224106293
2012,0,"dummy","2807","Ronnie Price",-0.0311706433575288
2012,0,"dummy","6450","Kawhi Leonard",-0.0322914942391131
2012,0,"dummy","4264","Patrick Patterson",-0.0360007232401545
2012,0,"dummy","2782","Nate Robinson",-0.0397063371031449
2012,0,"dummy","2772","David Lee",-0.0460379682401422
2012,0,"dummy","4312","Gary Forbes",-0.0469257833056511
2012,0,"dummy","2793","Von Wafer",-0.0485943038274234
2012,0,"dummy","6544","Cory Higgins",-0.0517049767663863
2012,0,"dummy","3024","J.J. Redick",-0.0552457315461627
2012,0,"dummy","2200","Marquis Daniels",-0.0574895538521091
2012,0,"dummy","6470","Chris Singleton",-0.0576580324108226
2012,0,"dummy","6433","Kenneth Faried",-0.0580532283819837
2012,0,"dummy","378","Stephen Jackson",-0.062707331411163
2012,0,"dummy","4232","Alonzo Gee",-0.0699055851268257
2012,0,"dummy","2166","Leandro Barbosa",-0.0709275848513605
2012,0,"dummy","4249","Gordon Hayward",-0.0719680519146613
2012,0,"dummy","3974","Dante Cunningham",-0.0824600773422635
2012,0,"dummy","2751","Monta Ellis",-0.0828337664116087
2012,0,"dummy","6435","Andrew Goudelock",-0.0834702687686232
2012,0,"dummy","3423","Goran Dragic",-0.0847166118751776
2012,0,"dummy","3235","Rodney Stuckey",-0.0864145235907042
2012,0,"dummy","987","Jason Collins",-0.0883512348418933
2012,0,"dummy","4291","Greivis Vasquez",-0.0973985106847492
2012,0,"dummy","4224","Sundiata Gaines",-0.0974740317543062
2012,0,"dummy","510","Shawn Marion",-0.0977837528388621
2012,0,"dummy","6526","W Russell",-0.100482392656537
2012,0,"dummy","3190","Marco Belinelli",-0.102796513715518
2012,0,"dummy","6431","Norris Cole",-0.103115308520032
2012,0,"dummy","6454","Shelvin Mack",-0.109530757000248
2012,0,"dummy","2382","Devin Harris",-0.111541919120921
2012,0,"dummy","pair_385_4232",NA,-0.113171887056
2012,0,"dummy","1979","T.J. Ford",-0.115604393369678
2012,0,"dummy","4270","Trevor Booker",-0.118338588142621
2012,0,"dummy","2419","Anderson Varejao",-0.119955140591239
2012,0,"dummy","617","Lamar Odom",-0.120580524620072
2012,0,"dummy","6472","Isaiah Thomas",-0.121189797842904
2012,0,"dummy","3191","Corey Brewer",-0.124834453644188
2012,0,"dummy","6461","Markieff Morris",-0.137988732402793
2012,0,"dummy","1767","Rasual Butler",-0.140643860695784
2012,0,"dummy","3026","Rajon Rondo",-0.14314309236786
2012,0,"dummy","3432","Donte Greene",-0.145125189070802
2012,0,"dummy","2394","Kevin Martin",-0.147078385525816
2012,0,"dummy","3462","Jason Thompson",-0.153752057501116
2012,0,"dummy","1975","Carmelo Anthony",-0.163817892370667
2012,0,"dummy","3979","Toney Douglas",-0.170851878096197
2012,0,"dummy","4240","Avery Bradley",-0.175444547969257
2012,0,"dummy","3417","Jerryd Bayless",-0.177581170945418
2012,0,"dummy","2477",NA,-0.179333078453293
2012,0,"dummy","3418","Michael Beasley",-0.183020776455054
2012,0,"dummy","3474","Anthony Morrow",-0.190198661072967
2012,0,"dummy","137","Anthony Carter",-0.191227439596793
2012,0,"dummy","2426","Trevor Ariza",-0.194687153167463
2012,0,"dummy","635","Anthony Parker",-0.198091574861031
2012,0,"dummy","3999","James Johnson",-0.198762995935069
2012,0,"dummy","6475","Klay Thompson",-0.199733394126861
2012,0,"dummy","pair_1975_984",NA,-0.202568333978711
2012,0,"dummy","3978","DeMar DeRozan",-0.209678390451957
2012,0,"dummy","3201","Jared Dudley",-0.211094633795815
2012,0,"dummy","2393","Shaun Livingston",-0.212544280146486
2012,0,"dummy","1721","Roger Mason",-0.216016099317409
2012,0,"dummy","6460","E'Twaun Moore",-0.217115377275922
2012,0,"dummy","385","Antawn Jamison",-0.220071299412083
2012,0,"dummy","3976","Austin Daye",-0.227320946688943
2012,0,"dummy","6436","Jordan Hamilton",-0.23017786980753
2012,0,"dummy","2389","Al Jefferson",-0.231151757903202
2012,0,"dummy","2387","Royal Ivey",-0.242527550297179
2012,0,"dummy","3041","Louis Amundson",-0.24619591687357
2012,0,"dummy","3983","Tyreke Evans",-0.246758686764446
2012,0,"dummy","6442","Kyrie Irving",-0.252433660982233
2012,0,"dummy","2433","Kris Humphries",-0.254702553733427
2012,0,"dummy","3217","Carl Landry",-0.25705610654147
2012,0,"dummy","984","Tyson Chandler",-0.262650282715151
2012,0,"dummy","4300","Gary Neal",-0.266361464762012
2012,0,"dummy","2992","Shannon Brown",-0.271001920068026
2012,0,"dummy","3997","Brandon Jennings",-0.274326933856213
2012,0,"dummy","3991","Tyler Hansbrough",-0.276722645938066
2012,0,"dummy","6471","Nolan Smith",-0.280619287211011
2012,0,"dummy","pair_3983_4258",NA,-0.281618025147211
2012,0,"dummy","pair_2767_3997",NA,-0.281892894284115
2012,0,"dummy","6534","Ivan Johnson",-0.287583686075554
2012,0,"dummy","2018","Kendrick Perkins",-0.28902041644377
2012,0,"dummy","4278",NA,-0.29707117406667
2012,0,"dummy","pair_2806_3978",NA,-0.301901586750891
2012,0,"dummy","4179","Larry Owens",-0.306826647102937
2012,0,"dummy","pair_1985_3449",NA,-0.311698902907607
2012,0,"dummy","pair_2768_3190",NA,-0.326624672828848
2012,0,"dummy","2423","Dorell Wright",-0.327950770172524
2012,0,"dummy","4258","DeMarcus Cousins",-0.331357580551145
2012,0,"dummy","3464","Bill Walker",-0.333410552728693
2012,0,"dummy","2211","Matt Carroll",-0.337853546803342
2012,0,"dummy","4252","Damion James",-0.349897860477726
2012,0,"dummy","3447","Robin Lopez",-0.351723821346987
2012,0,"dummy","3416","Nicolas Batum",-0.352075412762843
2012,0,"dummy","1727","Amare Stoudemire",-0.353533885904834
2012,0,"dummy","981","Kwame Brown",-0.35494043013228
2012,0,"dummy","3450","O.J. Mayo",-0.357075673690519
2012,0,"dummy","3243","Nick Young",-0.357219388689806
2012,0,"dummy","4276","Luke Harangody",-0.374431689012491
2012,0,"dummy","808","DeShawn Stevenson",-0.375066988374515
2012,0,"dummy","4283","Dexter Pittman",-0.384803556609265
2012,0,"dummy","3246","Dominic McGuire",-0.387435914492573
2012,0,"dummy","4257","Derrick Favors",-0.391447074305771
2012,0,"dummy","2806","Jose Calderon",-0.394480760268058
2012,0,"dummy","2797","Marvin Williams",-0.397412697140962
2012,0,"dummy","4329","Mickell Gladness",-0.405305969588828
2012,0,"dummy","1998","Brian Cook",-0.409654212286516
2012,0,"dummy","2178","Mo Williams",-0.415465874454896
2012,0,"dummy","1017","Zach Randolph",-0.418174804537847
2012,0,"dummy","49","Raja Bell",-0.423182108896217
2012,0,"dummy","2798","Deron Williams",-0.425589966616956
2012,0,"dummy","2780","Johan Petro",-0.439430199398022
2012,0,"dummy","2381","Ben Gordon",-0.442641646983531
2012,0,"dummy","4237","John Wall",-0.450182091454085
2012,0,"dummy","pair_4005_6479",NA,-0.452696696533356
2012,0,"dummy","3031","Craig Smith",-0.460733106959063
2012,0,"dummy","1985","Luke Ridnour",-0.470999333418558
2012,0,"dummy","1724","Tayshaun Prince",-0.476931168374116
2012,0,"dummy","2775","Jason Maxiell",-0.481944900994423
2012,0,"dummy","2768","Jarrett Jack",-0.482349074862129
2012,0,"dummy","3187","Arron Afflalo",-0.489240609236711
2012,0,"dummy","3232","Jason Smith",-0.48926550641938
2012,0,"dummy","3415","D.J. Augustin",-0.497414839014685
2012,0,"dummy","6453","DeAndre Liggins",-0.505884905497715
2012,0,"dummy","3038","Shawne Williams",-0.50858110194504
2012,0,"dummy","2417","Sebastian Telfair",-0.512137027110382
2012,0,"dummy","2004","Willie Green",-0.519724125651742
2012,0,"dummy","3444","Kosta Koufos",-0.519829174342575
2012,0,"dummy","885","Ben Wallace",-0.532024393404791
2012,0,"dummy","3966","Jon Brockman",-0.543785569818989
2012,0,"dummy","3220","Josh McRoberts",-0.546369307342209
2012,0,"dummy","4295","Jeremy Evans",-0.54743068188127
2012,0,"dummy","2399","Emeka Okafor",-0.55162951644157
2012,0,"dummy","4005","Byron Mullens",-0.552886855648782
2012,0,"dummy","6474","Tristan Thompson",-0.556452056053104
2012,0,"dummy","2171","Darko Milicic",-0.563565869683341
2012,0,"dummy","6428","Marshon Brooks",-0.566776764341747
2012,0,"dummy","3448","Brook Lopez",-0.569063594704673
2012,0,"dummy","3438","George Hill",-0.573398609941206
2012,0,"dummy","3998","Jonas Jerebko",-0.581444563681955
2012,0,"dummy","2834","Chuck Hayes",-0.582182492982655
2012,0,"dummy","2427","Andris Biedrins",-0.584001256018557
2012,0,"dummy","2008","Dahntay Jones",-0.5860026656064
2012,0,"dummy","3002","Jordan Farmar",-0.589011520183117
2012,0,"dummy","3207","Aaron Gray",-0.592004507386977
2012,0,"dummy","pair_1724_4260",NA,-0.599980998104955
2012,0,"dummy","3967","Derrick Brown",-0.600149874974673
2012,0,"dummy","1014","Mehmet Okur",-0.601642381146948
2012,0,"dummy","4256","Devin Ebanks",-0.61518912979292
2012,0,"dummy","pair_3026_662",NA,-0.624921484068178
2012,0,"dummy","4260","Greg Monroe",-0.630000663623042
2012,0,"dummy","1828","Reggie Evans",-0.63616058425829
2012,0,"dummy","6448","Brandon Knight",-0.637052136822653
2012,0,"dummy","3460","Marreese Speights",-0.638747647675518
2012,0,"dummy","4360","Manny Harris",-0.639603522188678
2012,0,"dummy","3971","Earl Clark",-0.642484713067471
2012,0,"dummy","469","Rashard Lewis",-0.644412527123331
2012,0,"dummy","1711","Drew Gooden",-0.648692322172841
2012,0,"dummy","6445","JaJuan Johnson",-0.654447315185763
2012,0,"dummy","4242","James Anderson",-0.677776695105836
2012,0,"dummy","1999","Carlos Delfino",-0.678109706675703
2012,0,"dummy","209","Keyon Dooling",-0.679650798513768
2012,0,"dummy","3455","Anthony Randolph",-0.701794499128492
2012,0,"dummy","4305","Ishmael Smith",-0.703069833462554
2012,0,"dummy","4244","Lance Stephenson",-0.706313760653391
2012,0,"dummy","3554","Omri Casspi",-0.719271180356711
2012,0,"dummy","6467","Josh Selby",-0.741247016652662
2012,0,"dummy","130","Brian Cardinal",-0.742007048209737
2012,0,"dummy","4247","Wesley Johnson",-0.762562379630087
2012,0,"dummy","2757","Ryan Gomes",-0.764368754449564
2012,0,"dummy","992","DeSagana Diop",-0.765935514719547
2012,0,"dummy","1726","John Salmons",-0.774741743649414
2012,0,"dummy","1024","Jamaal Tinsley",-0.778038070341516
2012,0,"dummy","6463","Darius Morris",-0.779217129237779
2012,0,"dummy","6476","Jeremy Tyler",-0.782728742107691
2012,0,"dummy","6543","Julyan Stone",-0.805652706389471
2012,0,"dummy","2167","Boris Diaw",-0.805895133587746
2012,0,"dummy","3469","D.J. White",-0.8350128886281
2012,0,"dummy","6485","Lance Thomas",-0.837547145547322
2012,0,"dummy","3425","Semih Erden",-0.852409189976235
2012,0,"dummy","6427","Bismack Biyombo",-0.856215147458762
2012,0,"dummy","4246","Dominique Jones",-0.859655343968012
2012,0,"dummy","4259","Ed Davis",-0.860918107419736
2012,0,"dummy","2456","Andres Nocioni",-0.884673252349059
2012,0,"dummy","2746","Andray Blatche",-0.901279187848545
2012,0,"dummy","3452","JaVale McGee",-0.919499004768837
2012,0,"dummy","3040","Shelden Williams",-0.919636020819615
2012,0,"dummy","4243","Jordan Crawford",-0.936335168258436
2012,0,"dummy","4012","DaJuan Summers",-0.936705668681218
2012,0,"dummy","4267","Cole Aldrich",-0.938360362934917
2012,0,"dummy","3993","Gerald Henderson",-0.991059763498291
2012,0,"dummy","2431","Andre Emmett",-0.995125334250331
2012,0,"dummy","61","Mike Bibby",-1.00956032256339
2012,0,"dummy","4020","Sam Young",-1.02246763191731
2012,0,"dummy","497","Corey Maggette",-1.03899521990675
2012,0,"dummy","pair_4237_4243",NA,-1.05577858781098
2012,0,"dummy","692","Michael Redd",-1.08792187613456
2012,0,"dummy","3032","Tyrus Thomas",-1.08926796960993
2012,0,"dummy","6479","Kemba Walker",-1.13537941014058
2012,0,"dummy","2015","Travis Outlaw",-1.13700077755851
2012,0,"dummy","2506","Damien Wilkins",-1.15931283102897
2012,0,"dummy","591","Eduardo Najera",-1.17335864872799
2012,0,"dummy","6473","Trey Thompkins",-1.17346125021199
2012,0,"dummy","pair_510_841",NA,-1.17628562036102
2012,0,"dummy","2816","Will Bynum",-1.22455059612387
2012,0,"dummy","4400","Chris Johnson",-1.23370125214972
2012,0,"dummy","6527","Dennis Horner",-1.24506961812495
2012,0,"dummy","6434","Jimmer Fredette",-1.27025755166526
2012,0,"dummy","2794","Hakim Warrick",-1.28827250441977
2012,0,"dummy","3200","Glen Davis",-1.32315394628719
2012,0,"dummy","4019","Terrence Williams",-1.32519517570512
2012,0,"dummy","4286",NA,-1.34879375955012
2012,0,"dummy","4250","Luke Babbitt",-1.3551326719646
2012,0,"dummy","6530",NA,-1.36301987119894
2012,0,"dummy","2212","Josh Davis",-1.37364243773433
2012,0,"dummy","2373","Josh Childress",-1.4193595949736
2012,0,"dummy","4229","Reggie Williams",-1.46935489313871
2012,0,"dummy","6446","Cory Joseph",-1.50850000023141
2012,0,"dummy","6444","Charles Jenkins",-1.64978880591425
2012,0,"dummy","6497","Jeremy Pargo",-1.65470653715421
2012,0,"dummy","3256","Trey Johnson",-1.74395423780529
2012,0,"dummy","4235","Greg Stiemsma",-1.84310991307099
2012,0,"dummy","3010","Solomon Jones",-1.88753442429566
2012,0,"dummy","4238","Eric Bledsoe",-2.01827569548078
2012,0,"dummy","1995","Keith Bogans",-2.06522919649016
2012,0,"dummy","3985","Jonny Flynn",-2.15792642206871
2012,0,"dummy","6501","Chris Wright",-2.30886834744062
2012,0,"dummy","4277","Lazar Hayward",-2.3146241584262
2012,0,"dummy","556","Brad Miller",-2.35265993681041
2012,0,"dummy","351","Juwan Howard",-2.43775372683589
2012,0,"dummy","6451","Travis Leslie",-2.55502930895533
2012,0,"dummy","356","Larry Hughes",-2.59483628804135
2012,0,"dummy","4008","Jeff Pendergraph",-3.5862066335338
2012,0,"dummy","4016","Hasheem Thabeet",-3.60727994545419
2012,0,"dummy","2792","Charlie Villanueva",-3.91264873287743
2012,0,"dummy","234",NA,-3.92232809635853
2012,0,"dummy","6541","Courtney Fortson",-4.07642486762621
2012,0,"dummy","6555","Eric Dawson",-4.14128771488173
2012,0,"dummy","6511",NA,-5.26472605231083
2012,0,"dummy","990","Eddy Curry",-5.70444928723186
2012,0,"dummy","1022","Bobby Simmons",-6.0890397043757
2012,0,"dummy","4254",NA,-8.42315165733015
2012,0,"dummy","4263","Daniel Orton",-8.4744232341306
2012,0,"dummy","779",NA,-8.65710672302829
2012,0,"dummy","6438","Justin Harper",-8.7184489377425
2012,0,"dummy","4268","Solomon Alabi",-9.95684430387834
2012,5,"dummy","2750","Ike Diogu",7.93280757004108
2012,5,"dummy","4296","Ben Uzoh",5.59164859413155
2012,5,"dummy","4",NA,2.77039828401575
2012,5,"dummy","2761","Gerald Green",2.47158614951732
2012,5,"dummy","4303","Donald Sloan",2.17670123482951
2012,5,"dummy","802","Jerry Stackhouse",2.09439840149603
2012,5,"dummy","272","Manu Ginobili",1.71924790543613
2012,5,"dummy","136","Vince Carter",1.60173899568465
2012,5,"dummy","3431","Eric Gordon",1.48984472124689
2012,5,"dummy","45","Tony Battie",1.44371617335534
2012,5,"dummy","1051","Mike James",1.26567846762858
2012,5,"dummy","4261","Ekpe Udoh",1.19945940203024
2012,5,"dummy","3986","Taj Gibson",1.19363136347607
2012,5,"dummy","2789","Ronny Turiaf",1.18603301139078
2012,5,"dummy","3211","Spencer Hawes",1.13296295919063
2012,5,"dummy","6478","Nikola Vucevic",1.07079334964364
2012,5,"dummy","3055","Jose Juan",1.06330635370401
2012,5,"dummy","1705","Caron Butler",1.04526297165558
2012,5,"dummy","4010","A.J. Price",1.02572736542821
2012,5,"dummy","515","Kenyon Martin",1.02438417767925
2012,5,"dummy","250","Jeff Foster",0.989289516523971
2012,5,"dummy","1978","Nick Collison",0.979541712285646
2012,5,"dummy","3018","Steve Novak",0.951246704797061
2012,5,"dummy","1996","Matt Bonner",0.949010907187633
2012,5,"dummy","2795","Martell Webster",0.930263759513283
2012,5,"dummy","6439","Josh Harrellson",0.927995941793002
2012,5,"dummy","846","Kurt Thomas",0.900838219604261
2012,5,"dummy","3213","Al Horford",0.888549230308428
2012,5,"dummy","1708","Mike Dunleavy",0.888371343714629
2012,5,"dummy","2027",NA,0.879695765818804
2012,5,"dummy","2448","Beno Udrih",0.852118459495516
2012,5,"dummy","2986","Renaldo Balkman",0.844077875404655
2012,5,"dummy","1031","Maurice Evans",0.843592354013327
2012,5,"dummy","1000","Brendan Haywood",0.841864243473844
2012,5,"dummy","2760","Danny Granger",0.834393759188177
2012,5,"dummy","4299","Jeremy Lin",0.834007202829198
2012,5,"dummy","3244","Thaddeus Young",0.829046758729107
2012,5,"dummy","294","Richard Hamilton",0.828982825755146
2012,5,"dummy","532","Tracy McGrady",0.82745967373076
2012,5,"dummy","pair_2758_592",NA,0.819726004471472
2012,5,"dummy","2429","Luol Deng",0.814054658589569
2012,5,"dummy","3242","Brandan Wright",0.804419657569216
2012,5,"dummy","3456","Derrick Rose",0.760277527668637
2012,5,"dummy","3195","Mike Conley",0.745283574671507
2012,5,"dummy","4265","Larry Sanders",0.739746193687701
2012,5,"dummy","pair_2983_4032",NA,0.735339420319107
2012,5,"dummy","2991","Ronnie Brewer",0.733705435134556
2012,5,"dummy","6490","Terrel Harris",0.712732516448014
2012,5,"dummy","3968","Chase Budinger",0.711103098353604
2012,5,"dummy","2010","Jason Kapono",0.706922529126167
2012,5,"dummy","6484","Carldell Johnson",0.701187013675193
2012,5,"dummy","3419","Mario Chalmers",0.699042055076515
2012,5,"dummy","4248","Al-Farouq Aminu",0.691634254680111
2012,5,"dummy","609","Dirk Nowitzki",0.680323163489875
2012,5,"dummy","pair_1966_3419",NA,0.675817492429457
2012,5,"dummy","3992","James Harden",0.668133193043605
2012,5,"dummy","1966","LeBron James",0.664284467633478
2012,5,"dummy","3428","Danilo Gallinari",0.655792745478109
2012,5,"dummy","63","Chauncey Billups",0.638478515924944
2012,5,"dummy","2866","John Lucas",0.634558711986858
2012,5,"dummy","165","Jamal Crawford",0.633219438692464
2012,5,"dummy","3206","Marc Gasol",0.619636969859447
2012,5,"dummy","976","Shane Battier",0.614141165592941
2012,5,"dummy","pair_2760_3436",NA,0.604617208415105
2012,5,"dummy","3412","Ryan Anderson",0.598454285048802
2012,5,"dummy","3204","Rudy Fernandez",0.59405601385802
2012,5,"dummy","2444","J.R. Smith",0.588932273014479
2012,5,"dummy","3442","DeAndre Jordan",0.579062370642071
2012,5,"dummy","2439","Jameer Nelson",0.575111191285333
2012,5,"dummy","498","Jamaal Magloire",0.565295069021461
2012,5,"dummy","2983","LaMarcus Aldridge",0.563241833976565
2012,5,"dummy","1013","Troy Murphy",0.557185399620604
2012,5,"dummy","194","Baron Davis",0.54690544469198
2012,5,"dummy","6546","Gustavo Ayon",0.542206647762279
2012,5,"dummy","3233","Tiago Splitter",0.528023536524879
2012,5,"dummy","1015","Tony Parker",0.527170762918224
2012,5,"dummy","pair_2799_3244",NA,0.525543209874699
2012,5,"dummy","pair_3005_3206",NA,0.522807778101604
2012,5,"dummy","2779","Chris Paul",0.522358301588411
2012,5,"dummy","1987","Dwyane Wade",0.520184260556809
2012,5,"dummy","6440","Tobias Harris",0.50745499258362
2012,5,"dummy","1026","Gerald Wallace",0.501447169288224
2012,5,"dummy","3988","Daniel Green",0.500732991534708
2012,5,"dummy","3989","Blake Griffin",0.492778597845817
2012,5,"dummy","557","Andre Miller",0.4858515836541
2012,5,"dummy","4253","Quincy Pondexter",0.474626055041732
2012,5,"dummy","1765","Matt Barnes",0.473642434938544
2012,5,"dummy","3028","Thabo Sefolosha",0.470499292277286
2012,5,"dummy","991","Samuel Dalembert",0.463532450232024
2012,5,"dummy","3994","Jordan Hill",0.45908039638931
2012,5,"dummy","4239","Evan Turner",0.437965442722874
2012,5,"dummy","6452","Jon Leuer",0.427086880659269
2012,5,"dummy","2770","Linas Kleiza",0.425566864786839
2012,5,"dummy","2184","Udonis Haslem",0.423333014106648
2012,5,"dummy","336","Grant Hill",0.421602265004858
2012,5,"dummy","1018","Jason Richardson",0.421072409226275
2012,5,"dummy","1016","Vladimir Radmanovic",0.417921433779114
2012,5,"dummy","3196","Daequan Cook",0.403836926273111
2012,5,"dummy","125","Marcus Camby",0.402941330220157
2012,5,"dummy","1977","Chris Bosh",0.398892924758283
2012,5,"dummy","568","Nazr Mohammed",0.39711142762895
2012,5,"dummy","2367","Tony Allen",0.396881970897813
2012,5,"dummy","110","Kobe Bryant",0.394353652806887
2012,5,"dummy","3436","Roy Hibbert",0.388579494754333
2012,5,"dummy","3247","Joel Anthony",0.387895849522403
2012,5,"dummy","pair_3423_3445",NA,0.38153884722785
2012,5,"dummy","3445","Courtney Lee",0.379995806613266
2012,5,"dummy","3995","Jrue Holiday",0.379462381260243
2012,5,"dummy","261","Kevin Garnett",0.377703385554372
2012,5,"dummy","3451","Luc Richard",0.373312828424244
2012,5,"dummy","1981","Kirk Hinrich",0.372437496852569
2012,5,"dummy","2748","Andrew Bynum",0.371924959937344
2012,5,"dummy","429","Jason Kidd",0.371472864976328
2012,5,"dummy","3981","Wayne Ellington",0.368827893440902
2012,5,"dummy","2411","Josh Smith",0.368024465581822
2012,5,"dummy","592","Steve Nash",0.356123221808998
2012,5,"dummy","2422","Delonte West",0.346589531520741
2012,5,"dummy","3224","Joakim Noah",0.339700069463778
2012,5,"dummy","3012","Kyle Lowry",0.336770555546773
2012,5,"dummy","1731","Chris Wilcox",0.330602143071432
2012,5,"dummy","3239","Sean Williams",0.32269478388593
2012,5,"dummy","4032","Wesley Matthews",0.322138922914416
2012,5,"dummy","4304","Samardo Samuels",0.322063511545355
2012,5,"dummy","2753","Raymond Felton",0.321931113254784
2012,5,"dummy","2016","Zaza Pachulia",0.315699109832684
2012,5,"dummy","2377","Chris Duhon",0.307620899880078
2012,5,"dummy","pair_308_557",NA,0.306585991526803
2012,5,"dummy","6523",NA,0.306424358606978
2012,5,"dummy","2384","Dwight Howard",0.305705079385184
2012,5,"dummy","2774","Ian Mahinmi",0.30533659567078
2012,5,"dummy","3414","Omer Asik",0.304357021812686
2012,5,"dummy","pair_2779_3989",NA,0.302784877367584
2012,5,"dummy","3975","Stephen Curry",0.288966379888911
2012,5,"dummy","1982","Chris Kaman",0.284179423126527
2012,5,"dummy","4274","Landry Fields",0.283298517490492
2012,5,"dummy","6424","Lavoy Allen",0.282250770835788
2012,5,"dummy","703","Quentin Richardson",0.277573249974679
2012,5,"dummy","pair_3202_3468",NA,0.276555692775483
2012,5,"dummy","1007","Joe Johnson",0.273145036293714
2012,5,"dummy","2386","Andre Iguodala",0.271968474276187
2012,5,"dummy","pair_110_996",NA,0.271248631185232
2012,5,"dummy","1821","Jannero Pargo",0.267908494137847
2012,5,"dummy","2172","Sasha Pavlovic",0.257402359596113
2012,5,"dummy","2799","Lou Williams",0.254389449179483
2012,5,"dummy","3202","Kevin Durant",0.253201911706136
2012,5,"dummy","4165","Jan Vesely",0.251976919934281
2012,5,"dummy","1717","Jared Jeffries",0.251000842535594
2012,5,"dummy","558","Mike Miller",0.249096703267003
2012,5,"dummy","6481","Jordan Williams",0.244735473679162
2012,5,"dummy","3457","Brandon Rush",0.244187560716558
2012,5,"dummy","3984","Christian Eyenga",0.242889316714882
2012,5,"dummy","3468","Russell Westbrook",0.23601442341333
2012,5,"dummy","2769","Amir Johnson",0.231721195395399
2012,5,"dummy","4015","Jeff Teague",0.22766561999666
2012,5,"dummy","1994","Steve Blake",0.226495250449765
2012,5,"dummy","3449","Kevin Love",0.225090647394645
2012,5,"dummy","6480","Derrick Williams",0.222158030567864
2012,5,"dummy","4001","Eric Maynor",0.221525761658956
2012,5,"dummy","2177","David West",0.221512263455416
2012,5,"dummy","6466","Chandler Parsons",0.220845886140242
2012,5,"dummy","2767","Ersan Ilyasova",0.215863203276002
2012,5,"dummy","3437","J.J. Hickson",0.208591093393279
2012,5,"dummy","3015","Paul Millsap",0.205768650655297
2012,5,"dummy","3214","Yi Jianlian",0.200813030688156
2012,5,"dummy","3453","Nikola Pekovic",0.195224901750566
2012,5,"dummy","pair_2384_3024",NA,0.192850771375444
2012,5,"dummy","2755","Francisco Garcia",0.177172728006846
2012,5,"dummy","6447","Enes Kanter",0.17603079715679
2012,5,"dummy","2747","Andrew Bogut",0.175922766016935
2012,5,"dummy","4017","Marcus Thornton",0.173873558127097
2012,5,"dummy","25","Metta World",0.172403983749755
2012,5,"dummy","2173","Mickael Pietrus",0.170357424936018
2012,5,"dummy","pair_1703_3224",NA,0.169509564313759
2012,5,"dummy","6429","Alec Burks",0.164644821979717
2012,5,"dummy","6430","Jimmy Butler",0.158792459302958
2012,5,"dummy","862","Hedo Turkoglu",0.149611597406349
2012,5,"dummy","2758","Marcin Gortat",0.147932102761919
2012,5,"dummy","pair_2433_2798",NA,0.140417531463058
2012,5,"dummy","4251","Paul George",0.137644233437768
2012,5,"dummy","pair_2411_4015",NA,0.136348881095717
2012,5,"dummy","1135","Chris Andersen",0.133680575617041
2012,5,"dummy","4289","Kevin Seraphin",0.131842603681098
2012,5,"dummy","4011","Ricky Rubio",0.123893206123593
2012,5,"dummy","3973","Darren Collison",0.118304428104263
2012,5,"dummy","3277","C.J. Watson",0.118000245552773
2012,5,"dummy","3008","Ryan Hollins",0.114037238290752
2012,5,"dummy","215","Tim Duncan",0.112816364130302
2012,5,"dummy","2009","James Jones",0.110911952839314
2012,5,"dummy","4241","Xavier Henry",0.109657382352439
2012,5,"dummy","2778","C.J. Miles",0.0962497894951643
2012,5,"dummy","2011","Kyle Korver",0.0952847181927625
2012,5,"dummy","3231","Ramon Sessions",0.0891216783231841
2012,5,"dummy","996","Pau Gasol",0.0772195064710069
2012,5,"dummy","4335","Jeff Adrien",0.0734145319895219
2012,5,"dummy","4003","Jodie Meeks",0.0480637502472623
2012,5,"dummy","4000","Ty Lawson",0.0471851608027905
2012,5,"dummy","2754","Channing Frye",0.0471756736198453
2012,5,"dummy","pair_1015_215",NA,0.0445690871627535
2012,5,"dummy","841","Jason Terry",0.0442933922295771
2012,5,"dummy","3276","Anthony Tolliver",0.033708329216231
2012,5,"dummy","3963","Rodrigue Beaubois",0.0308870599332946
2012,5,"dummy","308","Al Harrington",0.0270044767470779
2012,5,"dummy","2006","Josh Howard",0.019832947306643
2012,5,"dummy","pair_2772_3457",NA,0.0184525680379128
2012,5,"dummy","1781","Luis Scola",0.0168610401686571
2012,5,"dummy","3965","DeJuan Blair",0.0160353102356657
2012,5,"dummy","1713","Nene Hilario",0.0146498489751521
2012,5,"dummy","6468","Iman Shumpert",0.00526677133333688
2012,5,"dummy","615","Jermaine O'Neal",0.00492434462445381
2012,5,"dummy","1027","Earl Watson",0.00258539412007412
2012,5,"dummy","3006","Daniel Gibson",-0.00251691052189011
2012,5,"dummy","6544","Cory Higgins",-0.0058214448462
2012,5,"dummy","662","Paul Pierce",-0.00696034721819431
2012,5,"dummy","91","Elton Brand",-0.00791949384010993
2012,5,"dummy","3005","Rudy Gay",-0.0111245076216004
2012,5,"dummy","9","Ray Allen",-0.0137959769945055
2012,5,"dummy","246","Derek Fisher",-0.0138752785980699
2012,5,"dummy","2987","Andrea Bargnani",-0.0152525510549345
2012,5,"dummy","1006","Richard Jefferson",-0.0161980168303133
2012,5,"dummy","3003","Randy Foye",-0.0190058640119689
2012,5,"dummy","3439","Serge Ibaka",-0.0203669908963322
2012,5,"dummy","pair_2389_3015",NA,-0.0224223475425965
2012,5,"dummy","2745","Brandon Bass",-0.0249783771925366
2012,5,"dummy","4298","Timofey Mozgov",-0.0300005104214865
2012,5,"dummy","6470","Chris Singleton",-0.030213115112298
2012,5,"dummy","2807","Ronnie Price",-0.0354113800399852
2012,5,"dummy","2200","Marquis Daniels",-0.0357367267877607
2012,5,"dummy","6450","Kawhi Leonard",-0.0416148165158964
2012,5,"dummy","2772","David Lee",-0.0418946704094325
2012,5,"dummy","4264","Patrick Patterson",-0.0528355734298366
2012,5,"dummy","3235","Rodney Stuckey",-0.0549346666592389
2012,5,"dummy","6526","W Russell",-0.054998000272316
2012,5,"dummy","6443","Reggie Jackson",-0.0610096546364238
2012,5,"dummy","6433","Kenneth Faried",-0.0626738586629853
2012,5,"dummy","1703","Carlos Boozer",-0.067057902068437
2012,5,"dummy","3024","J.J. Redick",-0.0678105832663179
2012,5,"dummy","2166","Leandro Barbosa",-0.0681646047382593
2012,5,"dummy","4312","Gary Forbes",-0.0683434108494403
2012,5,"dummy","4249","Gordon Hayward",-0.0688605908990482
2012,5,"dummy","4232","Alonzo Gee",-0.0715437245975746
2012,5,"dummy","2782","Nate Robinson",-0.0720468686560945
2012,5,"dummy","378","Stephen Jackson",-0.0730384613978426
2012,5,"dummy","2793","Von Wafer",-0.0815222787124504
2012,5,"dummy","2751","Monta Ellis",-0.0876182774631255
2012,5,"dummy","4224","Sundiata Gaines",-0.087799152851183
2012,5,"dummy","4270","Trevor Booker",-0.0922065011462465
2012,5,"dummy","3974","Dante Cunningham",-0.093610519590491
2012,5,"dummy","6454","Shelvin Mack",-0.0972587256336695
2012,5,"dummy","3190","Marco Belinelli",-0.098996223397973
2012,5,"dummy","pair_385_4232",NA,-0.110238498765318
2012,5,"dummy","987","Jason Collins",-0.11029565432052
2012,5,"dummy","3423","Goran Dragic",-0.111581288318803
2012,5,"dummy","6472","Isaiah Thomas",-0.112213335237852
2012,5,"dummy","2382","Devin Harris",-0.118911461316729
2012,5,"dummy","4291","Greivis Vasquez",-0.119100794048405
2012,5,"dummy","1979","T.J. Ford",-0.119298707939433
2012,5,"dummy","2419","Anderson Varejao",-0.123670257474801
2012,5,"dummy","3432","Donte Greene",-0.127093789457936
2012,5,"dummy","510","Shawn Marion",-0.131064082210603
2012,5,"dummy","3462","Jason Thompson",-0.140099935830829
2012,5,"dummy","6461","Markieff Morris",-0.144894809522209
2012,5,"dummy","1767","Rasual Butler",-0.145855222298414
2012,5,"dummy","6435","Andrew Goudelock",-0.145921816911859
2012,5,"dummy","3191","Corey Brewer",-0.1465903141826
2012,5,"dummy","617","Lamar Odom",-0.15252216037182
2012,5,"dummy","3026","Rajon Rondo",-0.162899442595246
2012,5,"dummy","3976","Austin Daye",-0.164526703525225
2012,5,"dummy","2394","Kevin Martin",-0.182864268263245
2012,5,"dummy","1721","Roger Mason",-0.187241919210211
2012,5,"dummy","6431","Norris Cole",-0.189238172995341
2012,5,"dummy","3474","Anthony Morrow",-0.19191108916665
2012,5,"dummy","1975","Carmelo Anthony",-0.192924042916028
2012,5,"dummy","3979","Toney Douglas",-0.194422618631088
2012,5,"dummy","6460","E'Twaun Moore",-0.205557047195178
2012,5,"dummy","4240","Avery Bradley",-0.20575463396572
2012,5,"dummy","3417","Jerryd Bayless",-0.207430611801744
2012,5,"dummy","635","Anthony Parker",-0.207655144137056
2012,5,"dummy","2426","Trevor Ariza",-0.208697060939793
2012,5,"dummy","3999","James Johnson",-0.214040969698041
2012,5,"dummy","3418","Michael Beasley",-0.217269564811462
2012,5,"dummy","137","Anthony Carter",-0.22568089571183
2012,5,"dummy","3978","DeMar DeRozan",-0.22714467616655
2012,5,"dummy","pair_1975_984",NA,-0.234043099823918
2012,5,"dummy","385","Antawn Jamison",-0.23503310950384
2012,5,"dummy","2393","Shaun Livingston",-0.235153378784348
2012,5,"dummy","3983","Tyreke Evans",-0.251906336228169
2012,5,"dummy","3201","Jared Dudley",-0.257267105217142
2012,5,"dummy","6475","Klay Thompson",-0.259597731687253
2012,5,"dummy","2389","Al Jefferson",-0.261209322591601
2012,5,"dummy","2433","Kris Humphries",-0.269750913600257
2012,5,"dummy","6442","Kyrie Irving",-0.271677768553705
2012,5,"dummy","6436","Jordan Hamilton",-0.27414961245141
2012,5,"dummy","3217","Carl Landry",-0.292088048949957
2012,5,"dummy","3041","Louis Amundson",-0.297000735022725
2012,5,"dummy","pair_3983_4258",NA,-0.298160901858818
2012,5,"dummy","2992","Shannon Brown",-0.299898651588265
2012,5,"dummy","2387","Royal Ivey",-0.304805928809658
2012,5,"dummy","984","Tyson Chandler",-0.309111962953126
2012,5,"dummy","3997","Brandon Jennings",-0.309317364968569
2012,5,"dummy","3991","Tyler Hansbrough",-0.319980609963807
2012,5,"dummy","pair_2767_3997",NA,-0.32242695266517
2012,5,"dummy","pair_2806_3978",NA,-0.330906315646391
2012,5,"dummy","4300","Gary Neal",-0.331825125225113
2012,5,"dummy","pair_2768_3190",NA,-0.343194169473012
2012,5,"dummy","pair_1985_3449",NA,-0.344043010657259
2012,5,"dummy","6534","Ivan Johnson",-0.356582207212924
2012,5,"dummy","2018","Kendrick Perkins",-0.360483380642449
2012,5,"dummy","4258","DeMarcus Cousins",-0.363120272170596
2012,5,"dummy","3447","Robin Lopez",-0.369172236139682
2012,5,"dummy","2423","Dorell Wright",-0.371336495082455
2012,5,"dummy","2211","Matt Carroll",-0.373702939112193
2012,5,"dummy","4278",NA,-0.373999256668313
2012,5,"dummy","3243","Nick Young",-0.376072764930147
2012,5,"dummy","3464","Bill Walker",-0.379062409389764
2012,5,"dummy","4179","Larry Owens",-0.384093435167429
2012,5,"dummy","4252","Damion James",-0.389334443097143
2012,5,"dummy","981","Kwame Brown",-0.39450890564865
2012,5,"dummy","808","DeShawn Stevenson",-0.399029284186533
2012,5,"dummy","3450","O.J. Mayo",-0.403081753658142
2012,5,"dummy","1727","Amare Stoudemire",-0.41705556349983
2012,5,"dummy","3416","Nicolas Batum",-0.425009042754304
2012,5,"dummy","4276","Luke Harangody",-0.437838806990737
2012,5,"dummy","2806","Jose Calderon",-0.445205474288968
2012,5,"dummy","1017","Zach Randolph",-0.448637596705439
2012,5,"dummy","pair_4005_6479",NA,-0.450593186124617
2012,5,"dummy","4257","Derrick Favors",-0.453885428057495
2012,5,"dummy","1998","Brian Cook",-0.458021869580665
2012,5,"dummy","2798","Deron Williams",-0.464049941037553
2012,5,"dummy","2797","Marvin Williams",-0.474314555467616
2012,5,"dummy","4237","John Wall",-0.475559993642391
2012,5,"dummy","2381","Ben Gordon",-0.478885834209259
2012,5,"dummy","3246","Dominic McGuire",-0.4852033546142
2012,5,"dummy","49","Raja Bell",-0.486316382750151
2012,5,"dummy","2780","Johan Petro",-0.495199114236871
2012,5,"dummy","2178","Mo Williams",-0.497612714995074
2012,5,"dummy","3415","D.J. Augustin",-0.506690887460319
2012,5,"dummy","2775","Jason Maxiell",-0.51801466260778
2012,5,"dummy","1724","Tayshaun Prince",-0.520822844318584
2012,5,"dummy","2417","Sebastian Telfair",-0.531827041080451
2012,5,"dummy","1985","Luke Ridnour",-0.537139340525231
2012,5,"dummy","2768","Jarrett Jack",-0.542087912926047
2012,5,"dummy","3038","Shawne Williams",-0.565707516780884
2012,5,"dummy","4283","Dexter Pittman",-0.570308590886538
2012,5,"dummy","3187","Arron Afflalo",-0.571964676291548
2012,5,"dummy","3232","Jason Smith",-0.572100568054365
2012,5,"dummy","885","Ben Wallace",-0.578176750549986
2012,5,"dummy","4005","Byron Mullens",-0.586657634980992
2012,5,"dummy","2004","Willie Green",-0.591431820076566
2012,5,"dummy","3031","Craig Smith",-0.591950160688965
2012,5,"dummy","6453","DeAndre Liggins",-0.603851399660083
2012,5,"dummy","3220","Josh McRoberts",-0.612496429130813
2012,5,"dummy","3444","Kosta Koufos",-0.612759156403687
2012,5,"dummy","6428","Marshon Brooks",-0.618230943599332
2012,5,"dummy","1",NA,-0.623448282861787
2012,5,"dummy","3967","Derrick Brown",-0.624741817291291
2012,5,"dummy","2399","Emeka Okafor",-0.625787552604999
2012,5,"dummy","3448","Brook Lopez",-0.630025547852532
2012,5,"dummy","3966","Jon Brockman",-0.6321088936715
2012,5,"dummy","3998","Jonas Jerebko",-0.63544857148639
2012,5,"dummy","2171","Darko Milicic",-0.641030378140493
2012,5,"dummy","6474","Tristan Thompson",-0.655243166576726
2012,5,"dummy","2427","Andris Biedrins",-0.660449988322993
2012,5,"dummy","3207","Aaron Gray",-0.664094657260986
2012,5,"dummy","pair_1724_4260",NA,-0.664916249669213
2012,5,"dummy","2834","Chuck Hayes",-0.668701651675389
2012,5,"dummy","3002","Jordan Farmar",-0.670096768842956
2012,5,"dummy","3438","George Hill",-0.683542477601348
2012,5,"dummy","1014","Mehmet Okur",-0.688250247193489
2012,5,"dummy","6445","JaJuan Johnson",-0.692439150118368
2012,5,"dummy","6448","Brandon Knight",-0.692629873060487
2012,5,"dummy","2008","Dahntay Jones",-0.693611305660714
2012,5,"dummy","4260","Greg Monroe",-0.693972425281054
2012,5,"dummy","469","Rashard Lewis",-0.705220088502958
2012,5,"dummy","4256","Devin Ebanks",-0.727442821154485
2012,5,"dummy","1828","Reggie Evans",-0.733664597449405
2012,5,"dummy","pair_3026_662",NA,-0.737385587536651
2012,5,"dummy","1711","Drew Gooden",-0.738472904726691
2012,5,"dummy","3971","Earl Clark",-0.759963960194837
2012,5,"dummy","3460","Marreese Speights",-0.76257074910687
2012,5,"dummy","209","Keyon Dooling",-0.779929964220129
2012,5,"dummy","1999","Carlos Delfino",-0.782388801459509
2012,5,"dummy","4242","James Anderson",-0.787368641835046
2012,5,"dummy","3455","Anthony Randolph",-0.794408076860285
2012,5,"dummy","4305","Ishmael Smith",-0.820658016608603
2012,5,"dummy","6463","Darius Morris",-0.825530440714519
2012,5,"dummy","3554","Omri Casspi",-0.827616140295943
2012,5,"dummy","992","DeSagana Diop",-0.830422670810227
2012,5,"dummy","6467","Josh Selby",-0.838521833165621
2012,5,"dummy","2167","Boris Diaw",-0.863741147959177
2012,5,"dummy","130","Brian Cardinal",-0.869537024677007
2012,5,"dummy","4244","Lance Stephenson",-0.874694855660332
2012,5,"dummy","4247","Wesley Johnson",-0.877685080734837
2012,5,"dummy","1726","John Salmons",-0.881185637365747
2012,5,"dummy","2757","Ryan Gomes",-0.885919348332916
2012,5,"dummy","1024","Jamaal Tinsley",-0.912232337884335
2012,5,"dummy","3469","D.J. White",-0.920824888410802
2012,5,"dummy","6427","Bismack Biyombo",-0.929509766691312
2012,5,"dummy","6543","Julyan Stone",-0.941969482603225
2012,5,"dummy","3425","Semih Erden",-0.971780765894679
2012,5,"dummy","6485","Lance Thomas",-0.981485885258538
2012,5,"dummy","4259","Ed Davis",-1.00166343041614
2012,5,"dummy","2746","Andray Blatche",-1.01196142543235
2012,5,"dummy","4246","Dominique Jones",-1.01715091927018
2012,5,"dummy","3452","JaVale McGee",-1.03579457748862
2012,5,"dummy","3040","Shelden Williams",-1.0415517428126
2012,5,"dummy","4243","Jordan Crawford",-1.05389030292007
2012,5,"dummy","4012","DaJuan Summers",-1.0547981840207
2012,5,"dummy","3993","Gerald Henderson",-1.09619381216859
2012,5,"dummy","497","Corey Maggette",-1.13972646474417
2012,5,"dummy","pair_4237_4243",NA,-1.16655301097498
2012,5,"dummy","4267","Cole Aldrich",-1.18724623098903
2012,5,"dummy","61","Mike Bibby",-1.19136913089251
2012,5,"dummy","3032","Tyrus Thomas",-1.19970213098195
2012,5,"dummy","4020","Sam Young",-1.21410498884785
2012,5,"dummy","2015","Travis Outlaw",-1.25017034005855
2012,5,"dummy","6479","Kemba Walker",-1.25550703200986
2012,5,"dummy","692","Michael Redd",-1.27062922150289
2012,5,"dummy","2506","Damien Wilkins",-1.28209650082659
2012,5,"dummy","591","Eduardo Najera",-1.33399402188557
2012,5,"dummy","pair_510_841",NA,-1.36953421091729
2012,5,"dummy","2816","Will Bynum",-1.37385691299672
2012,5,"dummy","6434","Jimmer Fredette",-1.45498632776198
2012,5,"dummy","2794","Hakim Warrick",-1.48950370913119
2012,5,"dummy","4019","Terrence Williams",-1.53906836958542
2012,5,"dummy","3200","Glen Davis",-1.5466182471323
2012,5,"dummy","2212","Josh Davis",-1.57805342457394
2012,5,"dummy","2373","Josh Childress",-1.61326456067488
2012,5,"dummy","6530",NA,-1.62216067572201
2012,5,"dummy","4229","Reggie Williams",-1.63413787720001
2012,5,"dummy","6446","Cory Joseph",-1.7267549123076
2012,5,"dummy","6497","Jeremy Pargo",-1.91575454041775
2012,5,"dummy","6444","Charles Jenkins",-1.93586831038943
2012,5,"dummy","4235","Greg Stiemsma",-2.09935040634267
2012,5,"dummy","3010","Solomon Jones",-2.15687243599224
2012,5,"dummy","1995","Keith Bogans",-2.35506367388382
2012,5,"dummy","3985","Jonny Flynn",-2.5835894652676
2012,5,"dummy","556","Brad Miller",-2.75341172771382
2012,5,"dummy","356","Larry Hughes",-3.08171030305791
2012,5,"dummy","6555","Eric Dawson",-4.54428430854889
2012,5,"dummy","2",NA,-4.56032210979215
2012,5,"dummy","6541","Courtney Fortson",-4.7109020856256
2012,5,"dummy","3",NA,-6.27355543133162
2012,5,"dummy","1022","Bobby Simmons",-7.0541138617736
2012,10,"dummy","2761","Gerald Green",3.67400046244716
2012,10,"dummy","272","Manu Ginobili",2.35749390112896
2012,10,"dummy","136","Vince Carter",2.22891244946523
2012,10,"dummy","3431","Eric Gordon",2.1605543871455
2012,10,"dummy","45","Tony Battie",1.94018691671998
2012,10,"dummy","5",NA,1.8540096096653
2012,10,"dummy","2789","Ronny Turiaf",1.76156931938992
2012,10,"dummy","4261","Ekpe Udoh",1.72958457939425
2012,10,"dummy","1051","Mike James",1.62452239788895
2012,10,"dummy","3211","Spencer Hawes",1.62068511799936
2012,10,"dummy","3986","Taj Gibson",1.60811770884215
2012,10,"dummy","515","Kenyon Martin",1.48422823349513
2012,10,"dummy","3018","Steve Novak",1.44382887931349
2012,10,"dummy","6439","Josh Harrellson",1.42121250788967
2012,10,"dummy","6478","Nikola Vucevic",1.40704251315139
2012,10,"dummy","1705","Caron Butler",1.40589629947804
2012,10,"dummy","1978","Nick Collison",1.38928488392694
2012,10,"dummy","3055","Jose Juan",1.38655223712894
2012,10,"dummy","1996","Matt Bonner",1.27015500370863
2012,10,"dummy","2795","Martell Webster",1.22592833446227
2012,10,"dummy","1708","Mike Dunleavy",1.21010863194205
2012,10,"dummy","2760","Danny Granger",1.18637062299659
2012,10,"dummy","532","Tracy McGrady",1.18504694517802
2012,10,"dummy","3213","Al Horford",1.17174878542427
2012,10,"dummy","pair_2758_592",NA,1.16076345344144
2012,10,"dummy","846","Kurt Thomas",1.15842405330568
2012,10,"dummy","2448","Beno Udrih",1.15527190874677
2012,10,"dummy","1000","Brendan Haywood",1.15420205036256
2012,10,"dummy","4299","Jeremy Lin",1.14668125046167
2012,10,"dummy","4248","Al-Farouq Aminu",1.1284905009562
2012,10,"dummy","294","Richard Hamilton",1.11404971902057
2012,10,"dummy","3244","Thaddeus Young",1.09038506471892
2012,10,"dummy","3195","Mike Conley",1.08261628924677
2012,10,"dummy","3242","Brandan Wright",1.06621717307161
2012,10,"dummy","2429","Luol Deng",1.06042270862155
2012,10,"dummy","4265","Larry Sanders",1.02864871929273
2012,10,"dummy","3456","Derrick Rose",1.01455598077251
2012,10,"dummy","3968","Chase Budinger",1.00540184846992
2012,10,"dummy","3992","James Harden",0.960841291577665
2012,10,"dummy","pair_2983_4032",NA,0.960148962691766
2012,10,"dummy","2991","Ronnie Brewer",0.95629239271328
2012,10,"dummy","3428","Danilo Gallinari",0.936345853002187
2012,10,"dummy","3419","Mario Chalmers",0.884292113930005
2012,10,"dummy","609","Dirk Nowitzki",0.881994654581153
2012,10,"dummy","498","Jamaal Magloire",0.880493479865665
2012,10,"dummy","6546","Gustavo Ayon",0.874883564310131
2012,10,"dummy","63","Chauncey Billups",0.835524533521479
2012,10,"dummy","1966","LeBron James",0.831983412174745
2012,10,"dummy","1013","Troy Murphy",0.81719441523615
2012,10,"dummy","2444","J.R. Smith",0.802231582525136
2012,10,"dummy","3206","Marc Gasol",0.799410297989263
2012,10,"dummy","165","Jamal Crawford",0.795231694442697
2012,10,"dummy","pair_1966_3419",NA,0.792015905217856
2012,10,"dummy","2439","Jameer Nelson",0.778686709867904
2012,10,"dummy","3412","Ryan Anderson",0.777946288332568
2012,10,"dummy","976","Shane Battier",0.776417372659552
2012,10,"dummy","3204","Rudy Fernandez",0.773467533724063
2012,10,"dummy","2866","John Lucas",0.765896050412733
2012,10,"dummy","1015","Tony Parker",0.747925493186264
2012,10,"dummy","3442","DeAndre Jordan",0.733464365172363
2012,10,"dummy","2983","LaMarcus Aldridge",0.729201976520534
2012,10,"dummy","pair_2760_3436",NA,0.718880835331474
2012,10,"dummy","2770","Linas Kleiza",0.71871464130251
2012,10,"dummy","pair_3005_3206",NA,0.701927464383687
2012,10,"dummy","2779","Chris Paul",0.700589002792613
2012,10,"dummy","557","Andre Miller",0.674118942932347
2012,10,"dummy","1016","Vladimir Radmanovic",0.653141341144443
2012,10,"dummy","6452","Jon Leuer",0.644902622948407
2012,10,"dummy","3989","Blake Griffin",0.636314782086728
2012,10,"dummy","3233","Tiago Splitter",0.634276805606367
2012,10,"dummy","991","Samuel Dalembert",0.630605945208009
2012,10,"dummy","1026","Gerald Wallace",0.630165547997235
2012,10,"dummy","3988","Daniel Green",0.626794775988435
2012,10,"dummy","1765","Matt Barnes",0.610644637961748
2012,10,"dummy","3028","Thabo Sefolosha",0.60991147735725
2012,10,"dummy","3994","Jordan Hill",0.609377973790033
2012,10,"dummy","3451","Luc Richard",0.605306613163695
2012,10,"dummy","261","Kevin Garnett",0.603596313721468
2012,10,"dummy","pair_2799_3244",NA,0.597295720433172
2012,10,"dummy","1987","Dwyane Wade",0.588597990915578
2012,10,"dummy","4253","Quincy Pondexter",0.564803938786152
2012,10,"dummy","6523",NA,0.563876379540582
2012,10,"dummy","4165","Jan Vesely",0.56350042341415
2012,10,"dummy","3196","Daequan Cook",0.551371000704753
2012,10,"dummy","110","Kobe Bryant",0.550546993929929
2012,10,"dummy","1981","Kirk Hinrich",0.547948762327251
2012,10,"dummy","336","Grant Hill",0.547293544270404
2012,10,"dummy","2184","Udonis Haslem",0.541014934787299
2012,10,"dummy","1018","Jason Richardson",0.53660594315621
2012,10,"dummy","1731","Chris Wilcox",0.522014845285748
2012,10,"dummy","429","Jason Kidd",0.512820766558881
2012,10,"dummy","3981","Wayne Ellington",0.510920086561658
2012,10,"dummy","3445","Courtney Lee",0.510893335689384
2012,10,"dummy","2411","Josh Smith",0.510418370235341
2012,10,"dummy","2748","Andrew Bynum",0.510278357348584
2012,10,"dummy","125","Marcus Camby",0.503914332936028
2012,10,"dummy","2377","Chris Duhon",0.492066820941119
2012,10,"dummy","pair_3423_3445",NA,0.488879304327198
2012,10,"dummy","2367","Tony Allen",0.485386200058127
2012,10,"dummy","4239","Evan Turner",0.482627780966922
2012,10,"dummy","2016","Zaza Pachulia",0.478009639311512
2012,10,"dummy","3975","Stephen Curry",0.475940136518337
2012,10,"dummy","3012","Kyle Lowry",0.475910714685131
2012,10,"dummy","592","Steve Nash",0.470309023555781
2012,10,"dummy","1977","Chris Bosh",0.469408428314658
2012,10,"dummy","4001","Eric Maynor",0.452984429354769
2012,10,"dummy","3995","Jrue Holiday",0.437755922427045
2012,10,"dummy","4304","Samardo Samuels",0.431936616451842
2012,10,"dummy","1982","Chris Kaman",0.427922953087502
2012,10,"dummy","3436","Roy Hibbert",0.425729914683165
2012,10,"dummy","3437","J.J. Hickson",0.412849772786165
2012,10,"dummy","3247","Joel Anthony",0.411262099298428
2012,10,"dummy","703","Quentin Richardson",0.407675455561562
2012,10,"dummy","2422","Delonte West",0.400117141950444
2012,10,"dummy","2774","Ian Mahinmi",0.399942712452631
2012,10,"dummy","4274","Landry Fields",0.399080360723143
2012,10,"dummy","3449","Kevin Love",0.397449403199835
2012,10,"dummy","6447","Enes Kanter",0.388442773872199
2012,10,"dummy","pair_308_557",NA,0.386910365652915
2012,10,"dummy","2769","Amir Johnson",0.384353085973209
2012,10,"dummy","3015","Paul Millsap",0.364833147510529
2012,10,"dummy","pair_3202_3468",NA,0.361483021557011
2012,10,"dummy","2384","Dwight Howard",0.361082561770299
2012,10,"dummy","4017","Marcus Thornton",0.358733057340837
2012,10,"dummy","pair_110_996",NA,0.357315815876691
2012,10,"dummy","3224","Joakim Noah",0.356819172385393
2012,10,"dummy","1994","Steve Blake",0.351348099649222
2012,10,"dummy","pair_2433_2798",NA,0.344689392068722
2012,10,"dummy","6424","Lavoy Allen",0.343412153199988
2012,10,"dummy","3202","Kevin Durant",0.335271730126776
2012,10,"dummy","2753","Raymond Felton",0.333042048026807
2012,10,"dummy","1007","Joe Johnson",0.332753417507985
2012,10,"dummy","2767","Ersan Ilyasova",0.331176898260626
2012,10,"dummy","4032","Wesley Matthews",0.330463265674992
2012,10,"dummy","2755","Francisco Garcia",0.322731312229568
2012,10,"dummy","4289","Kevin Seraphin",0.313088528517854
2012,10,"dummy","3457","Brandon Rush",0.309683201593526
2012,10,"dummy","1717","Jared Jeffries",0.30188800665288
2012,10,"dummy","3468","Russell Westbrook",0.297456217619437
2012,10,"dummy","pair_2779_3989",NA,0.285862080378536
2012,10,"dummy","6466","Chandler Parsons",0.282447836789838
2012,10,"dummy","2386","Andre Iguodala",0.278309945748443
2012,10,"dummy","4015","Jeff Teague",0.277327930868036
2012,10,"dummy","2747","Andrew Bogut",0.275705879396022
2012,10,"dummy","3453","Nikola Pekovic",0.274171320158956
2012,10,"dummy","25","Metta World",0.257520329091402
2012,10,"dummy","3414","Omer Asik",0.250255514231572
2012,10,"dummy","6480","Derrick Williams",0.249073110276561
2012,10,"dummy","2177","David West",0.243986496435982
2012,10,"dummy","2173","Mickael Pietrus",0.229030856234985
2012,10,"dummy","pair_2384_3024",NA,0.21583954597355
2012,10,"dummy","558","Mike Miller",0.203781055393984
2012,10,"dummy","4011","Ricky Rubio",0.203330148072035
2012,10,"dummy","3231","Ramon Sessions",0.199359751604323
2012,10,"dummy","2778","C.J. Miles",0.198902579222335
2012,10,"dummy","2799","Lou Williams",0.194500023022569
2012,10,"dummy","4251","Paul George",0.171319973768662
2012,10,"dummy","2758","Marcin Gortat",0.160164368878173
2012,10,"dummy","pair_2411_4015",NA,0.140261391160239
2012,10,"dummy","215","Tim Duncan",0.123311232676942
2012,10,"dummy","pair_1703_3224",NA,0.118761238665793
2012,10,"dummy","862","Hedo Turkoglu",0.116280783898616
2012,10,"dummy","615","Jermaine O'Neal",0.0946710649097608
2012,10,"dummy","4000","Ty Lawson",0.0884629958477514
2012,10,"dummy","2807","Ronnie Price",0.0853936963149571
2012,10,"dummy","6470","Chris Singleton",0.0841661340537196
2012,10,"dummy","1135","Chris Andersen",0.0774302255999711
2012,10,"dummy","3235","Rodney Stuckey",0.0728811214963465
2012,10,"dummy","1027","Earl Watson",0.071022763271608
2012,10,"dummy","996","Pau Gasol",0.064975493906635
2012,10,"dummy","841","Jason Terry",0.0638680920184302
2012,10,"dummy","3973","Darren Collison",0.0578952886539262
2012,10,"dummy","2006","Josh Howard",0.0507226808397877
2012,10,"dummy","4270","Trevor Booker",0.0495616165425806
2012,10,"dummy","3006","Daniel Gibson",0.0458844905484205
2012,10,"dummy","6468","Iman Shumpert",0.0412228092911493
2012,10,"dummy","3277","C.J. Watson",0.036593880193927
2012,10,"dummy","2987","Andrea Bargnani",0.0357485147932234
2012,10,"dummy","pair_1015_215",NA,0.0213865568439911
2012,10,"dummy","pair_2772_3457",NA,0.0163365725107529
2012,10,"dummy","4224","Sundiata Gaines",0.0150451068234183
2012,10,"dummy","2754","Channing Frye",0.00879988379542051
2012,10,"dummy","pair_2389_3015",NA,0.00464873742257395
2012,10,"dummy","308","Al Harrington",0.00102381687823448
2012,10,"dummy","1713","Nene Hilario",-0.00120457896163592
2012,10,"dummy","1781","Luis Scola",-0.0063532903756962
2012,10,"dummy","662","Paul Pierce",-0.0171684266793827
2012,10,"dummy","2772","David Lee",-0.017498963557543
2012,10,"dummy","2011","Kyle Korver",-0.0178689203825591
2012,10,"dummy","6526","W Russell",-0.0209659608924298
2012,10,"dummy","2166","Leandro Barbosa",-0.0241919644910463
2012,10,"dummy","3432","Donte Greene",-0.0348288483973237
2012,10,"dummy","3276","Anthony Tolliver",-0.0407653692333228
2012,10,"dummy","3965","DeJuan Blair",-0.0442298725923515
2012,10,"dummy","4298","Timofey Mozgov",-0.0451625477775308
2012,10,"dummy","4232","Alonzo Gee",-0.0479316333834129
2012,10,"dummy","9","Ray Allen",-0.0480937583216026
2012,10,"dummy","2745","Brandon Bass",-0.049062157000143
2012,10,"dummy","3963","Rodrigue Beaubois",-0.0542758594857757
2012,10,"dummy","3003","Randy Foye",-0.0586272651473692
2012,10,"dummy","3190","Marco Belinelli",-0.0593560539177194
2012,10,"dummy","4249","Gordon Hayward",-0.0594436875178154
2012,10,"dummy","246","Derek Fisher",-0.0603846431800928
2012,10,"dummy","6433","Kenneth Faried",-0.073374726286253
2012,10,"dummy","2751","Monta Ellis",-0.0897706477313814
2012,10,"dummy","4003","Jodie Meeks",-0.0949467320924263
2012,10,"dummy","6450","Kawhi Leonard",-0.0979602184269132
2012,10,"dummy","3439","Serge Ibaka",-0.0987160949001715
2012,10,"dummy","pair_385_4232",NA,-0.100544048941636
2012,10,"dummy","1006","Richard Jefferson",-0.101663644694398
2012,10,"dummy","378","Stephen Jackson",-0.108029424623607
2012,10,"dummy","2",NA,-0.108149881921903
2012,10,"dummy","3462","Jason Thompson",-0.108651732394128
2012,10,"dummy","1767","Rasual Butler",-0.116693081197091
2012,10,"dummy","91","Elton Brand",-0.120599916146456
2012,10,"dummy","2382","Devin Harris",-0.125512131480716
2012,10,"dummy","6472","Isaiah Thomas",-0.129604399064655
2012,10,"dummy","3005","Rudy Gay",-0.132286562258987
2012,10,"dummy","2419","Anderson Varejao",-0.133262295278852
2012,10,"dummy","6461","Markieff Morris",-0.135880177719444
2012,10,"dummy","3474","Anthony Morrow",-0.141229024979231
2012,10,"dummy","3024","J.J. Redick",-0.147582226592893
2012,10,"dummy","4264","Patrick Patterson",-0.153876175424412
2012,10,"dummy","4291","Greivis Vasquez",-0.15943507416215
2012,10,"dummy","3976","Austin Daye",-0.180898693830669
2012,10,"dummy","1979","T.J. Ford",-0.186739021943068
2012,10,"dummy","3974","Dante Cunningham",-0.203305505229953
2012,10,"dummy","2782","Nate Robinson",-0.210410753078341
2012,10,"dummy","2426","Trevor Ariza",-0.215655370761986
2012,10,"dummy","635","Anthony Parker",-0.216380587307153
2012,10,"dummy","3191","Corey Brewer",-0.225678976175525
2012,10,"dummy","3423","Goran Dragic",-0.227715045809237
2012,10,"dummy","3999","James Johnson",-0.228735985616135
2012,10,"dummy","3026","Rajon Rondo",-0.237421315381975
2012,10,"dummy","3978","DeMar DeRozan",-0.240717115544296
2012,10,"dummy","510","Shawn Marion",-0.243681101980171
2012,10,"dummy","385","Antawn Jamison",-0.252021469932197
2012,10,"dummy","1703","Carlos Boozer",-0.257663919621845
2012,10,"dummy","3979","Toney Douglas",-0.259620257785487
2012,10,"dummy","3983","Tyreke Evans",-0.268049494000209
2012,10,"dummy","2393","Shaun Livingston",-0.270177332698035
2012,10,"dummy","617","Lamar Odom",-0.286304525395728
2012,10,"dummy","1975","Carmelo Anthony",-0.291048337797749
2012,10,"dummy","6442","Kyrie Irving",-0.293714307239887
2012,10,"dummy","2433","Kris Humphries",-0.296357372502104
2012,10,"dummy","3217","Carl Landry",-0.300791153548461
2012,10,"dummy","3417","Jerryd Bayless",-0.306735351685526
2012,10,"dummy","pair_3983_4258",NA,-0.309226022416907
2012,10,"dummy","2394","Kevin Martin",-0.313482906556774
2012,10,"dummy","4240","Avery Bradley",-0.325006603198726
2012,10,"dummy","3991","Tyler Hansbrough",-0.330277364403672
2012,10,"dummy","pair_1975_984",NA,-0.338679590534558
2012,10,"dummy","3418","Michael Beasley",-0.347353283478621
2012,10,"dummy","2992","Shannon Brown",-0.348200806452315
2012,10,"dummy","2389","Al Jefferson",-0.351678234888997
2012,10,"dummy","6431","Norris Cole",-0.358635612853946
2012,10,"dummy","pair_2768_3190",NA,-0.377510677332429
2012,10,"dummy","3243","Nick Young",-0.393534523172262
2012,10,"dummy","pair_2806_3978",NA,-0.404123205427554
2012,10,"dummy","3997","Brandon Jennings",-0.405341715283161
2012,10,"dummy","pair_4005_6479",NA,-0.406657077372604
2012,10,"dummy","3201","Jared Dudley",-0.41667951424816
2012,10,"dummy","4258","DeMarcus Cousins",-0.421659033151677
2012,10,"dummy","pair_1985_3449",NA,-0.43212346509508
2012,10,"dummy","6475","Klay Thompson",-0.449201523459686
2012,10,"dummy","984","Tyson Chandler",-0.451834920801201
2012,10,"dummy","pair_2767_3997",NA,-0.457673211811376
2012,10,"dummy","808","DeShawn Stevenson",-0.45941189330381
2012,10,"dummy","6534","Ivan Johnson",-0.466553629893731
2012,10,"dummy","3415","D.J. Augustin",-0.485619300871176
2012,10,"dummy","4237","John Wall",-0.497911007944228
2012,10,"dummy","2423","Dorell Wright",-0.50270701234713
2012,10,"dummy","3464","Bill Walker",-0.510353963736794
2012,10,"dummy","981","Kwame Brown",-0.512581425093602
2012,10,"dummy","4252","Damion James",-0.520093666098395
2012,10,"dummy","4300","Gary Neal",-0.553107874913513
2012,10,"dummy","2798","Deron Williams",-0.558022098222765
2012,10,"dummy","1",NA,-0.563293348056962
2012,10,"dummy","1727","Amare Stoudemire",-0.566664015449536
2012,10,"dummy","1724","Tayshaun Prince",-0.58506485050664
2012,10,"dummy","2806","Jose Calderon",-0.590653023498841
2012,10,"dummy","2381","Ben Gordon",-0.59726186190827
2012,10,"dummy","2780","Johan Petro",-0.599724333430778
2012,10,"dummy","2018","Kendrick Perkins",-0.61313391065119
2012,10,"dummy","4257","Derrick Favors",-0.620915021323207
2012,10,"dummy","4005","Byron Mullens",-0.626580963857985
2012,10,"dummy","49","Raja Bell",-0.665447925015074
2012,10,"dummy","3038","Shawne Williams",-0.681134355066291
2012,10,"dummy","3967","Derrick Brown",-0.685172854658991
2012,10,"dummy","2775","Jason Maxiell",-0.695034429521011
2012,10,"dummy","2178","Mo Williams",-0.697808137562079
2012,10,"dummy","3450","O.J. Mayo",-0.724955204071192
2012,10,"dummy","2768","Jarrett Jack",-0.726544278483834
2012,10,"dummy","3232","Jason Smith",-0.728640277714094
2012,10,"dummy","2797","Marvin Williams",-0.746753677037576
2012,10,"dummy","6428","Marshon Brooks",-0.748241398387194
2012,10,"dummy","1985","Luke Ridnour",-0.756166959022361
2012,10,"dummy","3416","Nicolas Batum",-0.760408462089612
2012,10,"dummy","3448","Brook Lopez",-0.772148050119753
2012,10,"dummy","2004","Willie Green",-0.773529044728825
2012,10,"dummy","2008","Dahntay Jones",-0.800650932578452
2012,10,"dummy","3002","Jordan Farmar",-0.811044799882268
2012,10,"dummy","3220","Josh McRoberts",-0.811668242620146
2012,10,"dummy","pair_1724_4260",NA,-0.81701133520987
2012,10,"dummy","3187","Arron Afflalo",-0.817112536031081
2012,10,"dummy","469","Rashard Lewis",-0.81746902587788
2012,10,"dummy","2399","Emeka Okafor",-0.830762996515641
2012,10,"dummy","1017","Zach Randolph",-0.832604539605782
2012,10,"dummy","2171","Darko Milicic",-0.84055262574941
2012,10,"dummy","3207","Aaron Gray",-0.847007295416376
2012,10,"dummy","885","Ben Wallace",-0.871721265974396
2012,10,"dummy","3998","Jonas Jerebko",-0.875507300551573
2012,10,"dummy","2427","Andris Biedrins",-0.890630344565837
2012,10,"dummy","2834","Chuck Hayes",-0.891123739850876
2012,10,"dummy","6448","Brandon Knight",-0.8988014566107
2012,10,"dummy","4260","Greg Monroe",-0.902644215878393
2012,10,"dummy","3444","Kosta Koufos",-0.922882729964179
2012,10,"dummy","6474","Tristan Thompson",-0.932127994891329
2012,10,"dummy","1014","Mehmet Okur",-0.941456540082343
2012,10,"dummy","992","DeSagana Diop",-0.942281779101183
2012,10,"dummy","2167","Boris Diaw",-0.963298328119618
2012,10,"dummy","1711","Drew Gooden",-0.99369145428002
2012,10,"dummy","3438","George Hill",-1.01311307847836
2012,10,"dummy","4256","Devin Ebanks",-1.04693048114515
2012,10,"dummy","1828","Reggie Evans",-1.0584498592326
2012,10,"dummy","1999","Carlos Delfino",-1.09819888353021
2012,10,"dummy","pair_3026_662",NA,-1.1094581115473
2012,10,"dummy","6427","Bismack Biyombo",-1.11445488013345
2012,10,"dummy","3554","Omri Casspi",-1.12814261773645
2012,10,"dummy","3469","D.J. White",-1.14873607402139
2012,10,"dummy","1726","John Salmons",-1.17908652674218
2012,10,"dummy","3460","Marreese Speights",-1.18665197321171
2012,10,"dummy","4247","Wesley Johnson",-1.20996524985762
2012,10,"dummy","209","Keyon Dooling",-1.26316861946805
2012,10,"dummy","2746","Andray Blatche",-1.29147794155664
2012,10,"dummy","4243","Jordan Crawford",-1.33018007807501
2012,10,"dummy","3452","JaVale McGee",-1.35897655144653
2012,10,"dummy","4012","DaJuan Summers",-1.36151942944672
2012,10,"dummy","3425","Semih Erden",-1.36733369443982
2012,10,"dummy","2757","Ryan Gomes",-1.37119138592585
2012,10,"dummy","3993","Gerald Henderson",-1.37643643036911
2012,10,"dummy","497","Corey Maggette",-1.38034489369987
2012,10,"dummy","3040","Shelden Williams",-1.38768359331138
2012,10,"dummy","4259","Ed Davis",-1.39474694839947
2012,10,"dummy","pair_4237_4243",NA,-1.44923641858614
2012,10,"dummy","3032","Tyrus Thomas",-1.50065713271844
2012,10,"dummy","6479","Kemba Walker",-1.62664434196021
2012,10,"dummy","61","Mike Bibby",-1.65400779138238
2012,10,"dummy","692","Michael Redd",-1.82399993682691
2012,10,"dummy","pair_510_841",NA,-1.93817513288048
2012,10,"dummy","6434","Jimmer Fredette",-1.98808931588781
2012,10,"dummy","2794","Hakim Warrick",-2.03645901122408
2012,10,"dummy","4229","Reggie Williams",-2.03768986336383
2012,10,"dummy","2373","Josh Childress",-2.16114813730637
2012,10,"dummy","3200","Glen Davis",-2.31422304753675
2012,10,"dummy","4019","Terrence Williams",-2.3535988519167
2012,10,"dummy","6444","Charles Jenkins",-2.73181287886963
2012,10,"dummy","3010","Solomon Jones",-3.15531503345622
2012,10,"dummy","1995","Keith Bogans",-3.18834797765158
2012,10,"dummy","3",NA,-3.20552059839004
2012,10,"dummy","4",NA,-4.54699278181071
2012,10,"dummy","6555","Eric Dawson",-6.80035209813175
2012,10,"dummy","1022","Bobby Simmons",-9.92571418973217
2012,15,"dummy","272","Manu Ginobili",2.52335818201381
2012,15,"dummy","136","Vince Carter",2.41800522015659
2012,15,"dummy","3431","Eric Gordon",2.36910021981331
2012,15,"dummy","4261","Ekpe Udoh",1.8202462458695
2012,15,"dummy","3211","Spencer Hawes",1.69021961532782
2012,15,"dummy","1708","Mike Dunleavy",1.55521475651677
2012,15,"dummy","1705","Caron Butler",1.54720413611385
2012,15,"dummy","1978","Nick Collison",1.47593270248072
2012,15,"dummy","6478","Nikola Vucevic",1.46106514899281
2012,15,"dummy","4299","Jeremy Lin",1.45569167011365
2012,15,"dummy","6439","Josh Harrellson",1.45251734359871
2012,15,"dummy","2429","Luol Deng",1.38918046466732
2012,15,"dummy","3213","Al Horford",1.33237995642534
2012,15,"dummy","1996","Matt Bonner",1.3183393912999
2012,15,"dummy","2760","Danny Granger",1.26084476907357
2012,15,"dummy","pair_2758_592",NA,1.23148496807244
2012,15,"dummy","294","Richard Hamilton",1.22100635420567
2012,15,"dummy","2991","Ronnie Brewer",1.21011368745196
2012,15,"dummy","3195","Mike Conley",1.17145827302533
2012,15,"dummy","3456","Derrick Rose",1.14822320007711
2012,15,"dummy","3244","Thaddeus Young",1.14509253088785
2012,15,"dummy","1000","Brendan Haywood",1.13151650502613
2012,15,"dummy","3968","Chase Budinger",1.10522989461098
2012,15,"dummy","4248","Al-Farouq Aminu",1.08673801912747
2012,15,"dummy","165","Jamal Crawford",1.04185726202519
2012,15,"dummy","pair_2983_4032",NA,1.03042915671074
2012,15,"dummy","2444","J.R. Smith",1.01271113921508
2012,15,"dummy","3992","James Harden",1.00809116527242
2012,15,"dummy","3428","Danilo Gallinari",0.992134846116659
2012,15,"dummy","609","Dirk Nowitzki",0.976744688742997
2012,15,"dummy","6546","Gustavo Ayon",0.897800970911978
2012,15,"dummy","3204","Rudy Fernandez",0.892493416984702
2012,15,"dummy","3419","Mario Chalmers",0.889805228434718
2012,15,"dummy","3206","Marc Gasol",0.880135516358604
2012,15,"dummy","1966","LeBron James",0.866727783199615
2012,15,"dummy","2439","Jameer Nelson",0.840103802318502
2012,15,"dummy","2770","Linas Kleiza",0.826796630647433
2012,15,"dummy","1015","Tony Parker",0.818963206624775
2012,15,"dummy","pair_1966_3419",NA,0.804847362980658
2012,15,"dummy","3412","Ryan Anderson",0.801298321913444
2012,15,"dummy","1013","Troy Murphy",0.799009510519306
2012,15,"dummy","2983","LaMarcus Aldridge",0.7957375626378
2012,15,"dummy","976","Shane Battier",0.787228640710831
2012,15,"dummy","63","Chauncey Billups",0.779687280945547
2012,15,"dummy","pair_2760_3436",NA,0.768482901481293
2012,15,"dummy","1981","Kirk Hinrich",0.736548582691111
2012,15,"dummy","3442","DeAndre Jordan",0.735758083182085
2012,15,"dummy","pair_3005_3206",NA,0.734631564430005
2012,15,"dummy","557","Andre Miller",0.727812306362276
2012,15,"dummy","3451","Luc Richard",0.720866604632076
2012,15,"dummy","2779","Chris Paul",0.702253037558139
2012,15,"dummy","1026","Gerald Wallace",0.700277055600064
2012,15,"dummy","6523",NA,0.698285382733751
2012,15,"dummy","3028","Thabo Sefolosha",0.67365363312751
2012,15,"dummy","3233","Tiago Splitter",0.659787238641415
2012,15,"dummy","1765","Matt Barnes",0.656179905529397
2012,15,"dummy","3994","Jordan Hill",0.647924735300908
2012,15,"dummy","991","Samuel Dalembert",0.633150727710341
2012,15,"dummy","1987","Dwyane Wade",0.623874328099743
2012,15,"dummy","1018","Jason Richardson",0.606098216298053
2012,15,"dummy","3989","Blake Griffin",0.596382821911506
2012,15,"dummy","3988","Daniel Green",0.595664611332682
2012,15,"dummy","336","Grant Hill",0.59536746378201
2012,15,"dummy","pair_2799_3244",NA,0.593807001257791
2012,15,"dummy","3975","Stephen Curry",0.585780196707612
2012,15,"dummy","2016","Zaza Pachulia",0.575889380819793
2012,15,"dummy","6480","Derrick Williams",0.575665133008401
2012,15,"dummy","2748","Andrew Bynum",0.568735820976272
2012,15,"dummy","3196","Daequan Cook",0.560141498058604
2012,15,"dummy","261","Kevin Garnett",0.55782112679415
2012,15,"dummy","429","Jason Kidd",0.551658942437332
2012,15,"dummy","2184","Udonis Haslem",0.547081549800671
2012,15,"dummy","110","Kobe Bryant",0.541604500804958
2012,15,"dummy","2377","Chris Duhon",0.534321510633411
2012,15,"dummy","3449","Kevin Love",0.528568761430968
2012,15,"dummy","2411","Josh Smith",0.521319920057733
2012,15,"dummy","pair_3423_3445",NA,0.518257981528865
2012,15,"dummy","2367","Tony Allen",0.512279150501208
2012,15,"dummy","4239","Evan Turner",0.505519128950137
2012,15,"dummy","3445","Courtney Lee",0.504678288600512
2012,15,"dummy","3012","Kyle Lowry",0.501853786350756
2012,15,"dummy","1977","Chris Bosh",0.487775273205444
2012,15,"dummy","3995","Jrue Holiday",0.482638447195559
2012,15,"dummy","1982","Chris Kaman",0.474457663005883
2012,15,"dummy","4274","Landry Fields",0.474046134769004
2012,15,"dummy","3437","J.J. Hickson",0.470712071687383
2012,15,"dummy","1731","Chris Wilcox",0.458648315497582
2012,15,"dummy","2767","Ersan Ilyasova",0.456005432034754
2012,15,"dummy","2422","Delonte West",0.441792898593493
2012,15,"dummy","3453","Nikola Pekovic",0.441057603765464
2012,15,"dummy","3247","Joel Anthony",0.434230927013097
2012,15,"dummy","3436","Roy Hibbert",0.432703334081369
2012,15,"dummy","592","Steve Nash",0.432029242256963
2012,15,"dummy","125","Marcus Camby",0.43081818768398
2012,15,"dummy","1007","Joe Johnson",0.42192248336296
2012,15,"dummy","4032","Wesley Matthews",0.417646764936152
2012,15,"dummy","2753","Raymond Felton",0.406189539081093
2012,15,"dummy","2769","Amir Johnson",0.398207602961263
2012,15,"dummy","3015","Paul Millsap",0.39792382265339
2012,15,"dummy","pair_3202_3468",NA,0.396128146138047
2012,15,"dummy","pair_308_557",NA,0.393985595370862
2012,15,"dummy","2384","Dwight Howard",0.38772295858278
2012,15,"dummy","2011","Kyle Korver",0.387656284101385
2012,15,"dummy","4017","Marcus Thornton",0.380402226084176
2012,15,"dummy","3224","Joakim Noah",0.360780952158083
2012,15,"dummy","3202","Kevin Durant",0.360549024484382
2012,15,"dummy","1717","Jared Jeffries",0.359679140053559
2012,15,"dummy","6424","Lavoy Allen",0.358916166189537
2012,15,"dummy","pair_2433_2798",NA,0.355731445992625
2012,15,"dummy","4015","Jeff Teague",0.33978321249404
2012,15,"dummy","2386","Andre Iguodala",0.338838921841617
2012,15,"dummy","pair_110_996",NA,0.336849818657523
2012,15,"dummy","2747","Andrew Bogut",0.325591471213598
2012,15,"dummy","3468","Russell Westbrook",0.312604078804902
2012,15,"dummy","pair_2779_3989",NA,0.301902851573006
2012,15,"dummy","1994","Steve Blake",0.299424483014104
2012,15,"dummy","4011","Ricky Rubio",0.295068824132041
2012,15,"dummy","2778","C.J. Miles",0.282525658763129
2012,15,"dummy","3457","Brandon Rush",0.276784120145629
2012,15,"dummy","6466","Chandler Parsons",0.259668083218083
2012,15,"dummy","25","Metta World",0.239964895366763
2012,15,"dummy","pair_2384_3024",NA,0.223571984826379
2012,15,"dummy","2177","David West",0.212513645181766
2012,15,"dummy","3277","C.J. Watson",0.21093880389495
2012,15,"dummy","841","Jason Terry",0.186866088669676
2012,15,"dummy","2799","Lou Williams",0.166995901127705
2012,15,"dummy","4251","Paul George",0.150871104152711
2012,15,"dummy","pair_2411_4015",NA,0.140195642564772
2012,15,"dummy","1027","Earl Watson",0.135029086453254
2012,15,"dummy","6470","Chris Singleton",0.130976575116262
2012,15,"dummy","2173","Mickael Pietrus",0.125360384631548
2012,15,"dummy","2006","Josh Howard",0.122940626729694
2012,15,"dummy","215","Tim Duncan",0.113777134342459
2012,15,"dummy","3231","Ramon Sessions",0.0950035560160526
2012,15,"dummy","862","Hedo Turkoglu",0.0890197277182645
2012,15,"dummy","4000","Ty Lawson",0.0878462388541651
2012,15,"dummy","2758","Marcin Gortat",0.0809886882203953
2012,15,"dummy","4270","Trevor Booker",0.0709068048291214
2012,15,"dummy","615","Jermaine O'Neal",0.0704289293094527
2012,15,"dummy","3235","Rodney Stuckey",0.056411823576222
2012,15,"dummy","6468","Iman Shumpert",0.0549840184444225
2012,15,"dummy","6433","Kenneth Faried",0.0476671463818268
2012,15,"dummy","3973","Darren Collison",0.043517452999933
2012,15,"dummy","378","Stephen Jackson",0.0429195171784982
2012,15,"dummy","2987","Andrea Bargnani",0.0308111688561273
2012,15,"dummy","pair_1015_215",NA,0.0257601878818579
2012,15,"dummy","996","Pau Gasol",0.0221035514740802
2012,15,"dummy","pair_2772_3457",NA,0.0178544916124968
2012,15,"dummy","2166","Leandro Barbosa",0.00961392434308065
2012,15,"dummy","3963","Rodrigue Beaubois",0.00412289330376269
2012,15,"dummy","1713","Nene Hilario",-0.0032304918761248
2012,15,"dummy","pair_2389_3015",NA,-0.00772742708047424
2012,15,"dummy","308","Al Harrington",-0.0155044230826135
2012,15,"dummy","4298","Timofey Mozgov",-0.0163776688679932
2012,15,"dummy","pair_1703_3224",NA,-0.0233448757348681
2012,15,"dummy","3006","Daniel Gibson",-0.028292192081919
2012,15,"dummy","1781","Luis Scola",-0.0343287219633127
2012,15,"dummy","3965","DeJuan Blair",-0.0347554403373689
2012,15,"dummy","4249","Gordon Hayward",-0.0404933215263086
2012,15,"dummy","662","Paul Pierce",-0.0410229843973425
2012,15,"dummy","4003","Jodie Meeks",-0.0452619710638999
2012,15,"dummy","6472","Isaiah Thomas",-0.0486878642727977
2012,15,"dummy","3190","Marco Belinelli",-0.0530789348317868
2012,15,"dummy","3418","Michael Beasley",-0.0533542406761735
2012,15,"dummy","9","Ray Allen",-0.0624627035375019
2012,15,"dummy","2419","Anderson Varejao",-0.0707666211022208
2012,15,"dummy","2754","Channing Frye",-0.0781150685491469
2012,15,"dummy","2772","David Lee",-0.0781455427961764
2012,15,"dummy","3439","Serge Ibaka",-0.0796542066264622
2012,15,"dummy","2382","Devin Harris",-0.0909044792256318
2012,15,"dummy","1",NA,-0.0972225391455024
2012,15,"dummy","91","Elton Brand",-0.101627245888514
2012,15,"dummy","3462","Jason Thompson",-0.10385314031119
2012,15,"dummy","246","Derek Fisher",-0.106614264876819
2012,15,"dummy","pair_385_4232",NA,-0.108151537873149
2012,15,"dummy","1006","Richard Jefferson",-0.110685262453892
2012,15,"dummy","3474","Anthony Morrow",-0.114829578073352
2012,15,"dummy","2745","Brandon Bass",-0.158006406873522
2012,15,"dummy","2393","Shaun Livingston",-0.161221948924265
2012,15,"dummy","3005","Rudy Gay",-0.162878381836695
2012,15,"dummy","2751","Monta Ellis",-0.172615039003765
2012,15,"dummy","4232","Alonzo Gee",-0.172754064440101
2012,15,"dummy","3024","J.J. Redick",-0.178945517453232
2012,15,"dummy","3417","Jerryd Bayless",-0.182971030627496
2012,15,"dummy","635","Anthony Parker",-0.187479955452151
2012,15,"dummy","4264","Patrick Patterson",-0.202952619133122
2012,15,"dummy","3999","James Johnson",-0.204818899763948
2012,15,"dummy","6450","Kawhi Leonard",-0.213038843237944
2012,15,"dummy","3978","DeMar DeRozan",-0.226027498823272
2012,15,"dummy","4291","Greivis Vasquez",-0.226286377919435
2012,15,"dummy","617","Lamar Odom",-0.227086316067992
2012,15,"dummy","3191","Corey Brewer",-0.238696070439258
2012,15,"dummy","2",NA,-0.243503004379668
2012,15,"dummy","3979","Toney Douglas",-0.251267867758382
2012,15,"dummy","3983","Tyreke Evans",-0.257691838052821
2012,15,"dummy","385","Antawn Jamison",-0.26032081722002
2012,15,"dummy","2782","Nate Robinson",-0.261308134961615
2012,15,"dummy","510","Shawn Marion",-0.264494748461666
2012,15,"dummy","2426","Trevor Ariza",-0.283488013358559
2012,15,"dummy","3026","Rajon Rondo",-0.294848989282515
2012,15,"dummy","pair_3983_4258",NA,-0.302164853863435
2012,15,"dummy","3003","Randy Foye",-0.306504197984706
2012,15,"dummy","3423","Goran Dragic",-0.31369181798643
2012,15,"dummy","2433","Kris Humphries",-0.323401620333951
2012,15,"dummy","1975","Carmelo Anthony",-0.328386531499569
2012,15,"dummy","3217","Carl Landry",-0.346252993709558
2012,15,"dummy","1703","Carlos Boozer",-0.349141995101463
2012,15,"dummy","2394","Kevin Martin",-0.351788506547053
2012,15,"dummy","6442","Kyrie Irving",-0.353077663822014
2012,15,"dummy","pair_4005_6479",NA,-0.363644602208242
2012,15,"dummy","3997","Brandon Jennings",-0.36716161444208
2012,15,"dummy","3243","Nick Young",-0.370835104896546
2012,15,"dummy","pair_2768_3190",NA,-0.383966458401641
2012,15,"dummy","2389","Al Jefferson",-0.392608393437704
2012,15,"dummy","pair_2806_3978",NA,-0.397330706806069
2012,15,"dummy","pair_1975_984",NA,-0.399014542423015
2012,15,"dummy","4258","DeMarcus Cousins",-0.409315640734448
2012,15,"dummy","pair_1985_3449",NA,-0.418988338427103
2012,15,"dummy","3415","D.J. Augustin",-0.420502274736888
2012,15,"dummy","808","DeShawn Stevenson",-0.452566127489989
2012,15,"dummy","4237","John Wall",-0.45882923940775
2012,15,"dummy","6431","Norris Cole",-0.46664344827098
2012,15,"dummy","3991","Tyler Hansbrough",-0.4669103588211
2012,15,"dummy","984","Tyson Chandler",-0.47313010234428
2012,15,"dummy","6461","Markieff Morris",-0.482958085307369
2012,15,"dummy","pair_2767_3997",NA,-0.516444742217901
2012,15,"dummy","3201","Jared Dudley",-0.537630960132921
2012,15,"dummy","4252","Damion James",-0.55809482965817
2012,15,"dummy","4",NA,-0.571091153086447
2012,15,"dummy","1724","Tayshaun Prince",-0.58622913234265
2012,15,"dummy","2806","Jose Calderon",-0.596751834670011
2012,15,"dummy","2423","Dorell Wright",-0.600686980254082
2012,15,"dummy","3464","Bill Walker",-0.614363177209532
2012,15,"dummy","4257","Derrick Favors",-0.625200410839352
2012,15,"dummy","1727","Amare Stoudemire",-0.628567486427416
2012,15,"dummy","4005","Byron Mullens",-0.630223889630187
2012,15,"dummy","2381","Ben Gordon",-0.638731835318221
2012,15,"dummy","2798","Deron Williams",-0.654303058225138
2012,15,"dummy","2018","Kendrick Perkins",-0.662837432568019
2012,15,"dummy","4300","Gary Neal",-0.665367801453442
2012,15,"dummy","981","Kwame Brown",-0.670488560484502
2012,15,"dummy","49","Raja Bell",-0.682608831509172
2012,15,"dummy","3416","Nicolas Batum",-0.699950738918688
2012,15,"dummy","2992","Shannon Brown",-0.700117310738611
2012,15,"dummy","3448","Brook Lopez",-0.704842980418952
2012,15,"dummy","3232","Jason Smith",-0.72483523834059
2012,15,"dummy","2171","Darko Milicic",-0.725865240521023
2012,15,"dummy","3967","Derrick Brown",-0.735806684132
2012,15,"dummy","1985","Luke Ridnour",-0.769487167146532
2012,15,"dummy","3",NA,-0.773672637250781
2012,15,"dummy","3450","O.J. Mayo",-0.774520005231238
2012,15,"dummy","6428","Marshon Brooks",-0.774940525040481
2012,15,"dummy","2775","Jason Maxiell",-0.776163199801944
2012,15,"dummy","3038","Shawne Williams",-0.794169039144712
2012,15,"dummy","pair_1724_4260",NA,-0.803730919063852
2012,15,"dummy","1017","Zach Randolph",-0.81489106684122
2012,15,"dummy","469","Rashard Lewis",-0.818179366101632
2012,15,"dummy","2399","Emeka Okafor",-0.847641771789135
2012,15,"dummy","2834","Chuck Hayes",-0.855807316789709
2012,15,"dummy","3187","Arron Afflalo",-0.86391400286768
2012,15,"dummy","2797","Marvin Williams",-0.865407617621611
2012,15,"dummy","2768","Jarrett Jack",-0.873978184452964
2012,15,"dummy","3002","Jordan Farmar",-0.909320971092388
2012,15,"dummy","1014","Mehmet Okur",-0.909772928743819
2012,15,"dummy","3207","Aaron Gray",-0.923577197516964
2012,15,"dummy","3998","Jonas Jerebko",-0.925010416420629
2012,15,"dummy","3444","Kosta Koufos",-0.934363263634648
2012,15,"dummy","4260","Greg Monroe",-0.94577126030216
2012,15,"dummy","6448","Brandon Knight",-0.979026697242695
2012,15,"dummy","2178","Mo Williams",-0.996492814418653
2012,15,"dummy","2167","Boris Diaw",-1.00109209894173
2012,15,"dummy","2427","Andris Biedrins",-1.03344230654528
2012,15,"dummy","1711","Drew Gooden",-1.06802600706129
2012,15,"dummy","992","DeSagana Diop",-1.07337430364047
2012,15,"dummy","1999","Carlos Delfino",-1.09332444627611
2012,15,"dummy","3438","George Hill",-1.11375721333021
2012,15,"dummy","6427","Bismack Biyombo",-1.14351843213857
2012,15,"dummy","pair_3026_662",NA,-1.15614758932985
2012,15,"dummy","1726","John Salmons",-1.22866335460077
2012,15,"dummy","3469","D.J. White",-1.23778670991675
2012,15,"dummy","3554","Omri Casspi",-1.23902520192933
2012,15,"dummy","3460","Marreese Speights",-1.30101948577906
2012,15,"dummy","2746","Andray Blatche",-1.32499227968899
2012,15,"dummy","4247","Wesley Johnson",-1.33276155174941
2012,15,"dummy","4243","Jordan Crawford",-1.35484868674191
2012,15,"dummy","3993","Gerald Henderson",-1.40575941278065
2012,15,"dummy","497","Corey Maggette",-1.42776982568888
2012,15,"dummy","4259","Ed Davis",-1.44605123367772
2012,15,"dummy","3452","JaVale McGee",-1.46111049909276
2012,15,"dummy","pair_4237_4243",NA,-1.48533374574253
2012,15,"dummy","3040","Shelden Williams",-1.50920896807029
2012,15,"dummy","3032","Tyrus Thomas",-1.59025913023027
2012,15,"dummy","6479","Kemba Walker",-1.69511129318694
2012,15,"dummy","pair_510_841",NA,-2.03460298534873
2012,15,"dummy","4229","Reggie Williams",-2.10446915271373
2012,15,"dummy","6434","Jimmer Fredette",-2.11234206405606
2012,15,"dummy","3200","Glen Davis",-2.46945341873804
2012,15,"dummy","5",NA,-4.23657390148077
2012,20,"dummy","272","Manu Ginobili",2.68784082740784
2012,20,"dummy","136","Vince Carter",2.40970461692451
2012,20,"dummy","3431","Eric Gordon",2.38405860489836
2012,20,"dummy","3211","Spencer Hawes",1.62415996718709
2012,20,"dummy","1705","Caron Butler",1.53296208219425
2012,20,"dummy","4299","Jeremy Lin",1.43759925709117
2012,20,"dummy","2429","Luol Deng",1.42711305299578
2012,20,"dummy","3244","Thaddeus Young",1.31241889046737
2012,20,"dummy","3213","Al Horford",1.26844501033631
2012,20,"dummy","3992","James Harden",1.25642442049105
2012,20,"dummy","294","Richard Hamilton",1.24555674607329
2012,20,"dummy","2991","Ronnie Brewer",1.22924981106825
2012,20,"dummy","pair_2758_592",NA,1.20518142871171
2012,20,"dummy","2760","Danny Granger",1.18509646187451
2012,20,"dummy","3456","Derrick Rose",1.18294571653239
2012,20,"dummy","2444","J.R. Smith",1.14870460073753
2012,20,"dummy","1000","Brendan Haywood",1.14207519520671
2012,20,"dummy","3195","Mike Conley",1.13356465855213
2012,20,"dummy","1015","Tony Parker",1.02888004922403
2012,20,"dummy","165","Jamal Crawford",1.00919567441945
2012,20,"dummy","pair_2983_4032",NA,1.00304403403153
2012,20,"dummy","3428","Danilo Gallinari",0.996738859976939
2012,20,"dummy","1966","LeBron James",0.981334058987172
2012,20,"dummy","3419","Mario Chalmers",0.979171710611077
2012,20,"dummy","609","Dirk Nowitzki",0.954908749731041
2012,20,"dummy","pair_1966_3419",NA,0.858810788828798
2012,20,"dummy","3451","Luc Richard",0.814479463945282
2012,20,"dummy","557","Andre Miller",0.800884484881875
2012,20,"dummy","3412","Ryan Anderson",0.799010408108698
2012,20,"dummy","63","Chauncey Billups",0.7928288816921
2012,20,"dummy","3206","Marc Gasol",0.782413554555172
2012,20,"dummy","pair_2799_3244",NA,0.780930138174236
2012,20,"dummy","pair_2760_3436",NA,0.771773697953434
2012,20,"dummy","2983","LaMarcus Aldridge",0.767200340847031
2012,20,"dummy","pair_3423_3445",NA,0.73122524008174
2012,20,"dummy","3975","Stephen Curry",0.719101175949044
2012,20,"dummy","3442","DeAndre Jordan",0.71720498937628
2012,20,"dummy","2439","Jameer Nelson",0.705215299865107
2012,20,"dummy","pair_3005_3206",NA,0.691131394199233
2012,20,"dummy","1026","Gerald Wallace",0.680975913052506
2012,20,"dummy","2767","Ersan Ilyasova",0.671615533568931
2012,20,"dummy","110","Kobe Bryant",0.671351123281059
2012,20,"dummy","2748","Andrew Bynum",0.661537101739678
2012,20,"dummy","2779","Chris Paul",0.655018626802762
2012,20,"dummy","1987","Dwyane Wade",0.645543339377108
2012,20,"dummy","1982","Chris Kaman",0.624870829121771
2012,20,"dummy","3012","Kyle Lowry",0.619539286627985
2012,20,"dummy","991","Samuel Dalembert",0.609232160544498
2012,20,"dummy","2016","Zaza Pachulia",0.601031939670483
2012,20,"dummy","6523",NA,0.600921384095489
2012,20,"dummy","3989","Blake Griffin",0.598034827166957
2012,20,"dummy","3028","Thabo Sefolosha",0.594440904559172
2012,20,"dummy","261","Kevin Garnett",0.58321705536525
2012,20,"dummy","3449","Kevin Love",0.566262545805811
2012,20,"dummy","3995","Jrue Holiday",0.558656106425414
2012,20,"dummy","1977","Chris Bosh",0.558091595403719
2012,20,"dummy","336","Grant Hill",0.557115725967716
2012,20,"dummy","2411","Josh Smith",0.551688483822294
2012,20,"dummy","4274","Landry Fields",0.548567264696276
2012,20,"dummy","429","Jason Kidd",0.533894156569079
2012,20,"dummy","1018","Jason Richardson",0.513661440713152
2012,20,"dummy","2367","Tony Allen",0.509728611639713
2012,20,"dummy","3453","Nikola Pekovic",0.493368785563117
2012,20,"dummy","pair_308_557",NA,0.470915038404413
2012,20,"dummy","3202","Kevin Durant",0.461939121792996
2012,20,"dummy","125","Marcus Camby",0.448130290925393
2012,20,"dummy","pair_3202_3468",NA,0.440745517756624
2012,20,"dummy","3436","Roy Hibbert",0.434197239733107
2012,20,"dummy","3247","Joel Anthony",0.426542298146194
2012,20,"dummy","1007","Joe Johnson",0.421845745318068
2012,20,"dummy","2422","Delonte West",0.415292782947026
2012,20,"dummy","3224","Joakim Noah",0.415233349823936
2012,20,"dummy","3015","Paul Millsap",0.410645107335797
2012,20,"dummy","pair_110_996",NA,0.406176146954672
2012,20,"dummy","2753","Raymond Felton",0.4031717934345
2012,20,"dummy","2386","Andre Iguodala",0.396435217982712
2012,20,"dummy","4032","Wesley Matthews",0.392601893620965
2012,20,"dummy","3468","Russell Westbrook",0.392451127425904
2012,20,"dummy","592","Steve Nash",0.38211758969432
2012,20,"dummy","2769","Amir Johnson",0.370083740287171
2012,20,"dummy","2799","Lou Williams",0.36544055798077
2012,20,"dummy","4011","Ricky Rubio",0.359818538582733
2012,20,"dummy","6424","Lavoy Allen",0.358792524974844
2012,20,"dummy","2747","Andrew Bogut",0.354153355544807
2012,20,"dummy","4017","Marcus Thornton",0.328728879767349
2012,20,"dummy","4015","Jeff Teague",0.307112411560608
2012,20,"dummy","2384","Dwight Howard",0.305191465637611
2012,20,"dummy","25","Metta World",0.304422383846874
2012,20,"dummy","5",NA,0.291626551330461
2012,20,"dummy","pair_2779_3989",NA,0.281366146523746
2012,20,"dummy","pair_2433_2798",NA,0.246625600921593
2012,20,"dummy","3437","J.J. Hickson",0.246499727953669
2012,20,"dummy","pair_2772_3457",NA,0.216219871312931
2012,20,"dummy","6466","Chandler Parsons",0.215885231341293
2012,20,"dummy","2177","David West",0.196228275437567
2012,20,"dummy","4",NA,0.180842339678543
2012,20,"dummy","378","Stephen Jackson",0.177189679706196
2012,20,"dummy","pair_2384_3024",NA,0.169143657000599
2012,20,"dummy","215","Tim Duncan",0.152594750791925
2012,20,"dummy","841","Jason Terry",0.152448849944898
2012,20,"dummy","996","Pau Gasol",0.138947888093603
2012,20,"dummy","4270","Trevor Booker",0.124834646824049
2012,20,"dummy","pair_2411_4015",NA,0.115165651049091
2012,20,"dummy","6468","Iman Shumpert",0.102739760340332
2012,20,"dummy","4251","Paul George",0.0926894276390966
2012,20,"dummy","615","Jermaine O'Neal",0.0899795788101376
2012,20,"dummy","4003","Jodie Meeks",0.0839845503219565
2012,20,"dummy","3235","Rodney Stuckey",0.0607430259218008
2012,20,"dummy","1781","Luis Scola",0.0587209331609423
2012,20,"dummy","4000","Ty Lawson",0.0582891407997116
2012,20,"dummy","3006","Daniel Gibson",0.0537309074737098
2012,20,"dummy","2987","Andrea Bargnani",0.0526896304865351
2012,20,"dummy","pair_2389_3015",NA,0.0420211984458185
2012,20,"dummy","pair_1015_215",NA,0.0361846791175755
2012,20,"dummy","1006","Richard Jefferson",0.035255434826381
2012,20,"dummy","662","Paul Pierce",0.0226126306146325
2012,20,"dummy","862","Hedo Turkoglu",0.0184444808343541
2012,20,"dummy","2772","David Lee",0.0157375723483471
2012,20,"dummy","308","Al Harrington",0.0142678427529332
2012,20,"dummy","1713","Nene Hilario",0.0110800868374019
2012,20,"dummy","pair_1703_3224",NA,0.000929454895293499
2012,20,"dummy","3190","Marco Belinelli",-0.00112890098726598
2012,20,"dummy","3418","Michael Beasley",-0.00412469349174552
2012,20,"dummy","2758","Marcin Gortat",-0.00470001191441679
2012,20,"dummy","6450","Kawhi Leonard",-0.0129057368125603
2012,20,"dummy","2751","Monta Ellis",-0.0183751945561346
2012,20,"dummy","3973","Darren Collison",-0.0188271603418925
2012,20,"dummy","4291","Greivis Vasquez",-0.0336613387865869
2012,20,"dummy","4298","Timofey Mozgov",-0.0431596646707211
2012,20,"dummy","9","Ray Allen",-0.0475475654793905
2012,20,"dummy","3965","DeJuan Blair",-0.0611937558251388
2012,20,"dummy","1",NA,-0.0674829989485052
2012,20,"dummy","4249","Gordon Hayward",-0.0683139285630091
2012,20,"dummy","3439","Serge Ibaka",-0.0766687503827896
2012,20,"dummy","2419","Anderson Varejao",-0.0787306601313422
2012,20,"dummy","2745","Brandon Bass",-0.0858595397970323
2012,20,"dummy","2754","Channing Frye",-0.0883465494959527
2012,20,"dummy","4232","Alonzo Gee",-0.0955038508336892
2012,20,"dummy","pair_385_4232",NA,-0.104481606287661
2012,20,"dummy","246","Derek Fisher",-0.104663137078261
2012,20,"dummy","91","Elton Brand",-0.108095258971697
2012,20,"dummy","2382","Devin Harris",-0.114270090446729
2012,20,"dummy","635","Anthony Parker",-0.168869820001869
2012,20,"dummy","2393","Shaun Livingston",-0.209048153300555
2012,20,"dummy","3462","Jason Thompson",-0.240581754316962
2012,20,"dummy","1975","Carmelo Anthony",-0.244486960167833
2012,20,"dummy","2426","Trevor Ariza",-0.2454216427437
2012,20,"dummy","3026","Rajon Rondo",-0.248174010107475
2012,20,"dummy","3005","Rudy Gay",-0.251666507537632
2012,20,"dummy","3999","James Johnson",-0.262613006624641
2012,20,"dummy","385","Antawn Jamison",-0.265642393473721
2012,20,"dummy","1703","Carlos Boozer",-0.272388754037523
2012,20,"dummy","3978","DeMar DeRozan",-0.272949860998839
2012,20,"dummy","510","Shawn Marion",-0.284464639496723
2012,20,"dummy","2394","Kevin Martin",-0.307128776714348
2012,20,"dummy","3997","Brandon Jennings",-0.312990725555959
2012,20,"dummy","3217","Carl Landry",-0.314529386447586
2012,20,"dummy","3474","Anthony Morrow",-0.331734036606741
2012,20,"dummy","3003","Randy Foye",-0.336235672003384
2012,20,"dummy","pair_1975_984",NA,-0.344537352343588
2012,20,"dummy","6442","Kyrie Irving",-0.35944789838056
2012,20,"dummy","3243","Nick Young",-0.363139796639252
2012,20,"dummy","pair_3983_4258",NA,-0.369734207560186
2012,20,"dummy","2389","Al Jefferson",-0.37032181894134
2012,20,"dummy","3024","J.J. Redick",-0.394496650524067
2012,20,"dummy","pair_2767_3997",NA,-0.416521448242749
2012,20,"dummy","3983","Tyreke Evans",-0.423206238563723
2012,20,"dummy","pair_2768_3190",NA,-0.430476873412517
2012,20,"dummy","pair_2806_3978",NA,-0.432410745677193
2012,20,"dummy","pair_4005_6479",NA,-0.441534027104132
2012,20,"dummy","pair_1985_3449",NA,-0.441895703805397
2012,20,"dummy","3",NA,-0.451656670667946
2012,20,"dummy","2",NA,-0.463988716449024
2012,20,"dummy","4237","John Wall",-0.46629932102089
2012,20,"dummy","2433","Kris Humphries",-0.468205854325362
2012,20,"dummy","984","Tyson Chandler",-0.49644104628704
2012,20,"dummy","4258","DeMarcus Cousins",-0.516513208224124
2012,20,"dummy","4252","Damion James",-0.523479750566064
2012,20,"dummy","3415","D.J. Augustin",-0.537366667947227
2012,20,"dummy","2423","Dorell Wright",-0.542889725582866
2012,20,"dummy","1724","Tayshaun Prince",-0.56349424310962
2012,20,"dummy","981","Kwame Brown",-0.573307533601457
2012,20,"dummy","3201","Jared Dudley",-0.585841215738083
2012,20,"dummy","2381","Ben Gordon",-0.597338708621747
2012,20,"dummy","3448","Brook Lopez",-0.623794438842715
2012,20,"dummy","2806","Jose Calderon",-0.652696152155961
2012,20,"dummy","1727","Amare Stoudemire",-0.678422014043869
2012,20,"dummy","2018","Kendrick Perkins",-0.700576548516406
2012,20,"dummy","49","Raja Bell",-0.705908319981268
2012,20,"dummy","2171","Darko Milicic",-0.716840557938314
2012,20,"dummy","3416","Nicolas Batum",-0.735084032722068
2012,20,"dummy","4005","Byron Mullens",-0.748310863265901
2012,20,"dummy","2399","Emeka Okafor",-0.755656941700899
2012,20,"dummy","1985","Luke Ridnour",-0.766312881270471
2012,20,"dummy","2775","Jason Maxiell",-0.789891182704388
2012,20,"dummy","469","Rashard Lewis",-0.803703332712413
2012,20,"dummy","2768","Jarrett Jack",-0.804361482700294
2012,20,"dummy","pair_1724_4260",NA,-0.810807654007849
2012,20,"dummy","2798","Deron Williams",-0.860563006729348
2012,20,"dummy","2797","Marvin Williams",-0.883467437275157
2012,20,"dummy","3998","Jonas Jerebko",-0.900199731647006
2012,20,"dummy","3187","Arron Afflalo",-0.903544976983719
2012,20,"dummy","1014","Mehmet Okur",-0.923803882976897
2012,20,"dummy","3207","Aaron Gray",-0.94132517794656
2012,20,"dummy","6448","Brandon Knight",-0.94522249288844
2012,20,"dummy","6428","Marshon Brooks",-0.94586048069008
2012,20,"dummy","4260","Greg Monroe",-0.975942530335548
2012,20,"dummy","1711","Drew Gooden",-1.01967591840326
2012,20,"dummy","1017","Zach Randolph",-1.03365455102493
2012,20,"dummy","2178","Mo Williams",-1.04039216891386
2012,20,"dummy","1999","Carlos Delfino",-1.08030217035316
2012,20,"dummy","2167","Boris Diaw",-1.12162094747528
2012,20,"dummy","pair_3026_662",NA,-1.13904655987189
2012,20,"dummy","2427","Andris Biedrins",-1.18566030062238
2012,20,"dummy","3554","Omri Casspi",-1.24177622892279
2012,20,"dummy","4247","Wesley Johnson",-1.30636855978031
2012,20,"dummy","2746","Andray Blatche",-1.31259973919925
2012,20,"dummy","4243","Jordan Crawford",-1.33678993997892
2012,20,"dummy","3460","Marreese Speights",-1.35424292478384
2012,20,"dummy","1726","John Salmons",-1.39573961434359
2012,20,"dummy","3452","JaVale McGee",-1.44737348981945
2012,20,"dummy","pair_4237_4243",NA,-1.54472932122719
2012,20,"dummy","3993","Gerald Henderson",-1.55760407795927
2012,20,"dummy","497","Corey Maggette",-1.61039995533505
2012,20,"dummy","3032","Tyrus Thomas",-1.61250729629525
2012,20,"dummy","6479","Kemba Walker",-1.82938373369363
2012,20,"dummy","pair_510_841",NA,-2.04786529707378
2012,20,"dummy","4229","Reggie Williams",-2.23729536950237
2012,25,"dummy","3431","Eric Gordon",2.63338083083086
2012,25,"dummy","3211","Spencer Hawes",1.86643188868109
2012,25,"dummy","2429","Luol Deng",1.74682230613104
2012,25,"dummy","1705","Caron Butler",1.61808864774085
2012,25,"dummy","1000","Brendan Haywood",1.56368129608188
2012,25,"dummy","pair_2799_3244",NA,1.53916708091097
2012,25,"dummy","3456","Derrick Rose",1.46122793976848
2012,25,"dummy","609","Dirk Nowitzki",1.41209779566711
2012,25,"dummy","3992","James Harden",1.40355766464698
2012,25,"dummy","pair_2758_592",NA,1.3990022824523
2012,25,"dummy","2760","Danny Granger",1.347143755919
2012,25,"dummy","294","Richard Hamilton",1.33612798209867
2012,25,"dummy","3213","Al Horford",1.3195269509543
2012,25,"dummy","1015","Tony Parker",1.3127468594134
2012,25,"dummy","3428","Danilo Gallinari",1.25014574852052
2012,25,"dummy","3195","Mike Conley",1.12390736143174
2012,25,"dummy","pair_2983_4032",NA,1.1063572200514
2012,25,"dummy","1966","LeBron James",1.04849190090547
2012,25,"dummy","3419","Mario Chalmers",1.00601306524899
2012,25,"dummy","2983","LaMarcus Aldridge",0.922874385549523
2012,25,"dummy","3995","Jrue Holiday",0.919577162578425
2012,25,"dummy","63","Chauncey Billups",0.854025991661634
2012,25,"dummy","3412","Ryan Anderson",0.847688039559937
2012,25,"dummy","pair_2760_3436",NA,0.844021873646763
2012,25,"dummy","pair_3423_3445",NA,0.839510318142694
2012,25,"dummy","pair_1966_3419",NA,0.838018347236456
2012,25,"dummy","3975","Stephen Curry",0.819032193052207
2012,25,"dummy","1026","Gerald Wallace",0.81613988070568
2012,25,"dummy","4274","Landry Fields",0.806537691342376
2012,25,"dummy","pair_308_557",NA,0.7961717274202
2012,25,"dummy","3206","Marc Gasol",0.786964421352072
2012,25,"dummy","110","Kobe Bryant",0.768418280480489
2012,25,"dummy","2748","Andrew Bynum",0.753381562834124
2012,25,"dummy","1982","Chris Kaman",0.733736872149691
2012,25,"dummy","2439","Jameer Nelson",0.727826743279369
2012,25,"dummy","2386","Andre Iguodala",0.715533991601459
2012,25,"dummy","3012","Kyle Lowry",0.712661367189683
2012,25,"dummy","429","Jason Kidd",0.709551274703432
2012,25,"dummy","991","Samuel Dalembert",0.693258008537386
2012,25,"dummy","261","Kevin Garnett",0.689358843354876
2012,25,"dummy","2411","Josh Smith",0.674969296298282
2012,25,"dummy","5",NA,0.673313057214558
2012,25,"dummy","pair_3005_3206",NA,0.645246782864705
2012,25,"dummy","3442","DeAndre Jordan",0.644930119778456
2012,25,"dummy","1987","Dwyane Wade",0.636077230516958
2012,25,"dummy","336","Grant Hill",0.612970422827144
2012,25,"dummy","2779","Chris Paul",0.585094657716084
2012,25,"dummy","1977","Chris Bosh",0.582363256546707
2012,25,"dummy","2747","Andrew Bogut",0.55554608013514
2012,25,"dummy","3449","Kevin Love",0.550629305104108
2012,25,"dummy","1007","Joe Johnson",0.547581472174301
2012,25,"dummy","3224","Joakim Noah",0.541844944478281
2012,25,"dummy","1018","Jason Richardson",0.501197868515726
2012,25,"dummy","3202","Kevin Durant",0.494834928758557
2012,25,"dummy","3989","Blake Griffin",0.494248021195424
2012,25,"dummy","1",NA,0.469245802675248
2012,25,"dummy","pair_3202_3468",NA,0.468658188804251
2012,25,"dummy","3436","Roy Hibbert",0.450866167082665
2012,25,"dummy","pair_110_996",NA,0.441113441405484
2012,25,"dummy","4032","Wesley Matthews",0.439295665293915
2012,25,"dummy","3015","Paul Millsap",0.438582335876507
2012,25,"dummy","4017","Marcus Thornton",0.431921662701205
2012,25,"dummy","2769","Amir Johnson",0.431720099917166
2012,25,"dummy","3453","Nikola Pekovic",0.427344403780458
2012,25,"dummy","592","Steve Nash",0.424166137962331
2012,25,"dummy","3468","Russell Westbrook",0.415992785450166
2012,25,"dummy","2753","Raymond Felton",0.411786701008442
2012,25,"dummy","125","Marcus Camby",0.407929369400098
2012,25,"dummy","3247","Joel Anthony",0.379296585568859
2012,25,"dummy","4015","Jeff Teague",0.371557640871987
2012,25,"dummy","pair_2433_2798",NA,0.336962452986614
2012,25,"dummy","2367","Tony Allen",0.320840099370925
2012,25,"dummy","4011","Ricky Rubio",0.307635594531476
2012,25,"dummy","215","Tim Duncan",0.296674296015714
2012,25,"dummy","2384","Dwight Howard",0.289550941817028
2012,25,"dummy","pair_2772_3457",NA,0.28409847397698
2012,25,"dummy","378","Stephen Jackson",0.270116764846472
2012,25,"dummy","6466","Chandler Parsons",0.247318350758744
2012,25,"dummy","6468","Iman Shumpert",0.22103920041184
2012,25,"dummy","2177","David West",0.189490904372308
2012,25,"dummy","pair_2779_3989",NA,0.171616777914711
2012,25,"dummy","4000","Ty Lawson",0.157557260738003
2012,25,"dummy","pair_1015_215",NA,0.149719208376664
2012,25,"dummy","996","Pau Gasol",0.142994702070937
2012,25,"dummy","1006","Richard Jefferson",0.134790831567145
2012,25,"dummy","pair_2411_4015",NA,0.122664287089387
2012,25,"dummy","pair_1703_3224",NA,0.0804182140892347
2012,25,"dummy","1713","Nene Hilario",0.0736625692247262
2012,25,"dummy","pair_2384_3024",NA,0.0713329044948409
2012,25,"dummy","4251","Paul George",0.07086831616469
2012,25,"dummy","662","Paul Pierce",0.0704113100465056
2012,25,"dummy","4298","Timofey Mozgov",0.0530799070301233
2012,25,"dummy","2772","David Lee",0.0395163668825612
2012,25,"dummy","4",NA,0.0212306270373144
2012,25,"dummy","1781","Luis Scola",0.00935970987555973
2012,25,"dummy","3190","Marco Belinelli",0.00360927112526081
2012,25,"dummy","2987","Andrea Bargnani",-0.00443237356011429
2012,25,"dummy","2751","Monta Ellis",-0.0113590314433395
2012,25,"dummy","510","Shawn Marion",-0.0113871895090204
2012,25,"dummy","91","Elton Brand",-0.0321277406919262
2012,25,"dummy","2758","Marcin Gortat",-0.0325402860250554
2012,25,"dummy","3235","Rodney Stuckey",-0.0343995727352635
2012,25,"dummy","pair_2389_3015",NA,-0.0381515943334735
2012,25,"dummy","pair_385_4232",NA,-0.0437795255204264
2012,25,"dummy","9","Ray Allen",-0.0515136860986632
2012,25,"dummy","862","Hedo Turkoglu",-0.0546200983529362
2012,25,"dummy","2745","Brandon Bass",-0.0847524453186933
2012,25,"dummy","2419","Anderson Varejao",-0.0901040203798001
2012,25,"dummy","3973","Darren Collison",-0.0914745662331634
2012,25,"dummy","2754","Channing Frye",-0.114395176167141
2012,25,"dummy","3439","Serge Ibaka",-0.128115949285723
2012,25,"dummy","4249","Gordon Hayward",-0.153118941091934
2012,25,"dummy","pair_2767_3997",NA,-0.161401811535367
2012,25,"dummy","3997","Brandon Jennings",-0.16355794387985
2012,25,"dummy","246","Derek Fisher",-0.199301697943608
2012,25,"dummy","1703","Carlos Boozer",-0.220085603154914
2012,25,"dummy","2382","Devin Harris",-0.25420181311739
2012,25,"dummy","2426","Trevor Ariza",-0.260809668987535
2012,25,"dummy","1975","Carmelo Anthony",-0.262206776176061
2012,25,"dummy","3462","Jason Thompson",-0.270057773572102
2012,25,"dummy","3026","Rajon Rondo",-0.293571454318804
2012,25,"dummy","3978","DeMar DeRozan",-0.305305379866204
2012,25,"dummy","3474","Anthony Morrow",-0.355193151437526
2012,25,"dummy","pair_3983_4258",NA,-0.378876637378646
2012,25,"dummy","2394","Kevin Martin",-0.390129798275294
2012,25,"dummy","pair_1975_984",NA,-0.419561360593264
2012,25,"dummy","3983","Tyreke Evans",-0.422438791315075
2012,25,"dummy","3243","Nick Young",-0.423054833696425
2012,25,"dummy","385","Antawn Jamison",-0.431128630805949
2012,25,"dummy","984","Tyson Chandler",-0.433081142296665
2012,25,"dummy","6442","Kyrie Irving",-0.473634159558461
2012,25,"dummy","2389","Al Jefferson",-0.482009760094423
2012,25,"dummy","3005","Rudy Gay",-0.483159742613333
2012,25,"dummy","pair_2806_3978",NA,-0.485222163402388
2012,25,"dummy","2433","Kris Humphries",-0.496786985235133
2012,25,"dummy","2",NA,-0.540711701332608
2012,25,"dummy","pair_2768_3190",NA,-0.550913115368134
2012,25,"dummy","4258","DeMarcus Cousins",-0.563400873283086
2012,25,"dummy","4237","John Wall",-0.568235392507171
2012,25,"dummy","2423","Dorell Wright",-0.619663873737774
2012,25,"dummy","pair_4005_6479",NA,-0.63873380017509
2012,25,"dummy","3",NA,-0.659445035500432
2012,25,"dummy","3415","D.J. Augustin",-0.661141584198719
2012,25,"dummy","pair_1985_3449",NA,-0.665416341705599
2012,25,"dummy","1727","Amare Stoudemire",-0.711050478495986
2012,25,"dummy","3201","Jared Dudley",-0.719645588885622
2012,25,"dummy","3448","Brook Lopez",-0.730691626308049
2012,25,"dummy","1724","Tayshaun Prince",-0.748093859264558
2012,25,"dummy","2381","Ben Gordon",-0.763766681201491
2012,25,"dummy","2806","Jose Calderon",-0.768803136925578
2012,25,"dummy","2018","Kendrick Perkins",-0.834886768155014
2012,25,"dummy","2399","Emeka Okafor",-0.863015564193842
2012,25,"dummy","2768","Jarrett Jack",-0.941503221352443
2012,25,"dummy","1711","Drew Gooden",-0.948599963252162
2012,25,"dummy","3187","Arron Afflalo",-0.973380755065951
2012,25,"dummy","2798","Deron Williams",-0.983682583244421
2012,25,"dummy","pair_1724_4260",NA,-1.00077205353577
2012,25,"dummy","1985","Luke Ridnour",-1.0313175156789
2012,25,"dummy","2797","Marvin Williams",-1.04695648526444
2012,25,"dummy","1999","Carlos Delfino",-1.05813558908838
2012,25,"dummy","1014","Mehmet Okur",-1.0587708950327
2012,25,"dummy","6428","Marshon Brooks",-1.08544763488125
2012,25,"dummy","4260","Greg Monroe",-1.17620932223378
2012,25,"dummy","6448","Brandon Knight",-1.2126023583254
2012,25,"dummy","1017","Zach Randolph",-1.28430514109741
2012,25,"dummy","2427","Andris Biedrins",-1.29783092892484
2012,25,"dummy","pair_3026_662",NA,-1.33819311765892
2012,25,"dummy","2167","Boris Diaw",-1.40253631624908
2012,25,"dummy","1726","John Salmons",-1.54604306395745
2012,25,"dummy","2746","Andray Blatche",-1.60666428415522
2012,25,"dummy","3452","JaVale McGee",-1.69048224862336
2012,25,"dummy","3993","Gerald Henderson",-1.76049479483716
2012,25,"dummy","497","Corey Maggette",-1.85185969962
2012,25,"dummy","pair_4237_4243",NA,-2.1166512746217
2012,25,"dummy","pair_510_841",NA,-2.23393618236287
2012,25,"dummy","6479","Kemba Walker",-2.35228699070626
2012,30,"dummy","3431","Eric Gordon",3.24474570165948
2012,30,"dummy","2429","Luol Deng",2.1970023833387
2012,30,"dummy","3211","Spencer Hawes",2.05875854479008
2012,30,"dummy","pair_2758_592",NA,1.96529734664799
2012,30,"dummy","pair_2799_3244",NA,1.93561833841918
2012,30,"dummy","1705","Caron Butler",1.92946976705858
2012,30,"dummy","1015","Tony Parker",1.7678648501436
2012,30,"dummy","3456","Derrick Rose",1.71183102668804
2012,30,"dummy","1",NA,1.66621764952058
2012,30,"dummy","1000","Brendan Haywood",1.64558127822472
2012,30,"dummy","609","Dirk Nowitzki",1.59660023754021
2012,30,"dummy","2760","Danny Granger",1.55650603473633
2012,30,"dummy","3428","Danilo Gallinari",1.47066354079388
2012,30,"dummy","pair_1966_3419",NA,1.46428537447038
2012,30,"dummy","1966","LeBron James",1.43979990674637
2012,30,"dummy","3195","Mike Conley",1.38479069180574
2012,30,"dummy","3995","Jrue Holiday",1.18179739669979
2012,30,"dummy","3213","Al Horford",1.16576542052482
2012,30,"dummy","pair_2983_4032",NA,1.10822361554791
2012,30,"dummy","3012","Kyle Lowry",1.08191195713827
2012,30,"dummy","pair_3423_3445",NA,1.06254616975799
2012,30,"dummy","2983","LaMarcus Aldridge",1.0344068989103
2012,30,"dummy","3206","Marc Gasol",0.952332291445471
2012,30,"dummy","110","Kobe Bryant",0.947730352219962
2012,30,"dummy","pair_308_557",NA,0.934319882655667
2012,30,"dummy","2747","Andrew Bogut",0.923188356207315
2012,30,"dummy","1026","Gerald Wallace",0.92229903579842
2012,30,"dummy","2386","Andre Iguodala",0.89950779331096
2012,30,"dummy","2748","Andrew Bynum",0.89050882029425
2012,30,"dummy","2439","Jameer Nelson",0.840251125965573
2012,30,"dummy","pair_3005_3206",NA,0.814254139001169
2012,30,"dummy","3449","Kevin Love",0.805276153651398
2012,30,"dummy","261","Kevin Garnett",0.769176286260155
2012,30,"dummy","1977","Chris Bosh",0.761495068852153
2012,30,"dummy","3202","Kevin Durant",0.757511683779021
2012,30,"dummy","3015","Paul Millsap",0.728684109384595
2012,30,"dummy","pair_2760_3436",NA,0.716661545023391
2012,30,"dummy","3975","Stephen Curry",0.712827762859683
2012,30,"dummy","592","Steve Nash",0.708792816675847
2012,30,"dummy","3442","DeAndre Jordan",0.687005794121818
2012,30,"dummy","2411","Josh Smith",0.677357020416891
2012,30,"dummy","429","Jason Kidd",0.669668923693076
2012,30,"dummy","1987","Dwyane Wade",0.651162384508375
2012,30,"dummy","1018","Jason Richardson",0.648881284645444
2012,30,"dummy","3468","Russell Westbrook",0.638314134703226
2012,30,"dummy","pair_3202_3468",NA,0.635973080004482
2012,30,"dummy","3989","Blake Griffin",0.573307553002037
2012,30,"dummy","2779","Chris Paul",0.56717243622481
2012,30,"dummy","pair_2433_2798",NA,0.554411244902282
2012,30,"dummy","1007","Joe Johnson",0.548158037669524
2012,30,"dummy","3224","Joakim Noah",0.542884778745659
2012,30,"dummy","pair_110_996",NA,0.483249684972529
2012,30,"dummy","4011","Ricky Rubio",0.445781548454252
2012,30,"dummy","2384","Dwight Howard",0.429134114422257
2012,30,"dummy","pair_2772_3457",NA,0.426073466860203
2012,30,"dummy","215","Tim Duncan",0.387219787941929
2012,30,"dummy","2753","Raymond Felton",0.379971631149566
2012,30,"dummy","4032","Wesley Matthews",0.370741796122146
2012,30,"dummy","3436","Roy Hibbert",0.366984807008514
2012,30,"dummy","4017","Marcus Thornton",0.344191711942387
2012,30,"dummy","pair_2384_3024",NA,0.316271073222553
2012,30,"dummy","2",NA,0.278895611691028
2012,30,"dummy","4015","Jeff Teague",0.26404258735049
2012,30,"dummy","3190","Marco Belinelli",0.220958078485196
2012,30,"dummy","662","Paul Pierce",0.206758366685384
2012,30,"dummy","pair_1015_215",NA,0.17127342559555
2012,30,"dummy","5",NA,0.144447620037311
2012,30,"dummy","1781","Luis Scola",0.118392905998118
2012,30,"dummy","996","Pau Gasol",0.111375249099489
2012,30,"dummy","pair_2389_3015",NA,0.104768438744882
2012,30,"dummy","2177","David West",0.0940439029302764
2012,30,"dummy","pair_385_4232",NA,0.0512847906013212
2012,30,"dummy","2758","Marcin Gortat",0.0376631377835141
2012,30,"dummy","2987","Andrea Bargnani",0.0288012173219596
2012,30,"dummy","4000","Ty Lawson",0.0106287971805264
2012,30,"dummy","pair_1703_3224",NA,-0.00901190348749415
2012,30,"dummy","3235","Rodney Stuckey",-0.0397972848882954
2012,30,"dummy","pair_2779_3989",NA,-0.0472952299685502
2012,30,"dummy","862","Hedo Turkoglu",-0.0481106106500783
2012,30,"dummy","1975","Carmelo Anthony",-0.0548088845440407
2012,30,"dummy","9","Ray Allen",-0.107115429667568
2012,30,"dummy","pair_2411_4015",NA,-0.129134942851809
2012,30,"dummy","510","Shawn Marion",-0.138612084118945
2012,30,"dummy","3978","DeMar DeRozan",-0.143111815688787
2012,30,"dummy","1713","Nene Hilario",-0.153679112261172
2012,30,"dummy","2772","David Lee",-0.156415499302852
2012,30,"dummy","2751","Monta Ellis",-0.169129038984605
2012,30,"dummy","2419","Anderson Varejao",-0.243882082637914
2012,30,"dummy","2426","Trevor Ariza",-0.244604374945384
2012,30,"dummy","984","Tyson Chandler",-0.271834701172509
2012,30,"dummy","pair_2767_3997",NA,-0.303611415865792
2012,30,"dummy","pair_1975_984",NA,-0.312997289697481
2012,30,"dummy","3026","Rajon Rondo",-0.325818159844357
2012,30,"dummy","2394","Kevin Martin",-0.355786069548486
2012,30,"dummy","3973","Darren Collison",-0.359123012823254
2012,30,"dummy","1703","Carlos Boozer",-0.371937739365161
2012,30,"dummy","3997","Brandon Jennings",-0.392059894829231
2012,30,"dummy","3439","Serge Ibaka",-0.400417701276725
2012,30,"dummy","pair_2806_3978",NA,-0.401001730192912
2012,30,"dummy","385","Antawn Jamison",-0.523330263704697
2012,30,"dummy","2389","Al Jefferson",-0.531086519932762
2012,30,"dummy","1727","Amare Stoudemire",-0.55705383961428
2012,30,"dummy","4",NA,-0.56790162088489
2012,30,"dummy","pair_2768_3190",NA,-0.577416381355493
2012,30,"dummy","pair_3983_4258",NA,-0.598269937849231
2012,30,"dummy","2433","Kris Humphries",-0.642267569189814
2012,30,"dummy","6442","Kyrie Irving",-0.663555788787183
2012,30,"dummy","3",NA,-0.663802911908277
2012,30,"dummy","3983","Tyreke Evans",-0.686963326762642
2012,30,"dummy","3005","Rudy Gay",-0.701784395962107
2012,30,"dummy","3243","Nick Young",-0.761163345277711
2012,30,"dummy","2806","Jose Calderon",-0.766352160888283
2012,30,"dummy","pair_1985_3449",NA,-0.787605229778897
2012,30,"dummy","4258","DeMarcus Cousins",-0.883788391403921
2012,30,"dummy","4237","John Wall",-0.888808018538778
2012,30,"dummy","1724","Tayshaun Prince",-0.913028550810554
2012,30,"dummy","3201","Jared Dudley",-0.935418192432954
2012,30,"dummy","2768","Jarrett Jack",-1.05294205557606
2012,30,"dummy","3448","Brook Lopez",-1.07454005957617
2012,30,"dummy","2399","Emeka Okafor",-1.12510057044546
2012,30,"dummy","3415","D.J. Augustin",-1.19626493457313
2012,30,"dummy","pair_1724_4260",NA,-1.2241300084988
2012,30,"dummy","1985","Luke Ridnour",-1.22535121523689
2012,30,"dummy","2798","Deron Williams",-1.30609597659254
2012,30,"dummy","4260","Greg Monroe",-1.45742980750185
2012,30,"dummy","1014","Mehmet Okur",-1.51382043222453
2012,30,"dummy","6448","Brandon Knight",-1.5414404545811
2012,30,"dummy","1017","Zach Randolph",-1.6116051213926
2012,30,"dummy","pair_3026_662",NA,-1.65488585565434
2012,30,"dummy","pair_4005_6479",NA,-1.82697143652331
2012,30,"dummy","pair_4237_4243",NA,-2.6629543586742
2012,30,"dummy","pair_510_841",NA,-2.70432797971194
2012,30,"dummy","3993","Gerald Henderson",-2.71148362754996
2013,0,"dummy","3457",NA,19.6399802650893
2013,0,"dummy","4242","James Anderson",2.66359369298078
2013,0,"dummy","6576","Quincy Acy",2.38602932274143
2013,0,"dummy","2325975","Chris Johnson",2.00748917464962
2013,0,"dummy","4019","Terrence Williams",1.95000103309003
2013,0,"dummy","3964","Patrick Beverley",1.81923786073914
2013,0,"dummy","63","Chauncey Billups",1.67331169760791
2013,0,"dummy","6609","Khris Middleton",1.32401774024972
2013,0,"dummy","1978","Nick Collison",1.23621182255295
2013,0,"dummy","1218",NA,1.22922494206943
2013,0,"dummy","990","Eddy Curry",1.16437470198107
2013,0,"dummy","246","Derek Fisher",1.16342994159072
2013,0,"dummy","3968","Chase Budinger",1.07759503152824
2013,0,"dummy","3419","Mario Chalmers",1.07541196811306
2013,0,"dummy","3478","Hamed Haddadi",1.07005937763836
2013,0,"dummy","6464","Donatas Motiejunas",1.0695518702736
2013,0,"dummy","3970","DeMarre Carroll",1.06378137857238
2013,0,"dummy","6626","Marquis Teague",1.01885177276919
2013,0,"dummy","1051","Mike James",1.00046471967039
2013,0,"dummy","1298",NA,0.985163339696257
2013,0,"dummy","4237","John Wall",0.966372649914524
2013,0,"dummy","6544","Cory Higgins",0.957764464497776
2013,0,"dummy","3444","Kosta Koufos",0.936758153922384
2013,0,"dummy","617","Lamar Odom",0.919416940519943
2013,0,"dummy","3455","Anthony Randolph",0.914633207142904
2013,0,"dummy","pair_1015_215",NA,0.89551674088665
2013,0,"dummy","2779","Chris Paul",0.888594309835416
2013,0,"dummy","pair_1966_1987",NA,0.855755415970816
2013,0,"dummy","1006","Richard Jefferson",0.854918550268908
2013,0,"dummy","3196","Daequan Cook",0.852991604676241
2013,0,"dummy","pair_3202_3468",NA,0.822050861704248
2013,0,"dummy","883","Rasheed Wallace",0.819470283110631
2013,0,"dummy","136","Vince Carter",0.819084988364053
2013,0,"dummy","pair_165_1765",NA,0.818451158369238
2013,0,"dummy","3242","Brandan Wright",0.81833146292826
2013,0,"dummy","3202","Kevin Durant",0.813851653590968
2013,0,"dummy","1999","Carlos Delfino",0.800583825118691
2013,0,"dummy","pair_3195_3206",NA,0.796025480510418
2013,0,"dummy","6611",NA,0.786683845835745
2013,0,"dummy","3988","Danny Green",0.782409644516634
2013,0,"dummy","3195","Mike Conley",0.778626187427389
2013,0,"dummy","pair_3438_4251",NA,0.774622354692887
2013,0,"dummy","3028","Thabo Sefolosha",0.768264432638163
2013,0,"dummy","6443","Reggie Jackson",0.75709156573361
2013,0,"dummy","3468","Russell Westbrook",0.748386644554632
2013,0,"dummy","1996","Matt Bonner",0.721620571442222
2013,0,"dummy","1987","Dwyane Wade",0.705831787994457
2013,0,"dummy","6485","Lance Thomas",0.698293318131521
2013,0,"dummy","2382","Devin Harris",0.697636787355718
2013,0,"dummy","2394","Kevin Martin",0.695670284592214
2013,0,"dummy","1015","Tony Parker",0.695312005343
2013,0,"dummy","3981","Wayne Ellington",0.682147832009969
2013,0,"dummy","3986","Taj Gibson",0.67266974973144
2013,0,"dummy","2018","Kendrick Perkins",0.665890279740576
2013,0,"dummy","3438","George Hill",0.652479760663082
2013,0,"dummy","215","Tim Duncan",0.650206642430371
2013,0,"dummy","3233","Tiago Splitter",0.649784993918298
2013,0,"dummy","4182","Pablo Prigioni",0.639884723678713
2013,0,"dummy","3442","DeAndre Jordan",0.637824908099965
2013,0,"dummy","557","Andre Miller",0.626766740913551
2013,0,"dummy","2184","Udonis Haslem",0.615760415218673
2013,0,"dummy","3976","Austin Daye",0.589403324339236
2013,0,"dummy","6585","Andre Drummond",0.588140752700366
2013,0,"dummy","1994","Steve Blake",0.586710774587488
2013,0,"dummy","pair_2769_3978",NA,0.582975335648092
2013,0,"dummy","976","Shane Battier",0.578161046822141
2013,0,"dummy","1765","Matt Barnes",0.562551011275997
2013,0,"dummy","3018","Steve Novak",0.552635741516459
2013,0,"dummy","2177","David West",0.551474168367038
2013,0,"dummy","1713","Nenê ",0.542139156552641
2013,0,"dummy","2769","Amir Johnson",0.540204289576406
2013,0,"dummy","1705","Caron Butler",0.537293760009345
2013,0,"dummy","1966","LeBron James",0.531484158356738
2013,0,"dummy","4244","Lance Stephenson",0.530356532440854
2013,0,"dummy","3428","Danilo Gallinari",0.529279250518909
2013,0,"dummy","568","Nazr Mohammed",0.525454518616193
2013,0,"dummy","3989","Blake Griffin",0.514948333973096
2013,0,"dummy","1017","Zach Randolph",0.512800232096717
2013,0,"dummy","4251","Paul George",0.511121442658409
2013,0,"dummy","1237",NA,0.507967725407301
2013,0,"dummy","4249","Gordon Hayward",0.506775968259663
2013,0,"dummy","984","Tyson Chandler",0.505818399619759
2013,0,"dummy","2386","Andre Iguodala",0.505201244331745
2013,0,"dummy","1977","Chris Bosh",0.503115557476824
2013,0,"dummy","429","Jason Kidd",0.492576881447771
2013,0,"dummy","pair_2411_4015",NA,0.484653515718705
2013,0,"dummy","4253","Quincy Pondexter",0.483742594705128
2013,0,"dummy","2172","Sasha Pavlovic",0.481447678675998
2013,0,"dummy","3979","Toney Douglas",0.468807534880312
2013,0,"dummy","2377","Chris Duhon",0.468267529119553
2013,0,"dummy","4165","Jan Vesely",0.4537772946309
2013,0,"dummy","6624","Jared Sullinger",0.452698548557012
2013,0,"dummy","6530","Greg Smith",0.443816623861878
2013,0,"dummy","3213","Al Horford",0.443284222676132
2013,0,"dummy","25","Metta World",0.443152858274177
2013,0,"dummy","3431","Eric Gordon",0.440120766009338
2013,0,"dummy","6450","Kawhi Leonard",0.439167238161078
2013,0,"dummy","2011","Kyle Korver",0.436128128550459
2013,0,"dummy","1717","Jared Jeffries",0.419517517394791
2013,0,"dummy","pair_3412_4291",NA,0.417589996575672
2013,0,"dummy","2417","Sebastian Telfair",0.388175413157428
2013,0,"dummy","4235","Greg Stiemsma",0.382134875479954
2013,0,"dummy","4252",NA,0.37670205562283
2013,0,"dummy","1721","Roger Mason",0.360164523228165
2013,0,"dummy","2772","David Lee",0.357447727053872
2013,0,"dummy","3206","Marc Gasol",0.356789635623677
2013,0,"dummy","3414","Omer Asik",0.352657860140094
2013,0,"dummy","6593","Bernard James",0.347664156851766
2013,0,"dummy","4263","Daniel Orton",0.33824840342424
2013,0,"dummy","6430","Jimmy Butler",0.333502975953341
2013,0,"dummy","272","Manu Ginobili",0.331790291742182
2013,0,"dummy","3190","Marco Belinelli",0.327955936637567
2013,0,"dummy","6429","Alec Burks",0.326752815201627
2013,0,"dummy","2444","J.R. Smith",0.325430100375207
2013,0,"dummy","4261","Ekpe Udoh",0.324966909684065
2013,0,"dummy","4015","Jeff Teague",0.324337115621979
2013,0,"dummy","3930","Cartier Martin",0.311888423361006
2013,0,"dummy","4264","Patrick Patterson",0.311257861499587
2013,0,"dummy","4016","Hasheem Thabeet",0.305805249665361
2013,0,"dummy","2167","Boris Diaw",0.305185488901013
2013,0,"dummy","3436","Roy Hibbert",0.30404390430927
2013,0,"dummy","6635","Chris Copeland",0.300598990947417
2013,0,"dummy","3439","Serge Ibaka",0.299235826488481
2013,0,"dummy","pair_1975_2444",NA,0.293441151190021
2013,0,"dummy","2326257","Kevin Jones",0.292279221200019
2013,0,"dummy","165","Jamal Crawford",0.292052036563753
2013,0,"dummy","3033","P.J. Tucker",0.288555425422324
2013,0,"dummy","1007","Joe Johnson",0.287386382139656
2013,0,"dummy","6433","Kenneth Faried",0.284384050735361
2013,0,"dummy","4299","Jeremy Lin",0.2838697103323
2013,0,"dummy","6447","Enes Kanter",0.281127571830439
2013,0,"dummy","6604","Doron Lamb",0.278688611306826
2013,0,"dummy","2746","Andray Blatche",0.262928016374588
2013,0,"dummy","6449","Malcolm Lee",0.260148547259725
2013,0,"dummy","1708","Mike Dunleavy",0.258362323133117
2013,0,"dummy","841","Jason Terry",0.255799582355815
2013,0,"dummy","2426","Trevor Ariza",0.250839544514646
2013,0,"dummy","pair_2772_3975",NA,0.249734573166827
2013,0,"dummy","3449","Kevin Love",0.247074760970029
2013,0,"dummy","pair_110_2384",NA,0.23832388761216
2013,0,"dummy","2373","Josh Childress",0.235881923445866
2013,0,"dummy","6156","Jeffery Taylor",0.234064042761439
2013,0,"dummy","261","Kevin Garnett",0.229642156097643
2013,0,"dummy","1731","Chris Wilcox",0.226644156260326
2013,0,"dummy","2768","Jarrett Jack",0.224540708292911
2013,0,"dummy","6471","Nolan Smith",0.220365853440943
2013,0,"dummy","2411","Josh Smith",0.21423115050318
2013,0,"dummy","pair_2429_3224",NA,0.213842217044918
2013,0,"dummy","3012","Kyle Lowry",0.210753291427581
2013,0,"dummy","110","Kobe Bryant",0.210025384979604
2013,0,"dummy","pair_3209_841",NA,0.204526658617921
2013,0,"dummy","1026","Gerald Wallace",0.203687851290995
2013,0,"dummy","1975","Carmelo Anthony",0.203052973706628
2013,0,"dummy","996","Pau Gasol",0.19950238244756
2013,0,"dummy","2753","Raymond Felton",0.197197509195963
2013,0,"dummy","6434","Jimmer Fredette",0.196750413628859
2013,0,"dummy","4304","Samardo Samuels",0.19169638816826
2013,0,"dummy","3015","Paul Millsap",0.186884864293404
2013,0,"dummy","pair_3055_3974",NA,0.177301115249693
2013,0,"dummy","2367","Tony Allen",0.17565811513075
2013,0,"dummy","3445","Courtney Lee",0.173067005262212
2013,0,"dummy","3972","Victor Claver",0.168500554432722
2013,0,"dummy","3224","Joakim Noah",0.167896720417521
2013,0,"dummy","3217","Carl Landry",0.157895371911589
2013,0,"dummy","6578","Harrison Barnes",0.154795667114914
2013,0,"dummy","3055","Jose Juan",0.150884860441936
2013,0,"dummy","434","Andrei Kirilenko",0.149614219372677
2013,0,"dummy","1724","Tayshaun Prince",0.149320875834526
2013,0,"dummy","pair_2386_4000",NA,0.146891567556263
2013,0,"dummy","1981","Kirk Hinrich",0.14447859859016
2013,0,"dummy","4240","Avery Bradley",0.144274652488553
2013,0,"dummy","2751","Monta Ellis",0.14353922303486
2013,0,"dummy","3191","Corey Brewer",0.140280628883808
2013,0,"dummy","3247","Joel Anthony",0.139086079251746
2013,0,"dummy","3244","Thaddeus Young",0.137652351084555
2013,0,"dummy","3005","Rudy Gay",0.135692963056502
2013,0,"dummy","2429","Luol Deng",0.130010371410384
2013,0,"dummy","2419","Anderson Varejao",0.128250269718295
2013,0,"dummy","6475","Klay Thompson",0.124082907695658
2013,0,"dummy","4265","Larry Sanders",0.114625817431682
2013,0,"dummy","4291","Greivis Vasquez",0.113491370911568
2013,0,"dummy","3992","James Harden",0.109511121890092
2013,0,"dummy","6637","Kent Bazemore",0.106834054755283
2013,0,"dummy","3413","Darrell Arthur",0.104905444088449
2013,0,"dummy","4229","Reggie Williams",0.103347393046461
2013,0,"dummy","662","Paul Pierce",0.100146956936717
2013,0,"dummy","6466","Chandler Parsons",0.0994741339260035
2013,0,"dummy","6477","Jonas Valanciunas",0.0959673172875464
2013,0,"dummy","2778","C.J. Miles",0.0955039086675001
2013,0,"dummy","3027","Brandon Roy",0.0927909206833079
2013,0,"dummy","3201","Jared Dudley",0.0888938494494513
2013,0,"dummy","2016","Zaza Pachulia",0.0870945233405265
2013,0,"dummy","pair_3244_3995",NA,0.0829213936163852
2013,0,"dummy","3975","Stephen Curry",0.07639430128071
2013,0,"dummy","1828","Reggie Evans",0.075604969318969
2013,0,"dummy","1985","Luke Ridnour",0.0720988822796771
2013,0,"dummy","6581","Jae Crowder",0.0699964590623333
2013,0,"dummy","1024","Jamaal Tinsley",0.0681588504074752
2013,0,"dummy","6592","John Henson",0.0635468008424518
2013,0,"dummy","3453","Nikola Pekovic",0.0597298860459454
2013,0,"dummy","pair_1007_2798",NA,0.0582275252852954
2013,0,"dummy","2767","Ersan Ilyasova",0.0508751723495054
2013,0,"dummy","4335","Jeff Adrien",0.0443380419410016
2013,0,"dummy","992","DeSagana Diop",0.0441211630747048
2013,0,"dummy","pair_4232_6474",NA,0.0420484862731434
2013,0,"dummy","2015","Travis Outlaw",0.0405391231813772
2013,0,"dummy","2004","Willie Green",0.0368823413508661
2013,0,"dummy","4001","Eric Maynor",0.0366228648481838
2013,0,"dummy","4003","Jodie Meeks",0.0274560980333662
2013,0,"dummy","pair_1726_4258",NA,0.024740751769531
2013,0,"dummy","1821","Jannero Pargo",0.0208783383893075
2013,0,"dummy","3008","Ryan Hollins",0.0192647752259792
2013,0,"dummy","6474","Tristan Thompson",0.014617028953234
2013,0,"dummy","2983","LaMarcus Aldridge",0.0143222887242652
2013,0,"dummy","6589","Draymond Green",0.0105224373015472
2013,0,"dummy","6462","Marcus Morris",0.009087630484383
2013,0,"dummy","1726","John Salmons",0.00750964769789281
2013,0,"dummy","2178","Mo Williams",0.0073716345346459
2013,0,"dummy","6628","Dion Waiters",0.00678361615672238
2013,0,"dummy","3447","Robin Lopez",0.00113332409489793
2013,0,"dummy","2770","Linas Kleiza",0.00090482694986813
2013,0,"dummy","1",NA,0
2013,0,"dummy","2",NA,0
2013,0,"dummy","385","Antawn Jamison",-0.00580168082023139
2013,0,"dummy","3451","Luc Richard",-0.00941348047109404
2013,0,"dummy","4238","Eric Bledsoe",-0.0135976493445697
2013,0,"dummy","pair_2399_2795",NA,-0.0148933907640128
2013,0,"dummy","3194","Wilson Chandler",-0.0162139018136021
2013,0,"dummy","991","Samuel Dalembert",-0.0179467147018771
2013,0,"dummy","3882","Alexey Shved",-0.0194793082804951
2013,0,"dummy","4256","Devin Ebanks",-0.022245516063909
2013,0,"dummy","pair_2751_3997",NA,-0.0245804227811812
2013,0,"dummy","2756","Mickael Gelabale",-0.0261997788860087
2013,0,"dummy","3243","Nick Young",-0.0310224480909304
2013,0,"dummy","4032","Wesley Matthews",-0.0333837566255571
2013,0,"dummy","3024","J.J. Redick",-0.0353705584468121
2013,0,"dummy","4232","Alonzo Gee",-0.0413006622552113
2013,0,"dummy","6442","Kyrie Irving",-0.0425371728556836
2013,0,"dummy","6606","Damian Lillard",-0.0440106109327723
2013,0,"dummy","2991","Ronnie Brewer",-0.0472363340817873
2013,0,"dummy","3276","Anthony Tolliver",-0.0472994404853747
2013,0,"dummy","3448","Brook Lopez",-0.0489305555412544
2013,0,"dummy","2795","Martell Webster",-0.0522313381032821
2013,0,"dummy","4248","Al-Farouq Aminu",-0.0529600783160755
2013,0,"dummy","6448","Brandon Knight",-0.0532417476249408
2013,0,"dummy","2427","Andris Biedrins",-0.0590371277333002
2013,0,"dummy","3452","JaVale McGee",-0.0646729159202633
2013,0,"dummy","2761","Gerald Green",-0.069571186579556
2013,0,"dummy","pair_4260_6448",NA,-0.073200939429912
2013,0,"dummy","pair_3201_3423",NA,-0.083987310299507
2013,0,"dummy","6472","Isaiah Thomas",-0.0851662714486619
2013,0,"dummy","3209","Jeff Green",-0.0921105812216138
2013,0,"dummy","2866","John Lucas",-0.0940519263103557
2013,0,"dummy","2384","Dwight Howard",-0.0943379086015126
2013,0,"dummy","2782","Nate Robinson",-0.0994204783166964
2013,0,"dummy","6424","Lavoy Allen",-0.0997915128632472
2013,0,"dummy","378","Stephen Jackson",-0.100009065596721
2013,0,"dummy","3965","DeJuan Blair",-0.100108981495121
2013,0,"dummy","2399","Emeka Okafor",-0.101345004827858
2013,0,"dummy","4004","Patrick Mills",-0.106231594019887
2013,0,"dummy","pair_3450_3973",NA,-0.106797644023159
2013,0,"dummy","609","Dirk Nowitzki",-0.108078712222777
2013,0,"dummy","6619","Terrence Ross",-0.114555805566087
2013,0,"dummy","1211",NA,-0.116525171388409
2013,0,"dummy","pair_3992_6466",NA,-0.116726352073868
2013,0,"dummy","3997","Brandon Jennings",-0.118788186451415
2013,0,"dummy","4305","Ish Smith",-0.119367877619547
2013,0,"dummy","4008","Jeff Pendergraph",-0.12851225427912
2013,0,"dummy","4000","Ty Lawson",-0.128605765170287
2013,0,"dummy","987","Jason Collins",-0.129772990926872
2013,0,"dummy","4010","A.J. Price",-0.147327226493649
2013,0,"dummy","pair_3187_6478",NA,-0.149846925458427
2013,0,"dummy","6601","Michael Kidd-Gilchrist",-0.152867437800441
2013,0,"dummy","2755","Francisco Garcia",-0.157067543779596
2013,0,"dummy","pair_3416_6606",NA,-0.160003692539926
2013,0,"dummy","2389","Al Jefferson",-0.163212636321167
2013,0,"dummy","3994","Jordan Hill",-0.16341269484893
2013,0,"dummy","6586","Kim English",-0.164103688752681
2013,0,"dummy","1711","Drew Gooden",-0.186465012254215
2013,0,"dummy","2758","Marcin Gortat",-0.186473754109469
2013,0,"dummy","3963","Rodrigue Beaubois",-0.193935316959055
2013,0,"dummy","2200","Marquis Daniels",-0.194830983291385
2013,0,"dummy","6615","Kyle O'Quinn",-0.195009630665543
2013,0,"dummy","1727","Amar'e Stoudemire",-0.201852799144548
2013,0,"dummy","4300","Gary Neal",-0.206747224687853
2013,0,"dummy","336","Grant Hill",-0.206971184228442
2013,0,"dummy","3277","C.J. Watson",-0.210125310922754
2013,0,"dummy","6476","Jeremy Tyler",-0.212515985262807
2013,0,"dummy","3412","Ryan Anderson",-0.21650283165983
2013,0,"dummy","2798","Deron Williams",-0.217317283198503
2013,0,"dummy","2439","Jameer Nelson",-0.222220796828662
2013,0,"dummy","1018","Jason Richardson",-0.223179389944072
2013,0,"dummy","592","Steve Nash",-0.224963342218075
2013,0,"dummy","4023","Garrett Temple",-0.225866394461476
2013,0,"dummy","6446","Cory Joseph",-0.230070836312059
2013,0,"dummy","497","Corey Maggette",-0.236306886792306
2013,0,"dummy","6469","Kyle Singler",-0.2373734553107
2013,0,"dummy","4274","Landry Fields",-0.240521999102606
2013,0,"dummy","3450","O.J. Mayo",-0.243959266206076
2013,0,"dummy","6428","MarShon Brooks",-0.25128848545945
2013,0,"dummy","6580","Bradley Beal",-0.252223881905666
2013,0,"dummy","3220","Josh McRoberts",-0.254421532030203
2013,0,"dummy","3416","Nicolas Batum",-0.254953215404001
2013,0,"dummy","6608","Fab Melo",-0.255014377691066
2013,0,"dummy","4247","Wesley Johnson",-0.258316128529492
2013,0,"dummy","2792","Charlie Villanueva",-0.25836875583923
2013,0,"dummy","3460","Marreese Speights",-0.260884695850904
2013,0,"dummy","4239","Evan Turner",-0.267227108655702
2013,0,"dummy","1781","Luis Scola",-0.273561406832983
2013,0,"dummy","2992","Shannon Brown",-0.278245497475047
2013,0,"dummy","6569","Alan Anderson",-0.279320752667916
2013,0,"dummy","3973","Darren Collison",-0.28017575852528
2013,0,"dummy","615","Jermaine O'Neal",-0.280683315565529
2013,0,"dummy","1995","Keith Bogans",-0.284495966268854
2013,0,"dummy","294","Richard Hamilton",-0.286432209119611
2013,0,"dummy","6583","Anthony Davis",-0.295916020845717
2013,0,"dummy","510","Shawn Marion",-0.310037862126281
2013,0,"dummy","3462","Jason Thompson",-0.314121485157655
2013,0,"dummy","2806","Jose Calderon",-0.315383469878166
2013,0,"dummy","6480","Derrick Williams",-0.316806788603403
2013,0,"dummy","4246","Dominique Jones",-0.323432024891724
2013,0,"dummy","3026","Rajon Rondo",-0.330839004437425
2013,0,"dummy","3991","Tyler Hansbrough",-0.334439522741478
2013,0,"dummy","2448","Beno Udrih",-0.334566352552441
2013,0,"dummy","2789","Ronny Turiaf",-0.339500329765625
2013,0,"dummy","3415","D.J. Augustin",-0.34156817551277
2013,0,"dummy","2775","Jason Maxiell",-0.345045881501898
2013,0,"dummy","6436","Jordan Hamilton",-0.347215699142485
2013,0,"dummy","6614","Andrew Nicholson",-0.348242446458178
2013,0,"dummy","3200","Glen Davis",-0.349051517051573
2013,0,"dummy","808","DeShawn Stevenson",-0.351553948435814
2013,0,"dummy","3003","Randy Foye",-0.35583379087825
2013,0,"dummy","3417","Jerryd Bayless",-0.371791164677341
2013,0,"dummy","3978","DeMar DeRozan",-0.378217529414057
2013,0,"dummy","6427","Bismack Biyombo",-0.389451153431619
2013,0,"dummy","6631","Tyler Zeller",-0.39247462871821
2013,0,"dummy","6479","Kemba Walker",-0.392616526437626
2013,0,"dummy","3995","Jrue Holiday",-0.395568206021905
2013,0,"dummy","2799","Louis Williams",-0.39608545515305
2013,0,"dummy","9","Ray Allen",-0.404774771724712
2013,0,"dummy","pair_2389_3003",NA,-0.410780217760345
2013,0,"dummy","4260","Greg Monroe",-0.414484548482488
2013,0,"dummy","2423","Dorell Wright",-0.419636560606332
2013,0,"dummy","3974","Dante Cunningham",-0.42150015397343
2013,0,"dummy","3423","Goran Dragic",-0.425537084833338
2013,0,"dummy","2834","Chuck Hayes",-0.426152186004163
2013,0,"dummy","2433","Kris Humphries",-0.435534468287146
2013,0,"dummy","2807","Ronnie Price",-0.443006264766766
2013,0,"dummy","4303","Donald Sloan",-0.445545732916437
2013,0,"dummy","2008","Dahntay Jones",-0.454748807552998
2013,0,"dummy","2393","Shaun Livingston",-0.457991138477849
2013,0,"dummy","1000","Brendan Haywood",-0.460267599813032
2013,0,"dummy","1135","Chris Andersen",-0.460342629660023
2013,0,"dummy","6598","Perry Jones",-0.462038543397972
2013,0,"dummy","558","Mike Miller",-0.470190929550398
2013,0,"dummy","3437","J.J. Hickson",-0.475178622236832
2013,0,"dummy","6588","Evan Fournier",-0.479443611859929
2013,0,"dummy","2797","Marvin Williams",-0.479533353003218
2013,0,"dummy","4011","Ricky Rubio",-0.480220269046713
2013,0,"dummy","6478","Nikola Vucevic",-0.483820527792482
2013,0,"dummy","1703","Carlos Boozer",-0.486701612584763
2013,0,"dummy","2027","Luke Walton",-0.487954518497426
2013,0,"dummy","2774","Ian Mahinmi",-0.492667939367538
2013,0,"dummy","4257","Derrick Favors",-0.49927918172336
2013,0,"dummy","6431","Norris Cole",-0.511054187280611
2013,0,"dummy","4258","DeMarcus Cousins",-0.515274695985836
2013,0,"dummy","2387","Royal Ivey",-0.516446728049808
2013,0,"dummy","6497","Jeremy Pargo",-0.524655630663188
2013,0,"dummy","6460","E'Twaun Moore",-0.526024916263765
2013,0,"dummy","4250","Luke Babbitt",-0.527991108624828
2013,0,"dummy","6461","Markieff Morris",-0.536099248258805
2013,0,"dummy","3235","Rodney Stuckey",-0.539109111808868
2013,0,"dummy","3211","Spencer Hawes",-0.540941857473548
2013,0,"dummy","4400","Chris Johnson",-0.546108811965795
2013,0,"dummy","4243","Jordan Crawford",-0.547170189437374
2013,0,"dummy","2745","Brandon Bass",-0.561572330780863
2013,0,"dummy","1027","Earl Watson",-0.564770526287117
2013,0,"dummy","3232","Jason Smith",-0.566397326577192
2013,0,"dummy","6587","Festus Ezeli",-0.56868707132958
2013,0,"dummy","3187","Arron Afflalo",-0.573832394606377
2013,0,"dummy","2006","Josh Howard",-0.579734050331117
2013,0,"dummy","6463","Darius Morris",-0.582328017765233
2013,0,"dummy","3192","Aaron Brooks",-0.584045683648351
2013,0,"dummy","6625","Tyshawn Taylor",-0.597254851965103
2013,0,"dummy","4289","Kevin Seraphin",-0.603593612768389
2013,0,"dummy","1982","Chris Kaman",-0.607954567069774
2013,0,"dummy","2816","Will Bynum",-0.617395669961785
2013,0,"dummy","802","Jerry Stackhouse",-0.62186436106287
2013,0,"dummy","846","Kurt Thomas",-0.625764278436137
2013,0,"dummy","2325490","DeQuan Jones",-0.636322766927849
2013,0,"dummy","3977","Nando de",-0.636884812981586
2013,0,"dummy","91","Elton Brand",-0.639701874960526
2013,0,"dummy","3418","Michael Beasley",-0.651334980430756
2013,0,"dummy","6607","Kendall Marshall",-0.652110359846966
2013,0,"dummy","6440","Tobias Harris",-0.654171545608746
2013,0,"dummy","pair_3993_6479",NA,-0.656178866929046
2013,0,"dummy","6617","Austin Rivers",-0.662547473923464
2013,0,"dummy","6444","Charles Jenkins",-0.662782350969337
2013,0,"dummy","2747","Andrew Bogut",-0.66386306950782
2013,0,"dummy","6534","Ivan Johnson",-0.665693193828361
2013,0,"dummy","981","Kwame Brown",-0.672235262456024
2013,0,"dummy","6470","Chris Singleton",-0.67925937787522
2013,0,"dummy","6620","Robert Sacre",-0.704075303954755
2013,0,"dummy","4017","Marcus Thornton",-0.708084475447667
2013,0,"dummy","2166","Leandro Barbosa",-0.716883022733621
2013,0,"dummy","3474","Anthony Morrow",-0.719998490743397
2013,0,"dummy","3998","Jonas Jerebko",-0.721344195757504
2013,0,"dummy","6594","John Jenkins",-0.723044063980574
2013,0,"dummy","2987","Andrea Bargnani",-0.731131709282138
2013,0,"dummy","6618","Thomas Robinson",-0.744632013963637
2013,0,"dummy","4020","Sam Young",-0.746863147840103
2013,0,"dummy","3971","Earl Clark",-0.768271232432413
2013,0,"dummy","1013","Troy Murphy",-0.776619913196199
2013,0,"dummy","3246","Dominic McGuire",-0.778475776081252
2013,0,"dummy","3231","Ramon Sessions",-0.790884135746391
2013,0,"dummy","2506","Damien Wilkins",-0.792381705109625
2013,0,"dummy","6591","Maurice Harkless",-0.81416459198594
2013,0,"dummy","3554","Omri Casspi",-0.820570987188304
2013,0,"dummy","4298","Timofey Mozgov",-0.820755323463138
2013,0,"dummy","6453","DeAndre Liggins",-0.84412901150459
2013,0,"dummy","3993","Gerald Henderson",-0.844169409063419
2013,0,"dummy","6595","Orlando Johnson",-0.844669853103252
2013,0,"dummy","3983","Tyreke Evans",-0.846811329329396
2013,0,"dummy","6546","Gustavo Ayon",-0.852406956995224
2013,0,"dummy","3207","Aaron Gray",-0.875062100252973
2013,0,"dummy","6468","Iman Shumpert",-0.882889574256411
2013,0,"dummy","3006","Daniel Gibson",-0.928235844338955
2013,0,"dummy","4241","Xavier Henry",-0.955524681701941
2013,0,"dummy","2477","Earl Barron",-0.973417857007459
2013,0,"dummy","6622","Mike Scott",-0.999112285645133
2013,0,"dummy","6630","Tony Wroten",-1.00419589645261
2013,0,"dummy","4005","Byron Mullens",-1.02684064093169
2013,0,"dummy","4385","Mirza Teletovic",-1.03330190159274
2013,0,"dummy","6610","Darius Miller",-1.0721243391035
2013,0,"dummy","4259","Ed Davis",-1.09767379004767
2013,0,"dummy","4295","Jeremy Evans",-1.10024399744972
2013,0,"dummy","3422","Chris Douglas-Roberts",-1.14957895548762
2013,0,"dummy","2173","Mickael Pietrus",-1.15846313708657
2013,0,"dummy","469","Rashard Lewis",-1.1923972451661
2013,0,"dummy","3004","Joel Freeland",-1.23171517398087
2013,0,"dummy","1016","Vladimir Radmanovic",-1.25818857479488
2013,0,"dummy","6490","Terrel Harris",-1.30443234651582
2013,0,"dummy","6605","Meyers Leonard",-1.30979726641023
2013,0,"dummy","6641","Brian Roberts",-1.31376108354846
2013,0,"dummy","2381","Ben Gordon",-1.31529748010121
2013,0,"dummy","3037","James White",-1.341633177249
2013,0,"dummy","3032","Tyrus Thomas",-1.36022747986113
2013,0,"dummy","2211",NA,-1.41739979946276
2013,0,"dummy","3999","James Johnson",-1.41824917990803
2013,0,"dummy","4267","Cole Aldrich",-1.46212670215465
2013,0,"dummy","6579","Will Barton",-1.4885302570635
2013,0,"dummy","3041","Lou Amundson",-1.48989399564724
2013,0,"dummy","2794","Hakim Warrick",-1.52606624284404
2013,0,"dummy","6657","Ben Hansbrough",-1.62474646093901
2013,0,"dummy","4270","Trevor Booker",-1.63440803460328
2013,0,"dummy","6612","Arnett Moultrie",-1.77085408250697
2013,0,"dummy","862","Hedo Turkoglu",-1.88340817181039
2013,0,"dummy","6439","Josh Harrellson",-2.01091376502287
2013,0,"dummy","6603","Jeremy Lamb",-2.0161190152114
2013,0,"dummy","6623","Tornike Shengelia",-2.0161552656404
2013,0,"dummy","125","Marcus Camby",-2.03724067280221
2013,0,"dummy","6636","Viacheslav Kravtsov",-2.04476163577336
2013,0,"dummy","6454","Shelvin Mack",-2.15026116893618
2013,0,"dummy","6638","Maalik Wayns",-2.42763673830243
2013,0,"dummy","6616","Miles Plumlee",-2.48513627947692
2013,0,"dummy","6452","Jon Leuer",-2.53759702292877
2013,0,"dummy","2009","James Jones",-2.71287776245194
2013,0,"dummy","2968439","Aron Baynes",-2.73015676586835
2013,0,"dummy","2780","Johan Petro",-2.87604894498816
2013,0,"dummy","2760","Danny Granger",-3.01904320270554
2013,0,"dummy","4266",NA,-3.06853615676272
2013,0,"dummy","6597","Terrence Jones",-3.11933436316213
2013,0,"dummy","682","Joel Przybilla",-3.75672752936268
2013,0,"dummy","4283","Dexter Pittman",-3.75867616753048
2013,0,"dummy","6599","Kris Joseph",-3.76280868248187
2013,0,"dummy","6663","Diante Garrett",-3.86769125434438
2013,0,"dummy","6543","Julyan Stone",-4.38534747730603
2013,0,"dummy","6502",NA,-5.25410572028726
2013,0,"dummy","308","Al Harrington",-5.96048853864353
2013,0,"dummy","4277","Lazar Hayward",-5.97804253378714
2013,0,"dummy","6467","Josh Selby",-6.05263226296458
2013,0,"dummy","6596",NA,-6.12989544654458
2013,0,"dummy","6644","Scott Machado",-6.6582020055903
2013,0,"dummy","6613",NA,-6.87936453739289
2013,0,"dummy","6582",NA,-7.55705131120394
2013,0,"dummy","2171",NA,-8.21075658280817
2013,0,"dummy","6441",NA,-9.35013174260527
2013,0,"dummy","515","Kenyon Martin",-11.56109504115
2013,0,"dummy","2827","Will Conroy",-11.7955599863248
2013,5,"dummy","4242","James Anderson",2.86478122347614
2013,5,"dummy","6576","Quincy Acy",2.58370708845984
2013,5,"dummy","4019","Terrence Williams",2.27753520669407
2013,5,"dummy","2325975","Chris Johnson",2.18413483835097
2013,5,"dummy","3964","Patrick Beverley",2.00042370583856
2013,5,"dummy","63","Chauncey Billups",1.77399057460777
2013,5,"dummy","3",NA,1.4434414672402
2013,5,"dummy","6609","Khris Middleton",1.43299200337415
2013,5,"dummy","1218",NA,1.29831181400237
2013,5,"dummy","1978","Nick Collison",1.29353811694759
2013,5,"dummy","246","Derek Fisher",1.24873017199057
2013,5,"dummy","6626","Marquis Teague",1.19963028311695
2013,5,"dummy","6464","Donatas Motiejunas",1.14646874790432
2013,5,"dummy","990","Eddy Curry",1.136867085067
2013,5,"dummy","3968","Chase Budinger",1.12968223806655
2013,5,"dummy","3419","Mario Chalmers",1.1281495152009
2013,5,"dummy","3970","DeMarre Carroll",1.11917024822496
2013,5,"dummy","1051","Mike James",1.10633008723274
2013,5,"dummy","1298",NA,1.0618320095817
2013,5,"dummy","4237","John Wall",1.04506826598721
2013,5,"dummy","3444","Kosta Koufos",1.00224979928386
2013,5,"dummy","3455","Anthony Randolph",0.985773946647577
2013,5,"dummy","617","Lamar Odom",0.978632820420039
2013,5,"dummy","1006","Richard Jefferson",0.964876657875809
2013,5,"dummy","pair_1015_215",NA,0.944410847404253
2013,5,"dummy","2779","Chris Paul",0.935692606787328
2013,5,"dummy","3196","Daequan Cook",0.934697142537921
2013,5,"dummy","pair_1966_1987",NA,0.892833050898814
2013,5,"dummy","136","Vince Carter",0.889289873595973
2013,5,"dummy","3242","Brandan Wright",0.886479277356519
2013,5,"dummy","883","Rasheed Wallace",0.864046211436924
2013,5,"dummy","pair_165_1765",NA,0.859557104346785
2013,5,"dummy","pair_3202_3468",NA,0.857923525974274
2013,5,"dummy","1999","Carlos Delfino",0.853672086672277
2013,5,"dummy","3202","Kevin Durant",0.846787085046201
2013,5,"dummy","pair_3195_3206",NA,0.838015219296124
2013,5,"dummy","3195","Mike Conley",0.830809760656481
2013,5,"dummy","3988","Danny Green",0.822358666305316
2013,5,"dummy","pair_3438_4251",NA,0.816460098019111
2013,5,"dummy","6443","Reggie Jackson",0.813544026321122
2013,5,"dummy","3028","Thabo Sefolosha",0.794685898162483
2013,5,"dummy","3468","Russell Westbrook",0.777361136417473
2013,5,"dummy","3986","Taj Gibson",0.774933675946832
2013,5,"dummy","1996","Matt Bonner",0.770245342385755
2013,5,"dummy","6485","Lance Thomas",0.765292147161
2013,5,"dummy","2382","Devin Harris",0.741095656095476
2013,5,"dummy","1987","Dwyane Wade",0.739067927547814
2013,5,"dummy","3981","Wayne Ellington",0.737235208057787
2013,5,"dummy","1015","Tony Parker",0.725255453311032
2013,5,"dummy","2394","Kevin Martin",0.709516300747655
2013,5,"dummy","2018","Kendrick Perkins",0.688987511261723
2013,5,"dummy","3438","George Hill",0.684485589616154
2013,5,"dummy","3233","Tiago Splitter",0.683902936625906
2013,5,"dummy","215","Tim Duncan",0.678281991664194
2013,5,"dummy","4182","Pablo Prigioni",0.668253617728332
2013,5,"dummy","3442","DeAndre Jordan",0.666760413147142
2013,5,"dummy","557","Andre Miller",0.664316969446066
2013,5,"dummy","6585","Andre Drummond",0.647400877400294
2013,5,"dummy","2184","Udonis Haslem",0.642010329229212
2013,5,"dummy","3976","Austin Daye",0.641373040701112
2013,5,"dummy","pair_2769_3978",NA,0.632252466842687
2013,5,"dummy","1994","Steve Blake",0.621715465985658
2013,5,"dummy","976","Shane Battier",0.607647080729174
2013,5,"dummy","1765","Matt Barnes",0.589850489563064
2013,5,"dummy","2769","Amir Johnson",0.588000842068213
2013,5,"dummy","1713","Nenê ",0.581282843208113
2013,5,"dummy","3018","Steve Novak",0.577500233727336
2013,5,"dummy","2177","David West",0.576788695815414
2013,5,"dummy","3428","Danilo Gallinari",0.561798212633197
2013,5,"dummy","1705","Caron Butler",0.558996772393864
2013,5,"dummy","4249","Gordon Hayward",0.557696032601159
2013,5,"dummy","1966","LeBron James",0.554341405379521
2013,5,"dummy","4244","Lance Stephenson",0.550851453490581
2013,5,"dummy","1017","Zach Randolph",0.540081900350676
2013,5,"dummy","984","Tyson Chandler",0.538714023018241
2013,5,"dummy","1237",NA,0.536057252901275
2013,5,"dummy","4251","Paul George",0.535873904046243
2013,5,"dummy","2386","Andre Iguodala",0.532595156411718
2013,5,"dummy","3989","Blake Griffin",0.528916947140073
2013,5,"dummy","429","Jason Kidd",0.527817343201622
2013,5,"dummy","2172","Sasha Pavlovic",0.522859285085475
2013,5,"dummy","1977","Chris Bosh",0.519226065327852
2013,5,"dummy","pair_2411_4015",NA,0.511447403787086
2013,5,"dummy","4253","Quincy Pondexter",0.505000717096379
2013,5,"dummy","3979","Toney Douglas",0.498818256572953
2013,5,"dummy","4165","Jan Vesely",0.493077737402288
2013,5,"dummy","2377","Chris Duhon",0.487716287370406
2013,5,"dummy","25","Metta World",0.478704436973916
2013,5,"dummy","3431","Eric Gordon",0.4753677411061
2013,5,"dummy","6530","Greg Smith",0.474377107718597
2013,5,"dummy","3213","Al Horford",0.471118508015081
2013,5,"dummy","6624","Jared Sullinger",0.469894425524845
2013,5,"dummy","2011","Kyle Korver",0.460503640393385
2013,5,"dummy","pair_3412_4291",NA,0.457794578750448
2013,5,"dummy","1717","Jared Jeffries",0.45751139796839
2013,5,"dummy","6450","Kawhi Leonard",0.446740712097034
2013,5,"dummy","3190","Marco Belinelli",0.412116378046405
2013,5,"dummy","2417","Sebastian Telfair",0.397592873688913
2013,5,"dummy","1721","Roger Mason",0.392086510898952
2013,5,"dummy","4235","Greg Stiemsma",0.389754262458165
2013,5,"dummy","6593","Bernard James",0.389496054840396
2013,5,"dummy","2772","David Lee",0.3875439321632
2013,5,"dummy","6430","Jimmy Butler",0.386238432392057
2013,5,"dummy","3414","Omer Asik",0.370961209483738
2013,5,"dummy","3206","Marc Gasol",0.357322124791727
2013,5,"dummy","4261","Ekpe Udoh",0.350056964322085
2013,5,"dummy","3930","Cartier Martin",0.344211686852484
2013,5,"dummy","2326257","Kevin Jones",0.342836144711417
2013,5,"dummy","272","Manu Ginobili",0.342451748592301
2013,5,"dummy","4015","Jeff Teague",0.337464024721965
2013,5,"dummy","2444","J.R. Smith",0.330957762462873
2013,5,"dummy","6635","Chris Copeland",0.325111519833123
2013,5,"dummy","4264","Patrick Patterson",0.324910666125085
2013,5,"dummy","1007","Joe Johnson",0.318405290521117
2013,5,"dummy","6604","Doron Lamb",0.315019338321889
2013,5,"dummy","2167","Boris Diaw",0.313473449373305
2013,5,"dummy","6429","Alec Burks",0.311667140542012
2013,5,"dummy","3033","P.J. Tucker",0.307371076170141
2013,5,"dummy","4299","Jeremy Lin",0.303604179007514
2013,5,"dummy","pair_1975_2444",NA,0.30131903684254
2013,5,"dummy","3436","Roy Hibbert",0.301304584195646
2013,5,"dummy","4016","Hasheem Thabeet",0.299745734159513
2013,5,"dummy","2746","Andray Blatche",0.297407617192269
2013,5,"dummy","6433","Kenneth Faried",0.291327826319136
2013,5,"dummy","165","Jamal Crawford",0.290618604985063
2013,5,"dummy","3439","Serge Ibaka",0.28683277651114
2013,5,"dummy","6156","Jeffery Taylor",0.282228155051687
2013,5,"dummy","2426","Trevor Ariza",0.280902999339305
2013,5,"dummy","2768","Jarrett Jack",0.274151519276482
2013,5,"dummy","841","Jason Terry",0.273627486177048
2013,5,"dummy","1708","Mike Dunleavy",0.272994327938893
2013,5,"dummy","3449","Kevin Love",0.271675407197779
2013,5,"dummy","2373","Josh Childress",0.26800242788627
2013,5,"dummy","6471","Nolan Smith",0.262444109103305
2013,5,"dummy","6447","Enes Kanter",0.260775430373235
2013,5,"dummy","pair_110_2384",NA,0.256540735866027
2013,5,"dummy","1731","Chris Wilcox",0.255909344820481
2013,5,"dummy","pair_2772_3975",NA,0.254197805571828
2013,5,"dummy","261","Kevin Garnett",0.251399445131988
2013,5,"dummy","4229","Reggie Williams",0.235116277449919
2013,5,"dummy","3012","Kyle Lowry",0.231637593444131
2013,5,"dummy","1026","Gerald Wallace",0.229774023540547
2013,5,"dummy","110","Kobe Bryant",0.22758041595579
2013,5,"dummy","2411","Josh Smith",0.220778989403561
2013,5,"dummy","3217","Carl Landry",0.219105190602994
2013,5,"dummy","pair_3209_841",NA,0.214773754978947
2013,5,"dummy","pair_2429_3224",NA,0.213573929527816
2013,5,"dummy","3015","Paul Millsap",0.209144155642012
2013,5,"dummy","1975","Carmelo Anthony",0.208487066897014
2013,5,"dummy","4304","Samardo Samuels",0.207933711281906
2013,5,"dummy","3972","Victor Claver",0.204233214758668
2013,5,"dummy","2753","Raymond Felton",0.204080792046763
2013,5,"dummy","996","Pau Gasol",0.203389816434246
2013,5,"dummy","6449","Malcolm Lee",0.201542280673934
2013,5,"dummy","6434","Jimmer Fredette",0.199361689344261
2013,5,"dummy","pair_3055_3974",NA,0.198110200337447
2013,5,"dummy","2367","Tony Allen",0.181863595564153
2013,5,"dummy","3445","Courtney Lee",0.180010815382735
2013,5,"dummy","3055","Jose Juan",0.170809759235753
2013,5,"dummy","6578","Harrison Barnes",0.170125845897287
2013,5,"dummy","1724","Tayshaun Prince",0.163996223627904
2013,5,"dummy","4240","Avery Bradley",0.162504519542117
2013,5,"dummy","3224","Joakim Noah",0.161737381360596
2013,5,"dummy","434","Andrei Kirilenko",0.160683752652135
2013,5,"dummy","2751","Monta Ellis",0.159627277349726
2013,5,"dummy","2429","Luol Deng",0.159447376261948
2013,5,"dummy","3244","Thaddeus Young",0.159248559983213
2013,5,"dummy","1981","Kirk Hinrich",0.156417103706223
2013,5,"dummy","2419","Anderson Varejao",0.149148373036641
2013,5,"dummy","6475","Klay Thompson",0.145251364483903
2013,5,"dummy","pair_2386_4000",NA,0.144455074168483
2013,5,"dummy","3247","Joel Anthony",0.14081983928772
2013,5,"dummy","3005","Rudy Gay",0.136359592092042
2013,5,"dummy","3191","Corey Brewer",0.134854939151692
2013,5,"dummy","4265","Larry Sanders",0.129571647666184
2013,5,"dummy","4291","Greivis Vasquez",0.126635660986243
2013,5,"dummy","6477","Jonas Valanciunas",0.122229058277002
2013,5,"dummy","992","DeSagana Diop",0.11475423374708
2013,5,"dummy","662","Paul Pierce",0.112016295963988
2013,5,"dummy","3992","James Harden",0.106616434637493
2013,5,"dummy","3201","Jared Dudley",0.105443599222406
2013,5,"dummy","3413","Darrell Arthur",0.102114424293646
2013,5,"dummy","2778","C.J. Miles",0.101317869622506
2013,5,"dummy","pair_3244_3995",NA,0.0985120321170874
2013,5,"dummy","6466","Chandler Parsons",0.0944988962285289
2013,5,"dummy","2016","Zaza Pachulia",0.0910165294937612
2013,5,"dummy","1828","Reggie Evans",0.0889371400301987
2013,5,"dummy","1985","Luke Ridnour",0.08695235434638
2013,5,"dummy","3975","Stephen Curry",0.0801491188036571
2013,5,"dummy","3027","Brandon Roy",0.0779270090194508
2013,5,"dummy","4335","Jeff Adrien",0.0772341969081941
2013,5,"dummy","1024","Jamaal Tinsley",0.0740912886705915
2013,5,"dummy","3453","Nikola Pekovic",0.0715267658756927
2013,5,"dummy","6592","John Henson",0.0708047637191193
2013,5,"dummy","6589","Draymond Green",0.0681491040317177
2013,5,"dummy","pair_1007_2798",NA,0.0576797056121574
2013,5,"dummy","6581","Jae Crowder",0.0563817065730209
2013,5,"dummy","2767","Ersan Ilyasova",0.0511902229633662
2013,5,"dummy","pair_1726_4258",NA,0.0458152324148089
2013,5,"dummy","3008","Ryan Hollins",0.0440047898626438
2013,5,"dummy","pair_4232_6474",NA,0.0430074545147802
2013,5,"dummy","4001","Eric Maynor",0.041264851551467
2013,5,"dummy","2015","Travis Outlaw",0.0395765905266108
2013,5,"dummy","2004","Willie Green",0.0394041736720619
2013,5,"dummy","1726","John Salmons",0.0279522720496972
2013,5,"dummy","2983","LaMarcus Aldridge",0.0244217256571011
2013,5,"dummy","4003","Jodie Meeks",0.0178090266492839
2013,5,"dummy","6474","Tristan Thompson",0.0149969984923435
2013,5,"dummy","2178","Mo Williams",0.0106307359396516
2013,5,"dummy","1821","Jannero Pargo",0.00569677347060196
2013,5,"dummy","6462","Marcus Morris",0.0050809107318865
2013,5,"dummy","6628","Dion Waiters",0.00466613846090141
2013,5,"dummy","3447","Robin Lopez",0.00438149750272156
2013,5,"dummy","2770","Linas Kleiza",-0.0027130392426427
2013,5,"dummy","3451","Luc Richard",-0.00923032705882394
2013,5,"dummy","pair_2399_2795",NA,-0.00964064165218045
2013,5,"dummy","385","Antawn Jamison",-0.00998979281102671
2013,5,"dummy","991","Samuel Dalembert",-0.0160220524026809
2013,5,"dummy","3243","Nick Young",-0.0176778582483909
2013,5,"dummy","2756","Mickael Gelabale",-0.0182963944520654
2013,5,"dummy","3024","J.J. Redick",-0.0224479054998416
2013,5,"dummy","pair_2751_3997",NA,-0.024627640388933
2013,5,"dummy","4032","Wesley Matthews",-0.0269359176566794
2013,5,"dummy","3882","Alexey Shved",-0.029460633204485
2013,5,"dummy","2427","Andris Biedrins",-0.031958651922821
2013,5,"dummy","4238","Eric Bledsoe",-0.0332207525573712
2013,5,"dummy","3194","Wilson Chandler",-0.0339062213250124
2013,5,"dummy","6606","Damian Lillard",-0.0366872960911817
2013,5,"dummy","3448","Brook Lopez",-0.0408410245079466
2013,5,"dummy","4232","Alonzo Gee",-0.0410317195719612
2013,5,"dummy","6442","Kyrie Irving",-0.0418092382743353
2013,5,"dummy","6448","Brandon Knight",-0.0432903653395362
2013,5,"dummy","4256","Devin Ebanks",-0.0435892529861129
2013,5,"dummy","2795","Martell Webster",-0.0530261504275493
2013,5,"dummy","4248","Al-Farouq Aminu",-0.0538049447321292
2013,5,"dummy","2991","Ronnie Brewer",-0.0579406341550577
2013,5,"dummy","2782","Nate Robinson",-0.0641313820046749
2013,5,"dummy","pair_4260_6448",NA,-0.0664189035404129
2013,5,"dummy","3276","Anthony Tolliver",-0.076932409699409
2013,5,"dummy","pair_3201_3423",NA,-0.0775581483653025
2013,5,"dummy","6472","Isaiah Thomas",-0.080840656419992
2013,5,"dummy","2761","Gerald Green",-0.082930250646387
2013,5,"dummy","3452","JaVale McGee",-0.0834464421706405
2013,5,"dummy","2866","John Lucas",-0.0953163580656363
2013,5,"dummy","4305","Ish Smith",-0.0969516877336739
2013,5,"dummy","pair_3450_3973",NA,-0.0982126627093589
2013,5,"dummy","6424","Lavoy Allen",-0.0994138053269949
2013,5,"dummy","2399","Emeka Okafor",-0.100558498435971
2013,5,"dummy","3209","Jeff Green",-0.108563950138219
2013,5,"dummy","2384","Dwight Howard",-0.110459548744512
2013,5,"dummy","609","Dirk Nowitzki",-0.111338497517185
2013,5,"dummy","1211",NA,-0.115947388607269
2013,5,"dummy","378","Stephen Jackson",-0.120087961925779
2013,5,"dummy","3965","DeJuan Blair",-0.120396275546702
2013,5,"dummy","6619","Terrence Ross",-0.126387932212354
2013,5,"dummy","4004","Patrick Mills",-0.129342216057437
2013,5,"dummy","3997","Brandon Jennings",-0.133851404653391
2013,5,"dummy","pair_3992_6466",NA,-0.135139803359369
2013,5,"dummy","6601","Michael Kidd-Gilchrist",-0.13758952966454
2013,5,"dummy","987","Jason Collins",-0.137975877515899
2013,5,"dummy","pair_3187_6478",NA,-0.143794453843498
2013,5,"dummy","4010","A.J. Price",-0.146457806066464
2013,5,"dummy","2755","Francisco Garcia",-0.147843263873374
2013,5,"dummy","4000","Ty Lawson",-0.156576532038505
2013,5,"dummy","6586","Kim English",-0.160462199168119
2013,5,"dummy","pair_3416_6606",NA,-0.163434203969964
2013,5,"dummy","4008","Jeff Pendergraph",-0.166418979476446
2013,5,"dummy","2389","Al Jefferson",-0.168439204744765
2013,5,"dummy","1711","Drew Gooden",-0.187526926553311
2013,5,"dummy","3963","Rodrigue Beaubois",-0.18808009364313
2013,5,"dummy","3994","Jordan Hill",-0.189552805997677
2013,5,"dummy","2758","Marcin Gortat",-0.190576832405828
2013,5,"dummy","2200","Marquis Daniels",-0.196468264176591
2013,5,"dummy","6615","Kyle O'Quinn",-0.20495374078252
2013,5,"dummy","2439","Jameer Nelson",-0.221251384843499
2013,5,"dummy","3277","C.J. Watson",-0.223684891858984
2013,5,"dummy","336","Grant Hill",-0.225039718190283
2013,5,"dummy","3412","Ryan Anderson",-0.226679270089767
2013,5,"dummy","1018","Jason Richardson",-0.228803413419719
2013,5,"dummy","2798","Deron Williams",-0.239722408149269
2013,5,"dummy","592","Steve Nash",-0.240684745960077
2013,5,"dummy","4300","Gary Neal",-0.244886104363079
2013,5,"dummy","1727","Amar'e Stoudemire",-0.244989714714599
2013,5,"dummy","6469","Kyle Singler",-0.245515572417553
2013,5,"dummy","4274","Landry Fields",-0.247026134050681
2013,5,"dummy","6428","MarShon Brooks",-0.247051139518104
2013,5,"dummy","4023","Garrett Temple",-0.255785097921356
2013,5,"dummy","497","Corey Maggette",-0.256311396453713
2013,5,"dummy","3450","O.J. Mayo",-0.258274776116317
2013,5,"dummy","3220","Josh McRoberts",-0.266021149097364
2013,5,"dummy","6580","Bradley Beal",-0.266051346535633
2013,5,"dummy","3416","Nicolas Batum",-0.267117015712704
2013,5,"dummy","4239","Evan Turner",-0.275728393394605
2013,5,"dummy","2792","Charlie Villanueva",-0.276698375584144
2013,5,"dummy","2992","Shannon Brown",-0.283843741447517
2013,5,"dummy","1995","Keith Bogans",-0.287739585166554
2013,5,"dummy","3973","Darren Collison",-0.291129880697085
2013,5,"dummy","615","Jermaine O'Neal",-0.293353611298001
2013,5,"dummy","1781","Luis Scola",-0.296078818625794
2013,5,"dummy","6569","Alan Anderson",-0.300235507915816
2013,5,"dummy","294","Richard Hamilton",-0.304454225738025
2013,5,"dummy","3460","Marreese Speights",-0.309945221756244
2013,5,"dummy","6583","Anthony Davis",-0.316282948141418
2013,5,"dummy","3462","Jason Thompson",-0.321920613110117
2013,5,"dummy","2806","Jose Calderon",-0.322736179077872
2013,5,"dummy","6446","Cory Joseph",-0.323722944711046
2013,5,"dummy","510","Shawn Marion",-0.328331720438263
2013,5,"dummy","6480","Derrick Williams",-0.333919842348917
2013,5,"dummy","6614","Andrew Nicholson",-0.348323833985664
2013,5,"dummy","3991","Tyler Hansbrough",-0.358851631450286
2013,5,"dummy","3200","Glen Davis",-0.359868502682782
2013,5,"dummy","2448","Beno Udrih",-0.360895230172116
2013,5,"dummy","2789","Ronny Turiaf",-0.362585947000825
2013,5,"dummy","2775","Jason Maxiell",-0.362911630153445
2013,5,"dummy","3026","Rajon Rondo",-0.364917149915138
2013,5,"dummy","3003","Randy Foye",-0.36679203145481
2013,5,"dummy","3415","D.J. Augustin",-0.376804282746987
2013,5,"dummy","4246","Dominique Jones",-0.38172039495582
2013,5,"dummy","808","DeShawn Stevenson",-0.383181114217882
2013,5,"dummy","4247","Wesley Johnson",-0.393803735674745
2013,5,"dummy","6427","Bismack Biyombo",-0.393848326783409
2013,5,"dummy","6479","Kemba Walker",-0.395516306992793
2013,5,"dummy","3978","DeMar DeRozan",-0.402443622309659
2013,5,"dummy","6436","Jordan Hamilton",-0.404191620096349
2013,5,"dummy","3417","Jerryd Bayless",-0.408434374458602
2013,5,"dummy","3995","Jrue Holiday",-0.420962222892308
2013,5,"dummy","6631","Tyler Zeller",-0.426137831778956
2013,5,"dummy","pair_2389_3003",NA,-0.428438450152601
2013,5,"dummy","2799","Louis Williams",-0.429905006545364
2013,5,"dummy","2834","Chuck Hayes",-0.435973218578611
2013,5,"dummy","2423","Dorell Wright",-0.437535740795197
2013,5,"dummy","4260","Greg Monroe",-0.438298679425017
2013,5,"dummy","9","Ray Allen",-0.442646344248361
2013,5,"dummy","3423","Goran Dragic",-0.450074376136431
2013,5,"dummy","2807","Ronnie Price",-0.460099043721379
2013,5,"dummy","2433","Kris Humphries",-0.464302971688463
2013,5,"dummy","6598","Perry Jones",-0.465074223093705
2013,5,"dummy","1000","Brendan Haywood",-0.467949244579174
2013,5,"dummy","1135","Chris Andersen",-0.476842423950747
2013,5,"dummy","3974","Dante Cunningham",-0.476863918270684
2013,5,"dummy","2008","Dahntay Jones",-0.477340890963824
2013,5,"dummy","4303","Donald Sloan",-0.497702025258585
2013,5,"dummy","2393","Shaun Livingston",-0.504377788945481
2013,5,"dummy","4011","Ricky Rubio",-0.506048612751601
2013,5,"dummy","6478","Nikola Vucevic",-0.509382829793107
2013,5,"dummy","2797","Marvin Williams",-0.509592104951565
2013,5,"dummy","3437","J.J. Hickson",-0.509934034322338
2013,5,"dummy","6588","Evan Fournier",-0.511262687297345
2013,5,"dummy","558","Mike Miller",-0.522074146360341
2013,5,"dummy","2027","Luke Walton",-0.524870558256976
2013,5,"dummy","4258","DeMarcus Cousins",-0.535929570039764
2013,5,"dummy","1703","Carlos Boozer",-0.537004203361026
2013,5,"dummy","2774","Ian Mahinmi",-0.537816357048172
2013,5,"dummy","6460","E'Twaun Moore",-0.540332049815957
2013,5,"dummy","2387","Royal Ivey",-0.546980465453631
2013,5,"dummy","4257","Derrick Favors",-0.550727114197094
2013,5,"dummy","6497","Jeremy Pargo",-0.552092281214527
2013,5,"dummy","6431","Norris Cole",-0.560540998271382
2013,5,"dummy","4250","Luke Babbitt",-0.562282601771127
2013,5,"dummy","3211","Spencer Hawes",-0.569353894564457
2013,5,"dummy","3235","Rodney Stuckey",-0.572288896628659
2013,5,"dummy","4400","Chris Johnson",-0.573955682617051
2013,5,"dummy","4243","Jordan Crawford",-0.580385192731575
2013,5,"dummy","3232","Jason Smith",-0.595934680690901
2013,5,"dummy","1027","Earl Watson",-0.597103246894857
2013,5,"dummy","6461","Markieff Morris",-0.599820868762721
2013,5,"dummy","6587","Festus Ezeli",-0.602557049322481
2013,5,"dummy","2006","Josh Howard",-0.604814472631712
2013,5,"dummy","3187","Arron Afflalo",-0.607401182955412
2013,5,"dummy","3192","Aaron Brooks",-0.608741402538691
2013,5,"dummy","2745","Brandon Bass",-0.609692843691194
2013,5,"dummy","6463","Darius Morris",-0.637539275217687
2013,5,"dummy","4289","Kevin Seraphin",-0.649926546259866
2013,5,"dummy","1982","Chris Kaman",-0.652853480596178
2013,5,"dummy","2816","Will Bynum",-0.658502094025879
2013,5,"dummy","2325490","DeQuan Jones",-0.666885258456638
2013,5,"dummy","802","Jerry Stackhouse",-0.6737589857818
2013,5,"dummy","6440","Tobias Harris",-0.676257557572552
2013,5,"dummy","pair_3993_6479",NA,-0.679050106831092
2013,5,"dummy","3418","Michael Beasley",-0.682745799977541
2013,5,"dummy","91","Elton Brand",-0.692803873406482
2013,5,"dummy","846","Kurt Thomas",-0.69434440111401
2013,5,"dummy","3977","Nando de",-0.698302539657204
2013,5,"dummy","6617","Austin Rivers",-0.70403807002934
2013,5,"dummy","2747","Andrew Bogut",-0.707969276996464
2013,5,"dummy","6534","Ivan Johnson",-0.714312584787079
2013,5,"dummy","981","Kwame Brown",-0.716461489529916
2013,5,"dummy","6470","Chris Singleton",-0.726172431595838
2013,5,"dummy","4017","Marcus Thornton",-0.743279425722099
2013,5,"dummy","3998","Jonas Jerebko",-0.767656345653486
2013,5,"dummy","6620","Robert Sacre",-0.768888966178028
2013,5,"dummy","6607","Kendall Marshall",-0.769697109092013
2013,5,"dummy","2987","Andrea Bargnani",-0.787700549928974
2013,5,"dummy","3474","Anthony Morrow",-0.792265611292531
2013,5,"dummy","2166","Leandro Barbosa",-0.792335331243111
2013,5,"dummy","6594","John Jenkins",-0.798769642378074
2013,5,"dummy","6618","Thomas Robinson",-0.806284731623933
2013,5,"dummy","3231","Ramon Sessions",-0.818625594343767
2013,5,"dummy","4020","Sam Young",-0.818832191981074
2013,5,"dummy","3246","Dominic McGuire",-0.830506949516145
2013,5,"dummy","2506","Damien Wilkins",-0.834048148841025
2013,5,"dummy","6453","DeAndre Liggins",-0.835046773329553
2013,5,"dummy","3971","Earl Clark",-0.843279858169222
2013,5,"dummy","6591","Maurice Harkless",-0.853473008813427
2013,5,"dummy","3554","Omri Casspi",-0.855096981516317
2013,5,"dummy","1013","Troy Murphy",-0.857799486983438
2013,5,"dummy","3993","Gerald Henderson",-0.879604052061955
2013,5,"dummy","3983","Tyreke Evans",-0.891500386141902
2013,5,"dummy","4298","Timofey Mozgov",-0.899626154542531
2013,5,"dummy","6595","Orlando Johnson",-0.91395975664191
2013,5,"dummy","6546","Gustavo Ayon",-0.918477002143317
2013,5,"dummy","3207","Aaron Gray",-0.919706262322763
2013,5,"dummy","6468","Iman Shumpert",-0.952942274829176
2013,5,"dummy","3006","Daniel Gibson",-0.985032412645165
2013,5,"dummy","4241","Xavier Henry",-1.0102901104443
2013,5,"dummy","2477","Earl Barron",-1.02615951700061
2013,5,"dummy","6630","Tony Wroten",-1.09952425319717
2013,5,"dummy","4005","Byron Mullens",-1.09991329273317
2013,5,"dummy","4385","Mirza Teletovic",-1.10470811973653
2013,5,"dummy","6622","Mike Scott",-1.13130514630805
2013,5,"dummy","6610","Darius Miller",-1.13273429693858
2013,5,"dummy","4259","Ed Davis",-1.17858970741634
2013,5,"dummy","3422","Chris Douglas-Roberts",-1.22203491464476
2013,5,"dummy","2173","Mickael Pietrus",-1.23577865164077
2013,5,"dummy","469","Rashard Lewis",-1.29181611810226
2013,5,"dummy","3004","Joel Freeland",-1.3045838073494
2013,5,"dummy","3032","Tyrus Thomas",-1.37414386618553
2013,5,"dummy","6605","Meyers Leonard",-1.38914940203484
2013,5,"dummy","2381","Ben Gordon",-1.39611477771577
2013,5,"dummy","6641","Brian Roberts",-1.40345636939506
2013,5,"dummy","3037","James White",-1.44256556360012
2013,5,"dummy","3999","James Johnson",-1.51089688003194
2013,5,"dummy","4267","Cole Aldrich",-1.56555000709728
2013,5,"dummy","6579","Will Barton",-1.58145951380451
2013,5,"dummy","2794","Hakim Warrick",-1.59821678554953
2013,5,"dummy","2",NA,-1.59846722629477
2013,5,"dummy","6657","Ben Hansbrough",-1.74277776888746
2013,5,"dummy","4270","Trevor Booker",-1.7549262449979
2013,5,"dummy","3041","Lou Amundson",-1.77316857165557
2013,5,"dummy","6612","Arnett Moultrie",-1.88861310207393
2013,5,"dummy","862","Hedo Turkoglu",-2.0230570865361
2013,5,"dummy","1",NA,-2.10354857450427
2013,5,"dummy","6636","Viacheslav Kravtsov",-2.19250369079384
2013,5,"dummy","125","Marcus Camby",-2.20889843692568
2013,5,"dummy","6454","Shelvin Mack",-2.35719871566163
2013,5,"dummy","6638","Maalik Wayns",-2.5880843639974
2013,5,"dummy","6452","Jon Leuer",-2.65834343253543
2013,5,"dummy","2760","Danny Granger",-3.20787337135704
2013,5,"dummy","6597","Terrence Jones",-3.29682049455715
2013,5,"dummy","682","Joel Przybilla",-3.99885419491875
2013,5,"dummy","4277","Lazar Hayward",-6.39105541452112
2013,5,"dummy","308","Al Harrington",-6.39407263858202
2013,10,"dummy","3964","Patrick Beverley",2.15027347158517
2013,10,"dummy","2325975","Chris Johnson",2.08444625948448
2013,10,"dummy","63","Chauncey Billups",1.75385910671154
2013,10,"dummy","1978","Nick Collison",1.39198130404441
2013,10,"dummy","6609","Khris Middleton",1.32315369399327
2013,10,"dummy","1218",NA,1.32114982667506
2013,10,"dummy","246","Derek Fisher",1.27236503400672
2013,10,"dummy","3968","Chase Budinger",1.17611758856963
2013,10,"dummy","3419","Mario Chalmers",1.12687636983953
2013,10,"dummy","3970","DeMarre Carroll",1.12201636516653
2013,10,"dummy","4237","John Wall",1.05365031627187
2013,10,"dummy","1298",NA,1.03577316102426
2013,10,"dummy","3444","Kosta Koufos",1.0039085385232
2013,10,"dummy","617","Lamar Odom",0.980252636383458
2013,10,"dummy","pair_1015_215",NA,0.953424047207502
2013,10,"dummy","2779","Chris Paul",0.93258237717471
2013,10,"dummy","883","Rasheed Wallace",0.927129648900479
2013,10,"dummy","136","Vince Carter",0.921476476525463
2013,10,"dummy","3242","Brandan Wright",0.896726004739497
2013,10,"dummy","pair_1966_1987",NA,0.894613537085721
2013,10,"dummy","3202","Kevin Durant",0.874801963722329
2013,10,"dummy","pair_165_1765",NA,0.868332218439644
2013,10,"dummy","1999","Carlos Delfino",0.859831458815484
2013,10,"dummy","pair_3195_3206",NA,0.845413756487493
2013,10,"dummy","pair_3202_3468",NA,0.841448868226457
2013,10,"dummy","3195","Mike Conley",0.833011629721735
2013,10,"dummy","3028","Thabo Sefolosha",0.829696793960918
2013,10,"dummy","pair_3438_4251",NA,0.824175655881994
2013,10,"dummy","3988","Danny Green",0.823443393072447
2013,10,"dummy","2394","Kevin Martin",0.808328517548263
2013,10,"dummy","3986","Taj Gibson",0.777551304526751
2013,10,"dummy","3468","Russell Westbrook",0.76687803879496
2013,10,"dummy","1015","Tony Parker",0.740893072284036
2013,10,"dummy","2382","Devin Harris",0.737283031544926
2013,10,"dummy","1987","Dwyane Wade",0.736515443602546
2013,10,"dummy","3981","Wayne Ellington",0.736019447337299
2013,10,"dummy","3233","Tiago Splitter",0.706480365440851
2013,10,"dummy","3438","George Hill",0.697423879881856
2013,10,"dummy","215","Tim Duncan",0.691257913061152
2013,10,"dummy","6585","Andre Drummond",0.678564195763332
2013,10,"dummy","557","Andre Miller",0.671797884963245
2013,10,"dummy","2018","Kendrick Perkins",0.671235826271982
2013,10,"dummy","3442","DeAndre Jordan",0.670769987453654
2013,10,"dummy","3018","Steve Novak",0.654798266937408
2013,10,"dummy","2184","Udonis Haslem",0.637694699952227
2013,10,"dummy","3976","Austin Daye",0.635345460061051
2013,10,"dummy","pair_2769_3978",NA,0.63515727667357
2013,10,"dummy","976","Shane Battier",0.611657140700621
2013,10,"dummy","2769","Amir Johnson",0.608238492250272
2013,10,"dummy","1994","Steve Blake",0.600860643679244
2013,10,"dummy","1765","Matt Barnes",0.591933449894792
2013,10,"dummy","1713","Nenê ",0.588463150685293
2013,10,"dummy","2177","David West",0.576204972182651
2013,10,"dummy","3428","Danilo Gallinari",0.565288385442796
2013,10,"dummy","4249","Gordon Hayward",0.56456331171289
2013,10,"dummy","1966","LeBron James",0.553773525574679
2013,10,"dummy","4244","Lance Stephenson",0.553461371673121
2013,10,"dummy","1705","Caron Butler",0.552696840496507
2013,10,"dummy","1017","Zach Randolph",0.54389527565609
2013,10,"dummy","984","Tyson Chandler",0.536930807425671
2013,10,"dummy","2386","Andre Iguodala",0.534508596527765
2013,10,"dummy","4251","Paul George",0.530531630976177
2013,10,"dummy","3989","Blake Griffin",0.529957974164095
2013,10,"dummy","429","Jason Kidd",0.520853494641843
2013,10,"dummy","1977","Chris Bosh",0.520373583496683
2013,10,"dummy","6530","Greg Smith",0.517433845618453
2013,10,"dummy","pair_2411_4015",NA,0.511793764410028
2013,10,"dummy","4253","Quincy Pondexter",0.511528710058019
2013,10,"dummy","1237",NA,0.510003158574645
2013,10,"dummy","2377","Chris Duhon",0.50607590346717
2013,10,"dummy","4165","Jan Vesely",0.501114761408892
2013,10,"dummy","2172","Sasha Pavlovic",0.497453817873732
2013,10,"dummy","3431","Eric Gordon",0.48399901824974
2013,10,"dummy","3979","Toney Douglas",0.478858167499271
2013,10,"dummy","25","Metta World",0.477992879363586
2013,10,"dummy","3213","Al Horford",0.463954345364334
2013,10,"dummy","6624","Jared Sullinger",0.454120883019229
2013,10,"dummy","2011","Kyle Korver",0.447200993256969
2013,10,"dummy","6450","Kawhi Leonard",0.444015123956695
2013,10,"dummy","pair_3412_4291",NA,0.438669601489211
2013,10,"dummy","2417","Sebastian Telfair",0.413820453607552
2013,10,"dummy","6593","Bernard James",0.407101038144242
2013,10,"dummy","6430","Jimmy Butler",0.405219032059845
2013,10,"dummy","3414","Omer Asik",0.399099169629301
2013,10,"dummy","2772","David Lee",0.391347793560442
2013,10,"dummy","1721","Roger Mason",0.390539157573463
2013,10,"dummy","3190","Marco Belinelli",0.381046199301399
2013,10,"dummy","2444","J.R. Smith",0.375933873966069
2013,10,"dummy","4261","Ekpe Udoh",0.366028235252786
2013,10,"dummy","272","Manu Ginobili",0.3609905934652
2013,10,"dummy","3206","Marc Gasol",0.359103140092766
2013,10,"dummy","3930","Cartier Martin",0.348467800082664
2013,10,"dummy","4264","Patrick Patterson",0.333632644928192
2013,10,"dummy","pair_1975_2444",NA,0.321827352790113
2013,10,"dummy","4299","Jeremy Lin",0.318173725566167
2013,10,"dummy","4015","Jeff Teague",0.316279253917258
2013,10,"dummy","1007","Joe Johnson",0.313789926431101
2013,10,"dummy","2167","Boris Diaw",0.308799013638826
2013,10,"dummy","3033","P.J. Tucker",0.305889793846316
2013,10,"dummy","3436","Roy Hibbert",0.302645605285059
2013,10,"dummy","6156","Jeffery Taylor",0.301333748365764
2013,10,"dummy","165","Jamal Crawford",0.293257241387717
2013,10,"dummy","1708","Mike Dunleavy",0.291502111227559
2013,10,"dummy","2426","Trevor Ariza",0.29133828306865
2013,10,"dummy","3439","Serge Ibaka",0.289999170126704
2013,10,"dummy","6433","Kenneth Faried",0.286865042374442
2013,10,"dummy","6429","Alec Burks",0.283611091820203
2013,10,"dummy","2768","Jarrett Jack",0.280882023058804
2013,10,"dummy","3012","Kyle Lowry",0.275718545471937
2013,10,"dummy","1731","Chris Wilcox",0.271293120116252
2013,10,"dummy","841","Jason Terry",0.27107058796474
2013,10,"dummy","3449","Kevin Love",0.265339570391295
2013,10,"dummy","pair_110_2384",NA,0.264125072279969
2013,10,"dummy","2746","Andray Blatche",0.260674759845265
2013,10,"dummy","pair_2772_3975",NA,0.25920378622555
2013,10,"dummy","pair_3055_3974",NA,0.256189169423973
2013,10,"dummy","pair_2429_3224",NA,0.245376544837191
2013,10,"dummy","261","Kevin Garnett",0.240087705406903
2013,10,"dummy","6447","Enes Kanter",0.234688268657946
2013,10,"dummy","110","Kobe Bryant",0.228454284393622
2013,10,"dummy","1026","Gerald Wallace",0.222595748418415
2013,10,"dummy","3015","Paul Millsap",0.220950849441489
2013,10,"dummy","3217","Carl Landry",0.220035597673532
2013,10,"dummy","996","Pau Gasol",0.216098430284466
2013,10,"dummy","1975","Carmelo Anthony",0.214736789884355
2013,10,"dummy","2411","Josh Smith",0.208310636529965
2013,10,"dummy","pair_3209_841",NA,0.20646039906668
2013,10,"dummy","6434","Jimmer Fredette",0.200513550511903
2013,10,"dummy","3224","Joakim Noah",0.193081726424414
2013,10,"dummy","3055","Jose Juan",0.18451492249643
2013,10,"dummy","6449","Malcolm Lee",0.178725480367354
2013,10,"dummy","4240","Avery Bradley",0.178703970103144
2013,10,"dummy","2367","Tony Allen",0.177872517806231
2013,10,"dummy","434","Andrei Kirilenko",0.176750993109759
2013,10,"dummy","2753","Raymond Felton",0.173890695431959
2013,10,"dummy","1724","Tayshaun Prince",0.17192133858723
2013,10,"dummy","6578","Harrison Barnes",0.167413391757128
2013,10,"dummy","3244","Thaddeus Young",0.166826400325434
2013,10,"dummy","2429","Luol Deng",0.164981539313295
2013,10,"dummy","3445","Courtney Lee",0.159407106093462
2013,10,"dummy","2751","Monta Ellis",0.15457036828237
2013,10,"dummy","pair_2386_4000",NA,0.148713025099035
2013,10,"dummy","6475","Klay Thompson",0.14782426236733
2013,10,"dummy","1981","Kirk Hinrich",0.145373071596318
2013,10,"dummy","4265","Larry Sanders",0.142137449654711
2013,10,"dummy","3191","Corey Brewer",0.141298188851112
2013,10,"dummy","2419","Anderson Varejao",0.137395781929222
2013,10,"dummy","3972","Victor Claver",0.135591114666525
2013,10,"dummy","3005","Rudy Gay",0.134410322737102
2013,10,"dummy","4291","Greivis Vasquez",0.125206836526539
2013,10,"dummy","6477","Jonas Valanciunas",0.120981561693585
2013,10,"dummy","pair_3244_3995",NA,0.116111346896439
2013,10,"dummy","4335","Jeff Adrien",0.113272986251034
2013,10,"dummy","662","Paul Pierce",0.11052453255476
2013,10,"dummy","3201","Jared Dudley",0.107073510953579
2013,10,"dummy","3992","James Harden",0.103888880559118
2013,10,"dummy","6466","Chandler Parsons",0.101299062667295
2013,10,"dummy","1985","Luke Ridnour",0.10068550397681
2013,10,"dummy","3975","Stephen Curry",0.0920870949573145
2013,10,"dummy","2778","C.J. Miles",0.0908088457828838
2013,10,"dummy","3027","Brandon Roy",0.0867071447904124
2013,10,"dummy","6581","Jae Crowder",0.0845692569908006
2013,10,"dummy","1828","Reggie Evans",0.0820873388988357
2013,10,"dummy","1024","Jamaal Tinsley",0.0757819105643317
2013,10,"dummy","3453","Nikola Pekovic",0.0757565474670311
2013,10,"dummy","6592","John Henson",0.0717453286685872
2013,10,"dummy","pair_1007_2798",NA,0.0714348521391499
2013,10,"dummy","3413","Darrell Arthur",0.0705525265412077
2013,10,"dummy","6589","Draymond Green",0.0573190351763485
2013,10,"dummy","pair_4232_6474",NA,0.0551023941338458
2013,10,"dummy","2016","Zaza Pachulia",0.0548261482337832
2013,10,"dummy","2767","Ersan Ilyasova",0.0525082121124802
2013,10,"dummy","pair_1726_4258",NA,0.0480549677518364
2013,10,"dummy","2004","Willie Green",0.0459898138434641
2013,10,"dummy","1726","John Salmons",0.0360871711083916
2013,10,"dummy","4003","Jodie Meeks",0.0288139506669524
2013,10,"dummy","2770","Linas Kleiza",0.0260630695213546
2013,10,"dummy","2178","Mo Williams",0.0244706691935951
2013,10,"dummy","6474","Tristan Thompson",0.0125909132885664
2013,10,"dummy","6628","Dion Waiters",0.00821354451820736
2013,10,"dummy","2756","Mickael Gelabale",0.00791930294965699
2013,10,"dummy","2983","LaMarcus Aldridge",0.00615171986694141
2013,10,"dummy","3447","Robin Lopez",0.000650033160775731
2013,10,"dummy","3451","Luc Richard",-0.00268609299814078
2013,10,"dummy","385","Antawn Jamison",-0.00797718386437708
2013,10,"dummy","991","Samuel Dalembert",-0.0122754117286487
2013,10,"dummy","pair_2399_2795",NA,-0.0145741049534584
2013,10,"dummy","3024","J.J. Redick",-0.0151039611663211
2013,10,"dummy","6462","Marcus Morris",-0.0153484763193172
2013,10,"dummy","3194","Wilson Chandler",-0.0155027860351365
2013,10,"dummy","3965","DeJuan Blair",-0.0213590056995968
2013,10,"dummy","4032","Wesley Matthews",-0.0246833294645545
2013,10,"dummy","3882","Alexey Shved",-0.0268821758091214
2013,10,"dummy","4232","Alonzo Gee",-0.0286527930147614
2013,10,"dummy","4238","Eric Bledsoe",-0.0374938927968678
2013,10,"dummy","6448","Brandon Knight",-0.0382638550197834
2013,10,"dummy","pair_2751_3997",NA,-0.0386492311112972
2013,10,"dummy","6442","Kyrie Irving",-0.0388310346379038
2013,10,"dummy","2991","Ronnie Brewer",-0.0388873863080257
2013,10,"dummy","6619","Terrence Ross",-0.0399514328546738
2013,10,"dummy","3448","Brook Lopez",-0.0500044804506804
2013,10,"dummy","3243","Nick Young",-0.0550031236954861
2013,10,"dummy","2795","Martell Webster",-0.0565001452833292
2013,10,"dummy","4248","Al-Farouq Aminu",-0.0571164128906827
2013,10,"dummy","378","Stephen Jackson",-0.0607506682034182
2013,10,"dummy","pair_4260_6448",NA,-0.0614079823076969
2013,10,"dummy","6606","Damian Lillard",-0.0716550715631835
2013,10,"dummy","6472","Isaiah Thomas",-0.0726285213343586
2013,10,"dummy","1821","Jannero Pargo",-0.072709686646382
2013,10,"dummy","3452","JaVale McGee",-0.0738167723903587
2013,10,"dummy","609","Dirk Nowitzki",-0.0747177780348087
2013,10,"dummy","pair_3201_3423",NA,-0.0753385302308386
2013,10,"dummy","pair_3450_3973",NA,-0.0998584449677366
2013,10,"dummy","2384","Dwight Howard",-0.100498923663781
2013,10,"dummy","2782","Nate Robinson",-0.100966538161441
2013,10,"dummy","2399","Emeka Okafor",-0.105918684401069
2013,10,"dummy","2761","Gerald Green",-0.111519923488444
2013,10,"dummy","6424","Lavoy Allen",-0.119328804017493
2013,10,"dummy","6601","Michael Kidd-Gilchrist",-0.12377368403172
2013,10,"dummy","1211",NA,-0.132710497349787
2013,10,"dummy","3997","Brandon Jennings",-0.134959629537945
2013,10,"dummy","3209","Jeff Green",-0.137906390757753
2013,10,"dummy","pair_3187_6478",NA,-0.139797793541917
2013,10,"dummy","2755","Francisco Garcia",-0.142976348464769
2013,10,"dummy","pair_3992_6466",NA,-0.144192354585714
2013,10,"dummy","4010","A.J. Price",-0.151111779644419
2013,10,"dummy","4000","Ty Lawson",-0.156378236614162
2013,10,"dummy","1",NA,-0.157378787825772
2013,10,"dummy","2389","Al Jefferson",-0.160603305124079
2013,10,"dummy","1727","Amar'e Stoudemire",-0.1638113641207
2013,10,"dummy","987","Jason Collins",-0.164701648312904
2013,10,"dummy","3994","Jordan Hill",-0.168769845160655
2013,10,"dummy","pair_3416_6606",NA,-0.174650844447807
2013,10,"dummy","497","Corey Maggette",-0.181434407604636
2013,10,"dummy","2758","Marcin Gortat",-0.187774458677063
2013,10,"dummy","4300","Gary Neal",-0.188461158888018
2013,10,"dummy","336","Grant Hill",-0.191114580541138
2013,10,"dummy","2200","Marquis Daniels",-0.213488064243684
2013,10,"dummy","2439","Jameer Nelson",-0.215455626775932
2013,10,"dummy","4274","Landry Fields",-0.217741648258125
2013,10,"dummy","2798","Deron Williams",-0.232382893731823
2013,10,"dummy","3220","Josh McRoberts",-0.238130162044159
2013,10,"dummy","4023","Garrett Temple",-0.240999727097246
2013,10,"dummy","3412","Ryan Anderson",-0.243797576642909
2013,10,"dummy","6469","Kyle Singler",-0.24563523049599
2013,10,"dummy","3450","O.J. Mayo",-0.246921130755095
2013,10,"dummy","592","Steve Nash",-0.248596638334517
2013,10,"dummy","6569","Alan Anderson",-0.249667481951797
2013,10,"dummy","1018","Jason Richardson",-0.251002467412213
2013,10,"dummy","3277","C.J. Watson",-0.257873848978681
2013,10,"dummy","6580","Bradley Beal",-0.261904821231059
2013,10,"dummy","3416","Nicolas Batum",-0.288164453951754
2013,10,"dummy","2992","Shannon Brown",-0.289585252186995
2013,10,"dummy","3973","Darren Collison",-0.291502081915633
2013,10,"dummy","1781","Luis Scola",-0.292424479410911
2013,10,"dummy","294","Richard Hamilton",-0.296449844700778
2013,10,"dummy","6583","Anthony Davis",-0.304125865362491
2013,10,"dummy","4239","Evan Turner",-0.307786548682469
2013,10,"dummy","2792","Charlie Villanueva",-0.308265831132564
2013,10,"dummy","3462","Jason Thompson",-0.319966340557913
2013,10,"dummy","6614","Andrew Nicholson",-0.322151034895785
2013,10,"dummy","1995","Keith Bogans",-0.322844502595329
2013,10,"dummy","510","Shawn Marion",-0.324541288499556
2013,10,"dummy","3460","Marreese Speights",-0.328879614722011
2013,10,"dummy","2806","Jose Calderon",-0.33133663319424
2013,10,"dummy","615","Jermaine O'Neal",-0.339547655774737
2013,10,"dummy","3200","Glen Davis",-0.34695196267938
2013,10,"dummy","6480","Derrick Williams",-0.351650902788857
2013,10,"dummy","3415","D.J. Augustin",-0.354066737398738
2013,10,"dummy","3026","Rajon Rondo",-0.361824107513566
2013,10,"dummy","2775","Jason Maxiell",-0.362437192346182
2013,10,"dummy","3003","Randy Foye",-0.364274743193682
2013,10,"dummy","6427","Bismack Biyombo",-0.376319390024287
2013,10,"dummy","2448","Beno Udrih",-0.377262978357098
2013,10,"dummy","808","DeShawn Stevenson",-0.383175587577509
2013,10,"dummy","6479","Kemba Walker",-0.388499938144497
2013,10,"dummy","3991","Tyler Hansbrough",-0.388995621873563
2013,10,"dummy","3978","DeMar DeRozan",-0.396470462320611
2013,10,"dummy","2834","Chuck Hayes",-0.407442308248978
2013,10,"dummy","pair_2389_3003",NA,-0.423364930043938
2013,10,"dummy","3995","Jrue Holiday",-0.424998252870461
2013,10,"dummy","3417","Jerryd Bayless",-0.427006618451709
2013,10,"dummy","6631","Tyler Zeller",-0.429051555393808
2013,10,"dummy","4260","Greg Monroe",-0.429278586762647
2013,10,"dummy","9","Ray Allen",-0.435349544665691
2013,10,"dummy","2008","Dahntay Jones",-0.443442226414097
2013,10,"dummy","1000","Brendan Haywood",-0.449170284226374
2013,10,"dummy","3423","Goran Dragic",-0.45325734253054
2013,10,"dummy","3974","Dante Cunningham",-0.453490012113488
2013,10,"dummy","2799","Louis Williams",-0.458219688126016
2013,10,"dummy","2433","Kris Humphries",-0.468260454315486
2013,10,"dummy","2",NA,-0.475804500017565
2013,10,"dummy","2797","Marvin Williams",-0.49636830361951
2013,10,"dummy","2027","Luke Walton",-0.497921219745221
2013,10,"dummy","2423","Dorell Wright",-0.499527901784303
2013,10,"dummy","6478","Nikola Vucevic",-0.503009937790401
2013,10,"dummy","2393","Shaun Livingston",-0.50727649873988
2013,10,"dummy","1703","Carlos Boozer",-0.514055842752905
2013,10,"dummy","4011","Ricky Rubio",-0.514228266639345
2013,10,"dummy","558","Mike Miller",-0.517151730610374
2013,10,"dummy","3437","J.J. Hickson",-0.522308799097655
2013,10,"dummy","6460","E'Twaun Moore",-0.53187583228273
2013,10,"dummy","4258","DeMarcus Cousins",-0.535816327282876
2013,10,"dummy","4257","Derrick Favors",-0.543197290698715
2013,10,"dummy","2774","Ian Mahinmi",-0.559438849802634
2013,10,"dummy","4243","Jordan Crawford",-0.565746556253454
2013,10,"dummy","3235","Rodney Stuckey",-0.580617157616072
2013,10,"dummy","6431","Norris Cole",-0.584938493372662
2013,10,"dummy","6497","Jeremy Pargo",-0.585767217834951
2013,10,"dummy","6587","Festus Ezeli",-0.590083931500463
2013,10,"dummy","1027","Earl Watson",-0.596786863324147
2013,10,"dummy","3232","Jason Smith",-0.599108628626712
2013,10,"dummy","3192","Aaron Brooks",-0.602878900528373
2013,10,"dummy","3187","Arron Afflalo",-0.605261409427586
2013,10,"dummy","4400","Chris Johnson",-0.608019956224976
2013,10,"dummy","2745","Brandon Bass",-0.608427249802656
2013,10,"dummy","2006","Josh Howard",-0.613409814754162
2013,10,"dummy","4289","Kevin Seraphin",-0.628655221472371
2013,10,"dummy","6463","Darius Morris",-0.628939282596248
2013,10,"dummy","3211","Spencer Hawes",-0.645316781051122
2013,10,"dummy","6461","Markieff Morris",-0.649515136538411
2013,10,"dummy","1982","Chris Kaman",-0.655908707784354
2013,10,"dummy","91","Elton Brand",-0.663998617015544
2013,10,"dummy","802","Jerry Stackhouse",-0.667040134099355
2013,10,"dummy","pair_3993_6479",NA,-0.676986573319311
2013,10,"dummy","2816","Will Bynum",-0.681592432176178
2013,10,"dummy","2325490","DeQuan Jones",-0.692480680888777
2013,10,"dummy","6617","Austin Rivers",-0.695710177456575
2013,10,"dummy","6470","Chris Singleton",-0.696417976136764
2013,10,"dummy","4017","Marcus Thornton",-0.719438523142892
2013,10,"dummy","2747","Andrew Bogut",-0.719610761007714
2013,10,"dummy","3418","Michael Beasley",-0.722646610778784
2013,10,"dummy","981","Kwame Brown",-0.738510658211765
2013,10,"dummy","3231","Ramon Sessions",-0.782731159888362
2013,10,"dummy","2987","Andrea Bargnani",-0.784183757194328
2013,10,"dummy","6534","Ivan Johnson",-0.785264141720867
2013,10,"dummy","6440","Tobias Harris",-0.78846564302715
2013,10,"dummy","3998","Jonas Jerebko",-0.789543310029536
2013,10,"dummy","6618","Thomas Robinson",-0.797513148795537
2013,10,"dummy","3246","Dominic McGuire",-0.803852016789992
2013,10,"dummy","4020","Sam Young",-0.816683901875183
2013,10,"dummy","3971","Earl Clark",-0.847374004375517
2013,10,"dummy","6591","Maurice Harkless",-0.848603285986655
2013,10,"dummy","3993","Gerald Henderson",-0.87042471608339
2013,10,"dummy","1013","Troy Murphy",-0.87169567605731
2013,10,"dummy","3983","Tyreke Evans",-0.890013425775094
2013,10,"dummy","6546","Gustavo Ayon",-0.906788284294494
2013,10,"dummy","3207","Aaron Gray",-0.92015949830218
2013,10,"dummy","6468","Iman Shumpert",-0.942081572754985
2013,10,"dummy","3",NA,-1.02822497879066
2013,10,"dummy","3006","Daniel Gibson",-1.03338118315753
2013,10,"dummy","4005","Byron Mullens",-1.0888406589045
2013,10,"dummy","4259","Ed Davis",-1.17580256282778
2013,10,"dummy","2173","Mickael Pietrus",-1.22943064511424
2013,10,"dummy","3032","Tyrus Thomas",-1.32584348083855
2013,10,"dummy","469","Rashard Lewis",-1.3535243613018
2013,10,"dummy","2381","Ben Gordon",-1.37445026725224
2013,10,"dummy","6641","Brian Roberts",-1.42438523112657
2013,10,"dummy","6605","Meyers Leonard",-1.44951658886477
2013,10,"dummy","3999","James Johnson",-1.5330715695499
2013,10,"dummy","2794","Hakim Warrick",-1.61712956648046
2013,10,"dummy","4270","Trevor Booker",-1.76627909234863
2013,10,"dummy","862","Hedo Turkoglu",-2.00284468147154
2013,10,"dummy","5",NA,-2.03135253672664
2013,10,"dummy","125","Marcus Camby",-2.09792951585697
2013,10,"dummy","6454","Shelvin Mack",-2.2747123402939
2013,10,"dummy","4",NA,-2.28230906869249
2013,10,"dummy","2760","Danny Granger",-3.23386265377861
2013,15,"dummy","63","Chauncey Billups",1.96180354093854
2013,15,"dummy","246","Derek Fisher",1.55086258940923
2013,15,"dummy","1978","Nick Collison",1.54505686133137
2013,15,"dummy","3968","Chase Budinger",1.38441351359032
2013,15,"dummy","3419","Mario Chalmers",1.25018993528207
2013,15,"dummy","4237","John Wall",1.2256345606947
2013,15,"dummy","1999","Carlos Delfino",1.18421777080239
2013,15,"dummy","3444","Kosta Koufos",1.15474196101676
2013,15,"dummy","136","Vince Carter",1.1146501770227
2013,15,"dummy","617","Lamar Odom",1.10663636328036
2013,15,"dummy","pair_1015_215",NA,1.05103416874469
2013,15,"dummy","2779","Chris Paul",1.02535368181317
2013,15,"dummy","pair_1966_1987",NA,0.992422920689247
2013,15,"dummy","pair_165_1765",NA,0.981125181878497
2013,15,"dummy","3195","Mike Conley",0.963123803207047
2013,15,"dummy","pair_3195_3206",NA,0.948031816792646
2013,15,"dummy","3202","Kevin Durant",0.945892235059974
2013,15,"dummy","3988","Danny Green",0.92859296039024
2013,15,"dummy","pair_3202_3468",NA,0.903265047537149
2013,15,"dummy","3986","Taj Gibson",0.89259691569819
2013,15,"dummy","pair_3438_4251",NA,0.890920614327503
2013,15,"dummy","3028","Thabo Sefolosha",0.890001781310834
2013,15,"dummy","2394","Kevin Martin",0.841773363167922
2013,15,"dummy","2382","Devin Harris",0.818058872375021
2013,15,"dummy","1015","Tony Parker",0.816191288585564
2013,15,"dummy","3468","Russell Westbrook",0.814228632178845
2013,15,"dummy","557","Andre Miller",0.804591298101499
2013,15,"dummy","3233","Tiago Splitter",0.788892321897375
2013,15,"dummy","4249","Gordon Hayward",0.774116782267129
2013,15,"dummy","1987","Dwyane Wade",0.771740453872635
2013,15,"dummy","215","Tim Duncan",0.747316315590311
2013,15,"dummy","pair_2769_3978",NA,0.744381825875958
2013,15,"dummy","1994","Steve Blake",0.736468775871573
2013,15,"dummy","2769","Amir Johnson",0.735761595797966
2013,15,"dummy","3442","DeAndre Jordan",0.733525456618962
2013,15,"dummy","3438","George Hill",0.72843815751035
2013,15,"dummy","2018","Kendrick Perkins",0.704754617163523
2013,15,"dummy","3428","Danilo Gallinari",0.66503461946139
2013,15,"dummy","976","Shane Battier",0.66334283101305
2013,15,"dummy","1713","Nenê ",0.660959318201031
2013,15,"dummy","1017","Zach Randolph",0.652236898107357
2013,15,"dummy","1765","Matt Barnes",0.652154914809937
2013,15,"dummy","984","Tyson Chandler",0.635348792691132
2013,15,"dummy","2386","Andre Iguodala",0.634931421996653
2013,15,"dummy","4253","Quincy Pondexter",0.629775919545641
2013,15,"dummy","2184","Udonis Haslem",0.625117395426772
2013,15,"dummy","2377","Chris Duhon",0.616738953962536
2013,15,"dummy","2177","David West",0.606780212545953
2013,15,"dummy","429","Jason Kidd",0.595447961286425
2013,15,"dummy","1705","Caron Butler",0.586784525569762
2013,15,"dummy","pair_2411_4015",NA,0.576850999049591
2013,15,"dummy","4244","Lance Stephenson",0.572446397952955
2013,15,"dummy","3431","Eric Gordon",0.566515785027739
2013,15,"dummy","25","Metta World",0.56260569437131
2013,15,"dummy","3989","Blake Griffin",0.559155160173368
2013,15,"dummy","1966","LeBron James",0.557522677030824
2013,15,"dummy","6624","Jared Sullinger",0.541926610967937
2013,15,"dummy","pair_3412_4291",NA,0.535571812129391
2013,15,"dummy","4251","Paul George",0.527003035296074
2013,15,"dummy","3213","Al Horford",0.523054292404869
2013,15,"dummy","1977","Chris Bosh",0.519090539378853
2013,15,"dummy","2444","J.R. Smith",0.500484008425345
2013,15,"dummy","2011","Kyle Korver",0.490218333634992
2013,15,"dummy","6450","Kawhi Leonard",0.473129825669014
2013,15,"dummy","3414","Omer Asik",0.466098133903083
2013,15,"dummy","2772","David Lee",0.4604869990307
2013,15,"dummy","6430","Jimmy Butler",0.451554637566392
2013,15,"dummy","4264","Patrick Patterson",0.434779207637455
2013,15,"dummy","3190","Marco Belinelli",0.434244803509656
2013,15,"dummy","3206","Marc Gasol",0.4262196737749
2013,15,"dummy","3033","P.J. Tucker",0.407666570477722
2013,15,"dummy","pair_1975_2444",NA,0.405048337529035
2013,15,"dummy","6156","Jeffery Taylor",0.400777014912264
2013,15,"dummy","272","Manu Ginobili",0.382309143848907
2013,15,"dummy","1708","Mike Dunleavy",0.369472322605432
2013,15,"dummy","2426","Trevor Ariza",0.369229264422477
2013,15,"dummy","1007","Joe Johnson",0.368302095893719
2013,15,"dummy","4299","Jeremy Lin",0.356533676599734
2013,15,"dummy","1721","Roger Mason",0.349168210981461
2013,15,"dummy","3015","Paul Millsap",0.346966633821192
2013,15,"dummy","841","Jason Terry",0.344520808335608
2013,15,"dummy","2768","Jarrett Jack",0.339421111231686
2013,15,"dummy","3012","Kyle Lowry",0.338627614049816
2013,15,"dummy","4015","Jeff Teague",0.336584758609547
2013,15,"dummy","6433","Kenneth Faried",0.336135442552979
2013,15,"dummy","2167","Boris Diaw",0.324463813144014
2013,15,"dummy","pair_3055_3974",NA,0.323538810344966
2013,15,"dummy","3436","Roy Hibbert",0.306116097899788
2013,15,"dummy","pair_2772_3975",NA,0.305538603482002
2013,15,"dummy","3449","Kevin Love",0.295798188958255
2013,15,"dummy","165","Jamal Crawford",0.291922291487207
2013,15,"dummy","pair_110_2384",NA,0.289322914302466
2013,15,"dummy","261","Kevin Garnett",0.287296721847552
2013,15,"dummy","pair_2429_3224",NA,0.280830137001991
2013,15,"dummy","2746","Andray Blatche",0.273031922656894
2013,15,"dummy","1026","Gerald Wallace",0.267895292386114
2013,15,"dummy","1975","Carmelo Anthony",0.263206024929032
2013,15,"dummy","110","Kobe Bryant",0.256382962251101
2013,15,"dummy","3439","Serge Ibaka",0.254585124057108
2013,15,"dummy","3217","Carl Landry",0.250465406897822
2013,15,"dummy","pair_3209_841",NA,0.245864060422869
2013,15,"dummy","2753","Raymond Felton",0.235006340132305
2013,15,"dummy","4240","Avery Bradley",0.227698181424461
2013,15,"dummy","1024","Jamaal Tinsley",0.225594173949464
2013,15,"dummy","1724","Tayshaun Prince",0.225319817755826
2013,15,"dummy","996","Pau Gasol",0.223683400499815
2013,15,"dummy","3055","Jose Juan",0.221763726759995
2013,15,"dummy","3224","Joakim Noah",0.21570368222188
2013,15,"dummy","3445","Courtney Lee",0.214991434075016
2013,15,"dummy","3244","Thaddeus Young",0.214473458485691
2013,15,"dummy","434","Andrei Kirilenko",0.213386900117543
2013,15,"dummy","2411","Josh Smith",0.202389083103156
2013,15,"dummy","2751","Monta Ellis",0.198643177284981
2013,15,"dummy","6578","Harrison Barnes",0.197948761820598
2013,15,"dummy","6449","Malcolm Lee",0.196045024722184
2013,15,"dummy","2429","Luol Deng",0.190454356880305
2013,15,"dummy","4265","Larry Sanders",0.189425420879198
2013,15,"dummy","3191","Corey Brewer",0.179465465867466
2013,15,"dummy","6477","Jonas Valanciunas",0.179233149905974
2013,15,"dummy","2419","Anderson Varejao",0.178541909478558
2013,15,"dummy","3992","James Harden",0.175884303930148
2013,15,"dummy","6475","Klay Thompson",0.173411888160764
2013,15,"dummy","1981","Kirk Hinrich",0.173305880933867
2013,15,"dummy","6466","Chandler Parsons",0.171918867080568
2013,15,"dummy","4291","Greivis Vasquez",0.169948534730676
2013,15,"dummy","3201","Jared Dudley",0.167350179672864
2013,15,"dummy","pair_2386_4000",NA,0.157869632526877
2013,15,"dummy","2367","Tony Allen",0.155770285643878
2013,15,"dummy","662","Paul Pierce",0.153742183427297
2013,15,"dummy","pair_3244_3995",NA,0.146987654467397
2013,15,"dummy","3005","Rudy Gay",0.143517584777483
2013,15,"dummy","1985","Luke Ridnour",0.123149161333088
2013,15,"dummy","3975","Stephen Curry",0.112334323705158
2013,15,"dummy","6462","Marcus Morris",0.111501460999734
2013,15,"dummy","2178","Mo Williams",0.106384139668271
2013,15,"dummy","pair_1726_4258",NA,0.102397132497564
2013,15,"dummy","2778","C.J. Miles",0.0993333683314252
2013,15,"dummy","pair_1007_2798",NA,0.0917362015922984
2013,15,"dummy","3453","Nikola Pekovic",0.0853082199057141
2013,15,"dummy","pair_4232_6474",NA,0.0811252227670485
2013,15,"dummy","1726","John Salmons",0.0790874146832569
2013,15,"dummy","1828","Reggie Evans",0.0702640854183581
2013,15,"dummy","2767","Ersan Ilyasova",0.0556955860879529
2013,15,"dummy","3027","Brandon Roy",0.0448723721556026
2013,15,"dummy","2016","Zaza Pachulia",0.0339385467133085
2013,15,"dummy","3451","Luc Richard",0.033394253218164
2013,15,"dummy","2770","Linas Kleiza",0.0268879961862446
2013,15,"dummy","6474","Tristan Thompson",0.0229453281067026
2013,15,"dummy","3447","Robin Lopez",0.0204141034632956
2013,15,"dummy","6628","Dion Waiters",0.0194532515434893
2013,15,"dummy","2983","LaMarcus Aldridge",0.0156598532597098
2013,15,"dummy","6448","Brandon Knight",0.00522551580310235
2013,15,"dummy","2004","Willie Green",0.00307638613545463
2013,15,"dummy","385","Antawn Jamison",0.000387415249339678
2013,15,"dummy","3194","Wilson Chandler",-0.00131194328302426
2013,15,"dummy","3882","Alexey Shved",-0.00677550021033543
2013,15,"dummy","2756","Mickael Gelabale",-0.0095061072702864
2013,15,"dummy","4232","Alonzo Gee",-0.0169340337845454
2013,15,"dummy","609","Dirk Nowitzki",-0.0170127851432599
2013,15,"dummy","pair_2399_2795",NA,-0.0233639730018982
2013,15,"dummy","3243","Nick Young",-0.0300686642998114
2013,15,"dummy","pair_2751_3997",NA,-0.0356006089208853
2013,15,"dummy","6442","Kyrie Irving",-0.0406830199442579
2013,15,"dummy","pair_3450_3973",NA,-0.0424709317353715
2013,15,"dummy","4032","Wesley Matthews",-0.0428854225918832
2013,15,"dummy","pair_4260_6448",NA,-0.0436143449721635
2013,15,"dummy","3448","Brook Lopez",-0.0442266031147727
2013,15,"dummy","2991","Ronnie Brewer",-0.0464021015157279
2013,15,"dummy","6472","Isaiah Thomas",-0.0513958391144985
2013,15,"dummy","4238","Eric Bledsoe",-0.0627848488351447
2013,15,"dummy","3024","J.J. Redick",-0.0646203943306041
2013,15,"dummy","2795","Martell Webster",-0.0712149851211691
2013,15,"dummy","6606","Damian Lillard",-0.0794411895657561
2013,15,"dummy","378","Stephen Jackson",-0.0805476507435655
2013,15,"dummy","4248","Al-Farouq Aminu",-0.0830003293162598
2013,15,"dummy","pair_3201_3423",NA,-0.0852939139072338
2013,15,"dummy","991","Samuel Dalembert",-0.0880881388149549
2013,15,"dummy","6601","Michael Kidd-Gilchrist",-0.0967070040201696
2013,15,"dummy","6424","Lavoy Allen",-0.0974720729231738
2013,15,"dummy","pair_3187_6478",NA,-0.111132574982285
2013,15,"dummy","4010","A.J. Price",-0.115052855831434
2013,15,"dummy","2389","Al Jefferson",-0.115692834559182
2013,15,"dummy","1211",NA,-0.131490097971304
2013,15,"dummy","2399","Emeka Okafor",-0.132090060811289
2013,15,"dummy","1727","Amar'e Stoudemire",-0.13606633289028
2013,15,"dummy","2782","Nate Robinson",-0.138615742950017
2013,15,"dummy","2384","Dwight Howard",-0.138791560307538
2013,15,"dummy","3209","Jeff Green",-0.145661318542231
2013,15,"dummy","3997","Brandon Jennings",-0.147040528548655
2013,15,"dummy","3",NA,-0.152299619591374
2013,15,"dummy","2758","Marcin Gortat",-0.167737621468816
2013,15,"dummy","pair_3992_6466",NA,-0.169277822071123
2013,15,"dummy","2755","Francisco Garcia",-0.187470971815871
2013,15,"dummy","4000","Ty Lawson",-0.190801128751471
2013,15,"dummy","pair_3416_6606",NA,-0.199707968490976
2013,15,"dummy","2200","Marquis Daniels",-0.211023947718938
2013,15,"dummy","3450","O.J. Mayo",-0.219417277861167
2013,15,"dummy","4023","Garrett Temple",-0.224748045720551
2013,15,"dummy","4274","Landry Fields",-0.231240419191819
2013,15,"dummy","2439","Jameer Nelson",-0.233141537624607
2013,15,"dummy","2992","Shannon Brown",-0.246997408162339
2013,15,"dummy","4300","Gary Neal",-0.248197132588987
2013,15,"dummy","6469","Kyle Singler",-0.253927011427547
2013,15,"dummy","592","Steve Nash",-0.267021256658303
2013,15,"dummy","2798","Deron Williams",-0.27039265434854
2013,15,"dummy","3973","Darren Collison",-0.271861933240652
2013,15,"dummy","6569","Alan Anderson",-0.278739677377664
2013,15,"dummy","1018","Jason Richardson",-0.290861235592839
2013,15,"dummy","2761","Gerald Green",-0.293369715906051
2013,15,"dummy","2",NA,-0.298276782178989
2013,15,"dummy","1781","Luis Scola",-0.303061748365314
2013,15,"dummy","6580","Bradley Beal",-0.310782431057129
2013,15,"dummy","3462","Jason Thompson",-0.313950384102002
2013,15,"dummy","294","Richard Hamilton",-0.320556131337328
2013,15,"dummy","510","Shawn Marion",-0.323959106457772
2013,15,"dummy","1",NA,-0.325167707380693
2013,15,"dummy","3003","Randy Foye",-0.33633455142364
2013,15,"dummy","4239","Evan Turner",-0.342227245668107
2013,15,"dummy","3417","Jerryd Bayless",-0.343544824241947
2013,15,"dummy","3200","Glen Davis",-0.354219379093702
2013,15,"dummy","6583","Anthony Davis",-0.368247954405367
2013,15,"dummy","3416","Nicolas Batum",-0.36884993703532
2013,15,"dummy","2806","Jose Calderon",-0.371021195690193
2013,15,"dummy","1995","Keith Bogans",-0.375618692596967
2013,15,"dummy","6427","Bismack Biyombo",-0.378252607177857
2013,15,"dummy","6614","Andrew Nicholson",-0.387343290549783
2013,15,"dummy","3026","Rajon Rondo",-0.39961718968848
2013,15,"dummy","6480","Derrick Williams",-0.400389016763078
2013,15,"dummy","6479","Kemba Walker",-0.401574517885124
2013,15,"dummy","2775","Jason Maxiell",-0.408624756699503
2013,15,"dummy","3412","Ryan Anderson",-0.420481613402609
2013,15,"dummy","4257","Derrick Favors",-0.43187533374366
2013,15,"dummy","pair_2389_3003",NA,-0.445810398329797
2013,15,"dummy","1000","Brendan Haywood",-0.469999782982264
2013,15,"dummy","3978","DeMar DeRozan",-0.470396605385304
2013,15,"dummy","808","DeShawn Stevenson",-0.476650267823735
2013,15,"dummy","6631","Tyler Zeller",-0.483278694673163
2013,15,"dummy","4260","Greg Monroe",-0.487113732776605
2013,15,"dummy","3995","Jrue Holiday",-0.488172869199245
2013,15,"dummy","3974","Dante Cunningham",-0.520657912489258
2013,15,"dummy","3423","Goran Dragic",-0.521607529590663
2013,15,"dummy","2423","Dorell Wright",-0.53469226095285
2013,15,"dummy","2433","Kris Humphries",-0.538606465796553
2013,15,"dummy","3437","J.J. Hickson",-0.538924072669243
2013,15,"dummy","6478","Nikola Vucevic",-0.566809830973903
2013,15,"dummy","4258","DeMarcus Cousins",-0.577011567454442
2013,15,"dummy","2799","Louis Williams",-0.585653845936765
2013,15,"dummy","4011","Ricky Rubio",-0.587523434700963
2013,15,"dummy","2797","Marvin Williams",-0.594801646398429
2013,15,"dummy","3235","Rodney Stuckey",-0.602942038576809
2013,15,"dummy","1703","Carlos Boozer",-0.612161085921135
2013,15,"dummy","4243","Jordan Crawford",-0.627273297843921
2013,15,"dummy","6460","E'Twaun Moore",-0.637992999823905
2013,15,"dummy","6497","Jeremy Pargo",-0.657702454068602
2013,15,"dummy","2006","Josh Howard",-0.666173106569087
2013,15,"dummy","9","Ray Allen",-0.66792117827412
2013,15,"dummy","2745","Brandon Bass",-0.686532279848031
2013,15,"dummy","3192","Aaron Brooks",-0.68859745275401
2013,15,"dummy","6461","Markieff Morris",-0.690916044196507
2013,15,"dummy","4289","Kevin Seraphin",-0.696781123515974
2013,15,"dummy","pair_3993_6479",NA,-0.702705527894489
2013,15,"dummy","6587","Festus Ezeli",-0.704709544217455
2013,15,"dummy","3211","Spencer Hawes",-0.709422159152828
2013,15,"dummy","3187","Arron Afflalo",-0.718126697193387
2013,15,"dummy","91","Elton Brand",-0.747233858800736
2013,15,"dummy","1982","Chris Kaman",-0.767295848914252
2013,15,"dummy","3418","Michael Beasley",-0.776929855008845
2013,15,"dummy","4",NA,-0.818914300713075
2013,15,"dummy","4017","Marcus Thornton",-0.839487761560868
2013,15,"dummy","3231","Ramon Sessions",-0.83962085982448
2013,15,"dummy","2747","Andrew Bogut",-0.870500834052563
2013,15,"dummy","6617","Austin Rivers",-0.930669320880055
2013,15,"dummy","2987","Andrea Bargnani",-0.932512976160513
2013,15,"dummy","3993","Gerald Henderson",-0.934744755490287
2013,15,"dummy","3971","Earl Clark",-0.96643682066744
2013,15,"dummy","6591","Maurice Harkless",-0.99381521286006
2013,15,"dummy","3983","Tyreke Evans",-0.998658719157947
2013,15,"dummy","6468","Iman Shumpert",-1.09390540868782
2013,15,"dummy","3006","Daniel Gibson",-1.17743027042205
2013,15,"dummy","4005","Byron Mullens",-1.22006971729569
2013,15,"dummy","4259","Ed Davis",-1.32764255959689
2013,15,"dummy","2173","Mickael Pietrus",-1.40599736545575
2013,15,"dummy","2381","Ben Gordon",-1.53949494051759
2013,15,"dummy","5",NA,-1.65812347212546
2013,15,"dummy","3999","James Johnson",-1.75854088488604
2013,15,"dummy","2794","Hakim Warrick",-1.80737523329888
2013,15,"dummy","4270","Trevor Booker",-2.02292766857993
2013,15,"dummy","2760","Danny Granger",-3.88172674442786
2013,20,"dummy","63","Chauncey Billups",2.32366339944396
2013,20,"dummy","246","Derek Fisher",1.89686097349148
2013,20,"dummy","3419","Mario Chalmers",1.47259927428509
2013,20,"dummy","1999","Carlos Delfino",1.44683684527247
2013,20,"dummy","3444","Kosta Koufos",1.41530552712957
2013,20,"dummy","4237","John Wall",1.39104272131885
2013,20,"dummy","136","Vince Carter",1.34727298378622
2013,20,"dummy","pair_165_1765",NA,1.34609147516062
2013,20,"dummy","2779","Chris Paul",1.26557923226147
2013,20,"dummy","2394","Kevin Martin",1.2539154543907
2013,20,"dummy","pair_1015_215",NA,1.25216193124592
2013,20,"dummy","3202","Kevin Durant",1.18843246691974
2013,20,"dummy","3195","Mike Conley",1.15132937547984
2013,20,"dummy","pair_1966_1987",NA,1.13325095343786
2013,20,"dummy","pair_3195_3206",NA,1.12210999396795
2013,20,"dummy","3028","Thabo Sefolosha",1.09667035345296
2013,20,"dummy","3988","Danny Green",1.05893871375752
2013,20,"dummy","pair_3202_3468",NA,1.05467137642841
2013,20,"dummy","557","Andre Miller",1.02667969043315
2013,20,"dummy","pair_3438_4251",NA,1.0189593864426
2013,20,"dummy","2382","Devin Harris",1.00956510919141
2013,20,"dummy","3468","Russell Westbrook",0.986484681044771
2013,20,"dummy","4249","Gordon Hayward",0.977840376133221
2013,20,"dummy","1015","Tony Parker",0.967968577945804
2013,20,"dummy","3233","Tiago Splitter",0.952613581559159
2013,20,"dummy","1765","Matt Barnes",0.92327859948907
2013,20,"dummy","pair_2769_3978",NA,0.877037982234272
2013,20,"dummy","215","Tim Duncan",0.870137731323513
2013,20,"dummy","1987","Dwyane Wade",0.865532155508232
2013,20,"dummy","1713","Nenê ",0.84507783943084
2013,20,"dummy","3442","DeAndre Jordan",0.835696842658836
2013,20,"dummy","3438","George Hill",0.831960791626273
2013,20,"dummy","2769","Amir Johnson",0.823048496060993
2013,20,"dummy","3428","Danilo Gallinari",0.808613421129537
2013,20,"dummy","25","Metta World",0.789598999612614
2013,20,"dummy","976","Shane Battier",0.783308301359511
2013,20,"dummy","984","Tyson Chandler",0.778194592533046
2013,20,"dummy","1017","Zach Randolph",0.768654888800659
2013,20,"dummy","2386","Andre Iguodala",0.76297929995139
2013,20,"dummy","pair_3412_4291",NA,0.750074067760763
2013,20,"dummy","3190","Marco Belinelli",0.73492273332432
2013,20,"dummy","1705","Caron Butler",0.731123577999468
2013,20,"dummy","429","Jason Kidd",0.727682200930311
2013,20,"dummy","3431","Eric Gordon",0.702021416501775
2013,20,"dummy","2018","Kendrick Perkins",0.699222646147716
2013,20,"dummy","2177","David West",0.69491694811337
2013,20,"dummy","2184","Udonis Haslem",0.6920376219486
2013,20,"dummy","4244","Lance Stephenson",0.685178911661937
2013,20,"dummy","pair_2411_4015",NA,0.684027304323588
2013,20,"dummy","3989","Blake Griffin",0.67046059022956
2013,20,"dummy","3213","Al Horford",0.640724365930263
2013,20,"dummy","1966","LeBron James",0.618345180262387
2013,20,"dummy","2444","J.R. Smith",0.592499099486251
2013,20,"dummy","2011","Kyle Korver",0.588984173973847
2013,20,"dummy","3414","Omer Asik",0.587316398697957
2013,20,"dummy","2772","David Lee",0.582328167639209
2013,20,"dummy","1977","Chris Bosh",0.561738199847981
2013,20,"dummy","4251","Paul George",0.554361053345611
2013,20,"dummy","pair_3055_3974",NA,0.548535408405711
2013,20,"dummy","3033","P.J. Tucker",0.519000204808542
2013,20,"dummy","6450","Kawhi Leonard",0.499795500746589
2013,20,"dummy","2768","Jarrett Jack",0.498020380069938
2013,20,"dummy","3015","Paul Millsap",0.487148346924694
2013,20,"dummy","1007","Joe Johnson",0.478450719289058
2013,20,"dummy","3206","Marc Gasol",0.475627243813658
2013,20,"dummy","841","Jason Terry",0.475544188311202
2013,20,"dummy","4264","Patrick Patterson",0.470671822054115
2013,20,"dummy","1708","Mike Dunleavy",0.460162573738152
2013,20,"dummy","165","Jamal Crawford",0.445950511111185
2013,20,"dummy","pair_1975_2444",NA,0.434878991986255
2013,20,"dummy","4299","Jeremy Lin",0.433659180641902
2013,20,"dummy","3012","Kyle Lowry",0.41555674113486
2013,20,"dummy","261","Kevin Garnett",0.400233710078221
2013,20,"dummy","3449","Kevin Love",0.397809914475699
2013,20,"dummy","4015","Jeff Teague",0.397654912299185
2013,20,"dummy","110","Kobe Bryant",0.396423034842664
2013,20,"dummy","pair_110_2384",NA,0.39622243319831
2013,20,"dummy","6433","Kenneth Faried",0.390648805792813
2013,20,"dummy","2167","Boris Diaw",0.377700353169987
2013,20,"dummy","3224","Joakim Noah",0.37311916129641
2013,20,"dummy","pair_2772_3975",NA,0.362007410664809
2013,20,"dummy","pair_2429_3224",NA,0.360963507677388
2013,20,"dummy","3445","Courtney Lee",0.36040689775966
2013,20,"dummy","2429","Luol Deng",0.359245051160431
2013,20,"dummy","1026","Gerald Wallace",0.351984177170223
2013,20,"dummy","996","Pau Gasol",0.34703458286168
2013,20,"dummy","434","Andrei Kirilenko",0.329421625774252
2013,20,"dummy","pair_3209_841",NA,0.327824056513742
2013,20,"dummy","3244","Thaddeus Young",0.315720009901618
2013,20,"dummy","1981","Kirk Hinrich",0.313621530859077
2013,20,"dummy","3436","Roy Hibbert",0.306729659269078
2013,20,"dummy","1024","Jamaal Tinsley",0.304840763571684
2013,20,"dummy","4240","Avery Bradley",0.303495270954771
2013,20,"dummy","6477","Jonas Valanciunas",0.299539410686391
2013,20,"dummy","1724","Tayshaun Prince",0.298611182551506
2013,20,"dummy","1975","Carmelo Anthony",0.279804408316686
2013,20,"dummy","2751","Monta Ellis",0.26792804722407
2013,20,"dummy","4291","Greivis Vasquez",0.266839187577028
2013,20,"dummy","2753","Raymond Felton",0.262812869539744
2013,20,"dummy","3201","Jared Dudley",0.258626081606786
2013,20,"dummy","4265","Larry Sanders",0.253894451912257
2013,20,"dummy","2426","Trevor Ariza",0.250189157564833
2013,20,"dummy","pair_1726_4258",NA,0.249019949978027
2013,20,"dummy","pair_3244_3995",NA,0.247252923578585
2013,20,"dummy","662","Paul Pierce",0.24361745070671
2013,20,"dummy","6578","Harrison Barnes",0.220998178729617
2013,20,"dummy","2411","Josh Smith",0.215940364040221
2013,20,"dummy","3439","Serge Ibaka",0.212716709451737
2013,20,"dummy","6466","Chandler Parsons",0.205873896892003
2013,20,"dummy","1985","Luke Ridnour",0.203596271986746
2013,20,"dummy","3992","James Harden",0.203589687011501
2013,20,"dummy","6475","Klay Thompson",0.201514156375838
2013,20,"dummy","3453","Nikola Pekovic",0.182364806593706
2013,20,"dummy","3005","Rudy Gay",0.165206184845743
2013,20,"dummy","1828","Reggie Evans",0.163528585665102
2013,20,"dummy","pair_4232_6474",NA,0.145341546555814
2013,20,"dummy","pair_2386_4000",NA,0.135504399998696
2013,20,"dummy","2178","Mo Williams",0.134783404434325
2013,20,"dummy","3975","Stephen Curry",0.124378832665503
2013,20,"dummy","2419","Anderson Varejao",0.122835484124625
2013,20,"dummy","pair_1007_2798",NA,0.119744841411386
2013,20,"dummy","3027","Brandon Roy",0.099709284025255
2013,20,"dummy","2983","LaMarcus Aldridge",0.0987421450429329
2013,20,"dummy","3447","Robin Lopez",0.095734002361096
2013,20,"dummy","2367","Tony Allen",0.0950309211242977
2013,20,"dummy","1726","John Salmons",0.094138110758478
2013,20,"dummy","6448","Brandon Knight",0.0808014889551037
2013,20,"dummy","2767","Ersan Ilyasova",0.0777356870745288
2013,20,"dummy","2782","Nate Robinson",0.069729790838015
2013,20,"dummy","6628","Dion Waiters",0.0677810652150333
2013,20,"dummy","3451","Luc Richard",0.0620651393244155
2013,20,"dummy","6474","Tristan Thompson",0.0260438573562356
2013,20,"dummy","3882","Alexey Shved",0.0255283420870089
2013,20,"dummy","pair_4260_6448",NA,0.0179314171671451
2013,20,"dummy","6442","Kyrie Irving",0.00841814987861001
2013,20,"dummy","pair_2399_2795",NA,0.00145522979723293
2013,20,"dummy","4032","Wesley Matthews",-0.00308825902102879
2013,20,"dummy","3024","J.J. Redick",-0.00486171493342381
2013,20,"dummy","3243","Nick Young",-0.0159980909052274
2013,20,"dummy","pair_3187_6478",NA,-0.0234633034781774
2013,20,"dummy","4232","Alonzo Gee",-0.0268857399814662
2013,20,"dummy","6606","Damian Lillard",-0.0281367042037837
2013,20,"dummy","pair_3450_3973",NA,-0.0296353605512576
2013,20,"dummy","pair_2751_3997",NA,-0.0370112334553124
2013,20,"dummy","609","Dirk Nowitzki",-0.0445562266730816
2013,20,"dummy","pair_3201_3423",NA,-0.0451131807273689
2013,20,"dummy","4248","Al-Farouq Aminu",-0.075889795365721
2013,20,"dummy","6601","Michael Kidd-Gilchrist",-0.0815720984314742
2013,20,"dummy","6472","Isaiah Thomas",-0.0909220672794063
2013,20,"dummy","6424","Lavoy Allen",-0.0939987485821422
2013,20,"dummy","3448","Brook Lopez",-0.100151425611161
2013,20,"dummy","2795","Martell Webster",-0.11256338663647
2013,20,"dummy","2384","Dwight Howard",-0.115068618202994
2013,20,"dummy","2389","Al Jefferson",-0.129164317665303
2013,20,"dummy","1",NA,-0.130615033441678
2013,20,"dummy","2758","Marcin Gortat",-0.16651574971906
2013,20,"dummy","3997","Brandon Jennings",-0.183556474261229
2013,20,"dummy","pair_3416_6606",NA,-0.184136422203831
2013,20,"dummy","2399","Emeka Okafor",-0.198041763101854
2013,20,"dummy","2439","Jameer Nelson",-0.224532762732082
2013,20,"dummy","pair_3992_6466",NA,-0.229117444318775
2013,20,"dummy","6469","Kyle Singler",-0.247393328789768
2013,20,"dummy","3450","O.J. Mayo",-0.278125859593894
2013,20,"dummy","4000","Ty Lawson",-0.28019917104761
2013,20,"dummy","4010","A.J. Price",-0.298144290781677
2013,20,"dummy","1781","Luis Scola",-0.310291137872303
2013,20,"dummy","1018","Jason Richardson",-0.326596865723174
2013,20,"dummy","2992","Shannon Brown",-0.331516553435195
2013,20,"dummy","3200","Glen Davis",-0.333139362815148
2013,20,"dummy","3",NA,-0.34410589660396
2013,20,"dummy","592","Steve Nash",-0.344370312218041
2013,20,"dummy","294","Richard Hamilton",-0.345009327036263
2013,20,"dummy","2798","Deron Williams",-0.345659355600731
2013,20,"dummy","3973","Darren Collison",-0.349444116316425
2013,20,"dummy","4274","Landry Fields",-0.374365288164887
2013,20,"dummy","2",NA,-0.375208031523334
2013,20,"dummy","3026","Rajon Rondo",-0.382176491836074
2013,20,"dummy","510","Shawn Marion",-0.393952567763237
2013,20,"dummy","4239","Evan Turner",-0.398180264684454
2013,20,"dummy","3003","Randy Foye",-0.401097005857248
2013,20,"dummy","3416","Nicolas Batum",-0.404311427274001
2013,20,"dummy","6583","Anthony Davis",-0.411644318088944
2013,20,"dummy","6480","Derrick Williams",-0.417489519533374
2013,20,"dummy","3412","Ryan Anderson",-0.427581565637543
2013,20,"dummy","2775","Jason Maxiell",-0.430865635304413
2013,20,"dummy","6427","Bismack Biyombo",-0.463159660710019
2013,20,"dummy","6479","Kemba Walker",-0.466576974900977
2013,20,"dummy","3462","Jason Thompson",-0.485658830146372
2013,20,"dummy","6580","Bradley Beal",-0.487479165873885
2013,20,"dummy","pair_2389_3003",NA,-0.512909732000656
2013,20,"dummy","2806","Jose Calderon",-0.522779853001602
2013,20,"dummy","4",NA,-0.52356089559509
2013,20,"dummy","4260","Greg Monroe",-0.550505278685737
2013,20,"dummy","3995","Jrue Holiday",-0.589435675869342
2013,20,"dummy","3974","Dante Cunningham",-0.597171871069093
2013,20,"dummy","808","DeShawn Stevenson",-0.604018282278816
2013,20,"dummy","3437","J.J. Hickson",-0.609059489842671
2013,20,"dummy","6631","Tyler Zeller",-0.63041073098069
2013,20,"dummy","6478","Nikola Vucevic",-0.633914560504225
2013,20,"dummy","3423","Goran Dragic",-0.636168269855429
2013,20,"dummy","3978","DeMar DeRozan",-0.65811850142221
2013,20,"dummy","4011","Ricky Rubio",-0.671359148691496
2013,20,"dummy","3235","Rodney Stuckey",-0.683271608021212
2013,20,"dummy","2799","Louis Williams",-0.712088317078751
2013,20,"dummy","2797","Marvin Williams",-0.725733400751438
2013,20,"dummy","6460","E'Twaun Moore",-0.737933182836583
2013,20,"dummy","1703","Carlos Boozer",-0.748534168935658
2013,20,"dummy","4258","DeMarcus Cousins",-0.788132040320571
2013,20,"dummy","pair_3993_6479",NA,-0.81252216431826
2013,20,"dummy","3187","Arron Afflalo",-0.832669615102238
2013,20,"dummy","2745","Brandon Bass",-0.842504262507923
2013,20,"dummy","1982","Chris Kaman",-0.85530891649181
2013,20,"dummy","9","Ray Allen",-0.857791896400128
2013,20,"dummy","4243","Jordan Crawford",-0.872957828090185
2013,20,"dummy","3211","Spencer Hawes",-0.884021779215861
2013,20,"dummy","3418","Michael Beasley",-0.981742529904142
2013,20,"dummy","2747","Andrew Bogut",-1.02121866020127
2013,20,"dummy","2987","Andrea Bargnani",-1.02349284963212
2013,20,"dummy","6617","Austin Rivers",-1.092218194364
2013,20,"dummy","3971","Earl Clark",-1.09978750642753
2013,20,"dummy","6591","Maurice Harkless",-1.17051976917028
2013,20,"dummy","3993","Gerald Henderson",-1.20395381195769
2013,20,"dummy","3231","Ramon Sessions",-1.21023695786793
2013,20,"dummy","3983","Tyreke Evans",-1.28904123457292
2013,20,"dummy","6468","Iman Shumpert",-1.3819699105147
2013,20,"dummy","4005","Byron Mullens",-1.39146828025829
2013,20,"dummy","5",NA,-1.45331875355235
2013,20,"dummy","2173","Mickael Pietrus",-1.8837349643363
2013,25,"dummy","pair_165_1765",NA,1.70730304190966
2013,25,"dummy","3419","Mario Chalmers",1.58304339726301
2013,25,"dummy","2779","Chris Paul",1.41235430534926
2013,25,"dummy","3202","Kevin Durant",1.34444179329286
2013,25,"dummy","4237","John Wall",1.34362439653756
2013,25,"dummy","pair_1015_215",NA,1.27335531288012
2013,25,"dummy","3988","Danny Green",1.1923460746036
2013,25,"dummy","pair_1966_1987",NA,1.18659659524423
2013,25,"dummy","3028","Thabo Sefolosha",1.15146836887543
2013,25,"dummy","pair_3202_3468",NA,1.13768531416895
2013,25,"dummy","pair_2769_3978",NA,1.13216407747168
2013,25,"dummy","3195","Mike Conley",1.11842847263197
2013,25,"dummy","pair_3195_3206",NA,1.1101918704518
2013,25,"dummy","3468","Russell Westbrook",1.10793178073273
2013,25,"dummy","1015","Tony Parker",1.09256475923505
2013,25,"dummy","pair_3438_4251",NA,1.00949955235634
2013,25,"dummy","3428","Danilo Gallinari",1.00053042583724
2013,25,"dummy","2386","Andre Iguodala",0.973299067585167
2013,25,"dummy","215","Tim Duncan",0.904373988210327
2013,25,"dummy","3442","DeAndre Jordan",0.893806448118755
2013,25,"dummy","1987","Dwyane Wade",0.889357656356849
2013,25,"dummy","3438","George Hill",0.821082276664384
2013,25,"dummy","3989","Blake Griffin",0.802963020699999
2013,25,"dummy","3431","Eric Gordon",0.781500435356759
2013,25,"dummy","1713","Nenê ",0.776942384756799
2013,25,"dummy","1705","Caron Butler",0.749735827036525
2013,25,"dummy","1017","Zach Randolph",0.748797458774506
2013,25,"dummy","2018","Kendrick Perkins",0.712573952169647
2013,25,"dummy","25","Metta World",0.70479525479052
2013,25,"dummy","984","Tyson Chandler",0.69574820644054
2013,25,"dummy","6450","Kawhi Leonard",0.68399851692294
2013,25,"dummy","2177","David West",0.682246754481281
2013,25,"dummy","4244","Lance Stephenson",0.681648121878847
2013,25,"dummy","pair_2411_4015",NA,0.677675246935453
2013,25,"dummy","429","Jason Kidd",0.669312152045939
2013,25,"dummy","3414","Omer Asik",0.639689990088742
2013,25,"dummy","pair_3412_4291",NA,0.63751579115334
2013,25,"dummy","1966","LeBron James",0.631501725566998
2013,25,"dummy","3213","Al Horford",0.624669264323524
2013,25,"dummy","2772","David Lee",0.608322883929054
2013,25,"dummy","2444","J.R. Smith",0.589842764312886
2013,25,"dummy","6433","Kenneth Faried",0.576718557425481
2013,25,"dummy","3015","Paul Millsap",0.574865999901531
2013,25,"dummy","1977","Chris Bosh",0.555999489250063
2013,25,"dummy","2011","Kyle Korver",0.555027276812622
2013,25,"dummy","4251","Paul George",0.547372702249097
2013,25,"dummy","pair_3209_841",NA,0.534992691867963
2013,25,"dummy","4264","Patrick Patterson",0.530759014295286
2013,25,"dummy","3012","Kyle Lowry",0.523412539693446
2013,25,"dummy","4299","Jeremy Lin",0.505489644522588
2013,25,"dummy","1007","Joe Johnson",0.467216714235717
2013,25,"dummy","261","Kevin Garnett",0.465905191242856
2013,25,"dummy","3224","Joakim Noah",0.463957129762114
2013,25,"dummy","3206","Marc Gasol",0.460176498261698
2013,25,"dummy","2429","Luol Deng",0.457865777383697
2013,25,"dummy","pair_2429_3224",NA,0.417268081839225
2013,25,"dummy","pair_1975_2444",NA,0.416048460284869
2013,25,"dummy","4015","Jeff Teague",0.373361790332218
2013,25,"dummy","pair_110_2384",NA,0.365511696104074
2013,25,"dummy","pair_2772_3975",NA,0.352680558547772
2013,25,"dummy","3449","Kevin Love",0.346975873302734
2013,25,"dummy","pair_3055_3974",NA,0.346298850572896
2013,25,"dummy","1026","Gerald Wallace",0.344923894675104
2013,25,"dummy","1981","Kirk Hinrich",0.333925044517768
2013,25,"dummy","996","Pau Gasol",0.317983330505808
2013,25,"dummy","3436","Roy Hibbert",0.31100442379699
2013,25,"dummy","4240","Avery Bradley",0.310108645600303
2013,25,"dummy","662","Paul Pierce",0.309230065045616
2013,25,"dummy","110","Kobe Bryant",0.306708657320073
2013,25,"dummy","3439","Serge Ibaka",0.30094975094386
2013,25,"dummy","2751","Monta Ellis",0.299569312829038
2013,25,"dummy","3992","James Harden",0.299124956919562
2013,25,"dummy","4265","Larry Sanders",0.278205988388017
2013,25,"dummy","434","Andrei Kirilenko",0.272637457187115
2013,25,"dummy","1724","Tayshaun Prince",0.269324383657597
2013,25,"dummy","6466","Chandler Parsons",0.256414290807774
2013,25,"dummy","3244","Thaddeus Young",0.251455231111919
2013,25,"dummy","3201","Jared Dudley",0.232753798594909
2013,25,"dummy","1",NA,0.227744026905894
2013,25,"dummy","pair_2386_4000",NA,0.225094597228454
2013,25,"dummy","6475","Klay Thompson",0.224695768048875
2013,25,"dummy","2178","Mo Williams",0.21697679754539
2013,25,"dummy","6578","Harrison Barnes",0.213234132923892
2013,25,"dummy","pair_1726_4258",NA,0.212605493817382
2013,25,"dummy","2411","Josh Smith",0.205954854113492
2013,25,"dummy","1975","Carmelo Anthony",0.199767386164999
2013,25,"dummy","2753","Raymond Felton",0.192444575545893
2013,25,"dummy","pair_3244_3995",NA,0.179195529808869
2013,25,"dummy","3005","Rudy Gay",0.167049224091299
2013,25,"dummy","4291","Greivis Vasquez",0.165649960105397
2013,25,"dummy","3975","Stephen Curry",0.162234200135227
2013,25,"dummy","pair_4232_6474",NA,0.150035443752457
2013,25,"dummy","1985","Luke Ridnour",0.1316135016426
2013,25,"dummy","pair_1007_2798",NA,0.11596251738484
2013,25,"dummy","3453","Nikola Pekovic",0.106132313845157
2013,25,"dummy","2983","LaMarcus Aldridge",0.091935029224817
2013,25,"dummy","2419","Anderson Varejao",0.0903925507945183
2013,25,"dummy","2367","Tony Allen",0.0846684077260157
2013,25,"dummy","2767","Ersan Ilyasova",0.0812329566716186
2013,25,"dummy","1726","John Salmons",0.0676060318685342
2013,25,"dummy","6628","Dion Waiters",0.0440684175032038
2013,25,"dummy","3027","Brandon Roy",0.0338164754284942
2013,25,"dummy","3451","Luc Richard",0.0316063321126812
2013,25,"dummy","6448","Brandon Knight",0.0315647065127698
2013,25,"dummy","5",NA,0.0240039280243038
2013,25,"dummy","3447","Robin Lopez",0.0184392921693908
2013,25,"dummy","6474","Tristan Thompson",0.0137535597881415
2013,25,"dummy","6442","Kyrie Irving",-0.0112761800166719
2013,25,"dummy","609","Dirk Nowitzki",-0.0139766629640569
2013,25,"dummy","4032","Wesley Matthews",-0.0165980335639195
2013,25,"dummy","2",NA,-0.0191760672577332
2013,25,"dummy","pair_4260_6448",NA,-0.0193572976953062
2013,25,"dummy","pair_3450_3973",NA,-0.0434530631428615
2013,25,"dummy","2389","Al Jefferson",-0.0437874176672884
2013,25,"dummy","6606","Damian Lillard",-0.0482029406734515
2013,25,"dummy","pair_2751_3997",NA,-0.0559603917900707
2013,25,"dummy","4232","Alonzo Gee",-0.057317616556885
2013,25,"dummy","pair_3201_3423",NA,-0.065867800832169
2013,25,"dummy","pair_2399_2795",NA,-0.0665839094548378
2013,25,"dummy","4000","Ty Lawson",-0.0790659592810048
2013,25,"dummy","pair_3187_6478",NA,-0.0959654194406055
2013,25,"dummy","6472","Isaiah Thomas",-0.111862134447934
2013,25,"dummy","3024","J.J. Redick",-0.127016014434404
2013,25,"dummy","3448","Brook Lopez",-0.137935579850088
2013,25,"dummy","2384","Dwight Howard",-0.147225587496532
2013,25,"dummy","4248","Al-Farouq Aminu",-0.148330040449267
2013,25,"dummy","3997","Brandon Jennings",-0.162459949248642
2013,25,"dummy","3450","O.J. Mayo",-0.170493349700863
2013,25,"dummy","4",NA,-0.179533549093925
2013,25,"dummy","pair_3416_6606",NA,-0.193473745341357
2013,25,"dummy","6601","Michael Kidd-Gilchrist",-0.194746930119351
2013,25,"dummy","2795","Martell Webster",-0.218595171071659
2013,25,"dummy","2399","Emeka Okafor",-0.232458966803909
2013,25,"dummy","2758","Marcin Gortat",-0.245644904680853
2013,25,"dummy","pair_3992_6466",NA,-0.248079465018994
2013,25,"dummy","6469","Kyle Singler",-0.269048219376539
2013,25,"dummy","3973","Darren Collison",-0.30494397414869
2013,25,"dummy","2439","Jameer Nelson",-0.331516913413137
2013,25,"dummy","3026","Rajon Rondo",-0.338757165934828
2013,25,"dummy","2798","Deron Williams",-0.342378582670948
2013,25,"dummy","1781","Luis Scola",-0.352712092853782
2013,25,"dummy","510","Shawn Marion",-0.368558588869985
2013,25,"dummy","3003","Randy Foye",-0.406281149161761
2013,25,"dummy","3416","Nicolas Batum",-0.415840234788306
2013,25,"dummy","1018","Jason Richardson",-0.418807809842815
2013,25,"dummy","3200","Glen Davis",-0.43558685472604
2013,25,"dummy","294","Richard Hamilton",-0.44871495594044
2013,25,"dummy","2775","Jason Maxiell",-0.478307483736807
2013,25,"dummy","4239","Evan Turner",-0.48459534969127
2013,25,"dummy","2806","Jose Calderon",-0.488610645902377
2013,25,"dummy","6583","Anthony Davis",-0.495142628690996
2013,25,"dummy","3462","Jason Thompson",-0.509319540154721
2013,25,"dummy","6580","Bradley Beal",-0.516829513270646
2013,25,"dummy","592","Steve Nash",-0.545614363986997
2013,25,"dummy","pair_2389_3003",NA,-0.554878450909427
2013,25,"dummy","3978","DeMar DeRozan",-0.588264086378382
2013,25,"dummy","3412","Ryan Anderson",-0.608087484962151
2013,25,"dummy","4260","Greg Monroe",-0.61713188944934
2013,25,"dummy","6479","Kemba Walker",-0.620600199621931
2013,25,"dummy","3437","J.J. Hickson",-0.620621931217607
2013,25,"dummy","6631","Tyler Zeller",-0.650689913418193
2013,25,"dummy","2797","Marvin Williams",-0.657639302011472
2013,25,"dummy","3995","Jrue Holiday",-0.677765134378576
2013,25,"dummy","1703","Carlos Boozer",-0.689247762646907
2013,25,"dummy","3423","Goran Dragic",-0.704316556591222
2013,25,"dummy","3",NA,-0.744668328071777
2013,25,"dummy","6478","Nikola Vucevic",-0.77445027930591
2013,25,"dummy","2745","Brandon Bass",-0.778417245039802
2013,25,"dummy","4011","Ricky Rubio",-0.789608038522328
2013,25,"dummy","4258","DeMarcus Cousins",-0.811718600429924
2013,25,"dummy","pair_3993_6479",NA,-0.866798191542768
2013,25,"dummy","3187","Arron Afflalo",-0.926437520099261
2013,25,"dummy","2747","Andrew Bogut",-0.979159823140068
2013,25,"dummy","2987","Andrea Bargnani",-1.02563772660198
2013,25,"dummy","3983","Tyreke Evans",-1.29521288426364
2013,25,"dummy","3993","Gerald Henderson",-1.37956571317158
2013,25,"dummy","4005","Byron Mullens",-1.57439944811898
2013,30,"dummy","2779","Chris Paul",2.13958281676508
2013,30,"dummy","pair_165_1765",NA,2.07804263057408
2013,30,"dummy","3202","Kevin Durant",1.83834821491728
2013,30,"dummy","pair_1015_215",NA,1.63041185620972
2013,30,"dummy","pair_1966_1987",NA,1.62853523017206
2013,30,"dummy","3468","Russell Westbrook",1.52779401905692
2013,30,"dummy","pair_3202_3468",NA,1.5183453470118
2013,30,"dummy","pair_2769_3978",NA,1.49122561358956
2013,30,"dummy","1015","Tony Parker",1.48942715782327
2013,30,"dummy","3989","Blake Griffin",1.3478282426421
2013,30,"dummy","3428","Danilo Gallinari",1.3174439450523
2013,30,"dummy","2386","Andre Iguodala",1.30161591597643
2013,30,"dummy","3195","Mike Conley",1.29870177201532
2013,30,"dummy","pair_3195_3206",NA,1.23583554749161
2013,30,"dummy","1987","Dwyane Wade",1.19720475617104
2013,30,"dummy","pair_3438_4251",NA,1.18314390519087
2013,30,"dummy","215","Tim Duncan",1.16172730742336
2013,30,"dummy","984","Tyson Chandler",1.09787468396341
2013,30,"dummy","3438","George Hill",0.982460630593768
2013,30,"dummy","1966","LeBron James",0.962649643469323
2013,30,"dummy","6450","Kawhi Leonard",0.948379133093757
2013,30,"dummy","25","Metta World",0.865747652840459
2013,30,"dummy","2177","David West",0.853999117763807
2013,30,"dummy","3431","Eric Gordon",0.812397847930497
2013,30,"dummy","1017","Zach Randolph",0.804045852390323
2013,30,"dummy","1977","Chris Bosh",0.798844491689988
2013,30,"dummy","2772","David Lee",0.769895338501422
2013,30,"dummy","pair_2411_4015",NA,0.767797452764248
2013,30,"dummy","3414","Omer Asik",0.765945659006447
2013,30,"dummy","pair_1975_2444",NA,0.751516805253828
2013,30,"dummy","3213","Al Horford",0.69319055355785
2013,30,"dummy","pair_3412_4291",NA,0.689236793803805
2013,30,"dummy","3015","Paul Millsap",0.681989328557169
2013,30,"dummy","pair_3209_841",NA,0.675454150752727
2013,30,"dummy","4251","Paul George",0.628362932287572
2013,30,"dummy","4299","Jeremy Lin",0.625721793725986
2013,30,"dummy","2011","Kyle Korver",0.585287573582297
2013,30,"dummy","1007","Joe Johnson",0.582838197439846
2013,30,"dummy","2751","Monta Ellis",0.560232180703049
2013,30,"dummy","1",NA,0.535934156811734
2013,30,"dummy","3224","Joakim Noah",0.522990976380678
2013,30,"dummy","2429","Luol Deng",0.517527827580103
2013,30,"dummy","662","Paul Pierce",0.505762574846423
2013,30,"dummy","pair_1726_4258",NA,0.47888392073254
2013,30,"dummy","3449","Kevin Love",0.420623298740298
2013,30,"dummy","pair_110_2384",NA,0.406494244749025
2013,30,"dummy","pair_2429_3224",NA,0.399872773042053
2013,30,"dummy","3206","Marc Gasol",0.398637711819941
2013,30,"dummy","1026","Gerald Wallace",0.397837603734089
2013,30,"dummy","3992","James Harden",0.394756480254106
2013,30,"dummy","pair_2772_3975",NA,0.392245265900624
2013,30,"dummy","3439","Serge Ibaka",0.389616420549283
2013,30,"dummy","1975","Carmelo Anthony",0.363479161793813
2013,30,"dummy","pair_3055_3974",NA,0.362732320582863
2013,30,"dummy","996","Pau Gasol",0.352995277392512
2013,30,"dummy","3244","Thaddeus Young",0.34623575270554
2013,30,"dummy","4015","Jeff Teague",0.336127101348169
2013,30,"dummy","110","Kobe Bryant",0.331151006173142
2013,30,"dummy","2753","Raymond Felton",0.329477045392398
2013,30,"dummy","1981","Kirk Hinrich",0.319400964676323
2013,30,"dummy","6466","Chandler Parsons",0.293784478384573
2013,30,"dummy","3436","Roy Hibbert",0.288301547908223
2013,30,"dummy","pair_2399_2795",NA,0.273728554253932
2013,30,"dummy","2",NA,0.270642812148671
2013,30,"dummy","1724","Tayshaun Prince",0.259568977939358
2013,30,"dummy","pair_3244_3995",NA,0.251413643262703
2013,30,"dummy","434","Andrei Kirilenko",0.246764834309855
2013,30,"dummy","pair_2386_4000",NA,0.235686738394867
2013,30,"dummy","6475","Klay Thompson",0.218828089877036
2013,30,"dummy","pair_3201_3423",NA,0.169109421866534
2013,30,"dummy","2983","LaMarcus Aldridge",0.166010221421876
2013,30,"dummy","3975","Stephen Curry",0.146129857611538
2013,30,"dummy","2178","Mo Williams",0.143703033372845
2013,30,"dummy","pair_4232_6474",NA,0.13358692198191
2013,30,"dummy","2419","Anderson Varejao",0.122736402854861
2013,30,"dummy","4291","Greivis Vasquez",0.115051917517642
2013,30,"dummy","2411","Josh Smith",0.113222699081765
2013,30,"dummy","pair_1007_2798",NA,0.103811222359013
2013,30,"dummy","3005","Rudy Gay",0.10139629833734
2013,30,"dummy","pair_2751_3997",NA,0.0559477350735065
2013,30,"dummy","1985","Luke Ridnour",0.0424070646566025
2013,30,"dummy","pair_3187_6478",NA,0.0262966592288381
2013,30,"dummy","3453","Nikola Pekovic",0.0177332864868062
2013,30,"dummy","4032","Wesley Matthews",0.00910046286168512
2013,30,"dummy","6606","Damian Lillard",-0.0325372131856135
2013,30,"dummy","6448","Brandon Knight",-0.0330134892236106
2013,30,"dummy","pair_3450_3973",NA,-0.036751286542947
2013,30,"dummy","6474","Tristan Thompson",-0.056628641667004
2013,30,"dummy","6628","Dion Waiters",-0.0588535859344782
2013,30,"dummy","3997","Brandon Jennings",-0.0782440616997868
2013,30,"dummy","6442","Kyrie Irving",-0.0974683974922122
2013,30,"dummy","pair_4260_6448",NA,-0.109817921582945
2013,30,"dummy","5",NA,-0.127831905568237
2013,30,"dummy","4000","Ty Lawson",-0.133529233687442
2013,30,"dummy","2389","Al Jefferson",-0.160430726729609
2013,30,"dummy","4232","Alonzo Gee",-0.191181333709634
2013,30,"dummy","3450","O.J. Mayo",-0.203171083894474
2013,30,"dummy","pair_3416_6606",NA,-0.211719364387378
2013,30,"dummy","2758","Marcin Gortat",-0.217104329997987
2013,30,"dummy","3",NA,-0.252783852459209
2013,30,"dummy","3448","Brook Lopez",-0.272945129763418
2013,30,"dummy","2384","Dwight Howard",-0.318383424593749
2013,30,"dummy","2439","Jameer Nelson",-0.359237189319874
2013,30,"dummy","3973","Darren Collison",-0.387042674201785
2013,30,"dummy","6580","Bradley Beal",-0.40886438846937
2013,30,"dummy","3026","Rajon Rondo",-0.426542348287218
2013,30,"dummy","pair_3992_6466",NA,-0.436660386892638
2013,30,"dummy","4",NA,-0.445655243609568
2013,30,"dummy","3200","Glen Davis",-0.477742232133011
2013,30,"dummy","510","Shawn Marion",-0.478920918443285
2013,30,"dummy","2798","Deron Williams",-0.52178751492522
2013,30,"dummy","3416","Nicolas Batum",-0.545859336856781
2013,30,"dummy","4239","Evan Turner",-0.650853554372166
2013,30,"dummy","3437","J.J. Hickson",-0.795365525764903
2013,30,"dummy","592","Steve Nash",-0.802197380620508
2013,30,"dummy","6479","Kemba Walker",-0.812322903044216
2013,30,"dummy","3423","Goran Dragic",-0.860100763477469
2013,30,"dummy","pair_2389_3003",NA,-0.898158480659623
2013,30,"dummy","3978","DeMar DeRozan",-0.907115458815546
2013,30,"dummy","4260","Greg Monroe",-0.93780402940023
2013,30,"dummy","3995","Jrue Holiday",-0.941931255513475
2013,30,"dummy","6478","Nikola Vucevic",-0.982091970596671
2013,30,"dummy","4258","DeMarcus Cousins",-0.994628646556672
2013,30,"dummy","1703","Carlos Boozer",-1.07965857245023
2013,30,"dummy","3187","Arron Afflalo",-1.17271566231245
2013,30,"dummy","pair_3993_6479",NA,-1.43324290135522
2013,30,"dummy","3983","Tyreke Evans",-1.62975403290257
2013,30,"dummy","4005","Byron Mullens",-2.01919696258656
2014,0,"dummy","2531039","Vander Blue",12.0678304597015
2014,0,"dummy","163",NA,6.74454278687768
2014,0,"dummy","4231","Othyus Jeffers",6.53768762083958
2014,0,"dummy","874",NA,5.9160718230358
2014,0,"dummy","2373",NA,4.92458788999126
2014,0,"dummy","2489785","Ian Clark",3.5854746238532
2014,0,"dummy","2757",NA,2.72102577832476
2014,0,"dummy","2531210","Allen Crabbe",2.62061976963683
2014,0,"dummy","2028618",NA,2.53563713834772
2014,0,"dummy","1995","Keith Bogans",2.30928334735419
2014,0,"dummy","3999","James Johnson",1.66465762776538
2014,0,"dummy","3654",NA,1.50387236942554
2014,0,"dummy","515","Kenyon Martin",1.48913329866866
2014,0,"dummy","3247","Joel Anthony",1.48444663792045
2014,0,"dummy","3964","Patrick Beverley",1.47468015276533
2014,0,"dummy","2386","Andre Iguodala",1.44077146699362
2014,0,"dummy","4250","Luke Babbitt",1.43865560784485
2014,0,"dummy","6579","Will Barton",1.42984614988394
2014,0,"dummy","6604","Doron Lamb",1.37052404520987
2014,0,"dummy","272","Manu Ginobili",1.27356364719448
2014,0,"dummy","2333797","Jeff Withey",1.26507816822751
2014,0,"dummy","2202117","Arinze Onuaku",1.1956608708532
2014,0,"dummy","1978","Nick Collison",1.19408547755792
2014,0,"dummy","6443","Reggie Jackson",1.17268266214278
2014,0,"dummy","2009","James Jones",1.16051865091607
2014,0,"dummy","3972","Victor Claver",1.14745856976001
2014,0,"dummy","pair_1966_1977",NA,1.11741345078781
2014,0,"dummy","6464","Donatas Motiejunas",1.11651404270311
2014,0,"dummy","2166","Leandro Barbosa",1.11200058005486
2014,0,"dummy","3988","Danny Green",1.10470775249445
2014,0,"dummy","434","Andrei Kirilenko",1.10260380151809
2014,0,"dummy","2779","Chris Paul",1.08247224084847
2014,0,"dummy","1298",NA,1.06723071370875
2014,0,"dummy","3024","J.J. Redick",0.998196793580138
2014,0,"dummy","3975","Stephen Curry",0.993418562040746
2014,0,"dummy","4259","Ed Davis",0.977437559375922
2014,0,"dummy","2594922","Otto Porter",0.968002445125258
2014,0,"dummy","3436","Roy Hibbert",0.943745836078959
2014,0,"dummy","6511","Malcolm Thomas",0.943337961889961
2014,0,"dummy","6617","Austin Rivers",0.932139500642958
2014,0,"dummy","6430","Jimmy Butler",0.929740911998433
2014,0,"dummy","557","Andre Miller",0.929313422726953
2014,0,"dummy","pair_3449_4011",NA,0.919322057001046
2014,0,"dummy","3554","Omri Casspi",0.912253931058922
2014,0,"dummy","pair_2426_4237",NA,0.905687365958238
2014,0,"dummy","6530","Greg Smith",0.898080363150243
2014,0,"dummy","2760","Danny Granger",0.889292925765394
2014,0,"dummy","2754","Channing Frye",0.888994313759196
2014,0,"dummy","pair_3975_6475",NA,0.887019392607424
2014,0,"dummy","3449","Kevin Love",0.886842159899384
2014,0,"dummy","385","Antawn Jamison",0.873653218222625
2014,0,"dummy","6581","Jae Crowder",0.861878031314388
2014,0,"dummy","pair_1007_2798",NA,0.856310096196453
2014,0,"dummy","3242","Brandan Wright",0.852693722448874
2014,0,"dummy","4266","Jarvis Varnado",0.84472178629699
2014,0,"dummy","2585616","Pero Antic",0.841876995957531
2014,0,"dummy","4004","Patty Mills",0.837200317633375
2014,0,"dummy","3992","James Harden",0.811270709555228
2014,0,"dummy","pair_3033_3423",NA,0.811047830733915
2014,0,"dummy","pair_3416_6606",NA,0.791333409001781
2014,0,"dummy","1135","Chris Andersen",0.783109401549154
2014,0,"dummy","6610","Darius Miller",0.78127202314191
2014,0,"dummy","2772","David Lee",0.761923110655962
2014,0,"dummy","3423","Goran Dragic",0.757204587113744
2014,0,"dummy","3191","Corey Brewer",0.756284147856116
2014,0,"dummy","4251","Paul George",0.755968418876293
2014,0,"dummy","2834","Chuck Hayes",0.748090253389655
2014,0,"dummy","2177","David West",0.742465136319261
2014,0,"dummy","3202","Kevin Durant",0.741261523796428
2014,0,"dummy","2325975","Chris Johnson",0.737934971789738
2014,0,"dummy","6439","Josh Harrellson",0.73285317292049
2014,0,"dummy","pair_2177_4251",NA,0.719885224812834
2014,0,"dummy","3412","Ryan Anderson",0.707244375592646
2014,0,"dummy","2384","Dwight Howard",0.703183830361437
2014,0,"dummy","609","Dirk Nowitzki",0.698011901433953
2014,0,"dummy","4263","Daniel Orton",0.695149601083546
2014,0,"dummy","2596158","Shane Larkin",0.685718892868334
2014,0,"dummy","1977","Chris Bosh",0.684858713921832
2014,0,"dummy","3989","Blake Griffin",0.682324028528929
2014,0,"dummy","2426","Trevor Ariza",0.669468529257324
2014,0,"dummy","2489716","Matthew Dellavedova",0.667243926137127
2014,0,"dummy","3276","Anthony Tolliver",0.661383346786265
2014,0,"dummy","976","Shane Battier",0.653478799578419
2014,0,"dummy","1966","LeBron James",0.646555520049817
2014,0,"dummy","3018","Steve Novak",0.641612199263491
2014,0,"dummy","3970","DeMarre Carroll",0.622768943025124
2014,0,"dummy","2758","Marcin Gortat",0.616849680038267
2014,0,"dummy","3445","Courtney Lee",0.611557156005828
2014,0,"dummy","6589","Draymond Green",0.606014183783559
2014,0,"dummy","2004","Willie Green",0.598164735555259
2014,0,"dummy","1027","Earl Watson",0.59296380004225
2014,0,"dummy","pair_3003_4000",NA,0.589551709399733
2014,0,"dummy","3474","Anthony Morrow",0.588799245824397
2014,0,"dummy","6588","Evan Fournier",0.585108976591422
2014,0,"dummy","2528787","Lorenzo Brown",0.57770859101115
2014,0,"dummy","pair_3442_3989",NA,0.576983715370847
2014,0,"dummy","3416","Nicolas Batum",0.570436049163279
2014,0,"dummy","4011","Ricky Rubio",0.56620088236916
2014,0,"dummy","6603","Jeremy Lamb",0.560206893550288
2014,0,"dummy","2983","LaMarcus Aldridge",0.558430667611123
2014,0,"dummy","25","Metta World",0.557456237714658
2014,0,"dummy","6475","Klay Thompson",0.554423114601463
2014,0,"dummy","568","Nazr Mohammed",0.548150092573737
2014,0,"dummy","pair_4258_6472",NA,0.541512997935228
2014,0,"dummy","1996","Matt Bonner",0.535858335023909
2014,0,"dummy","2530722","Phil Pressey",0.53525133349256
2014,0,"dummy","3012","Kyle Lowry",0.52858398346762
2014,0,"dummy","2528779","Reggie Bullock",0.527922745602409
2014,0,"dummy","3438","George Hill",0.527023064039607
2014,0,"dummy","6476","Jeremy Tyler",0.518436068342456
2014,0,"dummy","2747","Andrew Bogut",0.516728521297682
2014,0,"dummy","2382","Devin Harris",0.516334805247301
2014,0,"dummy","1765","Matt Barnes",0.508956221727691
2014,0,"dummy","3002","Jordan Farmar",0.503173855801873
2014,0,"dummy","2393","Shaun Livingston",0.496576471489798
2014,0,"dummy","4244","Lance Stephenson",0.480931244687095
2014,0,"dummy","2327107","Toure' Murry",0.480478099249954
2014,0,"dummy","3277","C.J. Watson",0.478181619447871
2014,0,"dummy","3439","Serge Ibaka",0.470967093663061
2014,0,"dummy","2491079","Nate Wolters",0.468246211309254
2014,0,"dummy","1987","Dwyane Wade",0.464359486011934
2014,0,"dummy","2419","Anderson Varejao",0.463878852885515
2014,0,"dummy","2778","C.J. Miles",0.462342918715358
2014,0,"dummy","6462","Marcus Morris",0.451113356455687
2014,0,"dummy","469","Rashard Lewis",0.450312074276514
2014,0,"dummy","2167","Boris Diaw",0.449901136931869
2014,0,"dummy","4298","Timofey Mozgov",0.446837257562206
2014,0,"dummy","2530596","Andre Roberson",0.446402957576793
2014,0,"dummy","6468","Iman Shumpert",0.441440557134593
2014,0,"dummy","991","Samuel Dalembert",0.435477639993584
2014,0,"dummy","2797","Marvin Williams",0.431031178138516
2014,0,"dummy","6479","Kemba Walker",0.419822829830358
2014,0,"dummy","215","Tim Duncan",0.419507423563667
2014,0,"dummy","3224","Joakim Noah",0.413976687356493
2014,0,"dummy","3419","Mario Chalmers",0.409285460617879
2014,0,"dummy","4000","Ty Lawson",0.407962322743371
2014,0,"dummy","3225","Greg Oden",0.403486561217512
2014,0,"dummy","1211",NA,0.40144110315921
2014,0,"dummy","662","Paul Pierce",0.399990533474291
2014,0,"dummy","4264","Patrick Patterson",0.399612365910692
2014,0,"dummy","3974","Dante Cunningham",0.38361674586058
2014,0,"dummy","4241","Xavier Henry",0.383278551034835
2014,0,"dummy","2798","Deron Williams",0.376353636732217
2014,0,"dummy","2769","Amir Johnson",0.365180844721317
2014,0,"dummy","6454","Shelvin Mack",0.357550612274269
2014,0,"dummy","2367","Tony Allen",0.356760977394154
2014,0,"dummy","6606","Damian Lillard",0.354858756906811
2014,0,"dummy","4295","Jeremy Evans",0.347778115711667
2014,0,"dummy","3195","Mike Conley",0.341359886462537
2014,0,"dummy","4237","John Wall",0.334341428668494
2014,0,"dummy","3038","Shawne Williams",0.333775546842178
2014,0,"dummy","6469","Kyle Singler",0.333659862037038
2014,0,"dummy","pair_3992_6466",NA,0.331145147273554
2014,0,"dummy","3442","DeAndre Jordan",0.330519082744402
2014,0,"dummy","3233","Tiago Splitter",0.323578397444003
2014,0,"dummy","3452","JaVale McGee",0.315622409490962
2014,0,"dummy","2381","Ben Gordon",0.310589812831692
2014,0,"dummy","3447","Robin Lopez",0.305235520627716
2014,0,"dummy","3995","Jrue Holiday",0.305118942155179
2014,0,"dummy","2488651","Ryan Kelly",0.302617911525937
2014,0,"dummy","6619","Terrence Ross",0.295323989881399
2014,0,"dummy","1724","Tayshaun Prince",0.293175575435249
2014,0,"dummy","3968","Chase Budinger",0.291281921999871
2014,0,"dummy","6598","Perry Jones",0.281500913604689
2014,0,"dummy","6450","Kawhi Leonard",0.276151778575777
2014,0,"dummy","3413","Darrell Arthur",0.269858326731502
2014,0,"dummy","3032977","Giannis Antetokounmpo",0.268666656884436
2014,0,"dummy","2782","Nate Robinson",0.266005113964593
2014,0,"dummy","2490149","C.J. McCollum",0.262779554235315
2014,0,"dummy","3991","Tyler Hansbrough",0.261710118181834
2014,0,"dummy","pair_3012_3978",NA,0.261136223155908
2014,0,"dummy","4008","Jeff Ayres",0.248251626647566
2014,0,"dummy","4335","Jeff Adrien",0.247116269420898
2014,0,"dummy","165","Jamal Crawford",0.246746148237613
2014,0,"dummy","pair_1017_3195",NA,0.243120356413666
2014,0,"dummy","1781","Luis Scola",0.240409077647074
2014,0,"dummy","6431","Norris Cole",0.236585708930793
2014,0,"dummy","6461","Markieff Morris",0.236490992498322
2014,0,"dummy","6626","Marquis Teague",0.23148429106897
2014,0,"dummy","1981","Kirk Hinrich",0.226079410523009
2014,0,"dummy","3243","Nick Young",0.217801916473236
2014,0,"dummy","6638",NA,0.217328662316658
2014,0,"dummy","6428","MarShon Brooks",0.216725479383331
2014,0,"dummy","3978","DeMar DeRozan",0.197106729029805
2014,0,"dummy","pair_3202_3439",NA,0.194584540674979
2014,0,"dummy","1708","Mike Dunleavy",0.192264268434636
2014,0,"dummy","2394","Kevin Martin",0.184064894248598
2014,0,"dummy","6582","Jared Cunningham",0.182819657619751
2014,0,"dummy","984","Tyson Chandler",0.179640062934203
2014,0,"dummy","2488706","Peyton Siva",0.175508439647486
2014,0,"dummy","2806","Jose Calderon",0.172861387913027
2014,0,"dummy","2178","Mo Williams",0.171178059301278
2014,0,"dummy","4032","Wesley Matthews",0.166572742969337
2014,0,"dummy","1015","Tony Parker",0.161760918914719
2014,0,"dummy","2746","Andray Blatche",0.161365051736116
2014,0,"dummy","3028","Thabo Sefolosha",0.160821343550528
2014,0,"dummy","3453","Nikola Pekovic",0.159698888761287
2014,0,"dummy","pair_1975_2444",NA,0.158296199730631
2014,0,"dummy","2579260","Trey Burke",0.15428197702328
2014,0,"dummy","2795","Martell Webster",0.1538041441571
2014,0,"dummy","3033","P.J. Tucker",0.151943646147958
2014,0,"dummy","6583","Anthony Davis",0.151149814881214
2014,0,"dummy","3986","Taj Gibson",0.149124443483506
2014,0,"dummy","6466","Chandler Parsons",0.146612022799038
2014,0,"dummy","4182","Pablo Prigioni",0.144473591719798
2014,0,"dummy","6624","Jared Sullinger",0.143160248170404
2014,0,"dummy","3201","Jared Dudley",0.140676079808471
2014,0,"dummy","3190","Marco Belinelli",0.140415745076324
2014,0,"dummy","3005","Rudy Gay",0.138417404141158
2014,0,"dummy","3032976","Rudy Gobert",0.13605359271238
2014,0,"dummy","4238","Eric Bledsoe",0.132724710935538
2014,0,"dummy","3213","Al Horford",0.127105105616737
2014,0,"dummy","2774","Ian Mahinmi",0.126996464349166
2014,0,"dummy","6601","Michael Kidd-Gilchrist",0.117358325979552
2014,0,"dummy","2755","Francisco Garcia",0.114631138621783
2014,0,"dummy","3015","Paul Millsap",0.113888657548627
2014,0,"dummy","6463","Darius Morris",0.109857551660956
2014,0,"dummy","3231","Ramon Sessions",0.109361409246435
2014,0,"dummy","4291","Greivis Vasquez",0.10420050072241
2014,0,"dummy","4017","Marcus Thornton",0.101635332353993
2014,0,"dummy","246","Derek Fisher",0.0932222137060258
2014,0,"dummy","2011","Kyle Korver",0.0909369774121622
2014,0,"dummy","pair_2389_6479",NA,0.0864238356637465
2014,0,"dummy","1975","Carmelo Anthony",0.0829741528822014
2014,0,"dummy","6609","Khris Middleton",0.0824014935744296
2014,0,"dummy","2580913","Dewayne Dedmon",0.077142141085399
2014,0,"dummy","6546","Gustavo Ayon",0.0748062215603912
2014,0,"dummy","6628","Dion Waiters",0.0656177711466999
2014,0,"dummy","4260","Greg Monroe",0.0631305414717651
2014,0,"dummy","2581018","Kentavious Caldwell-Pope",0.0595499758276915
2014,0,"dummy","2991473","Anthony Bennett",0.0546471697363142
2014,0,"dummy","4258","DeMarcus Cousins",0.0500093290334505
2014,0,"dummy","1726","John Salmons",0.0447530605638925
2014,0,"dummy","6503","Dwight Buycks",0.036956856260551
2014,0,"dummy","pair_6442_6474",NA,0.0247054664106056
2014,0,"dummy","6580","Bradley Beal",0.0184168655210365
2014,0,"dummy","261","Kevin Garnett",0.0157368552829452
2014,0,"dummy","2585629","Luigi Datome",0.015645404865034
2014,0,"dummy","pair_3983_6583",NA,0.00692538845098787
2014,0,"dummy","3973","Darren Collison",0.00575292686349108
2014,0,"dummy","2",NA,0
2014,0,"dummy","6585","Andre Drummond",-0.00669569868589379
2014,0,"dummy","2411","Josh Smith",-0.0164168949434213
2014,0,"dummy","6615","Kyle O'Quinn",-0.0247025749392393
2014,0,"dummy","2761","Gerald Green",-0.0292971413060477
2014,0,"dummy","2429","Luol Deng",-0.0361147437296978
2014,0,"dummy","4240","Avery Bradley",-0.0366704718854
2014,0,"dummy","6611","Quincy Miller",-0.0368684957605545
2014,0,"dummy","6597","Terrence Jones",-0.0423841264839585
2014,0,"dummy","6616","Miles Plumlee",-0.0525103305757899
2014,0,"dummy","3220","Josh McRoberts",-0.0527286149671344
2014,0,"dummy","6631","Tyler Zeller",-0.0562130307499292
2014,0,"dummy","6478","Nikola Vucevic",-0.057306749840917
2014,0,"dummy","2389","Al Jefferson",-0.0577816518687158
2014,0,"dummy","3983","Tyreke Evans",-0.0684525182920175
2014,0,"dummy","3468","Russell Westbrook",-0.0695855968448362
2014,0,"dummy","6593","Bernard James",-0.0713101343465743
2014,0,"dummy","2579258","Cody Zeller",-0.0732624443824272
2014,0,"dummy","1017","Zach Randolph",-0.0786786857374614
2014,0,"dummy","pair_1015_215",NA,-0.082267479171033
2014,0,"dummy","3462","Jason Thompson",-0.0837787461210654
2014,0,"dummy","1828","Reggie Evans",-0.0857791167180925
2014,0,"dummy","6429","Alec Burks",-0.087443239067997
2014,0,"dummy","9","Ray Allen",-0.0974731374023828
2014,0,"dummy","6477","Jonas Valanciunas",-0.0976803981133318
2014,0,"dummy","3004","Joel Freeland",-0.101858362784852
2014,0,"dummy","3008","Ryan Hollins",-0.10433986189279
2014,0,"dummy","3444","Kosta Koufos",-0.109362227100814
2014,0,"dummy","pair_4003_4247",NA,-0.114097343697957
2014,0,"dummy","3415","D.J. Augustin",-0.119194731297869
2014,0,"dummy","3930","Cartier Martin",-0.122293110846414
2014,0,"dummy","1007","Joe Johnson",-0.123313633570189
2014,0,"dummy","378","Stephen Jackson",-0.123332404490282
2014,0,"dummy","6472","Isaiah Thomas",-0.123392065242814
2014,0,"dummy","6569","Alan Anderson",-0.126988079459588
2014,0,"dummy","pair_2751_510",NA,-0.128739480576635
2014,0,"dummy","6663","Diante Garrett",-0.130764896563189
2014,0,"dummy","862","Hedo Turkoglu",-0.13481276806729
2014,0,"dummy","3451","Luc Richard",-0.135008161749563
2014,0,"dummy","2433","Kris Humphries",-0.138093265065807
2014,0,"dummy","3410","Alexis Ajinca",-0.141406081830906
2014,0,"dummy","110","Kobe Bryant",-0.143388921319527
2014,0,"dummy","2015","Travis Outlaw",-0.147486338995103
2014,0,"dummy","3232","Jason Smith",-0.152633914863883
2014,0,"dummy","4247","Wesley Johnson",-0.159131611885511
2014,0,"dummy","pair_2411_3997",NA,-0.161220215241482
2014,0,"dummy","1713","Nenê ",-0.162712444427009
2014,0,"dummy","4289","Kevin Seraphin",-0.165127184049448
2014,0,"dummy","4261","Ekpe Udoh",-0.16726157872519
2014,0,"dummy","2439","Jameer Nelson",-0.168929540083718
2014,0,"dummy","3206","Marc Gasol",-0.176480193005295
2014,0,"dummy","pair_3415_3986",NA,-0.185356478209674
2014,0,"dummy","1218",NA,-0.185453257867953
2014,0,"dummy","2489663","Kelly Olynyk",-0.187050640188094
2014,0,"dummy","136","Vince Carter",-0.190305898521544
2014,0,"dummy","3969","Nick Calathes",-0.194352202639037
2014,0,"dummy","2528356","Jamaal Franklin",-0.201145851664408
2014,0,"dummy","6591","Maurice Harkless",-0.208362644785014
2014,0,"dummy","6641","Brian Roberts",-0.210824301043067
2014,0,"dummy","3417","Jerryd Bayless",-0.212992393996604
2014,0,"dummy","pair_6429_6447",NA,-0.216075843524903
2014,0,"dummy","2751","Monta Ellis",-0.216691375424913
2014,0,"dummy","510","Shawn Marion",-0.230805062942852
2014,0,"dummy","6452","Jon Leuer",-0.233171326739036
2014,0,"dummy","2018","Kendrick Perkins",-0.242415131592205
2014,0,"dummy","2991235","Steven Adams",-0.260605021651724
2014,0,"dummy","6474","Tristan Thompson",-0.266706591738346
2014,0,"dummy","6427","Bismack Biyombo",-0.275431526282716
2014,0,"dummy","2991143","Ricky Ledo",-0.279142381247169
2014,0,"dummy","6424","Lavoy Allen",-0.287091878680804
2014,0,"dummy","4010","A.J. Price",-0.294453142234336
2014,0,"dummy","pair_3015_4015",NA,-0.296180252797352
2014,0,"dummy","3965","DeJuan Blair",-0.297614116386553
2014,0,"dummy","3200","Glen Davis",-0.299861814718876
2014,0,"dummy","3209","Jeff Green",-0.308523577318109
2014,0,"dummy","2753","Raymond Felton",-0.315432939387706
2014,0,"dummy","1703","Carlos Boozer",-0.316319422410327
2014,0,"dummy","4283","Dexter Pittman",-0.317811802941465
2014,0,"dummy","2816","Will Bynum",-0.318870658930464
2014,0,"dummy","4299","Jeremy Lin",-0.320520329416702
2014,0,"dummy","4239","Evan Turner",-0.321923639441637
2014,0,"dummy","3003","Randy Foye",-0.339676744004161
2014,0,"dummy","1982","Chris Kaman",-0.343115791065809
2014,0,"dummy","2423","Dorell Wright",-0.350346837201789
2014,0,"dummy","4015","Jeff Teague",-0.353432605634493
2014,0,"dummy","2596108","Michael Carter-Williams",-0.354799651219207
2014,0,"dummy","3235","Rodney Stuckey",-0.362525451904187
2014,0,"dummy","3081","Mike Harris",-0.364459770134806
2014,0,"dummy","4385","Mirza Teletovic",-0.372994429041362
2014,0,"dummy","2444","J.R. Smith",-0.373385385895323
2014,0,"dummy","4249","Gordon Hayward",-0.374712185250752
2014,0,"dummy","996","Pau Gasol",-0.377269395038218
2014,0,"dummy","4235","Greg Stiemsma",-0.381065508400579
2014,0,"dummy","3414","Omer Asik",-0.384883538625326
2014,0,"dummy","3997","Brandon Jennings",-0.391065598702662
2014,0,"dummy","2968439","Aron Baynes",-0.392646286594959
2014,0,"dummy","6633","Robbie Hummel",-0.393474048710616
2014,0,"dummy","6578","Harrison Barnes",-0.404604868736453
2014,0,"dummy","91","Elton Brand",-0.405346787584365
2014,0,"dummy","2528447","Ray McCallum",-0.421823986163226
2014,0,"dummy","3187","Arron Afflalo",-0.427985677021332
2014,0,"dummy","4232","Alonzo Gee",-0.431825642320817
2014,0,"dummy","1721","Roger Mason",-0.474011658120297
2014,0,"dummy","2490144","Brandon Davies",-0.478263864157969
2014,0,"dummy","2992","Shannon Brown",-0.478757710297029
2014,0,"dummy","63","Chauncey Billups",-0.483070054795548
2014,0,"dummy","pair_2745_3209",NA,-0.485708299509619
2014,0,"dummy","6594","John Jenkins",-0.486620769823296
2014,0,"dummy","4243","Jordan Crawford",-0.492933897554218
2014,0,"dummy","6433","Kenneth Faried",-0.49734818928131
2014,0,"dummy","6442","Kyrie Irving",-0.499749413069397
2014,0,"dummy","2578213","Ben McLemore",-0.504631531579435
2014,0,"dummy","pair_6448_6609",NA,-0.507767132709757
2014,0,"dummy","3437","J.J. Hickson",-0.510856456525518
2014,0,"dummy","6614","Andrew Nicholson",-0.516597608022155
2014,0,"dummy","3882","Alexey Shved",-0.518732273851484
2014,0,"dummy","2016","Zaza Pachulia",-0.522883741484975
2014,0,"dummy","pair_2596108_3244",NA,-0.530998543542672
2014,0,"dummy","1026","Gerald Wallace",-0.531199370599126
2014,0,"dummy","3448","Brook Lopez",-0.532613675079091
2014,0,"dummy","6470","Chris Singleton",-0.534433340691152
2014,0,"dummy","6607","Kendall Marshall",-0.537283066462254
2014,0,"dummy","6448","Brandon Knight",-0.540404444162745
2014,0,"dummy","3431","Eric Gordon",-0.547133487650919
2014,0,"dummy","2987","Andrea Bargnani",-0.547179145712229
2014,0,"dummy","615","Jermaine O'Neal",-0.572868343968791
2014,0,"dummy","4023","Garrett Temple",-0.578682124032875
2014,0,"dummy","4257","Derrick Favors",-0.597869004057595
2014,0,"dummy","6480","Derrick Williams",-0.604813243495363
2014,0,"dummy","3981","Wayne Ellington",-0.605004838146246
2014,0,"dummy","4305","Ish Smith",-0.621112169966366
2014,0,"dummy","2768","Jarrett Jack",-0.621148328475385
2014,0,"dummy","6436","Jordan Hamilton",-0.632194780529192
2014,0,"dummy","6446","Cory Joseph",-0.639011640471193
2014,0,"dummy","6460","E'Twaun Moore",-0.654493658129114
2014,0,"dummy","3993","Gerald Henderson",-0.665327447273453
2014,0,"dummy","4270","Trevor Booker",-0.665445352843993
2014,0,"dummy","4003","Jodie Meeks",-0.672349125675409
2014,0,"dummy","1051","Mike James",-0.68558875982
2014,0,"dummy","2488653","Mason Plumlee",-0.693773341918933
2014,0,"dummy","3047256","Miroslav Raduljica",-0.703562458455313
2014,0,"dummy","3418","Michael Beasley",-0.70741991899989
2014,0,"dummy","4274","Landry Fields",-0.722170842187721
2014,0,"dummy","2799","Louis Williams",-0.7227656543927
2014,0,"dummy","2488660","Glen Rice",-0.725152304203046
2014,0,"dummy","3977","Nando de",-0.727619302428138
2014,0,"dummy","1006","Richard Jefferson",-0.742319853515326
2014,0,"dummy","2488958","Solomon Hill",-0.744100226294185
2014,0,"dummy","4265","Larry Sanders",-0.751574825269323
2014,0,"dummy","4218","Gal Mekel",-0.76123023962308
2014,0,"dummy","1994","Steve Blake",-0.7659735993694
2014,0,"dummy","3055","J.J. Barea",-0.766165869718842
2014,0,"dummy","2745","Brandon Bass",-0.782531917515054
2014,0,"dummy","2527963","Victor Oladipo",-0.787596465057567
2014,0,"dummy","2528210","Tim Hardaway",-0.788974718418568
2014,0,"dummy","4360","Manny Harris",-0.803216511886576
2014,0,"dummy","6605","Meyers Leonard",-0.806803346387284
2014,0,"dummy","3979","Toney Douglas",-0.812909245239651
2014,0,"dummy","2789","Ronny Turiaf",-0.82043693511266
2014,0,"dummy","2534781","Gorgui Dieng",-0.833590600985005
2014,0,"dummy","2488749","James Southerland",-0.835586393317682
2014,0,"dummy","3211","Spencer Hawes",-0.847011396098848
2014,0,"dummy","3041","Lou Amundson",-0.848739099565717
2014,0,"dummy","6618","Thomas Robinson",-0.857751286242436
2014,0,"dummy","6630","Tony Wroten",-0.865022615550963
2014,0,"dummy","3455","Anthony Randolph",-0.869488294321954
2014,0,"dummy","2775","Jason Maxiell",-0.892436337793307
2014,0,"dummy","558","Mike Miller",-0.906320246077614
2014,0,"dummy","6576","Quincy Acy",-0.916486439296441
2014,0,"dummy","4248","Al-Farouq Aminu",-0.921806094446671
2014,0,"dummy","3460","Marreese Speights",-0.927091991246938
2014,0,"dummy","3192","Aaron Brooks",-0.930353790756344
2014,0,"dummy","3422","Chris Douglas-Roberts",-0.945887010300408
2014,0,"dummy","1767","Rasual Butler",-0.971125452294791
2014,0,"dummy","4242","James Anderson",-0.972412804381671
2014,0,"dummy","2448","Beno Udrih",-0.975712809745558
2014,0,"dummy","2866","John Lucas",-0.986962069142976
2014,0,"dummy","3026","Rajon Rondo",-0.987258291721717
2014,0,"dummy","4025","Dionte Christmas",-0.988911436778246
2014,0,"dummy","2767","Ersan Ilyasova",-0.98930946580726
2014,0,"dummy","3194","Wilson Chandler",-0.992887793850239
2014,0,"dummy","3207","Aaron Gray",-1.0029261283863
2014,0,"dummy","2528353","Tony Snell",-1.01003813505407
2014,0,"dummy","6623","Tornike Shengelia",-1.02842535879192
2014,0,"dummy","3994","Jordan Hill",-1.04382357328037
2014,0,"dummy","2596107","Alex Len",-1.05671134180577
2014,0,"dummy","pair_2527963_3187",NA,-1.05880139204423
2014,0,"dummy","3244","Thaddeus Young",-1.06417852945322
2014,0,"dummy","308","Al Harrington",-1.11204495170418
2014,0,"dummy","6622","Mike Scott",-1.11312050991365
2014,0,"dummy","3998","Jonas Jerebko",-1.12674100790514
2014,0,"dummy","1985","Luke Ridnour",-1.13603774170316
2014,0,"dummy","4303","Donald Sloan",-1.14039832860255
2014,0,"dummy","2807","Ronnie Price",-1.14847700875738
2014,0,"dummy","1705","Caron Butler",-1.15706688185003
2014,0,"dummy","2387",NA,-1.1581965491293
2014,0,"dummy","6635","Chris Copeland",-1.15834572354411
2014,0,"dummy","2984","Hilton Armstrong",-1.17060248079547
2014,0,"dummy","3046453","Vitor Faverani",-1.19299979314516
2014,0,"dummy","841","Jason Terry",-1.23060708453102
2014,0,"dummy","4165","Jan Vesely",-1.24975666055721
2014,0,"dummy","2991",NA,-1.25110902330933
2014,0,"dummy","6440","Tobias Harris",-1.25465092166678
2014,0,"dummy","6634","Hollis Thompson",-1.26287416899604
2014,0,"dummy","3456","Derrick Rose",-1.2841581834384
2014,0,"dummy","6592","John Henson",-1.29820906767548
2014,0,"dummy","6434","Jimmer Fredette",-1.33297945150604
2014,0,"dummy","3217","Carl Landry",-1.34387527544312
2014,0,"dummy","2991281","Archie Goodwin",-1.37099085501335
2014,0,"dummy","3010","Solomon Jones",-1.38293436156211
2014,0,"dummy","3971","Earl Clark",-1.39241524939548
2014,0,"dummy","1237",NA,-1.41701188886383
2014,0,"dummy","592","Steve Nash",-1.43567424643858
2014,0,"dummy","6485","Lance Thomas",-1.43678081924999
2014,0,"dummy","6447","Enes Kanter",-1.45560644495465
2014,0,"dummy","1727","Amar'e Stoudemire",-1.48218482408969
2014,0,"dummy","6620","Robert Sacre",-1.49591805144216
2014,0,"dummy","6595","Orlando Johnson",-1.55469502665292
2014,0,"dummy","6156","Jeffery Taylor",-1.56539815080711
2014,0,"dummy","6637","Kent Bazemore",-1.63308151610685
2014,0,"dummy","2326411","James Nunnally",-1.65182304069189
2014,0,"dummy","4300","Gary Neal",-1.7117800317422
2014,0,"dummy","3450","O.J. Mayo",-1.7397598356199
2014,0,"dummy","4016","Hasheem Thabeet",-1.75007214572281
2014,0,"dummy","3457","Brandon Rush",-1.75752695259179
2014,0,"dummy","6647","Henry Sims",-1.79752514976125
2014,0,"dummy","3032979","Dennis Schroder",-1.81912669194063
2014,0,"dummy","2748","Andrew Bynum",-1.82036557668298
2014,0,"dummy","1821","Jannero Pargo",-1.83501535348748
2014,0,"dummy","4294","Elliot Williams",-1.87871771687407
2014,0,"dummy","2959745","Sergey Karasev",-1.96499667810223
2014,0,"dummy","2427","Andris Biedrins",-2.01394007500217
2014,0,"dummy","4144",NA,-2.28418952580906
2014,0,"dummy","2792","Charlie Villanueva",-2.42644484104464
2014,0,"dummy","4005","Byron Mullens",-2.44440988472779
2014,0,"dummy","4267","Cole Aldrich",-2.60382349946424
2014,0,"dummy","2184","Udonis Haslem",-2.68706580841673
2014,0,"dummy","4253","Quincy Pondexter",-2.75073085252879
2014,0,"dummy","6543","Julyan Stone",-2.81724790919294
2014,0,"dummy","6612","Arnett Moultrie",-2.81866738808044
2014,0,"dummy","4282","Hamady Ndiaye",-2.83892838947457
2014,0,"dummy","2583664","Tony Mitchell",-2.89445893450924
2014,0,"dummy","1024",NA,-3.26360486753262
2014,0,"dummy","2993875","Shabazz Muhammad",-3.31977872167609
2014,0,"dummy","2489660",NA,-3.54791142799661
2014,0,"dummy","2489021",NA,-3.65267123652819
2014,0,"dummy","6625","Tyshawn Taylor",-3.67924270825456
2014,0,"dummy","2531185","Carrick Felix",-4.56116491636847
2014,0,"dummy","2490620",NA,-4.58132925063351
2014,0,"dummy","4001","Eric Maynor",-4.59936071906216
2014,0,"dummy","2959736","Nemanja Nedovic",-4.65284834622261
2014,0,"dummy","3976","Austin Daye",-4.69182832647055
2014,0,"dummy","987","Jason Collins",-4.90741908567052
2014,0,"dummy","2490589","Isaiah Canaan",-6.25339294831769
2014,0,"dummy","6398",NA,-6.72487174131509
2014,0,"dummy","6636","Slava Kravtsov",-6.93896423742739
2014,0,"dummy","6602","Ognjen Kuzmic",-6.95901016182593
2014,0,"dummy","1468",NA,-9.59757518583108
2014,0,"dummy","2326307",NA,-10.7701505221814
2014,0,"dummy","1",NA,-14.5784672521834
2014,0,"dummy","6639",NA,-27.5640182765561
2014,5,"dummy","163",NA,7.21729179146375
2014,5,"dummy","4231","Othyus Jeffers",6.99517619871138
2014,5,"dummy","874",NA,6.32581305893417
2014,5,"dummy","2489785","Ian Clark",3.81822619114054
2014,5,"dummy","2028618",NA,2.70712912323191
2014,5,"dummy","6579","Will Barton",1.90976088905181
2014,5,"dummy","3999","James Johnson",1.77186674874689
2014,5,"dummy","515","Kenyon Martin",1.60793033274286
2014,5,"dummy","3964","Patrick Beverley",1.56821013659468
2014,5,"dummy","3654",NA,1.5440517382485
2014,5,"dummy","2386","Andre Iguodala",1.53404964152808
2014,5,"dummy","4250","Luke Babbitt",1.50541218921071
2014,5,"dummy","6604","Doron Lamb",1.49973603566763
2014,5,"dummy","2333797","Jeff Withey",1.35883393428559
2014,5,"dummy","272","Manu Ginobili",1.34654380620419
2014,5,"dummy","3972","Victor Claver",1.31257722760444
2014,5,"dummy","2202117","Arinze Onuaku",1.26847318029198
2014,5,"dummy","2009","James Jones",1.26497254360939
2014,5,"dummy","6443","Reggie Jackson",1.24979592831911
2014,5,"dummy","1978","Nick Collison",1.24801080621994
2014,5,"dummy","2166","Leandro Barbosa",1.19841146306731
2014,5,"dummy","pair_1966_1977",NA,1.18145629731412
2014,5,"dummy","3988","Danny Green",1.17887629716914
2014,5,"dummy","434","Andrei Kirilenko",1.16261710693656
2014,5,"dummy","1298",NA,1.14591685111968
2014,5,"dummy","2779","Chris Paul",1.14271374025426
2014,5,"dummy","6464","Donatas Motiejunas",1.12041749638679
2014,5,"dummy","2594922","Otto Porter",1.06232872371812
2014,5,"dummy","3024","J.J. Redick",1.04919641158268
2014,5,"dummy","3975","Stephen Curry",1.04691341621575
2014,5,"dummy","6430","Jimmy Butler",1.03064145443662
2014,5,"dummy","4259","Ed Davis",1.02521917551635
2014,5,"dummy","6617","Austin Rivers",1.01123850212514
2014,5,"dummy","557","Andre Miller",0.998305550316385
2014,5,"dummy","2325975","Chris Johnson",0.989495795001803
2014,5,"dummy","3436","Roy Hibbert",0.988232616225486
2014,5,"dummy","6511","Malcolm Thomas",0.978289514766481
2014,5,"dummy","6530","Greg Smith",0.973227388435402
2014,5,"dummy","pair_3449_4011",NA,0.961357039395388
2014,5,"dummy","2754","Channing Frye",0.957514461266929
2014,5,"dummy","pair_2426_4237",NA,0.953913835717392
2014,5,"dummy","6581","Jae Crowder",0.952323036319931
2014,5,"dummy","3449","Kevin Love",0.937421409416556
2014,5,"dummy","385","Antawn Jamison",0.937270767235235
2014,5,"dummy","3554","Omri Casspi",0.936846009381002
2014,5,"dummy","2760","Danny Granger",0.931996655606668
2014,5,"dummy","pair_3975_6475",NA,0.929035628285632
2014,5,"dummy","2585616","Pero Antic",0.92399795959605
2014,5,"dummy","pair_1007_2798",NA,0.91467358500579
2014,5,"dummy","3242","Brandan Wright",0.894813173255877
2014,5,"dummy","4004","Patty Mills",0.877266093271844
2014,5,"dummy","3992","James Harden",0.865697416205617
2014,5,"dummy","pair_3033_3423",NA,0.863225476803076
2014,5,"dummy","6610","Darius Miller",0.846641522251258
2014,5,"dummy","pair_3416_6606",NA,0.829503580119825
2014,5,"dummy","1135","Chris Andersen",0.8234274604987
2014,5,"dummy","6439","Josh Harrellson",0.812182451438994
2014,5,"dummy","2834","Chuck Hayes",0.801627939304184
2014,5,"dummy","3423","Goran Dragic",0.799248955660116
2014,5,"dummy","3412","Ryan Anderson",0.794051266897421
2014,5,"dummy","3191","Corey Brewer",0.793367480458176
2014,5,"dummy","2596158","Shane Larkin",0.788315766274232
2014,5,"dummy","3202","Kevin Durant",0.787143069412598
2014,5,"dummy","2772","David Lee",0.78610478002663
2014,5,"dummy","4251","Paul George",0.785118879048206
2014,5,"dummy","2177","David West",0.770364023396068
2014,5,"dummy","609","Dirk Nowitzki",0.752866443197108
2014,5,"dummy","2384","Dwight Howard",0.750740894557488
2014,5,"dummy","pair_2177_4251",NA,0.741019220151989
2014,5,"dummy","3989","Blake Griffin",0.71260533599857
2014,5,"dummy","1977","Chris Bosh",0.710625330860149
2014,5,"dummy","3276","Anthony Tolliver",0.7085774849283
2014,5,"dummy","4263","Daniel Orton",0.707804637731989
2014,5,"dummy","2426","Trevor Ariza",0.707696104694301
2014,5,"dummy","2489716","Matthew Dellavedova",0.70393359964992
2014,5,"dummy","2530596","Andre Roberson",0.68600527561833
2014,5,"dummy","976","Shane Battier",0.680373401841749
2014,5,"dummy","1966","LeBron James",0.675625147532334
2014,5,"dummy","3970","DeMarre Carroll",0.670623218263558
2014,5,"dummy","2528787","Lorenzo Brown",0.665441294176114
2014,5,"dummy","pair_3003_4000",NA,0.650819519100104
2014,5,"dummy","3445","Courtney Lee",0.649762506552721
2014,5,"dummy","2758","Marcin Gortat",0.645055379028825
2014,5,"dummy","6588","Evan Fournier",0.63415467109869
2014,5,"dummy","2530722","Phil Pressey",0.621067577861651
2014,5,"dummy","3018","Steve Novak",0.614704391550175
2014,5,"dummy","2004","Willie Green",0.610387908242453
2014,5,"dummy","3474","Anthony Morrow",0.609672022346028
2014,5,"dummy","pair_3442_3989",NA,0.600947723759217
2014,5,"dummy","3416","Nicolas Batum",0.598651092765915
2014,5,"dummy","6589","Draymond Green",0.594236971819714
2014,5,"dummy","2983","LaMarcus Aldridge",0.593630177012279
2014,5,"dummy","6603","Jeremy Lamb",0.592465745661034
2014,5,"dummy","pair_4258_6472",NA,0.591530734708138
2014,5,"dummy","4011","Ricky Rubio",0.581646705046686
2014,5,"dummy","3002","Jordan Farmar",0.581088200294439
2014,5,"dummy","6475","Klay Thompson",0.564893436840665
2014,5,"dummy","3012","Kyle Lowry",0.564584299293034
2014,5,"dummy","2528779","Reggie Bullock",0.559379926803564
2014,5,"dummy","1996","Matt Bonner",0.550576080380911
2014,5,"dummy","2393","Shaun Livingston",0.539597485912159
2014,5,"dummy","25","Metta World",0.537272970891363
2014,5,"dummy","3438","George Hill",0.536790119539593
2014,5,"dummy","2382","Devin Harris",0.534851499776991
2014,5,"dummy","6476","Jeremy Tyler",0.52949558709459
2014,5,"dummy","2747","Andrew Bogut",0.521107555762236
2014,5,"dummy","2491079","Nate Wolters",0.519659772025928
2014,5,"dummy","1765","Matt Barnes",0.513579326527356
2014,5,"dummy","2778","C.J. Miles",0.509045796894364
2014,5,"dummy","2419","Anderson Varejao",0.504107294738722
2014,5,"dummy","3277","C.J. Watson",0.492444792273307
2014,5,"dummy","4244","Lance Stephenson",0.489275616461085
2014,5,"dummy","3439","Serge Ibaka",0.488114927337596
2014,5,"dummy","1987","Dwyane Wade",0.484762785792727
2014,5,"dummy","2797","Marvin Williams",0.48113399972069
2014,5,"dummy","6468","Iman Shumpert",0.476595455375694
2014,5,"dummy","4298","Timofey Mozgov",0.476554642006183
2014,5,"dummy","6462","Marcus Morris",0.471763519239154
2014,5,"dummy","469","Rashard Lewis",0.46989020484356
2014,5,"dummy","2167","Boris Diaw",0.46344680650873
2014,5,"dummy","991","Samuel Dalembert",0.463252458577312
2014,5,"dummy","6479","Kemba Walker",0.460589302886521
2014,5,"dummy","4241","Xavier Henry",0.451344194475512
2014,5,"dummy","4000","Ty Lawson",0.44863975388989
2014,5,"dummy","215","Tim Duncan",0.442289466311717
2014,5,"dummy","3974","Dante Cunningham",0.42906551018204
2014,5,"dummy","662","Paul Pierce",0.42526473663446
2014,5,"dummy","1211",NA,0.419257211656807
2014,5,"dummy","4264","Patrick Patterson",0.417917028269008
2014,5,"dummy","2327107","Toure' Murry",0.417589495055587
2014,5,"dummy","3419","Mario Chalmers",0.415979006145862
2014,5,"dummy","3225","Greg Oden",0.415333286301815
2014,5,"dummy","3224","Joakim Noah",0.412930977032909
2014,5,"dummy","4295","Jeremy Evans",0.397578150505591
2014,5,"dummy","2798","Deron Williams",0.388358884325285
2014,5,"dummy","2769","Amir Johnson",0.379935622062182
2014,5,"dummy","2367","Tony Allen",0.379489627604757
2014,5,"dummy","6454","Shelvin Mack",0.374255892853225
2014,5,"dummy","6469","Kyle Singler",0.370866011591519
2014,5,"dummy","3195","Mike Conley",0.367588740923368
2014,5,"dummy","6606","Damian Lillard",0.362279415251802
2014,5,"dummy","3038","Shawne Williams",0.357332479115086
2014,5,"dummy","3452","JaVale McGee",0.346200150991012
2014,5,"dummy","3995","Jrue Holiday",0.341368554231089
2014,5,"dummy","4237","John Wall",0.33747773525564
2014,5,"dummy","2488651","Ryan Kelly",0.334674037526266
2014,5,"dummy","2490149","C.J. McCollum",0.333857030706169
2014,5,"dummy","pair_3992_6466",NA,0.328510862588504
2014,5,"dummy","3442","DeAndre Jordan",0.328093153481922
2014,5,"dummy","2381","Ben Gordon",0.323715073675103
2014,5,"dummy","3233","Tiago Splitter",0.322311373524001
2014,5,"dummy","1724","Tayshaun Prince",0.321708666517574
2014,5,"dummy","3447","Robin Lopez",0.316696976002798
2014,5,"dummy","3968","Chase Budinger",0.315854042335522
2014,5,"dummy","3032977","Giannis Antetokounmpo",0.312277607921411
2014,5,"dummy","6598","Perry Jones",0.307469444959087
2014,5,"dummy","6450","Kawhi Leonard",0.284354517094705
2014,5,"dummy","6619","Terrence Ross",0.276747914099043
2014,5,"dummy","4335","Jeff Adrien",0.274811558832177
2014,5,"dummy","pair_3012_3978",NA,0.270268242309264
2014,5,"dummy","2782","Nate Robinson",0.270253007995149
2014,5,"dummy","4008","Jeff Ayres",0.263285691951643
2014,5,"dummy","3413","Darrell Arthur",0.261752035664524
2014,5,"dummy","1981","Kirk Hinrich",0.256391261877775
2014,5,"dummy","pair_1017_3195",NA,0.255773909203546
2014,5,"dummy","3243","Nick Young",0.249709515593109
2014,5,"dummy","6431","Norris Cole",0.242987288301678
2014,5,"dummy","1781","Luis Scola",0.242580585763085
2014,5,"dummy","6461","Markieff Morris",0.242373615455777
2014,5,"dummy","6428","MarShon Brooks",0.241264347161264
2014,5,"dummy","3991","Tyler Hansbrough",0.238617853367184
2014,5,"dummy","1708","Mike Dunleavy",0.234785726745565
2014,5,"dummy","165","Jamal Crawford",0.234573119331709
2014,5,"dummy","6626","Marquis Teague",0.228346364309686
2014,5,"dummy","3986","Taj Gibson",0.22272796465934
2014,5,"dummy","984","Tyson Chandler",0.220323733966305
2014,5,"dummy","3978","DeMar DeRozan",0.193669103930305
2014,5,"dummy","pair_3202_3439",NA,0.189293169521819
2014,5,"dummy","2806","Jose Calderon",0.184067436434446
2014,5,"dummy","pair_1975_2444",NA,0.181907182885512
2014,5,"dummy","6624","Jared Sullinger",0.181711640264196
2014,5,"dummy","2579260","Trey Burke",0.180726392145577
2014,5,"dummy","2746","Andray Blatche",0.176552542158565
2014,5,"dummy","6583","Anthony Davis",0.176281773569269
2014,5,"dummy","2394","Kevin Martin",0.17473582906922
2014,5,"dummy","2795","Martell Webster",0.174519525588301
2014,5,"dummy","1015","Tony Parker",0.162949298115497
2014,5,"dummy","4032","Wesley Matthews",0.162750036620883
2014,5,"dummy","2178","Mo Williams",0.160728576988274
2014,5,"dummy","3028","Thabo Sefolosha",0.158392722233926
2014,5,"dummy","3453","Nikola Pekovic",0.151460979274507
2014,5,"dummy","3213","Al Horford",0.148404468851742
2014,5,"dummy","3033","P.J. Tucker",0.147824691836722
2014,5,"dummy","3005","Rudy Gay",0.146329380953081
2014,5,"dummy","3190","Marco Belinelli",0.139065959771148
2014,5,"dummy","6466","Chandler Parsons",0.138422360826546
2014,5,"dummy","2585629","Luigi Datome",0.138346349845907
2014,5,"dummy","6601","Michael Kidd-Gilchrist",0.137857008538445
2014,5,"dummy","4182","Pablo Prigioni",0.137329877151468
2014,5,"dummy","6463","Darius Morris",0.131523003807767
2014,5,"dummy","3015","Paul Millsap",0.128552335597436
2014,5,"dummy","3201","Jared Dudley",0.124888325438098
2014,5,"dummy","6609","Khris Middleton",0.124628489388628
2014,5,"dummy","2774","Ian Mahinmi",0.123227095277179
2014,5,"dummy","4238","Eric Bledsoe",0.117603639925766
2014,5,"dummy","3032976","Rudy Gobert",0.114927247307501
2014,5,"dummy","3231","Ramon Sessions",0.108367260781944
2014,5,"dummy","2011","Kyle Korver",0.103084889276735
2014,5,"dummy","4017","Marcus Thornton",0.100853026847469
2014,5,"dummy","1975","Carmelo Anthony",0.0982549482691486
2014,5,"dummy","pair_2389_6479",NA,0.0960414810521989
2014,5,"dummy","4291","Greivis Vasquez",0.0956405868744253
2014,5,"dummy","6546","Gustavo Ayon",0.0937250523944886
2014,5,"dummy","2755","Francisco Garcia",0.0859198491595457
2014,5,"dummy","6628","Dion Waiters",0.0825278541904444
2014,5,"dummy","2581018","Kentavious Caldwell-Pope",0.07587146520967
2014,5,"dummy","4260","Greg Monroe",0.0750658066774397
2014,5,"dummy","2580913","Dewayne Dedmon",0.0570346366853826
2014,5,"dummy","4258","DeMarcus Cousins",0.0570295987174503
2014,5,"dummy","246","Derek Fisher",0.0497805927354443
2014,5,"dummy","pair_6442_6474",NA,0.0442660663642476
2014,5,"dummy","1726","John Salmons",0.0414000304193407
2014,5,"dummy","2991473","Anthony Bennett",0.0336664952504626
2014,5,"dummy","6580","Bradley Beal",0.0166840596924763
2014,5,"dummy","261","Kevin Garnett",0.0139264907919918
2014,5,"dummy","pair_3983_6583",NA,0.00528757015220431
2014,5,"dummy","6585","Andre Drummond",0.00370106722380183
2014,5,"dummy","6615","Kyle O'Quinn",0.00239933737169292
2014,5,"dummy","4",NA,0
2014,5,"dummy","2429","Luol Deng",-0.00721955142865196
2014,5,"dummy","2411","Josh Smith",-0.00749179273648151
2014,5,"dummy","6611","Quincy Miller",-0.00857959930391447
2014,5,"dummy","4240","Avery Bradley",-0.0163380703712204
2014,5,"dummy","3973","Darren Collison",-0.0257595108274315
2014,5,"dummy","6478","Nikola Vucevic",-0.0325379359613735
2014,5,"dummy","6503","Dwight Buycks",-0.0404221031487276
2014,5,"dummy","3220","Josh McRoberts",-0.0483165780497106
2014,5,"dummy","2389","Al Jefferson",-0.0543640433549336
2014,5,"dummy","2761","Gerald Green",-0.0594844856575801
2014,5,"dummy","6616","Miles Plumlee",-0.0683706411238249
2014,5,"dummy","6597","Terrence Jones",-0.0684724032262476
2014,5,"dummy","6631","Tyler Zeller",-0.0694836821682701
2014,5,"dummy","3468","Russell Westbrook",-0.074859911230985
2014,5,"dummy","2579258","Cody Zeller",-0.0783327631729367
2014,5,"dummy","1828","Reggie Evans",-0.0783800928991305
2014,5,"dummy","6429","Alec Burks",-0.0799965402874589
2014,5,"dummy","3983","Tyreke Evans",-0.0805996959741896
2014,5,"dummy","3462","Jason Thompson",-0.0809075857275077
2014,5,"dummy","pair_4003_4247",NA,-0.0878554113950475
2014,5,"dummy","1017","Zach Randolph",-0.0888626740854496
2014,5,"dummy","3930","Cartier Martin",-0.0905939245023207
2014,5,"dummy","3004","Joel Freeland",-0.0957748253773613
2014,5,"dummy","3415","D.J. Augustin",-0.102053978676791
2014,5,"dummy","pair_1015_215",NA,-0.102145717322008
2014,5,"dummy","2433","Kris Humphries",-0.104300362364311
2014,5,"dummy","3444","Kosta Koufos",-0.110657112182486
2014,5,"dummy","3451","Luc Richard",-0.111921604071823
2014,5,"dummy","6477","Jonas Valanciunas",-0.122952797364849
2014,5,"dummy","9","Ray Allen",-0.124556530815506
2014,5,"dummy","378","Stephen Jackson",-0.126141368726019
2014,5,"dummy","6472","Isaiah Thomas",-0.127349985273453
2014,5,"dummy","pair_2751_510",NA,-0.13112179129234
2014,5,"dummy","4247","Wesley Johnson",-0.132475603347301
2014,5,"dummy","1007","Joe Johnson",-0.137191164437519
2014,5,"dummy","6663","Diante Garrett",-0.137797348283345
2014,5,"dummy","6569","Alan Anderson",-0.137808906249365
2014,5,"dummy","2015","Travis Outlaw",-0.13985254148018
2014,5,"dummy","3410","Alexis Ajinca",-0.144163475954311
2014,5,"dummy","110","Kobe Bryant",-0.14451466678
2014,5,"dummy","pair_3415_3986",NA,-0.144984205723683
2014,5,"dummy","2439","Jameer Nelson",-0.150834172299392
2014,5,"dummy","3008","Ryan Hollins",-0.152537688742826
2014,5,"dummy","3232","Jason Smith",-0.159197272906237
2014,5,"dummy","4261","Ekpe Udoh",-0.161005760695696
2014,5,"dummy","pair_2411_3997",NA,-0.169574947013513
2014,5,"dummy","2489663","Kelly Olynyk",-0.169693660767312
2014,5,"dummy","4289","Kevin Seraphin",-0.171065061494998
2014,5,"dummy","862","Hedo Turkoglu",-0.180160503388232
2014,5,"dummy","3206","Marc Gasol",-0.182448759410939
2014,5,"dummy","6641","Brian Roberts",-0.182785252226379
2014,5,"dummy","1218",NA,-0.187792786640093
2014,5,"dummy","1713","Nenê ",-0.191384491883942
2014,5,"dummy","3417","Jerryd Bayless",-0.194657464283027
2014,5,"dummy","136","Vince Carter",-0.198632272325836
2014,5,"dummy","6591","Maurice Harkless",-0.199779582141869
2014,5,"dummy","pair_6429_6447",NA,-0.20121629300954
2014,5,"dummy","2528356","Jamaal Franklin",-0.204668751112532
2014,5,"dummy","3969","Nick Calathes",-0.223554431627774
2014,5,"dummy","2751","Monta Ellis",-0.236530762828302
2014,5,"dummy","510","Shawn Marion",-0.242824950979154
2014,5,"dummy","6452","Jon Leuer",-0.265007290439905
2014,5,"dummy","6474","Tristan Thompson",-0.276314953732545
2014,5,"dummy","2991235","Steven Adams",-0.281989251219284
2014,5,"dummy","2018","Kendrick Perkins",-0.286812753021151
2014,5,"dummy","3200","Glen Davis",-0.290449280368701
2014,5,"dummy","6427","Bismack Biyombo",-0.291090714605841
2014,5,"dummy","6424","Lavoy Allen",-0.294587666928834
2014,5,"dummy","3209","Jeff Green",-0.307059657856061
2014,5,"dummy","4239","Evan Turner",-0.31181592852769
2014,5,"dummy","3965","DeJuan Blair",-0.317712347711391
2014,5,"dummy","pair_3015_4015",NA,-0.318392452673174
2014,5,"dummy","2596108","Michael Carter-Williams",-0.324822331399572
2014,5,"dummy","2816","Will Bynum",-0.336299190822678
2014,5,"dummy","2753","Raymond Felton",-0.34631316535641
2014,5,"dummy","2423","Dorell Wright",-0.352746199358549
2014,5,"dummy","1982","Chris Kaman",-0.356623345443381
2014,5,"dummy","3003","Randy Foye",-0.360729270749916
2014,5,"dummy","1703","Carlos Boozer",-0.371263545603167
2014,5,"dummy","4015","Jeff Teague",-0.372054698221671
2014,5,"dummy","2528447","Ray McCallum",-0.37218630053981
2014,5,"dummy","4299","Jeremy Lin",-0.373273834043203
2014,5,"dummy","4235","Greg Stiemsma",-0.376777291117588
2014,5,"dummy","996","Pau Gasol",-0.376874237590213
2014,5,"dummy","4249","Gordon Hayward",-0.379048817519776
2014,5,"dummy","3235","Rodney Stuckey",-0.385480303270165
2014,5,"dummy","3081","Mike Harris",-0.40376090490848
2014,5,"dummy","2444","J.R. Smith",-0.406806223372707
2014,5,"dummy","4385","Mirza Teletovic",-0.414743385980712
2014,5,"dummy","6633","Robbie Hummel",-0.416130507154753
2014,5,"dummy","2968439","Aron Baynes",-0.417896182196244
2014,5,"dummy","3997","Brandon Jennings",-0.42702464613929
2014,5,"dummy","3187","Arron Afflalo",-0.429852808599998
2014,5,"dummy","91","Elton Brand",-0.434868474624628
2014,5,"dummy","4232","Alonzo Gee",-0.440366758261397
2014,5,"dummy","3414","Omer Asik",-0.44128126849901
2014,5,"dummy","2490144","Brandon Davies",-0.4455347534221
2014,5,"dummy","6578","Harrison Barnes",-0.458588672326411
2014,5,"dummy","1721","Roger Mason",-0.482446793546421
2014,5,"dummy","pair_2745_3209",NA,-0.510176207653632
2014,5,"dummy","63","Chauncey Billups",-0.516330742710381
2014,5,"dummy","2992","Shannon Brown",-0.519209099604338
2014,5,"dummy","pair_6448_6609",NA,-0.51987774561714
2014,5,"dummy","4243","Jordan Crawford",-0.519914237623429
2014,5,"dummy","6433","Kenneth Faried",-0.522886873564095
2014,5,"dummy","2578213","Ben McLemore",-0.52540020568524
2014,5,"dummy","6594","John Jenkins",-0.527389657582108
2014,5,"dummy","6614","Andrew Nicholson",-0.527921281542725
2014,5,"dummy","6442","Kyrie Irving",-0.531241521331413
2014,5,"dummy","pair_2596108_3244",NA,-0.531269918276268
2014,5,"dummy","3882","Alexey Shved",-0.531862554338871
2014,5,"dummy","2016","Zaza Pachulia",-0.53373495030564
2014,5,"dummy","3437","J.J. Hickson",-0.534046734530661
2014,5,"dummy","6448","Brandon Knight",-0.549722782471029
2014,5,"dummy","6607","Kendall Marshall",-0.55433488613463
2014,5,"dummy","1026","Gerald Wallace",-0.555498338179762
2014,5,"dummy","6470","Chris Singleton",-0.561352032457518
2014,5,"dummy","3448","Brook Lopez",-0.576883667070887
2014,5,"dummy","3431","Eric Gordon",-0.577730547163392
2014,5,"dummy","2987","Andrea Bargnani",-0.590061000288654
2014,5,"dummy","1051","Mike James",-0.608212283298534
2014,5,"dummy","4023","Garrett Temple",-0.615893316208317
2014,5,"dummy","3981","Wayne Ellington",-0.619724655845291
2014,5,"dummy","6480","Derrick Williams",-0.620282231685444
2014,5,"dummy","4257","Derrick Favors",-0.622137710031468
2014,5,"dummy","2768","Jarrett Jack",-0.658399386439106
2014,5,"dummy","615","Jermaine O'Neal",-0.674512657556611
2014,5,"dummy","6436","Jordan Hamilton",-0.684985923816626
2014,5,"dummy","6460","E'Twaun Moore",-0.687206615414622
2014,5,"dummy","6446","Cory Joseph",-0.693527734083147
2014,5,"dummy","4003","Jodie Meeks",-0.707776620075919
2014,5,"dummy","3993","Gerald Henderson",-0.71598342824209
2014,5,"dummy","6605","Meyers Leonard",-0.722425115798923
2014,5,"dummy","4305","Ish Smith",-0.725757821025334
2014,5,"dummy","3047256","Miroslav Raduljica",-0.73407181430263
2014,5,"dummy","2488653","Mason Plumlee",-0.736918723443979
2014,5,"dummy","4270","Trevor Booker",-0.745372358049842
2014,5,"dummy","4218","Gal Mekel",-0.753106969410248
2014,5,"dummy","3418","Michael Beasley",-0.754463759068237
2014,5,"dummy","2488660","Glen Rice",-0.766103701184973
2014,5,"dummy","4265","Larry Sanders",-0.774740226942575
2014,5,"dummy","3977","Nando de",-0.777000758575397
2014,5,"dummy","1006","Richard Jefferson",-0.778355354737254
2014,5,"dummy","2799","Louis Williams",-0.781002921067993
2014,5,"dummy","1994","Steve Blake",-0.79595898119957
2014,5,"dummy","4360","Manny Harris",-0.807111517136167
2014,5,"dummy","3055","J.J. Barea",-0.807853875232312
2014,5,"dummy","2488958","Solomon Hill",-0.819266359815639
2014,5,"dummy","2527963","Victor Oladipo",-0.820017611993991
2014,5,"dummy","2745","Brandon Bass",-0.827317778055675
2014,5,"dummy","3041","Lou Amundson",-0.856095559168261
2014,5,"dummy","6618","Thomas Robinson",-0.870311374517058
2014,5,"dummy","4274","Landry Fields",-0.872607556988099
2014,5,"dummy","3211","Spencer Hawes",-0.876945372204393
2014,5,"dummy","2528210","Tim Hardaway",-0.878124735687607
2014,5,"dummy","6630","Tony Wroten",-0.893198627255035
2014,5,"dummy","2789","Ronny Turiaf",-0.904191150991407
2014,5,"dummy","3455","Anthony Randolph",-0.91614002245106
2014,5,"dummy","2775","Jason Maxiell",-0.940653451438594
2014,5,"dummy","558","Mike Miller",-0.97137795856624
2014,5,"dummy","3979","Toney Douglas",-0.975582621113681
2014,5,"dummy","6576","Quincy Acy",-0.97614544539307
2014,5,"dummy","3192","Aaron Brooks",-0.985632681865918
2014,5,"dummy","6623","Tornike Shengelia",-0.994671826242691
2014,5,"dummy","4248","Al-Farouq Aminu",-0.998915829029621
2014,5,"dummy","3422","Chris Douglas-Roberts",-1.01022951560695
2014,5,"dummy","4242","James Anderson",-1.02266667661645
2014,5,"dummy","3207","Aaron Gray",-1.02446639036499
2014,5,"dummy","2767","Ersan Ilyasova",-1.03098573928831
2014,5,"dummy","2528353","Tony Snell",-1.03693403254914
2014,5,"dummy","3026","Rajon Rondo",-1.04987957637254
2014,5,"dummy","2448","Beno Udrih",-1.05508053029086
2014,5,"dummy","2866","John Lucas",-1.05579625659998
2014,5,"dummy","3194","Wilson Chandler",-1.06116370421299
2014,5,"dummy","3460","Marreese Speights",-1.08250809226138
2014,5,"dummy","3994","Jordan Hill",-1.09902596200758
2014,5,"dummy","pair_2527963_3187",NA,-1.10652751562915
2014,5,"dummy","3244","Thaddeus Young",-1.1112815598729
2014,5,"dummy","308","Al Harrington",-1.15693573273008
2014,5,"dummy","2596107","Alex Len",-1.16232393586443
2014,5,"dummy","6622","Mike Scott",-1.18622782487406
2014,5,"dummy","1985","Luke Ridnour",-1.19670063233052
2014,5,"dummy","3998","Jonas Jerebko",-1.19954760836629
2014,5,"dummy","1705","Caron Butler",-1.21175205350313
2014,5,"dummy","3046453","Vitor Faverani",-1.21887290177207
2014,5,"dummy","2807","Ronnie Price",-1.2307052391605
2014,5,"dummy","4025","Dionte Christmas",-1.26110815911513
2014,5,"dummy","841","Jason Terry",-1.29426883198554
2014,5,"dummy","6634","Hollis Thompson",-1.31869324362824
2014,5,"dummy","4165","Jan Vesely",-1.32593334267593
2014,5,"dummy","6440","Tobias Harris",-1.32883115681365
2014,5,"dummy","1",NA,-1.33945554039805
2014,5,"dummy","6592","John Henson",-1.37253217849025
2014,5,"dummy","3456","Derrick Rose",-1.38493419467106
2014,5,"dummy","3217","Carl Landry",-1.39608914729259
2014,5,"dummy","6434","Jimmer Fredette",-1.40063087789441
2014,5,"dummy","2",NA,-1.41407553804313
2014,5,"dummy","3010","Solomon Jones",-1.47682159180487
2014,5,"dummy","2991",NA,-1.48739404956003
2014,5,"dummy","3971","Earl Clark",-1.48871970389913
2014,5,"dummy","592","Steve Nash",-1.50836699829931
2014,5,"dummy","1237",NA,-1.53670751174891
2014,5,"dummy","6447","Enes Kanter",-1.54896345112938
2014,5,"dummy","6485","Lance Thomas",-1.55015245172654
2014,5,"dummy","2991281","Archie Goodwin",-1.5597698662134
2014,5,"dummy","1727","Amar'e Stoudemire",-1.58223168199719
2014,5,"dummy","6620","Robert Sacre",-1.58496981724293
2014,5,"dummy","2326411","James Nunnally",-1.6124574076713
2014,5,"dummy","6595","Orlando Johnson",-1.67500654542232
2014,5,"dummy","6156","Jeffery Taylor",-1.7026481138572
2014,5,"dummy","4300","Gary Neal",-1.80734250099363
2014,5,"dummy","3450","O.J. Mayo",-1.83806987685526
2014,5,"dummy","3457","Brandon Rush",-1.8684203078285
2014,5,"dummy","4016","Hasheem Thabeet",-1.9037837288089
2014,5,"dummy","6637","Kent Bazemore",-1.92858271958221
2014,5,"dummy","6647","Henry Sims",-1.92886646647642
2014,5,"dummy","3032979","Dennis Schroder",-1.93224227630399
2014,5,"dummy","2748","Andrew Bynum",-1.93470068756004
2014,5,"dummy","1821","Jannero Pargo",-1.9643471981009
2014,5,"dummy","4294","Elliot Williams",-1.98703598756348
2014,5,"dummy","2427","Andris Biedrins",-2.1171551379965
2014,5,"dummy","2959745","Sergey Karasev",-2.22147159998913
2014,5,"dummy","4144",NA,-2.4233227667132
2014,5,"dummy","2792","Charlie Villanueva",-2.577657281212
2014,5,"dummy","4253","Quincy Pondexter",-2.88892667248655
2014,5,"dummy","2184","Udonis Haslem",-2.89737965292286
2014,5,"dummy","6612","Arnett Moultrie",-2.93487373068067
2014,5,"dummy","1024",NA,-3.4633995473738
2014,5,"dummy","3",NA,-3.50337841191493
2014,5,"dummy","2993875","Shabazz Muhammad",-3.51075714194902
2014,5,"dummy","6625","Tyshawn Taylor",-3.89543450670828
2014,5,"dummy","4001","Eric Maynor",-4.9197302999969
2014,5,"dummy","6398",NA,-7.11501235098362
2014,5,"dummy","1468",NA,-10.2238312825911
2014,10,"dummy","163",NA,9.30877850406734
2014,10,"dummy","3999","James Johnson",2.28037708986982
2014,10,"dummy","515","Kenyon Martin",2.20849710392851
2014,10,"dummy","3964","Patrick Beverley",2.00904386180531
2014,10,"dummy","2386","Andre Iguodala",1.89666040104415
2014,10,"dummy","4250","Luke Babbitt",1.85307001599529
2014,10,"dummy","272","Manu Ginobili",1.72355001842279
2014,10,"dummy","1978","Nick Collison",1.60415911417072
2014,10,"dummy","434","Andrei Kirilenko",1.60273365653154
2014,10,"dummy","6443","Reggie Jackson",1.59067602094131
2014,10,"dummy","1298",NA,1.54099859503098
2014,10,"dummy","6617","Austin Rivers",1.54099570363853
2014,10,"dummy","3988","Danny Green",1.51541604966519
2014,10,"dummy","pair_1966_1977",NA,1.46376715358465
2014,10,"dummy","2779","Chris Paul",1.46374749296427
2014,10,"dummy","2166","Leandro Barbosa",1.45865738457514
2014,10,"dummy","6464","Donatas Motiejunas",1.43540100828748
2014,10,"dummy","557","Andre Miller",1.35142721352606
2014,10,"dummy","6430","Jimmy Butler",1.34041360212522
2014,10,"dummy","4259","Ed Davis",1.31538169993002
2014,10,"dummy","3024","J.J. Redick",1.27964243112975
2014,10,"dummy","6581","Jae Crowder",1.27152606076449
2014,10,"dummy","3975","Stephen Curry",1.26770018407025
2014,10,"dummy","2325975","Chris Johnson",1.25276620173723
2014,10,"dummy","pair_1007_2798",NA,1.23136781249086
2014,10,"dummy","pair_2426_4237",NA,1.23038763433738
2014,10,"dummy","2754","Channing Frye",1.2250880707789
2014,10,"dummy","3554","Omri Casspi",1.21529628940854
2014,10,"dummy","2760","Danny Granger",1.1835183729594
2014,10,"dummy","3449","Kevin Love",1.1657200421666
2014,10,"dummy","3436","Roy Hibbert",1.16399014849716
2014,10,"dummy","3242","Brandan Wright",1.1613230953024
2014,10,"dummy","4004","Patty Mills",1.15852878921409
2014,10,"dummy","pair_3449_4011",NA,1.14692077893363
2014,10,"dummy","2585616","Pero Antic",1.11313600480106
2014,10,"dummy","pair_3975_6475",NA,1.09375648666354
2014,10,"dummy","3992","James Harden",1.08941958434991
2014,10,"dummy","pair_3033_3423",NA,1.06965324217849
2014,10,"dummy","1135","Chris Andersen",1.06193697329755
2014,10,"dummy","3412","Ryan Anderson",1.04667460990631
2014,10,"dummy","2834","Chuck Hayes",1.04408662351813
2014,10,"dummy","pair_3416_6606",NA,1.03061394342696
2014,10,"dummy","609","Dirk Nowitzki",1.02193977914838
2014,10,"dummy","3202","Kevin Durant",1.01497330962351
2014,10,"dummy","3423","Goran Dragic",0.962768171779662
2014,10,"dummy","3970","DeMarre Carroll",0.954159677329397
2014,10,"dummy","3191","Corey Brewer",0.942178946826206
2014,10,"dummy","pair_3003_4000",NA,0.938945489707103
2014,10,"dummy","2384","Dwight Howard",0.918561942819067
2014,10,"dummy","2489716","Matthew Dellavedova",0.902547510293037
2014,10,"dummy","4251","Paul George",0.898128132922771
2014,10,"dummy","2772","David Lee",0.89316820650545
2014,10,"dummy","6588","Evan Fournier",0.874048966008616
2014,10,"dummy","3276","Anthony Tolliver",0.862907036693791
2014,10,"dummy","2177","David West",0.859791528560039
2014,10,"dummy","3445","Courtney Lee",0.846691711174324
2014,10,"dummy","3989","Blake Griffin",0.846205827661934
2014,10,"dummy","2426","Trevor Ariza",0.84133279804427
2014,10,"dummy","1977","Chris Bosh",0.831719208922996
2014,10,"dummy","pair_4258_6472",NA,0.829388642280974
2014,10,"dummy","3002","Jordan Farmar",0.82104074876232
2014,10,"dummy","pair_2177_4251",NA,0.821011341182287
2014,10,"dummy","1966","LeBron James",0.801153383642488
2014,10,"dummy","3474","Anthony Morrow",0.798394554526457
2014,10,"dummy","2004","Willie Green",0.791801153711283
2014,10,"dummy","2491079","Nate Wolters",0.782328555159098
2014,10,"dummy","2758","Marcin Gortat",0.774070514036046
2014,10,"dummy","976","Shane Battier",0.771473217172275
2014,10,"dummy","2530722","Phil Pressey",0.770129700748723
2014,10,"dummy","2393","Shaun Livingston",0.752548808377496
2014,10,"dummy","2778","C.J. Miles",0.746167486084959
2014,10,"dummy","3012","Kyle Lowry",0.740365888225577
2014,10,"dummy","6479","Kemba Walker",0.718622367250766
2014,10,"dummy","2983","LaMarcus Aldridge",0.718059186323897
2014,10,"dummy","3416","Nicolas Batum",0.717771035103454
2014,10,"dummy","2797","Marvin Williams",0.710612257254842
2014,10,"dummy","2419","Anderson Varejao",0.705521868669292
2014,10,"dummy","6603","Jeremy Lamb",0.70176338085237
2014,10,"dummy","6468","Iman Shumpert",0.688116539901064
2014,10,"dummy","4241","Xavier Henry",0.680403908168321
2014,10,"dummy","4000","Ty Lawson",0.661693093951265
2014,10,"dummy","4298","Timofey Mozgov",0.660568049518597
2014,10,"dummy","4011","Ricky Rubio",0.64019511367287
2014,10,"dummy","pair_3442_3989",NA,0.627883588178479
2014,10,"dummy","991","Samuel Dalembert",0.624159795286812
2014,10,"dummy","1765","Matt Barnes",0.615412727428633
2014,10,"dummy","3439","Serge Ibaka",0.600352755130897
2014,10,"dummy","3032977","Giannis Antetokounmpo",0.594407253565426
2014,10,"dummy","215","Tim Duncan",0.586188179087949
2014,10,"dummy","6475","Klay Thompson",0.577193554982072
2014,10,"dummy","2490149","C.J. McCollum",0.576693190687218
2014,10,"dummy","2382","Devin Harris",0.564628096501048
2014,10,"dummy","6469","Kyle Singler",0.562860211350411
2014,10,"dummy","3224","Joakim Noah",0.560378543411965
2014,10,"dummy","3974","Dante Cunningham",0.557663678639958
2014,10,"dummy","6454","Shelvin Mack",0.547779869431241
2014,10,"dummy","662","Paul Pierce",0.547185917038885
2014,10,"dummy","1987","Dwyane Wade",0.544583365636911
2014,10,"dummy","469","Rashard Lewis",0.543191919050303
2014,10,"dummy","3038","Shawne Williams",0.539110678962422
2014,10,"dummy","6589","Draymond Green",0.535345044685007
2014,10,"dummy","3438","George Hill",0.529193729090312
2014,10,"dummy","4295","Jeremy Evans",0.528397478778732
2014,10,"dummy","2488651","Ryan Kelly",0.527476906304952
2014,10,"dummy","2367","Tony Allen",0.520131139560225
2014,10,"dummy","2798","Deron Williams",0.519225251797129
2014,10,"dummy","6462","Marcus Morris",0.509001817895359
2014,10,"dummy","2747","Andrew Bogut",0.503316571159499
2014,10,"dummy","4244","Lance Stephenson",0.492931527662018
2014,10,"dummy","2167","Boris Diaw",0.492146824378737
2014,10,"dummy","1211",NA,0.485738134770238
2014,10,"dummy","3195","Mike Conley",0.478207757610636
2014,10,"dummy","4264","Patrick Patterson",0.476669415564758
2014,10,"dummy","2769","Amir Johnson",0.471352750136857
2014,10,"dummy","3995","Jrue Holiday",0.469589394162719
2014,10,"dummy","2381","Ben Gordon",0.463326499949851
2014,10,"dummy","3277","C.J. Watson",0.45642218679591
2014,10,"dummy","3243","Nick Young",0.442583734742089
2014,10,"dummy","1724","Tayshaun Prince",0.438908557127411
2014,10,"dummy","4237","John Wall",0.42973553132229
2014,10,"dummy","3419","Mario Chalmers",0.422948775248149
2014,10,"dummy","3452","JaVale McGee",0.422499073942428
2014,10,"dummy","6606","Damian Lillard",0.410202917425806
2014,10,"dummy","3968","Chase Budinger",0.386935379146408
2014,10,"dummy","984","Tyson Chandler",0.373334971299091
2014,10,"dummy","165","Jamal Crawford",0.349224756883674
2014,10,"dummy","3447","Robin Lopez",0.347615269944777
2014,10,"dummy","6619","Terrence Ross",0.341873819914286
2014,10,"dummy","3991","Tyler Hansbrough",0.341485778544596
2014,10,"dummy","3233","Tiago Splitter",0.334259602580706
2014,10,"dummy","6583","Anthony Davis",0.327958461972308
2014,10,"dummy","pair_3992_6466",NA,0.3249582721818
2014,10,"dummy","2782","Nate Robinson",0.323874999986998
2014,10,"dummy","4008","Jeff Ayres",0.316998701358701
2014,10,"dummy","6609","Khris Middleton",0.313961010949501
2014,10,"dummy","3442","DeAndre Jordan",0.313243801039912
2014,10,"dummy","6624","Jared Sullinger",0.305893541119663
2014,10,"dummy","pair_1975_2444",NA,0.305035216047857
2014,10,"dummy","6450","Kawhi Leonard",0.304510822910159
2014,10,"dummy","pair_3012_3978",NA,0.302609586341019
2014,10,"dummy","2579260","Trey Burke",0.28720110815268
2014,10,"dummy","pair_1017_3195",NA,0.284763737104132
2014,10,"dummy","6431","Norris Cole",0.281515820897353
2014,10,"dummy","6615","Kyle O'Quinn",0.278098712457693
2014,10,"dummy","1981","Kirk Hinrich",0.276526155736675
2014,10,"dummy","4182","Pablo Prigioni",0.271678089226898
2014,10,"dummy","3413","Darrell Arthur",0.268760217695153
2014,10,"dummy","3231","Ramon Sessions",0.257411251295017
2014,10,"dummy","2178","Mo Williams",0.252650394192774
2014,10,"dummy","1708","Mike Dunleavy",0.246844242980043
2014,10,"dummy","6601","Michael Kidd-Gilchrist",0.244846813079651
2014,10,"dummy","3986","Taj Gibson",0.238390465922146
2014,10,"dummy","6461","Markieff Morris",0.227443664850735
2014,10,"dummy","1015","Tony Parker",0.210301942021043
2014,10,"dummy","3978","DeMar DeRozan",0.208435414428967
2014,10,"dummy","2806","Jose Calderon",0.204688293878244
2014,10,"dummy","3005","Rudy Gay",0.1880955589732
2014,10,"dummy","1975","Carmelo Anthony",0.18086009357691
2014,10,"dummy","2795","Martell Webster",0.179881249911056
2014,10,"dummy","3015","Paul Millsap",0.177532610460228
2014,10,"dummy","pair_3202_3439",NA,0.168000614325779
2014,10,"dummy","3190","Marco Belinelli",0.162512819727537
2014,10,"dummy","3213","Al Horford",0.162510812767256
2014,10,"dummy","pair_6442_6474",NA,0.160126968365548
2014,10,"dummy","2746","Andray Blatche",0.150474317319818
2014,10,"dummy","6628","Dion Waiters",0.14984746674738
2014,10,"dummy","2011","Kyle Korver",0.148496018147681
2014,10,"dummy","4260","Greg Monroe",0.145396311043424
2014,10,"dummy","3028","Thabo Sefolosha",0.144006456863197
2014,10,"dummy","4291","Greivis Vasquez",0.143112393817822
2014,10,"dummy","2394","Kevin Martin",0.141278273660606
2014,10,"dummy","pair_2389_6479",NA,0.139791381717399
2014,10,"dummy","4032","Wesley Matthews",0.128669687697043
2014,10,"dummy","3453","Nikola Pekovic",0.114683367630842
2014,10,"dummy","1781","Luis Scola",0.106788316214437
2014,10,"dummy","2581018","Kentavious Caldwell-Pope",0.106490543790791
2014,10,"dummy","3033","P.J. Tucker",0.104550953557595
2014,10,"dummy","2755","Francisco Garcia",0.103163027966962
2014,10,"dummy","4238","Eric Bledsoe",0.0994327104137941
2014,10,"dummy","4017","Marcus Thornton",0.0901477529509907
2014,10,"dummy","6478","Nikola Vucevic",0.089941436221074
2014,10,"dummy","4258","DeMarcus Cousins",0.0897463056520745
2014,10,"dummy","6466","Chandler Parsons",0.0889264677651767
2014,10,"dummy","4240","Avery Bradley",0.0671587593826325
2014,10,"dummy","3201","Jared Dudley",0.056899107030692
2014,10,"dummy","2411","Josh Smith",0.024498456055229
2014,10,"dummy","2429","Luol Deng",0.0204781650972113
2014,10,"dummy","6585","Andre Drummond",0.0192700331921137
2014,10,"dummy","6429","Alec Burks",0.018749377765187
2014,10,"dummy","3973","Darren Collison",0.0182627631296743
2014,10,"dummy","6546","Gustavo Ayon",0.0102259482116137
2014,10,"dummy","pair_4003_4247",NA,0.00912334973919733
2014,10,"dummy","246","Derek Fisher",0.00595814096238848
2014,10,"dummy","1726","John Salmons",-0.00114535951650673
2014,10,"dummy","pair_3983_6583",NA,-0.00120731383179203
2014,10,"dummy","6631","Tyler Zeller",-0.0169142749743456
2014,10,"dummy","3410","Alexis Ajinca",-0.020582510820706
2014,10,"dummy","3220","Josh McRoberts",-0.0251326308647082
2014,10,"dummy","2774","Ian Mahinmi",-0.0336117096436733
2014,10,"dummy","4261","Ekpe Udoh",-0.0342078585310315
2014,10,"dummy","6424","Lavoy Allen",-0.0391165289916806
2014,10,"dummy","2439","Jameer Nelson",-0.041727185676951
2014,10,"dummy","261","Kevin Garnett",-0.0422158765706864
2014,10,"dummy","6580","Bradley Beal",-0.0439532860394198
2014,10,"dummy","3462","Jason Thompson",-0.0579399759460291
2014,10,"dummy","4247","Wesley Johnson",-0.0585129500828711
2014,10,"dummy","2389","Al Jefferson",-0.0685022893752714
2014,10,"dummy","2579258","Cody Zeller",-0.0859832207692841
2014,10,"dummy","3983","Tyreke Evans",-0.0905987703260871
2014,10,"dummy","6591","Maurice Harkless",-0.0922823680949711
2014,10,"dummy","6641","Brian Roberts",-0.104277655970624
2014,10,"dummy","3444","Kosta Koufos",-0.104633188426504
2014,10,"dummy","6663","Diante Garrett",-0.107631565705077
2014,10,"dummy","2433","Kris Humphries",-0.121378349781768
2014,10,"dummy","6472","Isaiah Thomas",-0.128807117076418
2014,10,"dummy","pair_6429_6447",NA,-0.138328784945565
2014,10,"dummy","2761","Gerald Green",-0.140685010364573
2014,10,"dummy","pair_2751_510",NA,-0.147048176506614
2014,10,"dummy","3468","Russell Westbrook",-0.149576121977632
2014,10,"dummy","3930","Cartier Martin",-0.153155516537071
2014,10,"dummy","1017","Zach Randolph",-0.158898286720243
2014,10,"dummy","pair_1015_215",NA,-0.160318384379307
2014,10,"dummy","3415","D.J. Augustin",-0.175381672758631
2014,10,"dummy","6616","Miles Plumlee",-0.176984432316863
2014,10,"dummy","4239","Evan Turner",-0.177816008860232
2014,10,"dummy","2015","Travis Outlaw",-0.177996808978104
2014,10,"dummy","3206","Marc Gasol",-0.188205938841647
2014,10,"dummy","1828","Reggie Evans",-0.19068185411946
2014,10,"dummy","3232","Jason Smith",-0.191031327015561
2014,10,"dummy","6597","Terrence Jones",-0.191624176621217
2014,10,"dummy","pair_2411_3997",NA,-0.195935554262758
2014,10,"dummy","110","Kobe Bryant",-0.20538141316634
2014,10,"dummy","3004","Joel Freeland",-0.205684167588258
2014,10,"dummy","3417","Jerryd Bayless",-0.206248872404171
2014,10,"dummy","3200","Glen Davis",-0.20885700681967
2014,10,"dummy","2596108","Michael Carter-Williams",-0.220679281992962
2014,10,"dummy","2489663","Kelly Olynyk",-0.227028882319585
2014,10,"dummy","pair_3415_3986",NA,-0.234481304815405
2014,10,"dummy","6477","Jonas Valanciunas",-0.237060117670265
2014,10,"dummy","136","Vince Carter",-0.239398644234317
2014,10,"dummy","3451","Luc Richard",-0.243817541518327
2014,10,"dummy","1007","Joe Johnson",-0.24642344523599
2014,10,"dummy","9","Ray Allen",-0.254449437394816
2014,10,"dummy","1218",NA,-0.274625035249057
2014,10,"dummy","6569","Alan Anderson",-0.295767556169458
2014,10,"dummy","6452","Jon Leuer",-0.316108994710571
2014,10,"dummy","510","Shawn Marion",-0.31612367885638
2014,10,"dummy","6474","Tristan Thompson",-0.318696581156226
2014,10,"dummy","3209","Jeff Green",-0.319005098858033
2014,10,"dummy","3969","Nick Calathes",-0.324341774631431
2014,10,"dummy","4249","Gordon Hayward",-0.334633778690415
2014,10,"dummy","1713","Nenê ",-0.346003806502667
2014,10,"dummy","2751","Monta Ellis",-0.358582489343724
2014,10,"dummy","3965","DeJuan Blair",-0.362064442359541
2014,10,"dummy","1982","Chris Kaman",-0.406161535333842
2014,10,"dummy","4235","Greg Stiemsma",-0.409493561185732
2014,10,"dummy","3003","Randy Foye",-0.412567483573139
2014,10,"dummy","pair_3015_4015",NA,-0.429282049963054
2014,10,"dummy","996","Pau Gasol",-0.430375416041214
2014,10,"dummy","2444","J.R. Smith",-0.434556356514319
2014,10,"dummy","2991235","Steven Adams",-0.444159283251903
2014,10,"dummy","2753","Raymond Felton",-0.455819201514466
2014,10,"dummy","2423","Dorell Wright",-0.456854020302839
2014,10,"dummy","2018","Kendrick Perkins",-0.461523211930052
2014,10,"dummy","6427","Bismack Biyombo",-0.467028056774414
2014,10,"dummy","2816","Will Bynum",-0.468131996081979
2014,10,"dummy","3187","Arron Afflalo",-0.482487894424047
2014,10,"dummy","4015","Jeff Teague",-0.5014424048358
2014,10,"dummy","1703","Carlos Boozer",-0.503152456643219
2014,10,"dummy","4232","Alonzo Gee",-0.507607335223478
2014,10,"dummy","1",NA,-0.511237537620159
2014,10,"dummy","3235","Rodney Stuckey",-0.515144080361435
2014,10,"dummy","2016","Zaza Pachulia",-0.523755236449025
2014,10,"dummy","pair_2745_3209",NA,-0.523849817856998
2014,10,"dummy","6614","Andrew Nicholson",-0.524562624116437
2014,10,"dummy","pair_2596108_3244",NA,-0.528702282609798
2014,10,"dummy","3997","Brandon Jennings",-0.569723679152674
2014,10,"dummy","91","Elton Brand",-0.571180614947125
2014,10,"dummy","pair_6448_6609",NA,-0.578953620787548
2014,10,"dummy","6448","Brandon Knight",-0.580780244926772
2014,10,"dummy","6433","Kenneth Faried",-0.611252623199516
2014,10,"dummy","4243","Jordan Crawford",-0.615544290870398
2014,10,"dummy","4299","Jeremy Lin",-0.622995334761579
2014,10,"dummy","3437","J.J. Hickson",-0.633363601698838
2014,10,"dummy","63","Chauncey Billups",-0.637188731044494
2014,10,"dummy","3414","Omer Asik",-0.638674620834902
2014,10,"dummy","2578213","Ben McLemore",-0.656333703935683
2014,10,"dummy","6442","Kyrie Irving",-0.662108037382086
2014,10,"dummy","6607","Kendall Marshall",-0.677998125530379
2014,10,"dummy","1026","Gerald Wallace",-0.697665867836964
2014,10,"dummy","3431","Eric Gordon",-0.703322994757783
2014,10,"dummy","4385","Mirza Teletovic",-0.72758670777985
2014,10,"dummy","6460","E'Twaun Moore",-0.744216262678006
2014,10,"dummy","4257","Derrick Favors",-0.758741288921852
2014,10,"dummy","2987","Andrea Bargnani",-0.764582783880878
2014,10,"dummy","6446","Cory Joseph",-0.799271992435424
2014,10,"dummy","6480","Derrick Williams",-0.808571862236801
2014,10,"dummy","2768","Jarrett Jack",-0.825660453512127
2014,10,"dummy","6578","Harrison Barnes",-0.834623282545441
2014,10,"dummy","4265","Larry Sanders",-0.861701911538182
2014,10,"dummy","6436","Jordan Hamilton",-0.879638532782047
2014,10,"dummy","4003","Jodie Meeks",-0.883101771707176
2014,10,"dummy","3448","Brook Lopez",-0.905328431957263
2014,10,"dummy","2527963","Victor Oladipo",-0.905464520829052
2014,10,"dummy","1994","Steve Blake",-0.90912346990353
2014,10,"dummy","6630","Tony Wroten",-0.915307664308168
2014,10,"dummy","1006","Richard Jefferson",-0.921956079923381
2014,10,"dummy","4360","Manny Harris",-0.924308652203135
2014,10,"dummy","2528210","Tim Hardaway",-0.939167345851821
2014,10,"dummy","3211","Spencer Hawes",-0.975731176311016
2014,10,"dummy","3993","Gerald Henderson",-0.985632007045543
2014,10,"dummy","615","Jermaine O'Neal",-1.01696355345795
2014,10,"dummy","2745","Brandon Bass",-1.02016577476958
2014,10,"dummy","2799","Louis Williams",-1.02432898786853
2014,10,"dummy","3418","Michael Beasley",-1.05903106345589
2014,10,"dummy","4270","Trevor Booker",-1.06573854218082
2014,10,"dummy","5",NA,-1.08738467145921
2014,10,"dummy","4274","Landry Fields",-1.09553620536302
2014,10,"dummy","4305","Ish Smith",-1.10513954352209
2014,10,"dummy","2775","Jason Maxiell",-1.11724873756972
2014,10,"dummy","4242","James Anderson",-1.13756223447911
2014,10,"dummy","3455","Anthony Randolph",-1.15598650513138
2014,10,"dummy","2866","John Lucas",-1.17754919347229
2014,10,"dummy","2488653","Mason Plumlee",-1.17789131726388
2014,10,"dummy","3055","J.J. Barea",-1.18725198643347
2014,10,"dummy","2767","Ersan Ilyasova",-1.22973762882331
2014,10,"dummy","2",NA,-1.2331203827176
2014,10,"dummy","558","Mike Miller",-1.24263818748171
2014,10,"dummy","3",NA,-1.2641656885514
2014,10,"dummy","2789","Ronny Turiaf",-1.27525231297968
2014,10,"dummy","2448","Beno Udrih",-1.27851321650747
2014,10,"dummy","3192","Aaron Brooks",-1.27938237058526
2014,10,"dummy","3026","Rajon Rondo",-1.2805944590851
2014,10,"dummy","4248","Al-Farouq Aminu",-1.28833763486947
2014,10,"dummy","3244","Thaddeus Young",-1.33577448689747
2014,10,"dummy","6576","Quincy Acy",-1.33682886405989
2014,10,"dummy","3194","Wilson Chandler",-1.3377289812171
2014,10,"dummy","3994","Jordan Hill",-1.37174497266108
2014,10,"dummy","pair_2527963_3187",NA,-1.37234564480188
2014,10,"dummy","1985","Luke Ridnour",-1.39363396089916
2014,10,"dummy","1705","Caron Butler",-1.41705048046216
2014,10,"dummy","3422","Chris Douglas-Roberts",-1.42105244694225
2014,10,"dummy","2528353","Tony Snell",-1.42918643151232
2014,10,"dummy","6634","Hollis Thompson",-1.50259724182844
2014,10,"dummy","3046453","Vitor Faverani",-1.56256926096577
2014,10,"dummy","841","Jason Terry",-1.58978047136535
2014,10,"dummy","6440","Tobias Harris",-1.60959277951586
2014,10,"dummy","6592","John Henson",-1.65241030072277
2014,10,"dummy","6622","Mike Scott",-1.65516481792547
2014,10,"dummy","3217","Carl Landry",-1.66347756045088
2014,10,"dummy","592","Steve Nash",-1.79797240296955
2014,10,"dummy","3456","Derrick Rose",-1.86748224149109
2014,10,"dummy","1727","Amar'e Stoudemire",-1.90705062963175
2014,10,"dummy","4165","Jan Vesely",-1.91552504347398
2014,10,"dummy","3971","Earl Clark",-1.94535134975056
2014,10,"dummy","6620","Robert Sacre",-1.98796972736835
2014,10,"dummy","6447","Enes Kanter",-2.00749162722176
2014,10,"dummy","1237",NA,-2.13041813345132
2014,10,"dummy","6156","Jeffery Taylor",-2.1406716002598
2014,10,"dummy","3450","O.J. Mayo",-2.22419064224906
2014,10,"dummy","308","Al Harrington",-2.24610659317654
2014,10,"dummy","4300","Gary Neal",-2.25856293763446
2014,10,"dummy","4294","Elliot Williams",-2.36535372864279
2014,10,"dummy","2748","Andrew Bynum",-2.49951912081319
2014,10,"dummy","4144",NA,-3.08511440000655
2014,10,"dummy","4253","Quincy Pondexter",-3.63551923238371
2014,10,"dummy","2184","Udonis Haslem",-3.73458926822441
2014,10,"dummy","6612","Arnett Moultrie",-3.86935744745168
2014,10,"dummy","1024",NA,-3.99992843199308
2014,10,"dummy","4",NA,-4.04008832605992
2014,15,"dummy","3999","James Johnson",2.7367930119029
2014,15,"dummy","515","Kenyon Martin",2.52320902696168
2014,15,"dummy","3964","Patrick Beverley",2.37979076016218
2014,15,"dummy","272","Manu Ginobili",2.10377290097206
2014,15,"dummy","2386","Andre Iguodala",2.10218610613107
2014,15,"dummy","6443","Reggie Jackson",1.92340259975633
2014,15,"dummy","3988","Danny Green",1.8383399981674
2014,15,"dummy","2779","Chris Paul",1.66443000997652
2014,15,"dummy","434","Andrei Kirilenko",1.62796764567907
2014,15,"dummy","2760","Danny Granger",1.61479181512576
2014,15,"dummy","pair_1966_1977",NA,1.61025559899575
2014,15,"dummy","6430","Jimmy Butler",1.5253487692234
2014,15,"dummy","3024","J.J. Redick",1.43843214980905
2014,15,"dummy","pair_1007_2798",NA,1.42693782215361
2014,15,"dummy","pair_2426_4237",NA,1.41093519533366
2014,15,"dummy","3975","Stephen Curry",1.38524819519975
2014,15,"dummy","2754","Channing Frye",1.37901269395755
2014,15,"dummy","3992","James Harden",1.35191266577046
2014,15,"dummy","609","Dirk Nowitzki",1.35036031324123
2014,15,"dummy","pair_3449_4011",NA,1.33732751164846
2014,15,"dummy","3412","Ryan Anderson",1.3068171401626
2014,15,"dummy","1135","Chris Andersen",1.29830952493094
2014,15,"dummy","3436","Roy Hibbert",1.29131194094572
2014,15,"dummy","3202","Kevin Durant",1.25895620561473
2014,15,"dummy","3449","Kevin Love",1.22741788453747
2014,15,"dummy","pair_3033_3423",NA,1.19264898409034
2014,15,"dummy","pair_3975_6475",NA,1.19037410182649
2014,15,"dummy","pair_3416_6606",NA,1.13363079517029
2014,15,"dummy","3970","DeMarre Carroll",1.08926991969402
2014,15,"dummy","6603","Jeremy Lamb",1.08768880454923
2014,15,"dummy","3423","Goran Dragic",1.06567019310274
2014,15,"dummy","2384","Dwight Howard",1.06149870148851
2014,15,"dummy","pair_3003_4000",NA,1.04458314190275
2014,15,"dummy","4251","Paul George",1.03553903381534
2014,15,"dummy","4298","Timofey Mozgov",1.0191082951474
2014,15,"dummy","3191","Corey Brewer",1.01810745103769
2014,15,"dummy","pair_4258_6472",NA,1.01327954783396
2014,15,"dummy","3445","Courtney Lee",0.983411306694517
2014,15,"dummy","2491079","Nate Wolters",0.970921848957317
2014,15,"dummy","3276","Anthony Tolliver",0.970812643093552
2014,15,"dummy","3989","Blake Griffin",0.959046669325073
2014,15,"dummy","2772","David Lee",0.950080230629288
2014,15,"dummy","3002","Jordan Farmar",0.938939419117373
2014,15,"dummy","2177","David West",0.925979482172028
2014,15,"dummy","2797","Marvin Williams",0.878045212888391
2014,15,"dummy","976","Shane Battier",0.866314682426544
2014,15,"dummy","2778","C.J. Miles",0.854377670174974
2014,15,"dummy","1977","Chris Bosh",0.852071803974753
2014,15,"dummy","3012","Kyle Lowry",0.852046880590088
2014,15,"dummy","2426","Trevor Ariza",0.851031550239427
2014,15,"dummy","pair_2177_4251",NA,0.841644628664912
2014,15,"dummy","6479","Kemba Walker",0.835553105285467
2014,15,"dummy","4000","Ty Lawson",0.835144270368298
2014,15,"dummy","2758","Marcin Gortat",0.827044430023538
2014,15,"dummy","2983","LaMarcus Aldridge",0.812908720294086
2014,15,"dummy","2393","Shaun Livingston",0.788822334959213
2014,15,"dummy","3416","Nicolas Batum",0.779074798985569
2014,15,"dummy","2782","Nate Robinson",0.778484194573895
2014,15,"dummy","6468","Iman Shumpert",0.776488848622068
2014,15,"dummy","4241","Xavier Henry",0.768960239514028
2014,15,"dummy","1966","LeBron James",0.768488656346211
2014,15,"dummy","2419","Anderson Varejao",0.747274642649964
2014,15,"dummy","4011","Ricky Rubio",0.730668638164387
2014,15,"dummy","3032977","Giannis Antetokounmpo",0.712802989776795
2014,15,"dummy","4264","Patrick Patterson",0.707990651816847
2014,15,"dummy","pair_3442_3989",NA,0.693909829165923
2014,15,"dummy","991","Samuel Dalembert",0.685239635496634
2014,15,"dummy","1765","Matt Barnes",0.66639645718611
2014,15,"dummy","3439","Serge Ibaka",0.663500791933731
2014,15,"dummy","2367","Tony Allen",0.659336998522892
2014,15,"dummy","3224","Joakim Noah",0.657981185299066
2014,15,"dummy","2167","Boris Diaw",0.653220187236531
2014,15,"dummy","215","Tim Duncan",0.651595169275686
2014,15,"dummy","6469","Kyle Singler",0.647350821802029
2014,15,"dummy","3195","Mike Conley",0.64207337637008
2014,15,"dummy","662","Paul Pierce",0.641262216871402
2014,15,"dummy","4244","Lance Stephenson",0.627845164975926
2014,15,"dummy","3038","Shawne Williams",0.575762540026276
2014,15,"dummy","6475","Klay Thompson",0.562552713309527
2014,15,"dummy","2579260","Trey Burke",0.538195028614248
2014,15,"dummy","6583","Anthony Davis",0.537670408504241
2014,15,"dummy","1724","Tayshaun Prince",0.526873506057118
2014,15,"dummy","1987","Dwyane Wade",0.515735545063914
2014,15,"dummy","2488651","Ryan Kelly",0.509395524464636
2014,15,"dummy","6454","Shelvin Mack",0.508972394987157
2014,15,"dummy","3438","George Hill",0.504877832223604
2014,15,"dummy","2769","Amir Johnson",0.500404533307184
2014,15,"dummy","3995","Jrue Holiday",0.493745057438022
2014,15,"dummy","2798","Deron Williams",0.493231214136257
2014,15,"dummy","6589","Draymond Green",0.490499984070148
2014,15,"dummy","6624","Jared Sullinger",0.477507666754228
2014,15,"dummy","3452","JaVale McGee",0.475684311443932
2014,15,"dummy","6462","Marcus Morris",0.474863892436713
2014,15,"dummy","3243","Nick Young",0.465780590352406
2014,15,"dummy","984","Tyson Chandler",0.453529690589918
2014,15,"dummy","2747","Andrew Bogut",0.445689634764148
2014,15,"dummy","4237","John Wall",0.430951318245711
2014,15,"dummy","6609","Khris Middleton",0.423539562139339
2014,15,"dummy","3233","Tiago Splitter",0.420668905223118
2014,15,"dummy","pair_1975_2444",NA,0.410408141804877
2014,15,"dummy","2755","Francisco Garcia",0.408903512769699
2014,15,"dummy","6606","Damian Lillard",0.399414108215485
2014,15,"dummy","pair_3992_6466",NA,0.350867974599616
2014,15,"dummy","3447","Robin Lopez",0.346522055251972
2014,15,"dummy","6601","Michael Kidd-Gilchrist",0.340767152945283
2014,15,"dummy","6450","Kawhi Leonard",0.337912835673676
2014,15,"dummy","pair_3012_3978",NA,0.334386257547544
2014,15,"dummy","3442","DeAndre Jordan",0.333081812105641
2014,15,"dummy","4182","Pablo Prigioni",0.332867956265885
2014,15,"dummy","165","Jamal Crawford",0.329071637501534
2014,15,"dummy","3015","Paul Millsap",0.327016475974563
2014,15,"dummy","3190","Marco Belinelli",0.322613707772181
2014,15,"dummy","pair_1017_3195",NA,0.307184720447912
2014,15,"dummy","6619","Terrence Ross",0.304536813406826
2014,15,"dummy","2806","Jose Calderon",0.302640040593486
2014,15,"dummy","4291","Greivis Vasquez",0.301064519589627
2014,15,"dummy","3419","Mario Chalmers",0.292104317750248
2014,15,"dummy","3231","Ramon Sessions",0.291550222092082
2014,15,"dummy","1981","Kirk Hinrich",0.287336381163252
2014,15,"dummy","1708","Mike Dunleavy",0.280187307277994
2014,15,"dummy","3986","Taj Gibson",0.258184884227847
2014,15,"dummy","3974","Dante Cunningham",0.243533747665808
2014,15,"dummy","3978","DeMar DeRozan",0.237912336244088
2014,15,"dummy","pair_6442_6474",NA,0.231319779949205
2014,15,"dummy","1975","Carmelo Anthony",0.229055639474994
2014,15,"dummy","2178","Mo Williams",0.201908808615761
2014,15,"dummy","3983","Tyreke Evans",0.184082361468442
2014,15,"dummy","4260","Greg Monroe",0.182106250755681
2014,15,"dummy","3968","Chase Budinger",0.171108650840894
2014,15,"dummy","6431","Norris Cole",0.170161133783222
2014,15,"dummy","6466","Chandler Parsons",0.170029475851067
2014,15,"dummy","3005","Rudy Gay",0.165917339341943
2014,15,"dummy","3410","Alexis Ajinca",0.160978968557669
2014,15,"dummy","6628","Dion Waiters",0.159428844013278
2014,15,"dummy","pair_2389_6479",NA,0.142569632750801
2014,15,"dummy","6461","Markieff Morris",0.140340334767857
2014,15,"dummy","1015","Tony Parker",0.128134099078698
2014,15,"dummy","2011","Kyle Korver",0.124531781553431
2014,15,"dummy","3028","Thabo Sefolosha",0.121283379053092
2014,15,"dummy","2429","Luol Deng",0.114995748434151
2014,15,"dummy","4258","DeMarcus Cousins",0.114637582992464
2014,15,"dummy","4261","Ekpe Udoh",0.111810585613058
2014,15,"dummy","6478","Nikola Vucevic",0.110859179194555
2014,15,"dummy","2746","Andray Blatche",0.107747641980263
2014,15,"dummy","pair_3983_6583",NA,0.103768606955575
2014,15,"dummy","2581018","Kentavious Caldwell-Pope",0.102601409989077
2014,15,"dummy","pair_3202_3439",NA,0.102447580803919
2014,15,"dummy","4032","Wesley Matthews",0.0895732747051934
2014,15,"dummy","1726","John Salmons",0.0882392840269952
2014,15,"dummy","pair_4003_4247",NA,0.0819725437728542
2014,15,"dummy","6429","Alec Burks",0.0809416136369369
2014,15,"dummy","4238","Eric Bledsoe",0.0711227555824234
2014,15,"dummy","2394","Kevin Martin",0.0673693089950442
2014,15,"dummy","3213","Al Horford",0.0619099689973057
2014,15,"dummy","4240","Avery Bradley",0.0511019363772271
2014,15,"dummy","3033","P.J. Tucker",0.0501735587666304
2014,15,"dummy","3201","Jared Dudley",0.0452513492763061
2014,15,"dummy","2411","Josh Smith",0.0447163237451247
2014,15,"dummy","4017","Marcus Thornton",0.0433780086663457
2014,15,"dummy","2433","Kris Humphries",0.0314973080156032
2014,15,"dummy","3462","Jason Thompson",0.000866537124747603
2014,15,"dummy","6641","Brian Roberts",-0.00114573588074932
2014,15,"dummy","6585","Andre Drummond",-0.00216495593596101
2014,15,"dummy","3220","Josh McRoberts",-0.0133989954027342
2014,15,"dummy","136","Vince Carter",-0.0137097919284153
2014,15,"dummy","2795","Martell Webster",-0.0181213005907159
2014,15,"dummy","pair_6429_6447",NA,-0.0195254768543954
2014,15,"dummy","2439","Jameer Nelson",-0.0367733796182834
2014,15,"dummy","3417","Jerryd Bayless",-0.0410391390104393
2014,15,"dummy","3453","Nikola Pekovic",-0.0438811122117592
2014,15,"dummy","2489663","Kelly Olynyk",-0.0468119873147981
2014,15,"dummy","3973","Darren Collison",-0.0611003808562286
2014,15,"dummy","4239","Evan Turner",-0.075454339048879
2014,15,"dummy","261","Kevin Garnett",-0.079095779059408
2014,15,"dummy","3444","Kosta Koufos",-0.0866140082409782
2014,15,"dummy","4247","Wesley Johnson",-0.0945701860790282
2014,15,"dummy","2389","Al Jefferson",-0.0973595296618121
2014,15,"dummy","6580","Bradley Beal",-0.112210261872418
2014,15,"dummy","3468","Russell Westbrook",-0.116972640765254
2014,15,"dummy","3232","Jason Smith",-0.130581840238492
2014,15,"dummy","6591","Maurice Harkless",-0.132737327143955
2014,15,"dummy","110","Kobe Bryant",-0.174117565371082
2014,15,"dummy","6546","Gustavo Ayon",-0.181550689954365
2014,15,"dummy","2596108","Michael Carter-Williams",-0.18636245766509
2014,15,"dummy","pair_2411_3997",NA,-0.198489333769509
2014,15,"dummy","2",NA,-0.19945203265435
2014,15,"dummy","3200","Glen Davis",-0.200833060888686
2014,15,"dummy","pair_2751_510",NA,-0.201463431391771
2014,15,"dummy","6472","Isaiah Thomas",-0.20835360030663
2014,15,"dummy","1017","Zach Randolph",-0.209200505687895
2014,15,"dummy","3206","Marc Gasol",-0.216559002981393
2014,15,"dummy","3415","D.J. Augustin",-0.226753434076447
2014,15,"dummy","6616","Miles Plumlee",-0.231825922430056
2014,15,"dummy","6424","Lavoy Allen",-0.234516001841685
2014,15,"dummy","pair_3415_3986",NA,-0.254017044378172
2014,15,"dummy","2761","Gerald Green",-0.262571999722418
2014,15,"dummy","3965","DeJuan Blair",-0.266225449438962
2014,15,"dummy","pair_1015_215",NA,-0.273314771662517
2014,15,"dummy","2751","Monta Ellis",-0.301907401536279
2014,15,"dummy","3209","Jeff Green",-0.305043050792377
2014,15,"dummy","6597","Terrence Jones",-0.326794712774149
2014,15,"dummy","6474","Tristan Thompson",-0.330376029974598
2014,15,"dummy","4249","Gordon Hayward",-0.335086499090569
2014,15,"dummy","6477","Jonas Valanciunas",-0.343940471640889
2014,15,"dummy","1007","Joe Johnson",-0.344159761414483
2014,15,"dummy","510","Shawn Marion",-0.351552192759516
2014,15,"dummy","1982","Chris Kaman",-0.362143895811505
2014,15,"dummy","pair_3015_4015",NA,-0.370735136048242
2014,15,"dummy","1",NA,-0.378992591377702
2014,15,"dummy","4232","Alonzo Gee",-0.410073077257715
2014,15,"dummy","996","Pau Gasol",-0.41588673274003
2014,15,"dummy","9","Ray Allen",-0.425937865653023
2014,15,"dummy","pair_2596108_3244",NA,-0.447715658846937
2014,15,"dummy","3003","Randy Foye",-0.452901136764124
2014,15,"dummy","1713","Nenê ",-0.467683250045839
2014,15,"dummy","2444","J.R. Smith",-0.496684606432884
2014,15,"dummy","4299","Jeremy Lin",-0.501310539407677
2014,15,"dummy","6569","Alan Anderson",-0.510399894757916
2014,15,"dummy","2016","Zaza Pachulia",-0.538134393963587
2014,15,"dummy","pair_2745_3209",NA,-0.539160419678534
2014,15,"dummy","3187","Arron Afflalo",-0.552914048846148
2014,15,"dummy","2753","Raymond Felton",-0.560288324230961
2014,15,"dummy","6433","Kenneth Faried",-0.561196681551323
2014,15,"dummy","1703","Carlos Boozer",-0.571702602724664
2014,15,"dummy","4015","Jeff Teague",-0.580441289162735
2014,15,"dummy","3437","J.J. Hickson",-0.618362295234128
2014,15,"dummy","6448","Brandon Knight",-0.639100901852358
2014,15,"dummy","3235","Rodney Stuckey",-0.659120295763346
2014,15,"dummy","pair_6448_6609",NA,-0.660390528127869
2014,15,"dummy","3997","Brandon Jennings",-0.662055064585883
2014,15,"dummy","2018","Kendrick Perkins",-0.669219275605604
2014,15,"dummy","4243","Jordan Crawford",-0.732290022783297
2014,15,"dummy","3",NA,-0.744829375661652
2014,15,"dummy","1026","Gerald Wallace",-0.752026713155771
2014,15,"dummy","6442","Kyrie Irving",-0.776301986167229
2014,15,"dummy","3431","Eric Gordon",-0.792023321256049
2014,15,"dummy","6436","Jordan Hamilton",-0.813145243034599
2014,15,"dummy","91","Elton Brand",-0.818702537297938
2014,15,"dummy","6607","Kendall Marshall",-0.840940045590424
2014,15,"dummy","2578213","Ben McLemore",-0.847947118748882
2014,15,"dummy","4265","Larry Sanders",-0.855453382632691
2014,15,"dummy","2987","Andrea Bargnani",-0.871620310523697
2014,15,"dummy","6446","Cory Joseph",-0.896619501354236
2014,15,"dummy","4257","Derrick Favors",-0.899696617165588
2014,15,"dummy","3448","Brook Lopez",-0.922362781095453
2014,15,"dummy","4",NA,-0.971319637105466
2014,15,"dummy","1994","Steve Blake",-0.982133542494079
2014,15,"dummy","2768","Jarrett Jack",-0.98629562953978
2014,15,"dummy","1006","Richard Jefferson",-0.997555660226671
2014,15,"dummy","6578","Harrison Barnes",-1.04043467606281
2014,15,"dummy","4003","Jodie Meeks",-1.04408425587261
2014,15,"dummy","2527963","Victor Oladipo",-1.04475690603506
2014,15,"dummy","3211","Spencer Hawes",-1.05603589427931
2014,15,"dummy","6630","Tony Wroten",-1.09107674762206
2014,15,"dummy","4385","Mirza Teletovic",-1.10056354708303
2014,15,"dummy","2745","Brandon Bass",-1.1018993973011
2014,15,"dummy","2528210","Tim Hardaway",-1.10472417260863
2014,15,"dummy","3192","Aaron Brooks",-1.11966888345066
2014,15,"dummy","3993","Gerald Henderson",-1.15619055267079
2014,15,"dummy","6480","Derrick Williams",-1.18509429078959
2014,15,"dummy","4360","Manny Harris",-1.19039290855875
2014,15,"dummy","558","Mike Miller",-1.22481346631056
2014,15,"dummy","615","Jermaine O'Neal",-1.22600934772254
2014,15,"dummy","2799","Louis Williams",-1.27239010948115
2014,15,"dummy","4242","James Anderson",-1.29072220594924
2014,15,"dummy","4270","Trevor Booker",-1.30598733997987
2014,15,"dummy","2767","Ersan Ilyasova",-1.31969418332416
2014,15,"dummy","5",NA,-1.35944209863094
2014,15,"dummy","4248","Al-Farouq Aminu",-1.37688707055643
2014,15,"dummy","3026","Rajon Rondo",-1.43194124259875
2014,15,"dummy","1705","Caron Butler",-1.4406641330235
2014,15,"dummy","2448","Beno Udrih",-1.44145738758082
2014,15,"dummy","3194","Wilson Chandler",-1.4516207111786
2014,15,"dummy","3244","Thaddeus Young",-1.46080599402654
2014,15,"dummy","1985","Luke Ridnour",-1.48987684084455
2014,15,"dummy","pair_2527963_3187",NA,-1.51342243140655
2014,15,"dummy","3994","Jordan Hill",-1.5718407190273
2014,15,"dummy","2789","Ronny Turiaf",-1.59291555403669
2014,15,"dummy","2528353","Tony Snell",-1.60018952353529
2014,15,"dummy","6440","Tobias Harris",-1.78032321115409
2014,15,"dummy","6592","John Henson",-1.81955481165667
2014,15,"dummy","6634","Hollis Thompson",-1.85355029655741
2014,15,"dummy","1727","Amar'e Stoudemire",-2.05503478324987
2014,15,"dummy","592","Steve Nash",-2.05543400271202
2014,15,"dummy","3456","Derrick Rose",-2.05759859856372
2014,15,"dummy","6447","Enes Kanter",-2.26090497662172
2014,15,"dummy","6156","Jeffery Taylor",-2.35374661498016
2014,15,"dummy","1237",NA,-2.38557788918468
2014,15,"dummy","3450","O.J. Mayo",-2.43127875751173
2014,15,"dummy","4300","Gary Neal",-2.52744771137362
2014,15,"dummy","2748","Andrew Bynum",-2.79480099435534
2014,15,"dummy","4253","Quincy Pondexter",-3.90793082066656
2014,15,"dummy","6612","Arnett Moultrie",-4.84573992825597
2014,20,"dummy","3964","Patrick Beverley",2.84382971566952
2014,20,"dummy","272","Manu Ginobili",2.49357029649032
2014,20,"dummy","2386","Andre Iguodala",2.44911804196482
2014,20,"dummy","6443","Reggie Jackson",2.41953608964937
2014,20,"dummy","3988","Danny Green",2.0984724644619
2014,20,"dummy","2779","Chris Paul",1.95725579981216
2014,20,"dummy","6430","Jimmy Butler",1.8940480355486
2014,20,"dummy","pair_1007_2798",NA,1.75628223408549
2014,20,"dummy","pair_1966_1977",NA,1.74735678501148
2014,20,"dummy","2754","Channing Frye",1.67872245873355
2014,20,"dummy","609","Dirk Nowitzki",1.66490483780875
2014,20,"dummy","3202","Kevin Durant",1.65326329876264
2014,20,"dummy","3992","James Harden",1.59881867583995
2014,20,"dummy","3024","J.J. Redick",1.59686461766464
2014,20,"dummy","3412","Ryan Anderson",1.58124388897878
2014,20,"dummy","pair_2426_4237",NA,1.57891630728312
2014,20,"dummy","3975","Stephen Curry",1.57274561768121
2014,20,"dummy","pair_3449_4011",NA,1.52214363569664
2014,20,"dummy","3436","Roy Hibbert",1.46839075667359
2014,20,"dummy","3445","Courtney Lee",1.45455655149775
2014,20,"dummy","3970","DeMarre Carroll",1.40355798570232
2014,20,"dummy","3449","Kevin Love",1.38449579523947
2014,20,"dummy","pair_3033_3423",NA,1.31286913452417
2014,20,"dummy","3423","Goran Dragic",1.29909863642656
2014,20,"dummy","pair_3975_6475",NA,1.26515112815611
2014,20,"dummy","pair_3416_6606",NA,1.24158381553934
2014,20,"dummy","2491079","Nate Wolters",1.2394126714553
2014,20,"dummy","6479","Kemba Walker",1.23760074809099
2014,20,"dummy","2384","Dwight Howard",1.23323970950215
2014,20,"dummy","pair_4258_6472",NA,1.2273281709629
2014,20,"dummy","pair_3003_4000",NA,1.22698526777017
2014,20,"dummy","4000","Ty Lawson",1.22321923331156
2014,20,"dummy","4251","Paul George",1.19194859790711
2014,20,"dummy","3191","Corey Brewer",1.14426593260162
2014,20,"dummy","6468","Iman Shumpert",1.12755179824939
2014,20,"dummy","3012","Kyle Lowry",1.06429134553626
2014,20,"dummy","2772","David Lee",1.06384909362426
2014,20,"dummy","2797","Marvin Williams",1.06219829953807
2014,20,"dummy","3989","Blake Griffin",1.05606180951469
2014,20,"dummy","2419","Anderson Varejao",1.05502376692353
2014,20,"dummy","2177","David West",1.0449805353749
2014,20,"dummy","4264","Patrick Patterson",1.03109581864114
2014,20,"dummy","2393","Shaun Livingston",1.01322165549496
2014,20,"dummy","976","Shane Battier",0.982016941240641
2014,20,"dummy","2983","LaMarcus Aldridge",0.978849878914135
2014,20,"dummy","1966","LeBron James",0.938126983854216
2014,20,"dummy","2758","Marcin Gortat",0.911223031444342
2014,20,"dummy","3416","Nicolas Batum",0.904245686507838
2014,20,"dummy","2426","Trevor Ariza",0.878752039135768
2014,20,"dummy","6469","Kyle Singler",0.873020853212009
2014,20,"dummy","1977","Chris Bosh",0.872257303565606
2014,20,"dummy","3439","Serge Ibaka",0.85113942557134
2014,20,"dummy","2367","Tony Allen",0.850987691427012
2014,20,"dummy","pair_2177_4251",NA,0.822411000964086
2014,20,"dummy","991","Samuel Dalembert",0.806124095209519
2014,20,"dummy","3032977","Giannis Antetokounmpo",0.797198402486718
2014,20,"dummy","662","Paul Pierce",0.778450551268625
2014,20,"dummy","6583","Anthony Davis",0.766263576130643
2014,20,"dummy","4011","Ricky Rubio",0.765565709705905
2014,20,"dummy","3243","Nick Young",0.763524399439692
2014,20,"dummy","1765","Matt Barnes",0.752935380084145
2014,20,"dummy","3195","Mike Conley",0.740940690668852
2014,20,"dummy","215","Tim Duncan",0.72813797537223
2014,20,"dummy","1987","Dwyane Wade",0.723917762938578
2014,20,"dummy","2579260","Trey Burke",0.700346663558104
2014,20,"dummy","2167","Boris Diaw",0.689848077096414
2014,20,"dummy","4244","Lance Stephenson",0.689249493579982
2014,20,"dummy","3224","Joakim Noah",0.683615292070177
2014,20,"dummy","3231","Ramon Sessions",0.67750777360115
2014,20,"dummy","pair_3442_3989",NA,0.677457309131225
2014,20,"dummy","2769","Amir Johnson",0.656681768773132
2014,20,"dummy","6609","Khris Middleton",0.630818852780382
2014,20,"dummy","3995","Jrue Holiday",0.604489270003028
2014,20,"dummy","6624","Jared Sullinger",0.604139759177275
2014,20,"dummy","1724","Tayshaun Prince",0.587098729435053
2014,20,"dummy","2798","Deron Williams",0.568307509714968
2014,20,"dummy","6475","Klay Thompson",0.566878838410519
2014,20,"dummy","3438","George Hill",0.547052158927464
2014,20,"dummy","6431","Norris Cole",0.485568722002767
2014,20,"dummy","pair_6442_6474",NA,0.461286650411327
2014,20,"dummy","3015","Paul Millsap",0.460465792857077
2014,20,"dummy","3233","Tiago Splitter",0.456894242888923
2014,20,"dummy","pair_1975_2444",NA,0.444970438768181
2014,20,"dummy","6606","Damian Lillard",0.428630636567155
2014,20,"dummy","6450","Kawhi Leonard",0.411889570713642
2014,20,"dummy","6601","Michael Kidd-Gilchrist",0.395554427974561
2014,20,"dummy","165","Jamal Crawford",0.385016292815121
2014,20,"dummy","2747","Andrew Bogut",0.381542281072118
2014,20,"dummy","pair_1017_3195",NA,0.380614494870009
2014,20,"dummy","4237","John Wall",0.371206252141808
2014,20,"dummy","3447","Robin Lopez",0.370007144874651
2014,20,"dummy","2806","Jose Calderon",0.368077652824391
2014,20,"dummy","3190","Marco Belinelli",0.359011246835825
2014,20,"dummy","6619","Terrence Ross",0.341032528246185
2014,20,"dummy","984","Tyson Chandler",0.328222846030053
2014,20,"dummy","pair_3012_3978",NA,0.324019929255083
2014,20,"dummy","6478","Nikola Vucevic",0.316520410794827
2014,20,"dummy","pair_2389_6479",NA,0.314982893440024
2014,20,"dummy","6461","Markieff Morris",0.308399563964015
2014,20,"dummy","3442","DeAndre Jordan",0.307102514301557
2014,20,"dummy","pair_3992_6466",NA,0.296881937432765
2014,20,"dummy","1975","Carmelo Anthony",0.292082538132094
2014,20,"dummy","4260","Greg Monroe",0.291944541751446
2014,20,"dummy","3978","DeMar DeRozan",0.289435514101572
2014,20,"dummy","1708","Mike Dunleavy",0.287866542014203
2014,20,"dummy","3983","Tyreke Evans",0.246598832643151
2014,20,"dummy","3419","Mario Chalmers",0.243920474943099
2014,20,"dummy","1981","Kirk Hinrich",0.229095503860478
2014,20,"dummy","2429","Luol Deng",0.217046390365873
2014,20,"dummy","pair_4003_4247",NA,0.209352912842483
2014,20,"dummy","2011","Kyle Korver",0.209220975620662
2014,20,"dummy","pair_6429_6447",NA,0.20061699263557
2014,20,"dummy","4238","Eric Bledsoe",0.196056538947149
2014,20,"dummy","6429","Alec Burks",0.193940369415987
2014,20,"dummy","2581018","Kentavious Caldwell-Pope",0.189496427287371
2014,20,"dummy","3986","Taj Gibson",0.189111537397437
2014,20,"dummy","4240","Avery Bradley",0.180897648467452
2014,20,"dummy","4258","DeMarcus Cousins",0.179450614369045
2014,20,"dummy","2746","Andray Blatche",0.176048152183257
2014,20,"dummy","6641","Brian Roberts",0.173646113382743
2014,20,"dummy","6628","Dion Waiters",0.169292360239155
2014,20,"dummy","3005","Rudy Gay",0.16451056860669
2014,20,"dummy","3213","Al Horford",0.134180364882127
2014,20,"dummy","2411","Josh Smith",0.109106684385223
2014,20,"dummy","2439","Jameer Nelson",0.0986170475619949
2014,20,"dummy","6466","Chandler Parsons",0.0825368005499852
2014,20,"dummy","3028","Thabo Sefolosha",0.0686628839229678
2014,20,"dummy","1015","Tony Parker",0.0654097467327121
2014,20,"dummy","2389","Al Jefferson",0.0548336201282674
2014,20,"dummy","4239","Evan Turner",0.0502003096299948
2014,20,"dummy","6585","Andre Drummond",0.0475856898797611
2014,20,"dummy","4247","Wesley Johnson",0.0467810947555092
2014,20,"dummy","4017","Marcus Thornton",0.04074279354996
2014,20,"dummy","3462","Jason Thompson",0.0383301399411475
2014,20,"dummy","3220","Josh McRoberts",0.0365109497075107
2014,20,"dummy","136","Vince Carter",0.0341135764259802
2014,20,"dummy","pair_3983_6583",NA,0.0297909497744773
2014,20,"dummy","4032","Wesley Matthews",0.028526036047873
2014,20,"dummy","pair_3202_3439",NA,0.0260903965138725
2014,20,"dummy","3973","Darren Collison",0.0177778116640028
2014,20,"dummy","3201","Jared Dudley",-0.00653800173181284
2014,20,"dummy","2394","Kevin Martin",-0.0471735282731764
2014,20,"dummy","3468","Russell Westbrook",-0.0532212499296862
2014,20,"dummy","3033","P.J. Tucker",-0.0744272764027792
2014,20,"dummy","3200","Glen Davis",-0.0983109865099456
2014,20,"dummy","4",NA,-0.100256775827915
2014,20,"dummy","261","Kevin Garnett",-0.100409360230573
2014,20,"dummy","3453","Nikola Pekovic",-0.11372018919872
2014,20,"dummy","2795","Martell Webster",-0.13048785650538
2014,20,"dummy","3232","Jason Smith",-0.164558704210926
2014,20,"dummy","110","Kobe Bryant",-0.173173654097723
2014,20,"dummy","pair_2751_510",NA,-0.204398894363144
2014,20,"dummy","1017","Zach Randolph",-0.22523270709004
2014,20,"dummy","6580","Bradley Beal",-0.231790915907189
2014,20,"dummy","pair_2411_3997",NA,-0.237845689377824
2014,20,"dummy","6474","Tristan Thompson",-0.245301270569228
2014,20,"dummy","9","Ray Allen",-0.250352073457485
2014,20,"dummy","3209","Jeff Green",-0.257466965488966
2014,20,"dummy","2596108","Michael Carter-Williams",-0.27720885221648
2014,20,"dummy","2761","Gerald Green",-0.28612908665758
2014,20,"dummy","4249","Gordon Hayward",-0.304307867681347
2014,20,"dummy","6472","Isaiah Thomas",-0.32490518796744
2014,20,"dummy","996","Pau Gasol",-0.330959300351858
2014,20,"dummy","6616","Miles Plumlee",-0.369705602927009
2014,20,"dummy","2751","Monta Ellis",-0.371580015135774
2014,20,"dummy","3003","Randy Foye",-0.403257413896197
2014,20,"dummy","510","Shawn Marion",-0.413421549239539
2014,20,"dummy","5",NA,-0.418280144059047
2014,20,"dummy","3415","D.J. Augustin",-0.426246929739235
2014,20,"dummy","6477","Jonas Valanciunas",-0.443650061301521
2014,20,"dummy","pair_1015_215",NA,-0.44437639152151
2014,20,"dummy","3206","Marc Gasol",-0.445065567061725
2014,20,"dummy","1007","Joe Johnson",-0.451042289549908
2014,20,"dummy","pair_3415_3986",NA,-0.475667130397156
2014,20,"dummy","pair_3015_4015",NA,-0.483012186367465
2014,20,"dummy","2753","Raymond Felton",-0.496837956426643
2014,20,"dummy","pair_2596108_3244",NA,-0.507351586356606
2014,20,"dummy","6597","Terrence Jones",-0.508662773163719
2014,20,"dummy","pair_6448_6609",NA,-0.513890419615774
2014,20,"dummy","1713","Nenê ",-0.536070035125618
2014,20,"dummy","pair_2745_3209",NA,-0.551652559438156
2014,20,"dummy","3187","Arron Afflalo",-0.562309925699673
2014,20,"dummy","1",NA,-0.576963337351301
2014,20,"dummy","6433","Kenneth Faried",-0.577810729991212
2014,20,"dummy","4299","Jeremy Lin",-0.60908665834101
2014,20,"dummy","6569","Alan Anderson",-0.621624336861027
2014,20,"dummy","2",NA,-0.629414768347992
2014,20,"dummy","6448","Brandon Knight",-0.630291815194018
2014,20,"dummy","3437","J.J. Hickson",-0.649203313134267
2014,20,"dummy","3",NA,-0.649429767134936
2014,20,"dummy","4243","Jordan Crawford",-0.734173263095648
2014,20,"dummy","3235","Rodney Stuckey",-0.738473339722658
2014,20,"dummy","4015","Jeff Teague",-0.763802344974093
2014,20,"dummy","2016","Zaza Pachulia",-0.786028701443359
2014,20,"dummy","1703","Carlos Boozer",-0.818424452572901
2014,20,"dummy","3997","Brandon Jennings",-0.828765813204779
2014,20,"dummy","6442","Kyrie Irving",-0.829648700398897
2014,20,"dummy","3431","Eric Gordon",-0.866766909384678
2014,20,"dummy","2987","Andrea Bargnani",-0.923495265773092
2014,20,"dummy","2444","J.R. Smith",-0.952191383652136
2014,20,"dummy","4257","Derrick Favors",-1.01809960618452
2014,20,"dummy","6607","Kendall Marshall",-1.02248693544842
2014,20,"dummy","2018","Kendrick Perkins",-1.0297324433393
2014,20,"dummy","1994","Steve Blake",-1.03161744222531
2014,20,"dummy","2768","Jarrett Jack",-1.08979195001662
2014,20,"dummy","3448","Brook Lopez",-1.10122518245313
2014,20,"dummy","1006","Richard Jefferson",-1.10293127673676
2014,20,"dummy","2527963","Victor Oladipo",-1.10331306995882
2014,20,"dummy","2578213","Ben McLemore",-1.10849024044643
2014,20,"dummy","4003","Jodie Meeks",-1.15573285624759
2014,20,"dummy","3211","Spencer Hawes",-1.16224403021332
2014,20,"dummy","4265","Larry Sanders",-1.19851826221849
2014,20,"dummy","6578","Harrison Barnes",-1.2112332737096
2014,20,"dummy","3993","Gerald Henderson",-1.36336136124704
2014,20,"dummy","2745","Brandon Bass",-1.37547671589693
2014,20,"dummy","4242","James Anderson",-1.39202295779132
2014,20,"dummy","2799","Louis Williams",-1.42833618192287
2014,20,"dummy","4248","Al-Farouq Aminu",-1.53260594844547
2014,20,"dummy","3194","Wilson Chandler",-1.54317465364619
2014,20,"dummy","6630","Tony Wroten",-1.56232270688839
2014,20,"dummy","2767","Ersan Ilyasova",-1.67270847299504
2014,20,"dummy","3026","Rajon Rondo",-1.68740519576314
2014,20,"dummy","pair_2527963_3187",NA,-1.74315318915326
2014,20,"dummy","3244","Thaddeus Young",-1.80037791361533
2014,20,"dummy","1705","Caron Butler",-1.88085514234598
2014,20,"dummy","6440","Tobias Harris",-1.98061644129164
2014,20,"dummy","592","Steve Nash",-2.0816920921718
2014,20,"dummy","6592","John Henson",-2.18925545657935
2014,20,"dummy","3456","Derrick Rose",-2.40487102182156
2014,20,"dummy","6447","Enes Kanter",-2.61393855912846
2014,20,"dummy","6156","Jeffery Taylor",-2.62370231311734
2014,20,"dummy","3450","O.J. Mayo",-2.75658485602742
2014,20,"dummy","2748","Andrew Bynum",-2.8970700445266
2014,25,"dummy","3964","Patrick Beverley",2.96554754734929
2014,25,"dummy","2386","Andre Iguodala",2.54321373858981
2014,25,"dummy","6443","Reggie Jackson",2.44651057523434
2014,25,"dummy","6430","Jimmy Butler",2.04169129254423
2014,25,"dummy","2779","Chris Paul",1.99281991116425
2014,25,"dummy","pair_1966_1977",NA,1.94327274915783
2014,25,"dummy","609","Dirk Nowitzki",1.85851386598344
2014,25,"dummy","pair_1007_2798",NA,1.82505196513574
2014,25,"dummy","3024","J.J. Redick",1.77666477941709
2014,25,"dummy","2754","Channing Frye",1.75645108248245
2014,25,"dummy","3412","Ryan Anderson",1.72386785621524
2014,25,"dummy","3202","Kevin Durant",1.6601563886005
2014,25,"dummy","3992","James Harden",1.65488259064083
2014,25,"dummy","pair_2426_4237",NA,1.603191309211
2014,25,"dummy","pair_3449_4011",NA,1.57132312129744
2014,25,"dummy","3436","Roy Hibbert",1.51187244667479
2014,25,"dummy","215","Tim Duncan",1.49710641566447
2014,25,"dummy","3975","Stephen Curry",1.47782034107789
2014,25,"dummy","3449","Kevin Love",1.45197063131739
2014,25,"dummy","3423","Goran Dragic",1.42485906316897
2014,25,"dummy","3970","DeMarre Carroll",1.41532540352896
2014,25,"dummy","pair_3033_3423",NA,1.37800511609822
2014,25,"dummy","4000","Ty Lawson",1.32553544671262
2014,25,"dummy","pair_3416_6606",NA,1.32086451397126
2014,25,"dummy","pair_3003_4000",NA,1.28975392099249
2014,25,"dummy","pair_3975_6475",NA,1.25367707044924
2014,25,"dummy","2384","Dwight Howard",1.25197763699111
2014,25,"dummy","pair_4258_6472",NA,1.25116620917148
2014,25,"dummy","4251","Paul George",1.22660769068436
2014,25,"dummy","3989","Blake Griffin",1.22532743368414
2014,25,"dummy","2797","Marvin Williams",1.2138188315739
2014,25,"dummy","3012","Kyle Lowry",1.20401673564994
2014,25,"dummy","1966","LeBron James",1.18479521040421
2014,25,"dummy","3191","Corey Brewer",1.17237090264295
2014,25,"dummy","6468","Iman Shumpert",1.15880539409474
2014,25,"dummy","6450","Kawhi Leonard",1.12999843749247
2014,25,"dummy","6479","Kemba Walker",1.11716657487931
2014,25,"dummy","662","Paul Pierce",1.10650077124188
2014,25,"dummy","2419","Anderson Varejao",1.10375374136973
2014,25,"dummy","2177","David West",1.06552385330928
2014,25,"dummy","1977","Chris Bosh",1.03510084116349
2014,25,"dummy","2983","LaMarcus Aldridge",1.02596280791798
2014,25,"dummy","2772","David Lee",0.949783067402356
2014,25,"dummy","3416","Nicolas Batum",0.9337453462732
2014,25,"dummy","2758","Marcin Gortat",0.931705001230269
2014,25,"dummy","1987","Dwyane Wade",0.876563688350372
2014,25,"dummy","6609","Khris Middleton",0.873818881927153
2014,25,"dummy","6583","Anthony Davis",0.866677236035236
2014,25,"dummy","2426","Trevor Ariza",0.854012462778388
2014,25,"dummy","3243","Nick Young",0.84018792864336
2014,25,"dummy","pair_2177_4251",NA,0.820665648273598
2014,25,"dummy","3195","Mike Conley",0.806541117045563
2014,25,"dummy","pair_3442_3989",NA,0.778600975760041
2014,25,"dummy","1015","Tony Parker",0.774951943625824
2014,25,"dummy","4011","Ricky Rubio",0.753592183792059
2014,25,"dummy","6624","Jared Sullinger",0.747186022370759
2014,25,"dummy","3439","Serge Ibaka",0.737481885398737
2014,25,"dummy","3224","Joakim Noah",0.734061672532955
2014,25,"dummy","4244","Lance Stephenson",0.723762136103785
2014,25,"dummy","1724","Tayshaun Prince",0.711052568191089
2014,25,"dummy","3995","Jrue Holiday",0.706715942503808
2014,25,"dummy","5",NA,0.699382620938614
2014,25,"dummy","2367","Tony Allen",0.682922299674323
2014,25,"dummy","2579260","Trey Burke",0.639550030278937
2014,25,"dummy","2769","Amir Johnson",0.63599403264991
2014,25,"dummy","2798","Deron Williams",0.588945274806861
2014,25,"dummy","3438","George Hill",0.532500390106351
2014,25,"dummy","2806","Jose Calderon",0.520294391885504
2014,25,"dummy","6619","Terrence Ross",0.457777502392006
2014,25,"dummy","165","Jamal Crawford",0.442417221227183
2014,25,"dummy","6606","Damian Lillard",0.429774875222855
2014,25,"dummy","6475","Klay Thompson",0.42289142109096
2014,25,"dummy","4260","Greg Monroe",0.419659793170025
2014,25,"dummy","6601","Michael Kidd-Gilchrist",0.412432915837935
2014,25,"dummy","pair_1017_3195",NA,0.407944373171053
2014,25,"dummy","pair_1975_2444",NA,0.394718981828998
2014,25,"dummy","3442","DeAndre Jordan",0.386459640721989
2014,25,"dummy","3978","DeMar DeRozan",0.380229604632891
2014,25,"dummy","3419","Mario Chalmers",0.355432619255192
2014,25,"dummy","4237","John Wall",0.343916851890679
2014,25,"dummy","1708","Mike Dunleavy",0.342628164483946
2014,25,"dummy","pair_3012_3978",NA,0.339513781115912
2014,25,"dummy","3447","Robin Lopez",0.329776148188007
2014,25,"dummy","6478","Nikola Vucevic",0.311469229617056
2014,25,"dummy","pair_6442_6474",NA,0.310341650272822
2014,25,"dummy","2747","Andrew Bogut",0.309564638947989
2014,25,"dummy","1975","Carmelo Anthony",0.284792110328486
2014,25,"dummy","2429","Luol Deng",0.282826870000307
2014,25,"dummy","1981","Kirk Hinrich",0.278351844519591
2014,25,"dummy","3015","Paul Millsap",0.277998411680545
2014,25,"dummy","984","Tyson Chandler",0.27446273151473
2014,25,"dummy","4238","Eric Bledsoe",0.265260448393552
2014,25,"dummy","pair_2389_6479",NA,0.260823139452223
2014,25,"dummy","pair_3992_6466",NA,0.25613309770251
2014,25,"dummy","3213","Al Horford",0.23174072365115
2014,25,"dummy","pair_4003_4247",NA,0.221717880380352
2014,25,"dummy","2411","Josh Smith",0.213679290820125
2014,25,"dummy","4240","Avery Bradley",0.212302179179805
2014,25,"dummy","pair_3983_6583",NA,0.207780026532134
2014,25,"dummy","2439","Jameer Nelson",0.16393210747567
2014,25,"dummy","6585","Andre Drummond",0.130512214561591
2014,25,"dummy","2389","Al Jefferson",0.111538337433529
2014,25,"dummy","4258","DeMarcus Cousins",0.109446012876365
2014,25,"dummy","2011","Kyle Korver",0.0830929082680002
2014,25,"dummy","3005","Rudy Gay",0.0602908207977355
2014,25,"dummy","4247","Wesley Johnson",0.0534594215676718
2014,25,"dummy","6466","Chandler Parsons",0.0417430903842305
2014,25,"dummy","4032","Wesley Matthews",0.0226903810395864
2014,25,"dummy","3220","Josh McRoberts",0.0138537183288498
2014,25,"dummy","4239","Evan Turner",-0.0059744922430912
2014,25,"dummy","3232","Jason Smith",-0.0271045591915706
2014,25,"dummy","3200","Glen Davis",-0.0712399164220932
2014,25,"dummy","3453","Nikola Pekovic",-0.0729564697602413
2014,25,"dummy","110","Kobe Bryant",-0.0809495484075386
2014,25,"dummy","pair_1015_215",NA,-0.0905360291952428
2014,25,"dummy","3462","Jason Thompson",-0.107198004721645
2014,25,"dummy","3033","P.J. Tucker",-0.113183677253981
2014,25,"dummy","pair_2751_510",NA,-0.113676298946985
2014,25,"dummy","1017","Zach Randolph",-0.119116801870048
2014,25,"dummy","2394","Kevin Martin",-0.122401535205567
2014,25,"dummy","3028","Thabo Sefolosha",-0.128864809319436
2014,25,"dummy","1",NA,-0.155572599088935
2014,25,"dummy","pair_3202_3439",NA,-0.156852226234857
2014,25,"dummy","3468","Russell Westbrook",-0.158606096361716
2014,25,"dummy","pair_2411_3997",NA,-0.165282005210114
2014,25,"dummy","3206","Marc Gasol",-0.18352236777046
2014,25,"dummy","3209","Jeff Green",-0.224204323357736
2014,25,"dummy","2596108","Michael Carter-Williams",-0.24079715980154
2014,25,"dummy","1007","Joe Johnson",-0.277662506846496
2014,25,"dummy","6580","Bradley Beal",-0.295737379857145
2014,25,"dummy","2761","Gerald Green",-0.306945403036045
2014,25,"dummy","2751","Monta Ellis",-0.323074160906818
2014,25,"dummy","510","Shawn Marion",-0.343030845401189
2014,25,"dummy","6472","Isaiah Thomas",-0.37689022981858
2014,25,"dummy","pair_2596108_3244",NA,-0.410045888287605
2014,25,"dummy","6616","Miles Plumlee",-0.414369006516837
2014,25,"dummy","996","Pau Gasol",-0.417977707416323
2014,25,"dummy","2",NA,-0.432921178461344
2014,25,"dummy","3003","Randy Foye",-0.464987459061087
2014,25,"dummy","6474","Tristan Thompson",-0.482530860975132
2014,25,"dummy","6477","Jonas Valanciunas",-0.488239084397105
2014,25,"dummy","pair_3415_3986",NA,-0.516240593244661
2014,25,"dummy","pair_6448_6609",NA,-0.528311998988405
2014,25,"dummy","6448","Brandon Knight",-0.558564601143439
2014,25,"dummy","6597","Terrence Jones",-0.5656596832136
2014,25,"dummy","pair_3015_4015",NA,-0.579247054191478
2014,25,"dummy","pair_2745_3209",NA,-0.583153901535918
2014,25,"dummy","2753","Raymond Felton",-0.583388527057403
2014,25,"dummy","4",NA,-0.585839662895747
2014,25,"dummy","1713","Nenê ",-0.58788569913227
2014,25,"dummy","3187","Arron Afflalo",-0.600289351895679
2014,25,"dummy","6433","Kenneth Faried",-0.608049498341649
2014,25,"dummy","4299","Jeremy Lin",-0.615158231413013
2014,25,"dummy","4249","Gordon Hayward",-0.668566878547263
2014,25,"dummy","3437","J.J. Hickson",-0.714147720135566
2014,25,"dummy","3",NA,-0.740733405343538
2014,25,"dummy","3997","Brandon Jennings",-0.760572691902209
2014,25,"dummy","4243","Jordan Crawford",-0.829760915260603
2014,25,"dummy","3431","Eric Gordon",-0.88600089084037
2014,25,"dummy","1703","Carlos Boozer",-0.913137616440083
2014,25,"dummy","4015","Jeff Teague",-0.926467919736408
2014,25,"dummy","2987","Andrea Bargnani",-0.987239006254351
2014,25,"dummy","pair_6429_6447",NA,-0.994918780772291
2014,25,"dummy","2444","J.R. Smith",-1.04999739806029
2014,25,"dummy","4257","Derrick Favors",-1.09818880602642
2014,25,"dummy","6607","Kendall Marshall",-1.10503807059709
2014,25,"dummy","3448","Brook Lopez",-1.12270722713813
2014,25,"dummy","2527963","Victor Oladipo",-1.12330775757363
2014,25,"dummy","6442","Kyrie Irving",-1.15499479166399
2014,25,"dummy","1994","Steve Blake",-1.16053499171452
2014,25,"dummy","4265","Larry Sanders",-1.206941361223
2014,25,"dummy","4003","Jodie Meeks",-1.24873373583906
2014,25,"dummy","3211","Spencer Hawes",-1.32695892039622
2014,25,"dummy","2745","Brandon Bass",-1.36431769514646
2014,25,"dummy","1006","Richard Jefferson",-1.50882971224546
2014,25,"dummy","3993","Gerald Henderson",-1.52639070204724
2014,25,"dummy","4242","James Anderson",-1.52724816257274
2014,25,"dummy","4248","Al-Farouq Aminu",-1.61094307896199
2014,25,"dummy","3194","Wilson Chandler",-1.62512115036708
2014,25,"dummy","2767","Ersan Ilyasova",-1.6426805317151
2014,25,"dummy","pair_2527963_3187",NA,-1.84593929730055
2014,25,"dummy","3026","Rajon Rondo",-1.9563319681111
2014,25,"dummy","6592","John Henson",-2.08206023534541
2014,25,"dummy","6440","Tobias Harris",-2.09898376587054
2014,25,"dummy","3244","Thaddeus Young",-2.13223283141967
2014,25,"dummy","3456","Derrick Rose",-2.27407996628093
2014,25,"dummy","592","Steve Nash",-2.35797333770179
2014,25,"dummy","3450","O.J. Mayo",-3.0129070228178
2014,30,"dummy","3964","Patrick Beverley",3.02246567789717
2014,30,"dummy","2386","Andre Iguodala",2.62184451191305
2014,30,"dummy","3202","Kevin Durant",2.37376103804055
2014,30,"dummy","6430","Jimmy Butler",2.30894201205923
2014,30,"dummy","pair_1007_2798",NA,2.12254991982629
2014,30,"dummy","2779","Chris Paul",2.08713156655338
2014,30,"dummy","pair_1966_1977",NA,1.97773104866035
2014,30,"dummy","609","Dirk Nowitzki",1.92839470453952
2014,30,"dummy","2754","Channing Frye",1.75339013959715
2014,30,"dummy","pair_2426_4237",NA,1.74275947047078
2014,30,"dummy","3024","J.J. Redick",1.68237720781722
2014,30,"dummy","pair_3449_4011",NA,1.65645255165001
2014,30,"dummy","3992","James Harden",1.62471361616879
2014,30,"dummy","3436","Roy Hibbert",1.615494574055
2014,30,"dummy","215","Tim Duncan",1.59343169560937
2014,30,"dummy","3412","Ryan Anderson",1.57825390881998
2014,30,"dummy","3975","Stephen Curry",1.54016385105346
2014,30,"dummy","3970","DeMarre Carroll",1.532580100871
2014,30,"dummy","3449","Kevin Love",1.49889221908121
2014,30,"dummy","pair_3416_6606",NA,1.4245253738484
2014,30,"dummy","3423","Goran Dragic",1.39636413744093
2014,30,"dummy","3989","Blake Griffin",1.37962637894004
2014,30,"dummy","3012","Kyle Lowry",1.35938800689476
2014,30,"dummy","pair_3033_3423",NA,1.32956890790693
2014,30,"dummy","pair_4258_6472",NA,1.30362541413043
2014,30,"dummy","pair_3975_6475",NA,1.29777867656131
2014,30,"dummy","4251","Paul George",1.28302662167392
2014,30,"dummy","3439","Serge Ibaka",1.27407834505785
2014,30,"dummy","3191","Corey Brewer",1.24245138008955
2014,30,"dummy","4000","Ty Lawson",1.21325263883555
2014,30,"dummy","1966","LeBron James",1.20253530446871
2014,30,"dummy","6479","Kemba Walker",1.18885321457225
2014,30,"dummy","2384","Dwight Howard",1.16086607788807
2014,30,"dummy","6450","Kawhi Leonard",1.13832863227751
2014,30,"dummy","3195","Mike Conley",1.13703268278228
2014,30,"dummy","2983","LaMarcus Aldridge",1.10934054456429
2014,30,"dummy","2177","David West",1.0931584562624
2014,30,"dummy","pair_3003_4000",NA,1.09276398267644
2014,30,"dummy","3224","Joakim Noah",1.0197408187658
2014,30,"dummy","2772","David Lee",0.993118277112332
2014,30,"dummy","1977","Chris Bosh",0.979645980826734
2014,30,"dummy","2758","Marcin Gortat",0.976474464163995
2014,30,"dummy","3416","Nicolas Batum",0.956230976504301
2014,30,"dummy","2426","Trevor Ariza",0.890679448722187
2014,30,"dummy","2798","Deron Williams",0.887402692578052
2014,30,"dummy","pair_2177_4251",NA,0.85212940478458
2014,30,"dummy","1987","Dwyane Wade",0.83465317218818
2014,30,"dummy","pair_3442_3989",NA,0.812873919095156
2014,30,"dummy","1015","Tony Parker",0.787183142959884
2014,30,"dummy","4244","Lance Stephenson",0.77708839552219
2014,30,"dummy","4011","Ricky Rubio",0.740849989036053
2014,30,"dummy","2579260","Trey Burke",0.717728258957783
2014,30,"dummy","6583","Anthony Davis",0.688869889521967
2014,30,"dummy","pair_1017_3195",NA,0.688411038247908
2014,30,"dummy","2769","Amir Johnson",0.671452543619988
2014,30,"dummy","2806","Jose Calderon",0.5455728381566
2014,30,"dummy","3438","George Hill",0.542604677333043
2014,30,"dummy","pair_6442_6474",NA,0.520305417410527
2014,30,"dummy","1975","Carmelo Anthony",0.476879088352277
2014,30,"dummy","3442","DeAndre Jordan",0.464682549030625
2014,30,"dummy","4260","Greg Monroe",0.4237165361321
2014,30,"dummy","6606","Damian Lillard",0.422853325034417
2014,30,"dummy","1",NA,0.412838065789002
2014,30,"dummy","3995","Jrue Holiday",0.412509976600105
2014,30,"dummy","3978","DeMar DeRozan",0.405899266269921
2014,30,"dummy","6475","Klay Thompson",0.352560137637266
2014,30,"dummy","pair_3012_3978",NA,0.328362197586208
2014,30,"dummy","3213","Al Horford",0.323570267401469
2014,30,"dummy","4237","John Wall",0.317960596543925
2014,30,"dummy","3447","Robin Lopez",0.316801090791775
2014,30,"dummy","2429","Luol Deng",0.303452768243193
2014,30,"dummy","984","Tyson Chandler",0.293178218904769
2014,30,"dummy","3419","Mario Chalmers",0.293084603599879
2014,30,"dummy","pair_3983_6583",NA,0.284405609311827
2014,30,"dummy","3015","Paul Millsap",0.265159175975511
2014,30,"dummy","6478","Nikola Vucevic",0.261157453534976
2014,30,"dummy","pair_4003_4247",NA,0.231738637774388
2014,30,"dummy","pair_2389_6479",NA,0.223109714600555
2014,30,"dummy","4240","Avery Bradley",0.215094625865012
2014,30,"dummy","2411","Josh Smith",0.204962473895026
2014,30,"dummy","110","Kobe Bryant",0.181668558342712
2014,30,"dummy","2389","Al Jefferson",0.177184317977935
2014,30,"dummy","pair_3202_3439",NA,0.167572753499195
2014,30,"dummy","2",NA,0.160744671754938
2014,30,"dummy","1017","Zach Randolph",0.143455364520213
2014,30,"dummy","4238","Eric Bledsoe",0.129556870392412
2014,30,"dummy","pair_3992_6466",NA,0.125477811017335
2014,30,"dummy","4258","DeMarcus Cousins",0.118535038204535
2014,30,"dummy","2439","Jameer Nelson",0.105654355937291
2014,30,"dummy","6585","Andre Drummond",0.103551486816398
2014,30,"dummy","1007","Joe Johnson",0.0562851600213687
2014,30,"dummy","2011","Kyle Korver",0.052760650635793
2014,30,"dummy","3220","Josh McRoberts",0.0447108030525146
2014,30,"dummy","3005","Rudy Gay",0.0129329810381882
2014,30,"dummy","pair_1975_2444",NA,0.0050875051530968
2014,30,"dummy","4032","Wesley Matthews",0.000723102364299334
2014,30,"dummy","3453","Nikola Pekovic",-0.0586235188738427
2014,30,"dummy","3206","Marc Gasol",-0.097523576675574
2014,30,"dummy","pair_2751_510",NA,-0.129888463282184
2014,30,"dummy","4239","Evan Turner",-0.136690907668432
2014,30,"dummy","6466","Chandler Parsons",-0.149260810500926
2014,30,"dummy","2394","Kevin Martin",-0.159393224189416
2014,30,"dummy","pair_2411_3997",NA,-0.18158213005083
2014,30,"dummy","3200","Glen Davis",-0.227734965809436
2014,30,"dummy","pair_1015_215",NA,-0.230957784014892
2014,30,"dummy","3033","P.J. Tucker",-0.242817559707763
2014,30,"dummy","3209","Jeff Green",-0.248459903648475
2014,30,"dummy","996","Pau Gasol",-0.248926080198267
2014,30,"dummy","6474","Tristan Thompson",-0.291216268858504
2014,30,"dummy","6580","Bradley Beal",-0.37230756652967
2014,30,"dummy","6472","Isaiah Thomas",-0.374209534436424
2014,30,"dummy","2751","Monta Ellis",-0.381020851534993
2014,30,"dummy","510","Shawn Marion",-0.391041041293112
2014,30,"dummy","5",NA,-0.433101008547501
2014,30,"dummy","2596108","Michael Carter-Williams",-0.439247465917244
2014,30,"dummy","pair_3415_3986",NA,-0.498667643488122
2014,30,"dummy","2753","Raymond Felton",-0.507204559679242
2014,30,"dummy","3468","Russell Westbrook",-0.512568755571442
2014,30,"dummy","4",NA,-0.580459354151156
2014,30,"dummy","pair_2596108_3244",NA,-0.585578285044634
2014,30,"dummy","pair_3015_4015",NA,-0.606723611339997
2014,30,"dummy","3",NA,-0.620642753589374
2014,30,"dummy","1713","Nenê ",-0.640624718550715
2014,30,"dummy","3187","Arron Afflalo",-0.66202318720311
2014,30,"dummy","1703","Carlos Boozer",-0.710870762466452
2014,30,"dummy","4249","Gordon Hayward",-0.7152626312212
2014,30,"dummy","2987","Andrea Bargnani",-0.816571796465687
2014,30,"dummy","3997","Brandon Jennings",-0.854029618014482
2014,30,"dummy","6442","Kyrie Irving",-0.937751252269832
2014,30,"dummy","pair_6448_6609",NA,-0.945348035460174
2014,30,"dummy","pair_6429_6447",NA,-0.954296333450149
2014,30,"dummy","pair_2745_3209",NA,-0.967808231561112
2014,30,"dummy","4015","Jeff Teague",-1.01346686616621
2014,30,"dummy","6607","Kendall Marshall",-1.03982674620926
2014,30,"dummy","3448","Brook Lopez",-1.0620627662001
2014,30,"dummy","4003","Jodie Meeks",-1.1399015929362
2014,30,"dummy","3431","Eric Gordon",-1.21856817619501
2014,30,"dummy","4257","Derrick Favors",-1.24738685795812
2014,30,"dummy","1994","Steve Blake",-1.39102840514216
2014,30,"dummy","3993","Gerald Henderson",-1.5975286351838
2014,30,"dummy","6448","Brandon Knight",-1.5986620030961
2014,30,"dummy","3211","Spencer Hawes",-1.64882255221429
2014,30,"dummy","3194","Wilson Chandler",-1.8643173727371
2014,30,"dummy","3026","Rajon Rondo",-1.96269597853591
2014,30,"dummy","pair_2527963_3187",NA,-2.3257667424683
2014,30,"dummy","6440","Tobias Harris",-2.43641613814029
2014,30,"dummy","3244","Thaddeus Young",-2.45134793788652
2014,30,"dummy","3456","Derrick Rose",-2.49101128134157
