"season","min_minutes","model","player_id","player_name","coefficient"
2015,0,"dummy","2489664","David Stockton",12.0176194175894
2015,0,"dummy","4144",NA,8.43974210192592
2015,0,"dummy","4261","Ekpe Udoh",4.13482443451016
2015,0,"dummy","3979","Toney Douglas",3.55129845305143
2015,0,"dummy","2585629","Luigi Datome",3.53932058180602
2015,0,"dummy","2594818","James Michael",2.92591490211228
2015,0,"dummy","3972",NA,2.76717281498799
2015,0,"dummy","4294","Elliot Williams",2.66582339007731
2015,0,"dummy","2488845","Cory Jefferson",2.6291526707348
2015,0,"dummy","4235","Greg Stiemsma",2.48699237040161
2015,0,"dummy","1298",NA,2.29640600344234
2015,0,"dummy","2834","Chuck Hayes",2.13535146286336
2015,0,"dummy","1211",NA,1.94630422274262
2015,0,"dummy","2991041","Mitch McGary",1.7005328314062
2015,0,"dummy","4004","Patty Mills",1.66931042939915
2015,0,"dummy","3969","Nick Calathes",1.42189125918607
2015,0,"dummy","6597","Terrence Jones",1.40835500999492
2015,0,"dummy","2530596","Andre Roberson",1.3945115965706
2015,0,"dummy","4248","Al-Farouq Aminu",1.32406889415897
2015,0,"dummy","862","Hedo Turkoglu",1.31428206406032
2015,0,"dummy","3930",NA,1.28336101223702
2015,0,"dummy","2423","Dorell Wright",1.27512506987811
2015,0,"dummy","1765","Matt Barnes",1.25276268619527
2015,0,"dummy","pair_3975_6589",NA,1.23409234445203
2015,0,"dummy","2747","Andrew Bogut",1.23050413438819
2015,0,"dummy","2488945","Tim Frazier",1.2268809319539
2015,0,"dummy","6427","Bismack Biyombo",1.22153222948072
2015,0,"dummy","3004","Joel Freeland",1.21955950766942
2015,0,"dummy","4011","Ricky Rubio",1.20968202208629
2015,0,"dummy","3975","Stephen Curry",1.14071044312752
2015,0,"dummy","568","Nazr Mohammed",1.13896084267832
2015,0,"dummy","6589","Draymond Green",1.11868563062297
2015,0,"dummy","2614962","Jarnell Stokes",1.06521655010127
2015,0,"dummy","2530750","Markel Brown",1.06463299962021
2015,0,"dummy","6424","Lavoy Allen",1.06075917918162
2015,0,"dummy","6434","Jimmer Fredette",1.04029933450383
2015,0,"dummy","2384","Dwight Howard",1.03847576432725
2015,0,"dummy","pair_2779_3442",NA,1.00983710301448
2015,0,"dummy","1017","Zach Randolph",1.00825455937572
2015,0,"dummy","2488674","Travis Wear",0.995854408458148
2015,0,"dummy","6475","Klay Thompson",0.982767078009328
2015,0,"dummy","1966","LeBron James",0.980542548696725
2015,0,"dummy","6609","Khris Middleton",0.970844163882971
2015,0,"dummy","2367","Tony Allen",0.964109714594897
2015,0,"dummy","6450","Kawhi Leonard",0.963513804078255
2015,0,"dummy","3028","Thabo Sefolosha",0.938949988454637
2015,0,"dummy","3102530","Jusuf Nurkic",0.931498594654526
2015,0,"dummy","3055","J.J. Barea",0.927886358001335
2015,0,"dummy","3024","J.J. Redick",0.922898673323512
2015,0,"dummy","4298","Timofey Mozgov",0.922325861944936
2015,0,"dummy","2325975","Chris Johnson",0.906366577692398
2015,0,"dummy","2983","LaMarcus Aldridge",0.902404548398934
2015,0,"dummy","2585616","Pero Antic",0.888673518834107
2015,0,"dummy","6611","Quincy Miller",0.888137882266793
2015,0,"dummy","6601","Michael Kidd-Gilchrist",0.887927226182236
2015,0,"dummy","6607","Kendall Marshall",0.885777953862791
2015,0,"dummy","2991039","Glenn Robinson",0.881832612717823
2015,0,"dummy","6618","Thomas Robinson",0.877627078835867
2015,0,"dummy","6583","Anthony Davis",0.875189051516216
2015,0,"dummy","6582","Jared Cunningham",0.871709070549885
2015,0,"dummy","3201","Jared Dudley",0.866574253134747
2015,0,"dummy","3202","Kevin Durant",0.863935866858077
2015,0,"dummy","2386","Andre Iguodala",0.856975146037176
2015,0,"dummy","pair_3439_3468",NA,0.838334320418998
2015,0,"dummy","6442","Kyrie Irving",0.83302703825657
2015,0,"dummy","pair_2983_6606",NA,0.832103116767371
2015,0,"dummy","2488999","C.J. Wilcox",0.830294870486816
2015,0,"dummy","4258","DeMarcus Cousins",0.825367262682226
2015,0,"dummy","1237",NA,0.823933938578108
2015,0,"dummy","2530572","Langston Galloway",0.806235586786833
2015,0,"dummy","1713","Nene Hilario",0.786727905802574
2015,0,"dummy","52097",NA,0.785913370105669
2015,0,"dummy","2489663","Kelly Olynyk",0.783642635382485
2015,0,"dummy","pair_2758_4237",NA,0.771687967467855
2015,0,"dummy","2284101","Justin Holiday",0.770857937380935
2015,0,"dummy","pair_3449_6442",NA,0.768888305988734
2015,0,"dummy","3438","George Hill",0.756431553277417
2015,0,"dummy","3474","Anthony Morrow",0.747354553610171
2015,0,"dummy","2531352",NA,0.706624625967976
2015,0,"dummy","3999","James Johnson",0.702699097919734
2015,0,"dummy","2799","Louis Williams",0.701329615661544
2015,0,"dummy","2018","Kendrick Perkins",0.70124542572275
2015,0,"dummy","3015","Paul Millsap",0.696018328997284
2015,0,"dummy","pair_3983_6583",NA,0.693596220455063
2015,0,"dummy","272","Manu Ginobili",0.692577247840726
2015,0,"dummy","pair_3015_4015",NA,0.689954217983986
2015,0,"dummy","pair_3032977_6609",NA,0.687714208242612
2015,0,"dummy","2778","C.J. Miles",0.686779555237887
2015,0,"dummy","2527968","Devyn Marble",0.681825379193312
2015,0,"dummy","2011","Kyle Korver",0.676248271453441
2015,0,"dummy","3078284","Noah Vonleh",0.673159206520793
2015,0,"dummy","6446","Cory Joseph",0.672957733096506
2015,0,"dummy","3442","DeAndre Jordan",0.672623136840023
2015,0,"dummy","3247","Joel Anthony",0.670357109311754
2015,0,"dummy","pair_4238_6461",NA,0.667764839868817
2015,0,"dummy","609","Dirk Nowitzki",0.667342629146391
2015,0,"dummy","1026","Gerald Wallace",0.649674610241736
2015,0,"dummy","4321","Elijah Millsap",0.648003754369505
2015,0,"dummy","6578","Harrison Barnes",0.620617095493737
2015,0,"dummy","4032","Wesley Matthews",0.612827270322718
2015,0,"dummy","3224","Joakim Noah",0.611434479535878
2015,0,"dummy","3220","Josh McRoberts",0.609891535073065
2015,0,"dummy","6606","Damian Lillard",0.606795941625322
2015,0,"dummy","3439","Serge Ibaka",0.602047959089757
2015,0,"dummy","3233","Tiago Splitter",0.592236098456763
2015,0,"dummy","3468","Russell Westbrook",0.591771325085129
2015,0,"dummy","3998","Jonas Jerebko",0.585131231935156
2015,0,"dummy","3989","Blake Griffin",0.58102606587558
2015,0,"dummy","2327577","JaMychal Green",0.571412974797273
2015,0,"dummy","2779","Chris Paul",0.562306646787829
2015,0,"dummy","1708","Mike Dunleavy",0.561353127319056
2015,0,"dummy","3192","Aaron Brooks",0.558327295673491
2015,0,"dummy","3995","Jrue Holiday",0.554189290852731
2015,0,"dummy","4237","John Wall",0.552657261759404
2015,0,"dummy","2528353","Tony Snell",0.550543601125322
2015,0,"dummy","3992","James Harden",0.550276977484046
2015,0,"dummy","2990992","Marcus Smart",0.548121024398935
2015,0,"dummy","2016","Zaza Pachulia",0.545448648235842
2015,0,"dummy","3102528","Dante Exum",0.544204461615843
2015,0,"dummy","3988","Danny Green",0.543555696505005
2015,0,"dummy","3041","Lou Amundson",0.539046435280952
2015,0,"dummy","4015","Jeff Teague",0.535996850776058
2015,0,"dummy","3460","Marreese Speights",0.532970384144527
2015,0,"dummy","2968439","Aron Baynes",0.522529163361244
2015,0,"dummy","6580","Bradley Beal",0.518562470515386
2015,0,"dummy","6461","Markieff Morris",0.512376229191086
2015,0,"dummy","3447","Robin Lopez",0.512198715664543
2015,0,"dummy","2798","Deron Williams",0.502862449713854
2015,0,"dummy","3991","Tyler Hansbrough",0.499225600716385
2015,0,"dummy","3413","Darrell Arthur",0.478911190136859
2015,0,"dummy","3242","Brandan Wright",0.465647434720936
2015,0,"dummy","662","Paul Pierce",0.461368104456279
2015,0,"dummy","2439","Jameer Nelson",0.456291788629846
2015,0,"dummy","6464","Donatas Motiejunas",0.435925393303489
2015,0,"dummy","pair_2799_4264",NA,0.428365744545436
2015,0,"dummy","3012","Kyle Lowry",0.4240918636986
2015,0,"dummy","3276","Anthony Tolliver",0.418164760200156
2015,0,"dummy","261","Kevin Garnett",0.417111425822988
2015,0,"dummy","2581018","Kentavious Caldwell-Pope",0.408265045804691
2015,0,"dummy","3417","Jerryd Bayless",0.399035277352344
2015,0,"dummy","3456","Derrick Rose",0.398656989015053
2015,0,"dummy","3195","Mike Conley",0.398438164879261
2015,0,"dummy","2758","Marcin Gortat",0.394258296934258
2015,0,"dummy","4249","Gordon Hayward",0.392019671237909
2015,0,"dummy","2382","Devin Harris",0.38895204393714
2015,0,"dummy","3444","Kosta Koufos",0.386673026982166
2015,0,"dummy","3410","Alexis Ajinca",0.384377236602922
2015,0,"dummy","6579","Will Barton",0.375392964908099
2015,0,"dummy","6622","Mike Scott",0.372478430412702
2015,0,"dummy","3983","Tyreke Evans",0.369191572568054
2015,0,"dummy","3213","Al Horford",0.368330435314073
2015,0,"dummy","1781","Luis Scola",0.367777305514115
2015,0,"dummy","1727","Amar'e Stoudemire",0.36557107581832
2015,0,"dummy","2959745","Sergey Karasev",0.360299113775567
2015,0,"dummy","6430","Jimmy Butler",0.351705701479637
2015,0,"dummy","984","Tyson Chandler",0.350424613548913
2015,0,"dummy","2426","Trevor Ariza",0.340478256825795
2015,0,"dummy","pair_2426_3992",NA,0.326230724361574
2015,0,"dummy","6460","E'Twaun Moore",0.322967559448555
2015,0,"dummy","4335","Jeff Adrien",0.314322207875866
2015,0,"dummy","6459","Nikola Mirotic",0.313946633776961
2015,0,"dummy","2004","Willie Green",0.311381097633094
2015,0,"dummy","1996","Matt Bonner",0.310816665352369
2015,0,"dummy","3964","Patrick Beverley",0.306667268406217
2015,0,"dummy","4262","Hassan Whiteside",0.30338918561799
2015,0,"dummy","pair_3195_3206",NA,0.288748205028602
2015,0,"dummy","2578213","Ben McLemore",0.283170153904471
2015,0,"dummy","pair_2429_3419",NA,0.276013906305297
2015,0,"dummy","pair_2578213_3005",NA,0.275789441079375
2015,0,"dummy","2528779","Reggie Bullock",0.271054858673916
2015,0,"dummy","pair_2581018_6585",NA,0.258475474323376
2015,0,"dummy","3032977","Giannis Antetokounmpo",0.256482848579846
2015,0,"dummy","4182","Pablo Prigioni",0.252505379020063
2015,0,"dummy","841","Jason Terry",0.251483667976206
2015,0,"dummy","1007","Joe Johnson",0.25081079371674
2015,0,"dummy","2282734",NA,0.245180414515249
2015,0,"dummy","2745","Brandon Bass",0.244722596194617
2015,0,"dummy","6472","Isaiah Thomas",0.242372828482694
2015,0,"dummy","6616","Miles Plumlee",0.239466230819355
2015,0,"dummy","3973","Darren Collison",0.237473723508079
2015,0,"dummy","pair_2745_4239",NA,0.23672886531982
2015,0,"dummy","3970","DeMarre Carroll",0.225156322009824
2015,0,"dummy","3453","Nikola Pekovic",0.224551686333513
2015,0,"dummy","1724","Tayshaun Prince",0.213523124082229
2015,0,"dummy","2991070","Jerami Grant",0.208690817926471
2015,0,"dummy","3449","Kevin Love",0.201575528717509
2015,0,"dummy","4264","Patrick Patterson",0.197239395208626
2015,0,"dummy","3431","Eric Gordon",0.197145367077534
2015,0,"dummy","pair_2751_6466",NA,0.183728147460407
2015,0,"dummy","6620","Robert Sacre",0.181675067682709
2015,0,"dummy","2444","J.R. Smith",0.176711363077757
2015,0,"dummy","2429","Luol Deng",0.176511473454126
2015,0,"dummy","2579258","Cody Zeller",0.167162883908595
2015,0,"dummy","6447","Enes Kanter",0.164183285314649
2015,0,"dummy","2583639","Elfrid Payton",0.162520768113163
2015,0,"dummy","2594922","Otto Porter",0.161941474757961
2015,0,"dummy","6466","Chandler Parsons",0.160839930849167
2015,0,"dummy","2581177","Rodney Hood",0.159007699565881
2015,0,"dummy","6474","Tristan Thompson",0.157742522919658
2015,0,"dummy","2580782","Spencer Dinwiddie",0.151029347031666
2015,0,"dummy","1994","Steve Blake",0.150351792832493
2015,0,"dummy","3428","Danilo Gallinari",0.149585799083245
2015,0,"dummy","6581","Jae Crowder",0.135271182187586
2015,0,"dummy","3033","P.J. Tucker",0.13442020707461
2015,0,"dummy","2751","Monta Ellis",0.127347114400167
2015,0,"dummy","2448","Beno Udrih",0.123780473847429
2015,0,"dummy","4385","Mirza Teletovic",0.116865722044449
2015,0,"dummy","4270","Trevor Booker",0.111206235333146
2015,0,"dummy","2490149","C.J. McCollum",0.100889804553563
2015,0,"dummy","215","Tim Duncan",0.0865472185982021
2015,0,"dummy","2769","Amir Johnson",0.0764792788548746
2015,0,"dummy","2755","Francisco Garcia",0.0704228654341224
2015,0,"dummy","3993","Gerald Henderson",0.0683198914059769
2015,0,"dummy","4240","Avery Bradley",0.0650236275463694
2015,0,"dummy","1981","Kirk Hinrich",0.06287263983384
2015,0,"dummy","2531367","Dwight Powell",0.0623105407442117
2015,0,"dummy","4295","Jeremy Evans",0.061826127396016
2015,0,"dummy","52098",NA,0.0601048202760905
2015,0,"dummy","6569","Alan Anderson",0.0564489272771577
2015,0,"dummy","3416","Nicolas Batum",0.0522468300779844
2015,0,"dummy","3206","Marc Gasol",0.0472174472627574
2015,0,"dummy","3191","Corey Brewer",0.0470212357579028
2015,0,"dummy","3445","Courtney Lee",0.0427843446484818
2015,0,"dummy","3974","Dante Cunningham",0.0397774041244087
2015,0,"dummy","4247","Wesley Johnson",0.0378159462152952
2015,0,"dummy","2991235","Steven Adams",0.0370099366398981
2015,0,"dummy","2309097","Damjan Rudez",0.0276838090760942
2015,0,"dummy","2772","David Lee",0.0263192227303925
2015,0,"dummy","1135","Chris Andersen",0.023044086291586
2015,0,"dummy","3026","Rajon Rondo",0.0192577829442472
2015,0,"dummy","1975","Carmelo Anthony",0.0176561536192899
2015,0,"dummy","4291","Greivis Vasquez",0.0159504820630348
2015,0,"dummy","6624","Jared Sullinger",0.015503408476265
2015,0,"dummy","4257","Derrick Favors",0.0132327277258324
2015,0,"dummy","3423","Goran Dragic",0.0124461065987593
2015,0,"dummy","996","Pau Gasol",0.00414991715719304
2015,0,"dummy","3981","Wayne Ellington",0.00177565055408523
2015,0,"dummy","2993873","Jordan Adams",0.000868984834699223
2015,0,"dummy","2167","Boris Diaw",0.000532518803311134
2015,0,"dummy","1",NA,0
2015,0,"dummy","2",NA,0
2015,0,"dummy","4260","Greg Monroe",-0.00314879420861142
2015,0,"dummy","3986","Taj Gibson",-0.00831967701317074
2015,0,"dummy","3421","Joey Dorsey",-0.0160575880609502
2015,0,"dummy","pair_4249_4257",NA,-0.019165302007915
2015,0,"dummy","6619","Terrence Ross",-0.0198283675669775
2015,0,"dummy","6433","Kenneth Faried",-0.0210149762878051
2015,0,"dummy","2178","Mo Williams",-0.024184909660302
2015,0,"dummy","pair_2991280_3451",NA,-0.0263964394037997
2015,0,"dummy","2774","Ian Mahinmi",-0.0301164532542866
2015,0,"dummy","165","Jamal Crawford",-0.0306447171613512
2015,0,"dummy","3450","O.J. Mayo",-0.0332072322217903
2015,0,"dummy","2530722","Phil Pressey",-0.036820562270769
2015,0,"dummy","6462","Marcus Morris",-0.0386842208510217
2015,0,"dummy","2792","Charlie Villanueva",-0.0401775861335948
2015,0,"dummy","6443","Reggie Jackson",-0.0442207865672819
2015,0,"dummy","4238","Eric Bledsoe",-0.0444554934853537
2015,0,"dummy","2991227","Cleanthony Early",-0.0571408366642865
2015,0,"dummy","3032976","Rudy Gobert",-0.0604196220398431
2015,0,"dummy","3978","DeMar DeRozan",-0.0606309204918522
2015,0,"dummy","1218",NA,-0.0608775037572838
2015,0,"dummy","4253","Quincy Pondexter",-0.0720653333259181
2015,0,"dummy","2775","Jason Maxiell",-0.0801827421383734
2015,0,"dummy","3002","Jordan Farmar",-0.0818667734269466
2015,0,"dummy","1977","Chris Bosh",-0.0820940940590277
2015,0,"dummy","6617","Austin Rivers",-0.090009254181664
2015,0,"dummy","3187","Arron Afflalo",-0.0974940531362122
2015,0,"dummy","3997","Brandon Jennings",-0.0981411661228997
2015,0,"dummy","4241","Xavier Henry",-0.129173638406407
2015,0,"dummy","6585","Andre Drummond",-0.135725162928782
2015,0,"dummy","3414","Omer Asik",-0.144804777361012
2015,0,"dummy","2333797","Jeff Withey",-0.146394087088834
2015,0,"dummy","2528794","Joe Harris",-0.146485292112355
2015,0,"dummy","4000","Ty Lawson",-0.149363572073134
2015,0,"dummy","2433","Kris Humphries",-0.151273814843677
2015,0,"dummy","6605","Meyers Leonard",-0.151328604879327
2015,0,"dummy","3217","Carl Landry",-0.154240222758765
2015,0,"dummy","pair_6430_996",NA,-0.159192392403951
2015,0,"dummy","3235","Rodney Stuckey",-0.16011592623928
2015,0,"dummy","1006","Richard Jefferson",-0.165458604467912
2015,0,"dummy","2968436","Joe Ingles",-0.177215254878214
2015,0,"dummy","2982334","T.J. Warren",-0.18119418688057
2015,0,"dummy","2596107","Alex Len",-0.189570705398379
2015,0,"dummy","3277","C.J. Watson",-0.192801032422685
2015,0,"dummy","6591","Maurice Harkless",-0.193171076668133
2015,0,"dummy","6468","Iman Shumpert",-0.196572502174759
2015,0,"dummy","2807","Ronnie Price",-0.199230133259854
2015,0,"dummy","3059281","Tyler Ennis",-0.203045252803481
2015,0,"dummy","6448","Brandon Knight",-0.216189745403759
2015,0,"dummy","510","Shawn Marion",-0.216568148820937
2015,0,"dummy","2477","Earl Barron",-0.218082018174641
2015,0,"dummy","6452","Jon Leuer",-0.220673312662356
2015,0,"dummy","2530780","Shabazz Napier",-0.230815060749133
2015,0,"dummy","3243","Nick Young",-0.231918267778811
2015,0,"dummy","1767","Rasual Butler",-0.23411667135164
2015,0,"dummy","2528393","Tarik Black",-0.242232519671107
2015,0,"dummy","2580913","Dewayne Dedmon",-0.2429272590536
2015,0,"dummy","1703","Carlos Boozer",-0.256926433829951
2015,0,"dummy","6588","Evan Fournier",-0.26431726212978
2015,0,"dummy","pair_1015_215",NA,-0.272477499885832
2015,0,"dummy","6641","Brian Roberts",-0.28830943698519
2015,0,"dummy","3005","Rudy Gay",-0.293854272740581
2015,0,"dummy","6469","Kyle Singler",-0.294143303995449
2015,0,"dummy","2490620","Robert Covington",-0.295343124577656
2015,0,"dummy","3244","Thaddeus Young",-0.298726050987055
2015,0,"dummy","2489716","Matthew Dellavedova",-0.311919578535311
2015,0,"dummy","1705","Caron Butler",-0.316898831850129
2015,0,"dummy","1987","Dwyane Wade",-0.327456410038191
2015,0,"dummy","3064290","Aaron Gordon",-0.330617121211443
2015,0,"dummy","4008","Jeff Ayres",-0.33412110872751
2015,0,"dummy","558","Mike Miller",-0.335276912337986
2015,0,"dummy","pair_2527963_6478",NA,-0.338043738033293
2015,0,"dummy","3200","Glen Davis",-0.338800034169071
2015,0,"dummy","2991009","Grant Jerrett",-0.339383918629608
2015,0,"dummy","4299","Jeremy Lin",-0.354864459546699
2015,0,"dummy","3554","Omri Casspi",-0.354944235616446
2015,0,"dummy","2488653","Mason Plumlee",-0.355346983882696
2015,0,"dummy","4010","A.J. Price",-0.357037095716872
2015,0,"dummy","pair_2797_6479",NA,-0.359507669737991
2015,0,"dummy","6478","Nikola Vucevic",-0.360479099926556
2015,0,"dummy","2488650",NA,-0.363079030605195
2015,0,"dummy","pair_1703_4299",NA,-0.363137610694434
2015,0,"dummy","3462","Jason Thompson",-0.367421202982034
2015,0,"dummy","4259","Ed Davis",-0.368883941167481
2015,0,"dummy","4239","Evan Turner",-0.368929537797747
2015,0,"dummy","2579260","Trey Burke",-0.371125731705369
2015,0,"dummy","2177","David West",-0.390139662145718
2015,0,"dummy","6454","Shelvin Mack",-0.398155730173413
2015,0,"dummy","1978","Nick Collison",-0.399414214357358
2015,0,"dummy","2489785","Ian Clark",-0.400379109237874
2015,0,"dummy","6635","Chris Copeland",-0.404983957593771
2015,0,"dummy","2993875","Shabazz Muhammad",-0.405876548957846
2015,0,"dummy","2411","Josh Smith",-0.409869099259425
2015,0,"dummy","3211","Spencer Hawes",-0.415788035276246
2015,0,"dummy","2594816","P.J. Hairston",-0.423946316820587
2015,0,"dummy","4218",NA,-0.426691899125937
2015,0,"dummy","1015","Tony Parker",-0.428495203400692
2015,0,"dummy","6628","Dion Waiters",-0.429179003677184
2015,0,"dummy","3059319","Andrew Wiggins",-0.43001545897153
2015,0,"dummy","3419","Mario Chalmers",-0.431859356539485
2015,0,"dummy","2797","Marvin Williams",-0.45206904773426
2015,0,"dummy","6479","Kemba Walker",-0.462489756811158
2015,0,"dummy","2394","Kevin Martin",-0.464326065223779
2015,0,"dummy","91","Elton Brand",-0.4725576088528
2015,0,"dummy","6431","Norris Cole",-0.48418145074265
2015,0,"dummy","2993874","Kyle Anderson",-0.485715522276023
2015,0,"dummy","6440","Tobias Harris",-0.491185241911793
2015,0,"dummy","6429","Alec Burks",-0.495970154859986
2015,0,"dummy","6477","Jonas Valanciunas",-0.502686941804536
2015,0,"dummy","1821","Jannero Pargo",-0.505729522269779
2015,0,"dummy","2381","Ben Gordon",-0.506085983825943
2015,0,"dummy","2490589","Isaiah Canaan",-0.514916102890601
2015,0,"dummy","4265","Larry Sanders",-0.531747182513497
2015,0,"dummy","2760","Danny Granger",-0.537983294230428
2015,0,"dummy","4003","Jodie Meeks",-0.538140122772044
2015,0,"dummy","2999547","Gary Harris",-0.544325219322389
2015,0,"dummy","3593","Bojan Bogdanovic",-0.567078188349357
2015,0,"dummy","2488651","Ryan Kelly",-0.571683206208625
2015,0,"dummy","3032979","Dennis Schroder",-0.579968801418816
2015,0,"dummy","6587","Festus Ezeli",-0.58159301804246
2015,0,"dummy","3451","Luc Richard",-0.586203641690037
2015,0,"dummy","3038","Shawne Williams",-0.607167902091669
2015,0,"dummy","pair_3194_4000",NA,-0.60730890745387
2015,0,"dummy","2761","Gerald Green",-0.611113064138678
2015,0,"dummy","4300","Gary Neal",-0.611415360554136
2015,0,"dummy","2991281","Archie Goodwin",-0.613105764922732
2015,0,"dummy","4232","Alonzo Gee",-0.614806800834925
2015,0,"dummy","pair_1007_2768",NA,-0.61683540428941
2015,0,"dummy","2166","Leandro Barbosa",-0.620002315775751
2015,0,"dummy","924",NA,-0.64063906567129
2015,0,"dummy","3412","Ryan Anderson",-0.643124204339387
2015,0,"dummy","6592","John Henson",-0.643734697118017
2015,0,"dummy","2534781","Gorgui Dieng",-0.64576843429651
2015,0,"dummy","3194","Wilson Chandler",-0.647586490089102
2015,0,"dummy","2608891","JaKarr Sampson",-0.651225232507514
2015,0,"dummy","3056600","Jabari Parker",-0.658902715973822
2015,0,"dummy","3448","Brook Lopez",-0.679964620555063
2015,0,"dummy","2767","Ersan Ilyasova",-0.68624256464981
2015,0,"dummy","2491079","Nate Wolters",-0.688388968968569
2015,0,"dummy","6603","Jeremy Lamb",-0.688826152589421
2015,0,"dummy","3994","Jordan Hill",-0.69148017939555
2015,0,"dummy","3415","D.J. Augustin",-0.691954091772767
2015,0,"dummy","2393","Shaun Livingston",-0.692900790715301
2015,0,"dummy","6615","Kyle O'Quinn",-0.699514017921581
2015,0,"dummy","2566741","K.J. McDaniels",-0.704276939634583
2015,0,"dummy","2527963","Victor Oladipo",-0.707103272529869
2015,0,"dummy","pair_2534781_3059319",NA,-0.714224426484846
2015,0,"dummy","6631","Tyler Zeller",-0.714753793711972
2015,0,"dummy","2579321","James Ennis",-0.719020484592558
2015,0,"dummy","2419","Anderson Varejao",-0.725146265502783
2015,0,"dummy","4244","Lance Stephenson",-0.729402017674151
2015,0,"dummy","557","Andre Miller",-0.73362382563904
2015,0,"dummy","2754","Channing Frye",-0.743607318501053
2015,0,"dummy","4303","Donald Sloan",-0.747772597224763
2015,0,"dummy","2768","Jarrett Jack",-0.752467692050583
2015,0,"dummy","2389","Al Jefferson",-0.753333879655912
2015,0,"dummy","52102",NA,-0.771391344779944
2015,0,"dummy","4229","Reggie Williams",-0.772794996260247
2015,0,"dummy","6633","Robbie Hummel",-0.774267363459944
2015,0,"dummy","4017","Marcus Thornton",-0.78009972187382
2015,0,"dummy","1018","Jason Richardson",-0.787774583589075
2015,0,"dummy","3436","Roy Hibbert",-0.812618616229629
2015,0,"dummy","2528426","Jordan Clarkson",-0.812986201463142
2015,0,"dummy","3209","Jeff Green",-0.815064129804845
2015,0,"dummy","2489530","Troy Daniels",-0.816293996857412
2015,0,"dummy","2782","Nate Robinson",-0.818898362668524
2015,0,"dummy","3882","Alexey Shved",-0.821012170365611
2015,0,"dummy","4023","Garrett Temple",-0.825674129338149
2015,0,"dummy","4250","Luke Babbitt",-0.830496220194309
2015,0,"dummy","2596158","Shane Larkin",-0.835510676336693
2015,0,"dummy","2488713","Jack Cooley",-0.880406264554874
2015,0,"dummy","515","Kenyon Martin",-0.884942495520883
2015,0,"dummy","3437","J.J. Hickson",-0.891786707044532
2015,0,"dummy","4289","Kevin Seraphin",-0.895236354949261
2015,0,"dummy","2488958","Solomon Hill",-0.908968301157907
2015,0,"dummy","4195","Kostas Papanikolaou",-0.909339279780553
2015,0,"dummy","2596108","Michael Carter-Williams",-0.909916079105045
2015,0,"dummy","2528210","Tim Hardaway",-0.919811294410097
2015,0,"dummy","3003","Randy Foye",-0.943160772289934
2015,0,"dummy","4274","Landry Fields",-0.944317101681065
2015,0,"dummy","136","Vince Carter",-0.94458348975278
2015,0,"dummy","2327449","Jorge Gutierrez",-0.946630550462275
2015,0,"dummy","110","Kobe Bryant",-0.947844677770233
2015,0,"dummy","2991280","Nerlens Noel",-0.958127520656974
2015,0,"dummy","2531210","Allen Crabbe",-0.97627914660519
2015,0,"dummy","2991042","Nik Stauskas",-0.990935750976204
2015,0,"dummy","1711","Drew Gooden",-0.999821680280429
2015,0,"dummy","3976","Austin Daye",-1.00047565968676
2015,0,"dummy","2417","Sebastian Telfair",-1.01532267978086
2015,0,"dummy","3190","Marco Belinelli",-1.01580458371842
2015,0,"dummy","2530276","Tyler Johnson",-1.02569288692655
2015,0,"dummy","2753","Raymond Felton",-1.03343704175915
2015,0,"dummy","1982","Chris Kaman",-1.03571495310801
2015,0,"dummy","1726","John Salmons",-1.03587298719445
2015,0,"dummy","6614","Andrew Nicholson",-1.06026156463378
2015,0,"dummy","2580589","Nick Johnson",-1.06202272696397
2015,0,"dummy","2528588","Doug McDermott",-1.07849009652862
2015,0,"dummy","6647","Henry Sims",-1.08042800825386
2015,0,"dummy","6593","Bernard James",-1.08894911806073
2015,0,"dummy","2531100","Adreian Payne",-1.1110157392668
2015,0,"dummy","4305","Ish Smith",-1.12451448431565
2015,0,"dummy","6463","Darius Morris",-1.13648028828006
2015,0,"dummy","2184","Udonis Haslem",-1.14005270287938
2015,0,"dummy","3064509","James Young",-1.14848272860398
2015,0,"dummy","pair_2177_2488958",NA,-1.15650484722843
2015,0,"dummy","2232456",NA,-1.217825920075
2015,0,"dummy","6576","Quincy Acy",-1.22818224538589
2015,0,"dummy","6598","Perry Jones",-1.23981557654798
2015,0,"dummy","6634","Hollis Thompson",-1.24723148349423
2015,0,"dummy","52101",NA,-1.25594339574777
2015,0,"dummy","3232","Jason Smith",-1.28211395054237
2015,0,"dummy","2491063","Shayne Whittington",-1.28222809890484
2015,0,"dummy","1828","Reggie Evans",-1.28999330560482
2015,0,"dummy","6594","John Jenkins",-1.30251093700387
2015,0,"dummy","2327465",NA,-1.3124112879916
2015,0,"dummy","6485","Lance Thomas",-1.32499536168652
2015,0,"dummy","1985","Luke Ridnour",-1.35649432089448
2015,0,"dummy","3418","Michael Beasley",-1.35695579095627
2015,0,"dummy","2528447","Ray McCallum",-1.37297267858056
2015,0,"dummy","4661",NA,-1.37305742759467
2015,0,"dummy","6480","Derrick Williams",-1.40144320661706
2015,0,"dummy","6630","Tony Wroten",-1.43125641688195
2015,0,"dummy","2528787","Lorenzo Brown",-1.4504528116571
2015,0,"dummy","2489897","Will Cherry",-1.45239691597848
2015,0,"dummy","2789",NA,-1.47315604521455
2015,0,"dummy","6637","Kent Bazemore",-1.50257629467194
2015,0,"dummy","2531038","Russ Smith",-1.50593602060592
2015,0,"dummy","2991473","Anthony Bennett",-1.51235888459563
2015,0,"dummy","2806","Jose Calderon",-1.51643603339013
2015,0,"dummy","3008","Ryan Hollins",-1.53089860546544
2015,0,"dummy","3452","JaVale McGee",-1.56758810500313
2015,0,"dummy","6530","Greg Smith",-1.61852098016135
2015,0,"dummy","2490089","Mike Muscala",-1.6337004111054
2015,0,"dummy","2528354","Cameron Bairstow",-1.65495431188615
2015,0,"dummy","2866","John Lucas",-1.69031099350153
2015,0,"dummy","3064440","Zach LaVine",-1.8312167252159
2015,0,"dummy","6590","Justin Hamilton",-1.84116653984536
2015,0,"dummy","2325495","Larry Drew",-1.90642474911285
2015,0,"dummy","2810","Shavlik Randolph",-1.91539606041025
2015,0,"dummy","3464","Henry Walker",-1.95500169301894
2015,0,"dummy","2488684","Erick Green",-2.02188993945004
2015,0,"dummy","3422","Chris Douglas-Roberts",-2.02341579160333
2015,0,"dummy","3231","Ramon Sessions",-2.03311600454095
2015,0,"dummy","2992","Shannon Brown",-2.03684306596006
2015,0,"dummy","2581084","Johnny O'Bryant",-2.051502601053
2015,0,"dummy","2009","James Jones",-2.05215644560638
2015,0,"dummy","pair_2596158_3232",NA,-2.08295750109338
2015,0,"dummy","991","Samuel Dalembert",-2.1428596117237
2015,0,"dummy","2490144","Brandon Davies",-2.14841673037858
2015,0,"dummy","3968","Chase Budinger",-2.19800337420816
2015,0,"dummy","4280","Jerome Jordan",-2.20994948719459
2015,0,"dummy","2987","Andrea Bargnani",-2.21141873860708
2015,0,"dummy","4267","Cole Aldrich",-2.24889215322353
2015,0,"dummy","6577","Furkan Aldemir",-2.25526961310336
2015,0,"dummy","6511","Malcolm Thomas",-3.09727033392076
2015,0,"dummy","2795","Martell Webster",-3.15018744042981
2015,0,"dummy","3113297",NA,-3.24406849352799
2015,0,"dummy","2008","Dahntay Jones",-3.6490310618834
2015,0,"dummy","1000","Brendan Haywood",-3.68820315750667
2015,0,"dummy","6156","Jeff Taylor",-3.69450496670685
2015,0,"dummy","3018","Steve Novak",-3.90124987366536
2015,0,"dummy","3965","DeJuan Blair",-3.93236280795089
2015,0,"dummy","2488660","Glen Rice",-3.98948887445861
2015,0,"dummy","3032980","Lucas Nogueira",-4.31046807534041
2015,0,"dummy","2531054","Bryce Cotton",-4.41090501354079
2015,0,"dummy","2991143","Ricky Ledo",-4.45310333287075
2015,0,"dummy","3047256","Miroslav Raduljica",-4.49518815626558
2015,0,"dummy","3457","Brandon Rush",-4.57726649696857
2015,0,"dummy","6610",NA,-4.63207013466393
2015,0,"dummy","6602","Ognjen Kuzmic",-5.03185588230367
2015,0,"dummy","2959753","Joffrey Lauvergne",-5.17859885802794
2015,0,"dummy","2560823","Zoran Dragic",-5.30457710516291
2015,0,"dummy","434","Andrei Kirilenko",-5.67442577047093
2015,0,"dummy","6391",NA,-6.47775938127146
2015,0,"dummy","2028618",NA,-7.09730449147903
2015,0,"dummy","3102529","Clint Capela",-8.47048785469112
2015,0,"dummy","874",NA,-8.81144117271
2015,0,"dummy","3032",NA,-9.43574948031386
2015,0,"dummy","2528355",NA,-12.4561819460164
2015,0,"dummy","3064514","Julius Randle",-13.2088365450874
2015,0,"dummy","2327107",NA,-15.1043364483948
2015,5,"dummy","4144",NA,8.97656378818812
2015,5,"dummy","3979","Toney Douglas",3.90784797250774
2015,5,"dummy","4294","Elliot Williams",3.12358410266661
2015,5,"dummy","3972",NA,2.93878894742143
2015,5,"dummy","2488845","Cory Jefferson",2.83125481214053
2015,5,"dummy","1298",NA,2.43821303285445
2015,5,"dummy","2",NA,2.34456920997123
2015,5,"dummy","2834","Chuck Hayes",2.28524392167985
2015,5,"dummy","1211",NA,2.08765817451253
2015,5,"dummy","2991041","Mitch McGary",1.76576488462619
2015,5,"dummy","4004","Patty Mills",1.74682229093502
2015,5,"dummy","3969","Nick Calathes",1.55862856456983
2015,5,"dummy","6597","Terrence Jones",1.49292418326773
2015,5,"dummy","2530596","Andre Roberson",1.48485711988807
2015,5,"dummy","4248","Al-Farouq Aminu",1.42021815511318
2015,5,"dummy","862","Hedo Turkoglu",1.37426081752715
2015,5,"dummy","3930",NA,1.36344176715059
2015,5,"dummy","2488945","Tim Frazier",1.33135566651124
2015,5,"dummy","1765","Matt Barnes",1.32288717737631
2015,5,"dummy","2423","Dorell Wright",1.3211420494884
2015,5,"dummy","4011","Ricky Rubio",1.31722996026428
2015,5,"dummy","6427","Bismack Biyombo",1.30204942810735
2015,5,"dummy","2747","Andrew Bogut",1.27895654064133
2015,5,"dummy","3004","Joel Freeland",1.2785327307655
2015,5,"dummy","pair_3975_6589",NA,1.27850634048912
2015,5,"dummy","3975","Stephen Curry",1.18219285416025
2015,5,"dummy","6589","Draymond Green",1.15948426504525
2015,5,"dummy","2530750","Markel Brown",1.14945478923023
2015,5,"dummy","6424","Lavoy Allen",1.13945950995605
2015,5,"dummy","2488674","Travis Wear",1.11347059617106
2015,5,"dummy","6434","Jimmer Fredette",1.09632153371698
2015,5,"dummy","2384","Dwight Howard",1.09383619521096
2015,5,"dummy","1017","Zach Randolph",1.07075602287633
2015,5,"dummy","pair_2779_3442",NA,1.05287930672034
2015,5,"dummy","1966","LeBron James",1.04503842399708
2015,5,"dummy","6609","Khris Middleton",1.03356753302669
2015,5,"dummy","2367","Tony Allen",1.02945662878773
2015,5,"dummy","6450","Kawhi Leonard",1.02827748308777
2015,5,"dummy","2325975","Chris Johnson",1.0208290069239
2015,5,"dummy","6475","Klay Thompson",1.01625727573135
2015,5,"dummy","3102530","Jusuf Nurkic",0.99716502555967
2015,5,"dummy","4298","Timofey Mozgov",0.985961782686965
2015,5,"dummy","3028","Thabo Sefolosha",0.985630763726281
2015,5,"dummy","3055","J.J. Barea",0.982576201269958
2015,5,"dummy","6607","Kendall Marshall",0.981269729004239
2015,5,"dummy","2983","LaMarcus Aldridge",0.962489941141955
2015,5,"dummy","6601","Michael Kidd-Gilchrist",0.96022303423925
2015,5,"dummy","3024","J.J. Redick",0.959597495108455
2015,5,"dummy","6583","Anthony Davis",0.941795845225851
2015,5,"dummy","2585616","Pero Antic",0.934543665097524
2015,5,"dummy","3201","Jared Dudley",0.923091892033688
2015,5,"dummy","2386","Andre Iguodala",0.910362523017165
2015,5,"dummy","3202","Kevin Durant",0.907914420092122
2015,5,"dummy","2530572","Langston Galloway",0.90021029197191
2015,5,"dummy","4258","DeMarcus Cousins",0.900057925805708
2015,5,"dummy","6618","Thomas Robinson",0.898371710332157
2015,5,"dummy","6611","Quincy Miller",0.896028430960368
2015,5,"dummy","1237",NA,0.88588903012275
2015,5,"dummy","6442","Kyrie Irving",0.884958000943742
2015,5,"dummy","pair_2983_6606",NA,0.879017492991981
2015,5,"dummy","pair_3439_3468",NA,0.875549317299502
2015,5,"dummy","52097",NA,0.839739800142721
2015,5,"dummy","2489663","Kelly Olynyk",0.835219602625308
2015,5,"dummy","1713","Nene Hilario",0.826602877165368
2015,5,"dummy","pair_2758_4237",NA,0.815710115527824
2015,5,"dummy","3438","George Hill",0.81051503270437
2015,5,"dummy","pair_3449_6442",NA,0.807645472867538
2015,5,"dummy","3474","Anthony Morrow",0.799425145176298
2015,5,"dummy","2284101","Justin Holiday",0.779333117509776
2015,5,"dummy","3999","James Johnson",0.772664723454904
2015,5,"dummy","2527968","Devyn Marble",0.762172694659036
2015,5,"dummy","3078284","Noah Vonleh",0.757527612209322
2015,5,"dummy","2799","Louis Williams",0.753166395548749
2015,5,"dummy","2778","C.J. Miles",0.740524200997858
2015,5,"dummy","3247","Joel Anthony",0.736776630322224
2015,5,"dummy","272","Manu Ginobili",0.736187132566567
2015,5,"dummy","2018","Kendrick Perkins",0.73559263981464
2015,5,"dummy","pair_3983_6583",NA,0.734788098004113
2015,5,"dummy","3015","Paul Millsap",0.730282672290971
2015,5,"dummy","pair_3032977_6609",NA,0.722002744230996
2015,5,"dummy","pair_4238_6461",NA,0.716137412420203
2015,5,"dummy","pair_3015_4015",NA,0.714186086988382
2015,5,"dummy","2011","Kyle Korver",0.710788029215218
2015,5,"dummy","6446","Cory Joseph",0.706148852845767
2015,5,"dummy","609","Dirk Nowitzki",0.700651655776537
2015,5,"dummy","4321","Elijah Millsap",0.70021773488814
2015,5,"dummy","3442","DeAndre Jordan",0.689531050723302
2015,5,"dummy","1026","Gerald Wallace",0.680573291788373
2015,5,"dummy","3220","Josh McRoberts",0.671171557032343
2015,5,"dummy","3998","Jonas Jerebko",0.666262532686441
2015,5,"dummy","4032","Wesley Matthews",0.645690439297351
2015,5,"dummy","3224","Joakim Noah",0.642697036710751
2015,5,"dummy","6606","Damian Lillard",0.637611764775122
2015,5,"dummy","6578","Harrison Barnes",0.63277851300633
2015,5,"dummy","3439","Serge Ibaka",0.630738733572052
2015,5,"dummy","2528353","Tony Snell",0.629886107470418
2015,5,"dummy","3233","Tiago Splitter",0.619366290181113
2015,5,"dummy","3468","Russell Westbrook",0.613013144653099
2015,5,"dummy","3995","Jrue Holiday",0.59821763593304
2015,5,"dummy","2990992","Marcus Smart",0.594171558152343
2015,5,"dummy","3192","Aaron Brooks",0.593092582566483
2015,5,"dummy","1708","Mike Dunleavy",0.592603720543385
2015,5,"dummy","3992","James Harden",0.584873708558132
2015,5,"dummy","3989","Blake Griffin",0.581921519459035
2015,5,"dummy","4237","John Wall",0.57619602242295
2015,5,"dummy","3988","Danny Green",0.571425525399125
2015,5,"dummy","2779","Chris Paul",0.570337282442554
2015,5,"dummy","2016","Zaza Pachulia",0.566338381942958
2015,5,"dummy","3041","Lou Amundson",0.560065206405162
2015,5,"dummy","3102528","Dante Exum",0.558087655482676
2015,5,"dummy","4015","Jeff Teague",0.551751402258204
2015,5,"dummy","3460","Marreese Speights",0.551217845073163
2015,5,"dummy","6461","Markieff Morris",0.548811020415174
2015,5,"dummy","2968439","Aron Baynes",0.54358398731554
2015,5,"dummy","6580","Bradley Beal",0.541486423645981
2015,5,"dummy","2798","Deron Williams",0.528292412399595
2015,5,"dummy","3991","Tyler Hansbrough",0.524311901383357
2015,5,"dummy","3447","Robin Lopez",0.522009191869318
2015,5,"dummy","3413","Darrell Arthur",0.521221508031162
2015,5,"dummy","3242","Brandan Wright",0.489847894709486
2015,5,"dummy","662","Paul Pierce",0.474006189528978
2015,5,"dummy","2439","Jameer Nelson",0.465344898530745
2015,5,"dummy","6464","Donatas Motiejunas",0.45960216504441
2015,5,"dummy","3012","Kyle Lowry",0.459548255520607
2015,5,"dummy","6460","E'Twaun Moore",0.455011424494044
2015,5,"dummy","261","Kevin Garnett",0.44995756107973
2015,5,"dummy","2327577","JaMychal Green",0.446528275990428
2015,5,"dummy","4335","Jeff Adrien",0.444019646520633
2015,5,"dummy","2581018","Kentavious Caldwell-Pope",0.44280501551359
2015,5,"dummy","3276","Anthony Tolliver",0.442272155805912
2015,5,"dummy","2488999","C.J. Wilcox",0.42882165746742
2015,5,"dummy","3195","Mike Conley",0.426803281380178
2015,5,"dummy","3456","Derrick Rose",0.42642437716045
2015,5,"dummy","4249","Gordon Hayward",0.424214722698502
2015,5,"dummy","pair_2799_4264",NA,0.418782403812757
2015,5,"dummy","3417","Jerryd Bayless",0.416362771864834
2015,5,"dummy","3410","Alexis Ajinca",0.414230012215842
2015,5,"dummy","2528779","Reggie Bullock",0.409482167916556
2015,5,"dummy","3444","Kosta Koufos",0.407599579313983
2015,5,"dummy","1727","Amar'e Stoudemire",0.407170646949256
2015,5,"dummy","2758","Marcin Gortat",0.40516202003747
2015,5,"dummy","6622","Mike Scott",0.402183913619479
2015,5,"dummy","1781","Luis Scola",0.399960978031023
2015,5,"dummy","2382","Devin Harris",0.397066967728495
2015,5,"dummy","3983","Tyreke Evans",0.395435248500233
2015,5,"dummy","2959745","Sergey Karasev",0.395278086554928
2015,5,"dummy","3213","Al Horford",0.385855172196891
2015,5,"dummy","6430","Jimmy Butler",0.382567659767915
2015,5,"dummy","984","Tyson Chandler",0.368985177616852
2015,5,"dummy","6579","Will Barton",0.367914682481162
2015,5,"dummy","6459","Nikola Mirotic",0.361509688127083
2015,5,"dummy","2426","Trevor Ariza",0.348475759930206
2015,5,"dummy","2004","Willie Green",0.342762664961883
2015,5,"dummy","4262","Hassan Whiteside",0.341778427493361
2015,5,"dummy","pair_2426_3992",NA,0.335596151664818
2015,5,"dummy","2578213","Ben McLemore",0.32429930775571
2015,5,"dummy","1996","Matt Bonner",0.320570075807468
2015,5,"dummy","3964","Patrick Beverley",0.3137163481779
2015,5,"dummy","pair_2429_3419",NA,0.310863147599613
2015,5,"dummy","pair_3195_3206",NA,0.306223606918048
2015,5,"dummy","pair_2578213_3005",NA,0.301322542239734
2015,5,"dummy","4182","Pablo Prigioni",0.299529444143173
2015,5,"dummy","1007","Joe Johnson",0.280854302122463
2015,5,"dummy","pair_2581018_6585",NA,0.279138946756753
2015,5,"dummy","3453","Nikola Pekovic",0.277765196534282
2015,5,"dummy","3032977","Giannis Antetokounmpo",0.2745928454501
2015,5,"dummy","2991070","Jerami Grant",0.26372097198775
2015,5,"dummy","6472","Isaiah Thomas",0.261371434122149
2015,5,"dummy","2745","Brandon Bass",0.260363890575583
2015,5,"dummy","841","Jason Terry",0.257545586762294
2015,5,"dummy","3973","Darren Collison",0.255247062698296
2015,5,"dummy","6616","Miles Plumlee",0.251527648150808
2015,5,"dummy","pair_2745_4239",NA,0.251310026277127
2015,5,"dummy","2282734",NA,0.245268870504485
2015,5,"dummy","1724","Tayshaun Prince",0.235920022226896
2015,5,"dummy","3970","DeMarre Carroll",0.218264247811901
2015,5,"dummy","6620","Robert Sacre",0.213463284743258
2015,5,"dummy","2429","Luol Deng",0.205791109402746
2015,5,"dummy","3431","Eric Gordon",0.199216112728828
2015,5,"dummy","3449","Kevin Love",0.199148484294487
2015,5,"dummy","2583639","Elfrid Payton",0.192250967972987
2015,5,"dummy","2579258","Cody Zeller",0.189098257965774
2015,5,"dummy","2444","J.R. Smith",0.189013958028657
2015,5,"dummy","4264","Patrick Patterson",0.186005201836216
2015,5,"dummy","pair_2751_6466",NA,0.185462668371022
2015,5,"dummy","6447","Enes Kanter",0.176262451321816
2015,5,"dummy","2580782","Spencer Dinwiddie",0.168250165723063
2015,5,"dummy","3428","Danilo Gallinari",0.166305917980835
2015,5,"dummy","6474","Tristan Thompson",0.165795203216191
2015,5,"dummy","2581177","Rodney Hood",0.164745786307601
2015,5,"dummy","6466","Chandler Parsons",0.155412429724082
2015,5,"dummy","2594922","Otto Porter",0.1539909705661
2015,5,"dummy","2448","Beno Udrih",0.150994859358172
2015,5,"dummy","3033","P.J. Tucker",0.146922340110742
2015,5,"dummy","6581","Jae Crowder",0.146370625448483
2015,5,"dummy","1994","Steve Blake",0.141000585901078
2015,5,"dummy","2751","Monta Ellis",0.12273384812896
2015,5,"dummy","4385","Mirza Teletovic",0.120558032760748
2015,5,"dummy","4270","Trevor Booker",0.113278192744838
2015,5,"dummy","2490149","C.J. McCollum",0.0993801853266901
2015,5,"dummy","215","Tim Duncan",0.092707920138088
2015,5,"dummy","3993","Gerald Henderson",0.086524306086394
2015,5,"dummy","4240","Avery Bradley",0.0754116190758992
2015,5,"dummy","2769","Amir Johnson",0.0747879464197578
2015,5,"dummy","1981","Kirk Hinrich",0.0743148009870877
2015,5,"dummy","4247","Wesley Johnson",0.0672373854464087
2015,5,"dummy","6569","Alan Anderson",0.0668076613202675
2015,5,"dummy","1975","Carmelo Anthony",0.0608728421967717
2015,5,"dummy","52098",NA,0.0519996970646505
2015,5,"dummy","2309097","Damjan Rudez",0.048442818265889
2015,5,"dummy","3191","Corey Brewer",0.0481356170884797
2015,5,"dummy","3206","Marc Gasol",0.0378891751381847
2015,5,"dummy","3445","Courtney Lee",0.036956141027005
2015,5,"dummy","1135","Chris Andersen",0.0364931694013882
2015,5,"dummy","3416","Nicolas Batum",0.0313739730663065
2015,5,"dummy","2755","Francisco Garcia",0.0312667486500161
2015,5,"dummy","6624","Jared Sullinger",0.0302546248045828
2015,5,"dummy","3974","Dante Cunningham",0.0296468842564858
2015,5,"dummy","2991235","Steven Adams",0.0285375658890228
2015,5,"dummy","3026","Rajon Rondo",0.0248430378373147
2015,5,"dummy","2531367","Dwight Powell",0.0189732369179337
2015,5,"dummy","3002","Jordan Farmar",0.0163008405623184
2015,5,"dummy","2772","David Lee",0.0151398542452353
2015,5,"dummy","4257","Derrick Favors",0.014287536948986
2015,5,"dummy","pair_2991280_3451",NA,0.0133929248980125
2015,5,"dummy","4260","Greg Monroe",0.00890152467044246
2015,5,"dummy","4291","Greivis Vasquez",0.0084237690287966
2015,5,"dummy","3981","Wayne Ellington",0.00562244423549226
2015,5,"dummy","3423","Goran Dragic",-0.000302106552557973
2015,5,"dummy","4241","Xavier Henry",-0.00370761931109229
2015,5,"dummy","2178","Mo Williams",-0.00913260262521717
2015,5,"dummy","996","Pau Gasol",-0.0131875575628653
2015,5,"dummy","6433","Kenneth Faried",-0.0142198731302148
2015,5,"dummy","2991227","Cleanthony Early",-0.0147310820776004
2015,5,"dummy","6619","Terrence Ross",-0.0180855267748132
2015,5,"dummy","pair_4249_4257",NA,-0.0245991136309423
2015,5,"dummy","2167","Boris Diaw",-0.0263605971656476
2015,5,"dummy","2774","Ian Mahinmi",-0.0265632188036286
2015,5,"dummy","3450","O.J. Mayo",-0.0265670686555961
2015,5,"dummy","3986","Taj Gibson",-0.0298441921082589
2015,5,"dummy","6462","Marcus Morris",-0.0386620598706961
2015,5,"dummy","2792","Charlie Villanueva",-0.0411715383755766
2015,5,"dummy","1218",NA,-0.0469716609546266
2015,5,"dummy","2775","Jason Maxiell",-0.0507458777907921
2015,5,"dummy","6443","Reggie Jackson",-0.0541254767476798
2015,5,"dummy","165","Jamal Crawford",-0.0545368036411813
2015,5,"dummy","4238","Eric Bledsoe",-0.0578777577425997
2015,5,"dummy","3978","DeMar DeRozan",-0.0597607534344243
2015,5,"dummy","2530722","Phil Pressey",-0.0644715648590801
2015,5,"dummy","4253","Quincy Pondexter",-0.0650514163362411
2015,5,"dummy","1977","Chris Bosh",-0.0734914086832875
2015,5,"dummy","3421","Joey Dorsey",-0.0780326410116981
2015,5,"dummy","3032976","Rudy Gobert",-0.0951046321277174
2015,5,"dummy","3187","Arron Afflalo",-0.100645264974108
2015,5,"dummy","3997","Brandon Jennings",-0.104674095698782
2015,5,"dummy","3217","Carl Landry",-0.119471062088248
2015,5,"dummy","6617","Austin Rivers",-0.135362419729449
2015,5,"dummy","6585","Andre Drummond",-0.140493253887399
2015,5,"dummy","4000","Ty Lawson",-0.150614687958877
2015,5,"dummy","3235","Rodney Stuckey",-0.159470288973551
2015,5,"dummy","2433","Kris Humphries",-0.161382943671368
2015,5,"dummy","3414","Omer Asik",-0.166676148341803
2015,5,"dummy","1006","Richard Jefferson",-0.178075132610902
2015,5,"dummy","3277","C.J. Watson",-0.185102374861059
2015,5,"dummy","2968436","Joe Ingles",-0.186663132477334
2015,5,"dummy","2333797","Jeff Withey",-0.187352739837366
2015,5,"dummy","pair_6430_996",NA,-0.187817244232205
2015,5,"dummy","6591","Maurice Harkless",-0.191964153564467
2015,5,"dummy","2807","Ronnie Price",-0.192969705852306
2015,5,"dummy","6605","Meyers Leonard",-0.194048606973772
2015,5,"dummy","6468","Iman Shumpert",-0.194566314473167
2015,5,"dummy","3059281","Tyler Ennis",-0.200711180109479
2015,5,"dummy","2982334","T.J. Warren",-0.214921073410371
2015,5,"dummy","2596107","Alex Len",-0.215346464345573
2015,5,"dummy","6452","Jon Leuer",-0.21638473298287
2015,5,"dummy","2530780","Shabazz Napier",-0.231906610303801
2015,5,"dummy","6448","Brandon Knight",-0.232579906431242
2015,5,"dummy","510","Shawn Marion",-0.243637772097107
2015,5,"dummy","3243","Nick Young",-0.24694239551281
2015,5,"dummy","1703","Carlos Boozer",-0.256949975620547
2015,5,"dummy","2580913","Dewayne Dedmon",-0.258510930016107
2015,5,"dummy","6588","Evan Fournier",-0.263029507012186
2015,5,"dummy","2528393","Tarik Black",-0.264194659716893
2015,5,"dummy","2528794","Joe Harris",-0.264279833210069
2015,5,"dummy","1767","Rasual Butler",-0.270076879399935
2015,5,"dummy","2490620","Robert Covington",-0.279597284915713
2015,5,"dummy","pair_1015_215",NA,-0.285514464683835
2015,5,"dummy","3244","Thaddeus Young",-0.297443329907656
2015,5,"dummy","6641","Brian Roberts",-0.306348192980217
2015,5,"dummy","6469","Kyle Singler",-0.312496317190524
2015,5,"dummy","3005","Rudy Gay",-0.31262557670893
2015,5,"dummy","1705","Caron Butler",-0.318909573318898
2015,5,"dummy","3554","Omri Casspi",-0.32075955232732
2015,5,"dummy","3200","Glen Davis",-0.334264362597932
2015,5,"dummy","3064290","Aaron Gordon",-0.338641122601536
2015,5,"dummy","pair_2527963_6478",NA,-0.339854129745943
2015,5,"dummy","1987","Dwyane Wade",-0.342673383777321
2015,5,"dummy","2489716","Matthew Dellavedova",-0.360837760096593
2015,5,"dummy","pair_2797_6479",NA,-0.364657949202226
2015,5,"dummy","4299","Jeremy Lin",-0.367802976316735
2015,5,"dummy","6478","Nikola Vucevic",-0.36961526973156
2015,5,"dummy","4008","Jeff Ayres",-0.370946319198956
2015,5,"dummy","4259","Ed Davis",-0.373302537066601
2015,5,"dummy","2488653","Mason Plumlee",-0.373696072928816
2015,5,"dummy","pair_1703_4299",NA,-0.375276353864069
2015,5,"dummy","558","Mike Miller",-0.391047280032983
2015,5,"dummy","2488650",NA,-0.392226959256514
2015,5,"dummy","3462","Jason Thompson",-0.393142478485195
2015,5,"dummy","2177","David West",-0.398178292990166
2015,5,"dummy","4239","Evan Turner",-0.398274980759977
2015,5,"dummy","2579260","Trey Burke",-0.398459571210155
2015,5,"dummy","2993875","Shabazz Muhammad",-0.415778429002055
2015,5,"dummy","6635","Chris Copeland",-0.417430404139042
2015,5,"dummy","4218",NA,-0.418885106544349
2015,5,"dummy","6454","Shelvin Mack",-0.423446250562396
2015,5,"dummy","3059319","Andrew Wiggins",-0.431067936665272
2015,5,"dummy","3211","Spencer Hawes",-0.43324468662963
2015,5,"dummy","2411","Josh Smith",-0.445907838044226
2015,5,"dummy","4010","A.J. Price",-0.451932569006065
2015,5,"dummy","3419","Mario Chalmers",-0.454314198436309
2015,5,"dummy","2594816","P.J. Hairston",-0.456868166658811
2015,5,"dummy","1978","Nick Collison",-0.464530402232084
2015,5,"dummy","2797","Marvin Williams",-0.465686280658486
2015,5,"dummy","1015","Tony Parker",-0.468153857623367
2015,5,"dummy","6628","Dion Waiters",-0.480100713695137
2015,5,"dummy","2394","Kevin Martin",-0.481455906883253
2015,5,"dummy","6479","Kemba Walker",-0.48732759353305
2015,5,"dummy","91","Elton Brand",-0.488431456197924
2015,5,"dummy","6440","Tobias Harris",-0.503455348959011
2015,5,"dummy","6431","Norris Cole",-0.507847216357829
2015,5,"dummy","1821","Jannero Pargo",-0.512906370832747
2015,5,"dummy","2381","Ben Gordon",-0.52182102261935
2015,5,"dummy","2993874","Kyle Anderson",-0.529399777985788
2015,5,"dummy","6429","Alec Burks",-0.529918481958351
2015,5,"dummy","6477","Jonas Valanciunas",-0.555925105326629
2015,5,"dummy","2489785","Ian Clark",-0.566909877319501
2015,5,"dummy","2490589","Isaiah Canaan",-0.566918462542644
2015,5,"dummy","4265","Larry Sanders",-0.567419289853729
2015,5,"dummy","2760","Danny Granger",-0.567794189927337
2015,5,"dummy","2999547","Gary Harris",-0.579298368742073
2015,5,"dummy","4003","Jodie Meeks",-0.579848735196104
2015,5,"dummy","3451","Luc Richard",-0.592116472368561
2015,5,"dummy","2488651","Ryan Kelly",-0.597395511327426
2015,5,"dummy","3593","Bojan Bogdanovic",-0.616409505873556
2015,5,"dummy","3032979","Dennis Schroder",-0.634881072371366
2015,5,"dummy","4232","Alonzo Gee",-0.637601487702444
2015,5,"dummy","3038","Shawne Williams",-0.638370134157962
2015,5,"dummy","2991281","Archie Goodwin",-0.642112165457937
2015,5,"dummy","pair_3194_4000",NA,-0.643423854766083
2015,5,"dummy","pair_1007_2768",NA,-0.644063827252128
2015,5,"dummy","4300","Gary Neal",-0.649190297617073
2015,5,"dummy","6587","Festus Ezeli",-0.654746396605538
2015,5,"dummy","2608891","JaKarr Sampson",-0.656256507060248
2015,5,"dummy","2534781","Gorgui Dieng",-0.657007879027643
2015,5,"dummy","2761","Gerald Green",-0.657599239550118
2015,5,"dummy","3194","Wilson Chandler",-0.688200193404272
2015,5,"dummy","3412","Ryan Anderson",-0.694072542185466
2015,5,"dummy","6592","John Henson",-0.700654975446582
2015,5,"dummy","3056600","Jabari Parker",-0.707348417860286
2015,5,"dummy","2166","Leandro Barbosa",-0.712295288153997
2015,5,"dummy","2566741","K.J. McDaniels",-0.715831761496934
2015,5,"dummy","924",NA,-0.718369083696049
2015,5,"dummy","6603","Jeremy Lamb",-0.719633478742909
2015,5,"dummy","3994","Jordan Hill",-0.722393705152505
2015,5,"dummy","2491079","Nate Wolters",-0.723948612257487
2015,5,"dummy","3448","Brook Lopez",-0.726492399725781
2015,5,"dummy","6615","Kyle O'Quinn",-0.730743463555454
2015,5,"dummy","6633","Robbie Hummel",-0.735805329382637
2015,5,"dummy","3415","D.J. Augustin",-0.737193908304079
2015,5,"dummy","2527963","Victor Oladipo",-0.740805927151575
2015,5,"dummy","pair_2534781_3059319",NA,-0.741842162211207
2015,5,"dummy","2767","Ersan Ilyasova",-0.749722263082538
2015,5,"dummy","4244","Lance Stephenson",-0.753912416009613
2015,5,"dummy","2579321","James Ennis",-0.763013298601672
2015,5,"dummy","6631","Tyler Zeller",-0.764064519876418
2015,5,"dummy","2393","Shaun Livingston",-0.772243734462215
2015,5,"dummy","557","Andre Miller",-0.773255090131258
2015,5,"dummy","2754","Channing Frye",-0.781344648477321
2015,5,"dummy","2389","Al Jefferson",-0.786397364631194
2015,5,"dummy","4303","Donald Sloan",-0.788116477234772
2015,5,"dummy","2419","Anderson Varejao",-0.790802788415394
2015,5,"dummy","2768","Jarrett Jack",-0.810281972244461
2015,5,"dummy","52102",NA,-0.813849805485345
2015,5,"dummy","1018","Jason Richardson",-0.823238850832874
2015,5,"dummy","2528426","Jordan Clarkson",-0.852615523842616
2015,5,"dummy","2596158","Shane Larkin",-0.852910915041209
2015,5,"dummy","4017","Marcus Thornton",-0.854386007958046
2015,5,"dummy","3882","Alexey Shved",-0.85628406520875
2015,5,"dummy","3436","Roy Hibbert",-0.857586364770201
2015,5,"dummy","3209","Jeff Green",-0.882737046073298
2015,5,"dummy","515","Kenyon Martin",-0.88313293778303
2015,5,"dummy","4250","Luke Babbitt",-0.899847250166112
2015,5,"dummy","2782","Nate Robinson",-0.906617228105907
2015,5,"dummy","4229","Reggie Williams",-0.914967373027125
2015,5,"dummy","4023","Garrett Temple",-0.92096652384147
2015,5,"dummy","2489530","Troy Daniels",-0.940163376363027
2015,5,"dummy","2596108","Michael Carter-Williams",-0.944711856197784
2015,5,"dummy","2488958","Solomon Hill",-0.947284533610174
2015,5,"dummy","4289","Kevin Seraphin",-0.951114232704838
2015,5,"dummy","2528210","Tim Hardaway",-0.959129722515152
2015,5,"dummy","3437","J.J. Hickson",-0.962535598011217
2015,5,"dummy","4274","Landry Fields",-0.967210195604044
2015,5,"dummy","2991280","Nerlens Noel",-1.00167435482257
2015,5,"dummy","136","Vince Carter",-1.00255929019961
2015,5,"dummy","110","Kobe Bryant",-1.00598740831345
2015,5,"dummy","2991042","Nik Stauskas",-1.0106619625425
2015,5,"dummy","2528588","Doug McDermott",-1.01205836221936
2015,5,"dummy","3003","Randy Foye",-1.01775723962396
2015,5,"dummy","4195","Kostas Papanikolaou",-1.02988865929937
2015,5,"dummy","2327449","Jorge Gutierrez",-1.05554301092957
2015,5,"dummy","1711","Drew Gooden",-1.06594586230008
2015,5,"dummy","3976","Austin Daye",-1.08651171811376
2015,5,"dummy","2531210","Allen Crabbe",-1.08664263413026
2015,5,"dummy","2530276","Tyler Johnson",-1.09636693811485
2015,5,"dummy","2753","Raymond Felton",-1.10163446279188
2015,5,"dummy","1726","John Salmons",-1.10394130916251
2015,5,"dummy","6593","Bernard James",-1.11201921176267
2015,5,"dummy","3190","Marco Belinelli",-1.11335875232875
2015,5,"dummy","6647","Henry Sims",-1.11933883125394
2015,5,"dummy","1982","Chris Kaman",-1.13079240097105
2015,5,"dummy","4305","Ish Smith",-1.13100987339866
2015,5,"dummy","2417","Sebastian Telfair",-1.13556504963242
2015,5,"dummy","6614","Andrew Nicholson",-1.1523691155968
2015,5,"dummy","6463","Darius Morris",-1.20976137286268
2015,5,"dummy","pair_2177_2488958",NA,-1.21130862503204
2015,5,"dummy","2184","Udonis Haslem",-1.21789480178166
2015,5,"dummy","2531100","Adreian Payne",-1.22887190475972
2015,5,"dummy","3064509","James Young",-1.25604219066751
2015,5,"dummy","2580589","Nick Johnson",-1.26837983713913
2015,5,"dummy","6576","Quincy Acy",-1.29060642912757
2015,5,"dummy","2232456",NA,-1.30166112237027
2015,5,"dummy","6634","Hollis Thompson",-1.30391153724141
2015,5,"dummy","6598","Perry Jones",-1.33709057513289
2015,5,"dummy","1828","Reggie Evans",-1.34871641727805
2015,5,"dummy","3232","Jason Smith",-1.35572589853535
2015,5,"dummy","52101",NA,-1.36127571604042
2015,5,"dummy","6594","John Jenkins",-1.37187605859248
2015,5,"dummy","2327465",NA,-1.38119127549543
2015,5,"dummy","6485","Lance Thomas",-1.41812939126576
2015,5,"dummy","1985","Luke Ridnour",-1.44140323695392
2015,5,"dummy","4661",NA,-1.44754179741729
2015,5,"dummy","3418","Michael Beasley",-1.45387434397204
2015,5,"dummy","2528447","Ray McCallum",-1.47237086829137
2015,5,"dummy","6480","Derrick Williams",-1.49123629267913
2015,5,"dummy","6630","Tony Wroten",-1.49427277560538
2015,5,"dummy","2528787","Lorenzo Brown",-1.51075628200708
2015,5,"dummy","3008","Ryan Hollins",-1.55048448623248
2015,5,"dummy","2991473","Anthony Bennett",-1.57738669597589
2015,5,"dummy","2806","Jose Calderon",-1.60090828289259
2015,5,"dummy","2789",NA,-1.60381065586306
2015,5,"dummy","6637","Kent Bazemore",-1.6102482372869
2015,5,"dummy","3452","JaVale McGee",-1.6128398816216
2015,5,"dummy","6530","Greg Smith",-1.74581062703041
2015,5,"dummy","2490089","Mike Muscala",-1.76662047599161
2015,5,"dummy","2528354","Cameron Bairstow",-1.77073327516674
2015,5,"dummy","2489897","Will Cherry",-1.78292259032656
2015,5,"dummy","2866","John Lucas",-1.86018124157835
2015,5,"dummy","3064440","Zach LaVine",-1.90374373361278
2015,5,"dummy","6590","Justin Hamilton",-1.94996149154736
2015,5,"dummy","3422","Chris Douglas-Roberts",-1.97710007331192
2015,5,"dummy","2325495","Larry Drew",-2.01309279515476
2015,5,"dummy","3464","Henry Walker",-2.13300825470354
2015,5,"dummy","2488684","Erick Green",-2.14229524404857
2015,5,"dummy","2992","Shannon Brown",-2.17527633002419
2015,5,"dummy","2581084","Johnny O'Bryant",-2.17892907518608
2015,5,"dummy","3231","Ramon Sessions",-2.18135354999398
2015,5,"dummy","pair_2596158_3232",NA,-2.19922807681962
2015,5,"dummy","1",NA,-2.2339580863832
2015,5,"dummy","2009","James Jones",-2.24743999618163
2015,5,"dummy","2490144","Brandon Davies",-2.25794888503725
2015,5,"dummy","991","Samuel Dalembert",-2.26619426864675
2015,5,"dummy","3968","Chase Budinger",-2.33764527140109
2015,5,"dummy","6577","Furkan Aldemir",-2.34517831884295
2015,5,"dummy","2987","Andrea Bargnani",-2.34539846896457
2015,5,"dummy","4280","Jerome Jordan",-2.37675250240587
2015,5,"dummy","4267","Cole Aldrich",-2.37761715315998
2015,5,"dummy","4",NA,-2.61407399454359
2015,5,"dummy","6511","Malcolm Thomas",-3.23424735131175
2015,5,"dummy","2795","Martell Webster",-3.39679461324911
2015,5,"dummy","6156","Jeff Taylor",-4.00280947974446
2015,5,"dummy","2488660","Glen Rice",-4.24563634533869
2015,5,"dummy","3457","Brandon Rush",-4.84128201214343
2015,5,"dummy","6610",NA,-5.09958819839831
2015,5,"dummy","2959753","Joffrey Lauvergne",-5.4384438207668
2015,5,"dummy","3",NA,-5.53753113704266
2015,5,"dummy","6391",NA,-6.89766683197524
2015,5,"dummy","2028618",NA,-7.52288427808375
2015,5,"dummy","874",NA,-9.3883719236977
2015,5,"dummy","3064514","Julius Randle",-14.1296683511503
2015,10,"dummy","3979","Toney Douglas",4.80745654229945
2015,10,"dummy","1298",NA,2.72262732359024
2015,10,"dummy","1211",NA,2.39286669767286
2015,10,"dummy","4",NA,2.21470642974695
2015,10,"dummy","2991041","Mitch McGary",2.0246945255726
2015,10,"dummy","4004","Patty Mills",1.94608319042878
2015,10,"dummy","2530596","Andre Roberson",1.68745369386753
2015,10,"dummy","6597","Terrence Jones",1.63059916036299
2015,10,"dummy","3004","Joel Freeland",1.60848001212289
2015,10,"dummy","4248","Al-Farouq Aminu",1.58558915633793
2015,10,"dummy","4011","Ricky Rubio",1.5503669201379
2015,10,"dummy","6427","Bismack Biyombo",1.49419565177194
2015,10,"dummy","2488945","Tim Frazier",1.4916479831941
2015,10,"dummy","1765","Matt Barnes",1.46576432881547
2015,10,"dummy","pair_3975_6589",NA,1.37412550527602
2015,10,"dummy","2747","Andrew Bogut",1.34632588156557
2015,10,"dummy","6424","Lavoy Allen",1.32584694472708
2015,10,"dummy","3975","Stephen Curry",1.26147252612041
2015,10,"dummy","6589","Draymond Green",1.25871282512841
2015,10,"dummy","1017","Zach Randolph",1.25845690233524
2015,10,"dummy","2384","Dwight Howard",1.24505426787624
2015,10,"dummy","3102530","Jusuf Nurkic",1.21416032693601
2015,10,"dummy","2530572","Langston Galloway",1.20046954420911
2015,10,"dummy","2367","Tony Allen",1.18504699220639
2015,10,"dummy","1966","LeBron James",1.17999046563552
2015,10,"dummy","6450","Kawhi Leonard",1.16816569451359
2015,10,"dummy","6609","Khris Middleton",1.16453453969016
2015,10,"dummy","pair_2779_3442",NA,1.13177767809349
2015,10,"dummy","4258","DeMarcus Cousins",1.12848647211779
2015,10,"dummy","4298","Timofey Mozgov",1.12605283894857
2015,10,"dummy","6601","Michael Kidd-Gilchrist",1.11568656397061
2015,10,"dummy","6607","Kendall Marshall",1.11516359513079
2015,10,"dummy","2983","LaMarcus Aldridge",1.08794786562439
2015,10,"dummy","6583","Anthony Davis",1.07500448264586
2015,10,"dummy","2585616","Pero Antic",1.06882022140321
2015,10,"dummy","6475","Klay Thompson",1.0663956499712
2015,10,"dummy","3028","Thabo Sefolosha",1.06316274083667
2015,10,"dummy","2325975","Chris Johnson",1.06110676559194
2015,10,"dummy","3055","J.J. Barea",1.05382947461787
2015,10,"dummy","2386","Andre Iguodala",1.04302308443854
2015,10,"dummy","3024","J.J. Redick",1.02748993911937
2015,10,"dummy","3201","Jared Dudley",1.02692632882294
2015,10,"dummy","3438","George Hill",1.01346784783026
2015,10,"dummy","1237",NA,0.975271797539599
2015,10,"dummy","2489663","Kelly Olynyk",0.972911702612967
2015,10,"dummy","3999","James Johnson",0.96916912552786
2015,10,"dummy","3202","Kevin Durant",0.963484494735881
2015,10,"dummy","6442","Kyrie Irving",0.952680905599588
2015,10,"dummy","2799","Louis Williams",0.951828854307149
2015,10,"dummy","pair_3439_3468",NA,0.946508860486765
2015,10,"dummy","2527968","Devyn Marble",0.941493108901973
2015,10,"dummy","pair_2983_6606",NA,0.937127847589619
2015,10,"dummy","pair_2758_4237",NA,0.914471017268506
2015,10,"dummy","1713","Nene Hilario",0.907345538683718
2015,10,"dummy","3474","Anthony Morrow",0.897521097332624
2015,10,"dummy","pair_3449_6442",NA,0.886908276696921
2015,10,"dummy","2778","C.J. Miles",0.877080250935244
2015,10,"dummy","52097",NA,0.871754949185875
2015,10,"dummy","2018","Kendrick Perkins",0.856618054528261
2015,10,"dummy","pair_4238_6461",NA,0.828743499176067
2015,10,"dummy","3998","Jonas Jerebko",0.824664279126257
2015,10,"dummy","272","Manu Ginobili",0.806035995730841
2015,10,"dummy","3015","Paul Millsap",0.797405960283055
2015,10,"dummy","4032","Wesley Matthews",0.79147633315989
2015,10,"dummy","pair_3032977_6609",NA,0.791376850440584
2015,10,"dummy","pair_3983_6583",NA,0.790677197365599
2015,10,"dummy","4321","Elijah Millsap",0.786749948206584
2015,10,"dummy","6446","Cory Joseph",0.785229576120054
2015,10,"dummy","6606","Damian Lillard",0.785221813338538
2015,10,"dummy","2011","Kyle Korver",0.771036174556141
2015,10,"dummy","pair_3015_4015",NA,0.764513347949945
2015,10,"dummy","609","Dirk Nowitzki",0.761660223091258
2015,10,"dummy","3220","Josh McRoberts",0.756257111539301
2015,10,"dummy","3442","DeAndre Jordan",0.72449427469269
2015,10,"dummy","3224","Joakim Noah",0.718376549921359
2015,10,"dummy","3439","Serge Ibaka",0.707938984214705
2015,10,"dummy","3233","Tiago Splitter",0.689886929347083
2015,10,"dummy","3995","Jrue Holiday",0.682093411905845
2015,10,"dummy","2528353","Tony Snell",0.678984746433286
2015,10,"dummy","1708","Mike Dunleavy",0.658143733176076
2015,10,"dummy","2798","Deron Williams",0.656143943926426
2015,10,"dummy","3988","Danny Green",0.642235865979763
2015,10,"dummy","6461","Markieff Morris",0.637426000455404
2015,10,"dummy","3468","Russell Westbrook",0.63676580047636
2015,10,"dummy","3992","James Harden",0.635968818899583
2015,10,"dummy","3192","Aaron Brooks",0.635930196275647
2015,10,"dummy","6578","Harrison Barnes",0.634741508244738
2015,10,"dummy","2016","Zaza Pachulia",0.632137036665835
2015,10,"dummy","2990992","Marcus Smart",0.631818570257326
2015,10,"dummy","4237","John Wall",0.626828903448378
2015,10,"dummy","3444","Kosta Koufos",0.60724826524245
2015,10,"dummy","3041","Lou Amundson",0.605463139324913
2015,10,"dummy","3989","Blake Griffin",0.604766630807007
2015,10,"dummy","3102528","Dante Exum",0.600103029430907
2015,10,"dummy","2968439","Aron Baynes",0.584137103725466
2015,10,"dummy","2779","Chris Paul",0.582796634933899
2015,10,"dummy","4015","Jeff Teague",0.570375403151112
2015,10,"dummy","6580","Bradley Beal",0.566582739140421
2015,10,"dummy","3012","Kyle Lowry",0.565464817350465
2015,10,"dummy","3276","Anthony Tolliver",0.548635366062306
2015,10,"dummy","1727","Amar'e Stoudemire",0.548080563039876
2015,10,"dummy","2581018","Kentavious Caldwell-Pope",0.544553320857409
2015,10,"dummy","3413","Darrell Arthur",0.525885545431607
2015,10,"dummy","3460","Marreese Speights",0.525157309277525
2015,10,"dummy","662","Paul Pierce",0.521871076711951
2015,10,"dummy","2439","Jameer Nelson",0.5195065267005
2015,10,"dummy","2959745","Sergey Karasev",0.519256027803052
2015,10,"dummy","pair_2799_4264",NA,0.514565144741751
2015,10,"dummy","3456","Derrick Rose",0.510408489855976
2015,10,"dummy","3242","Brandan Wright",0.496239834438994
2015,10,"dummy","4249","Gordon Hayward",0.495374407661698
2015,10,"dummy","261","Kevin Garnett",0.482952283422093
2015,10,"dummy","3447","Robin Lopez",0.479652821823433
2015,10,"dummy","3410","Alexis Ajinca",0.473737931777892
2015,10,"dummy","3195","Mike Conley",0.470725073714606
2015,10,"dummy","6464","Donatas Motiejunas",0.470028615707963
2015,10,"dummy","1781","Luis Scola",0.453655254412035
2015,10,"dummy","4182","Pablo Prigioni",0.447671905084859
2015,10,"dummy","3983","Tyreke Evans",0.437716303574392
2015,10,"dummy","4262","Hassan Whiteside",0.432139964770538
2015,10,"dummy","984","Tyson Chandler",0.428545223978423
2015,10,"dummy","2004","Willie Green",0.42028478105412
2015,10,"dummy","2382","Devin Harris",0.420101056249737
2015,10,"dummy","6430","Jimmy Butler",0.415392055504338
2015,10,"dummy","2758","Marcin Gortat",0.415338339777566
2015,10,"dummy","3417","Jerryd Bayless",0.41132624710974
2015,10,"dummy","6622","Mike Scott",0.408433300549816
2015,10,"dummy","2578213","Ben McLemore",0.392226179100805
2015,10,"dummy","3213","Al Horford",0.386594686315269
2015,10,"dummy","pair_2429_3419",NA,0.385633895994271
2015,10,"dummy","1007","Joe Johnson",0.381994750845005
2015,10,"dummy","1994","Steve Blake",0.360232731499633
2015,10,"dummy","6459","Nikola Mirotic",0.358617080711233
2015,10,"dummy","1996","Matt Bonner",0.34966880718436
2015,10,"dummy","3964","Patrick Beverley",0.347928840236259
2015,10,"dummy","2426","Trevor Ariza",0.34605903022995
2015,10,"dummy","3453","Nikola Pekovic",0.339531965447228
2015,10,"dummy","pair_2426_3992",NA,0.330241074766977
2015,10,"dummy","pair_2581018_6585",NA,0.327994259339834
2015,10,"dummy","pair_2578213_3005",NA,0.314718176635132
2015,10,"dummy","pair_2745_4239",NA,0.312992671243357
2015,10,"dummy","pair_3195_3206",NA,0.30515779012067
2015,10,"dummy","6620","Robert Sacre",0.303213993426742
2015,10,"dummy","2745","Brandon Bass",0.300510035529226
2015,10,"dummy","3032977","Giannis Antetokounmpo",0.294289674965738
2015,10,"dummy","3973","Darren Collison",0.284898600286989
2015,10,"dummy","6616","Miles Plumlee",0.282103941539992
2015,10,"dummy","841","Jason Terry",0.281641327475194
2015,10,"dummy","2429","Luol Deng",0.279203067525614
2015,10,"dummy","2991227","Cleanthony Early",0.273930751515618
2015,10,"dummy","52098",NA,0.267576457293231
2015,10,"dummy","6472","Isaiah Thomas",0.253265984120823
2015,10,"dummy","2583639","Elfrid Payton",0.24868176831854
2015,10,"dummy","1724","Tayshaun Prince",0.240990437656824
2015,10,"dummy","4264","Patrick Patterson",0.234493730922429
2015,10,"dummy","3431","Eric Gordon",0.229116760738514
2015,10,"dummy","6447","Enes Kanter",0.22580262557001
2015,10,"dummy","2991070","Jerami Grant",0.225777237027195
2015,10,"dummy","2448","Beno Udrih",0.211994478806172
2015,10,"dummy","3428","Danilo Gallinari",0.202687852714941
2015,10,"dummy","3970","DeMarre Carroll",0.202026596279157
2015,10,"dummy","2444","J.R. Smith",0.198710950195538
2015,10,"dummy","2579258","Cody Zeller",0.188619985132791
2015,10,"dummy","3449","Kevin Love",0.173928903032317
2015,10,"dummy","pair_2751_6466",NA,0.166810151491198
2015,10,"dummy","4247","Wesley Johnson",0.159161071677215
2015,10,"dummy","3033","P.J. Tucker",0.146500269846552
2015,10,"dummy","1975","Carmelo Anthony",0.139295613928
2015,10,"dummy","pair_2991280_3451",NA,0.136037122754862
2015,10,"dummy","6466","Chandler Parsons",0.132715312720073
2015,10,"dummy","2594922","Otto Porter",0.130042458302611
2015,10,"dummy","6569","Alan Anderson",0.127713087673063
2015,10,"dummy","6474","Tristan Thompson",0.116427943762517
2015,10,"dummy","6581","Jae Crowder",0.110277545935242
2015,10,"dummy","2581177","Rodney Hood",0.1040921167778
2015,10,"dummy","3993","Gerald Henderson",0.103480880663103
2015,10,"dummy","2751","Monta Ellis",0.103310157021986
2015,10,"dummy","4291","Greivis Vasquez",0.098158222351458
2015,10,"dummy","4270","Trevor Booker",0.0962153675514026
2015,10,"dummy","4240","Avery Bradley",0.0903502170080642
2015,10,"dummy","215","Tim Duncan",0.0897139657221412
2015,10,"dummy","2769","Amir Johnson",0.0764247307372171
2015,10,"dummy","1135","Chris Andersen",0.074124498633873
2015,10,"dummy","2772","David Lee",0.0700006752068045
2015,10,"dummy","165","Jamal Crawford",0.0687195113039575
2015,10,"dummy","6605","Meyers Leonard",0.0625434208956956
2015,10,"dummy","6624","Jared Sullinger",0.0601122421690033
2015,10,"dummy","2178","Mo Williams",0.0570303012748989
2015,10,"dummy","3974","Dante Cunningham",0.045747397560953
2015,10,"dummy","3981","Wayne Ellington",0.0433597184104854
2015,10,"dummy","4260","Greg Monroe",0.039875590768632
2015,10,"dummy","3191","Corey Brewer",0.0386370732583796
2015,10,"dummy","3206","Marc Gasol",0.0337644207486141
2015,10,"dummy","3026","Rajon Rondo",0.0320127526739236
2015,10,"dummy","3416","Nicolas Batum",0.0254453600964453
2015,10,"dummy","1981","Kirk Hinrich",0.0248467267974037
2015,10,"dummy","2991235","Steven Adams",0.0128264987322729
2015,10,"dummy","2309097","Damjan Rudez",0.00720689787339924
2015,10,"dummy","2775","Jason Maxiell",0.00580294079683921
2015,10,"dummy","4257","Derrick Favors",0.00362698305079214
2015,10,"dummy","3445","Courtney Lee",0.00142808855687226
2015,10,"dummy","6433","Kenneth Faried",0.00140871918218881
2015,10,"dummy","4385","Mirza Teletovic",-0.000208417155145693
2015,10,"dummy","2774","Ian Mahinmi",-0.0146637767362971
2015,10,"dummy","6619","Terrence Ross",-0.0156906792420781
2015,10,"dummy","3423","Goran Dragic",-0.0188242023113911
2015,10,"dummy","996","Pau Gasol",-0.0260738936184245
2015,10,"dummy","pair_4249_4257",NA,-0.0292835736765897
2015,10,"dummy","3986","Taj Gibson",-0.0319509505110399
2015,10,"dummy","3978","DeMar DeRozan",-0.0361798014046357
2015,10,"dummy","1977","Chris Bosh",-0.0516326633816631
2015,10,"dummy","3450","O.J. Mayo",-0.058781328149261
2015,10,"dummy","4253","Quincy Pondexter",-0.0658288227742186
2015,10,"dummy","3217","Carl Landry",-0.0703129220123205
2015,10,"dummy","6462","Marcus Morris",-0.0862255027204772
2015,10,"dummy","6443","Reggie Jackson",-0.0876537508324017
2015,10,"dummy","2167","Boris Diaw",-0.0877700734253427
2015,10,"dummy","2755","Francisco Garcia",-0.0902048776186247
2015,10,"dummy","3997","Brandon Jennings",-0.103175841107397
2015,10,"dummy","4238","Eric Bledsoe",-0.106781552129907
2015,10,"dummy","3421","Joey Dorsey",-0.116416353781689
2015,10,"dummy","3187","Arron Afflalo",-0.119161974893144
2015,10,"dummy","3235","Rodney Stuckey",-0.127796683255156
2015,10,"dummy","6617","Austin Rivers",-0.131715409104068
2015,10,"dummy","6591","Maurice Harkless",-0.140619014950789
2015,10,"dummy","6585","Andre Drummond",-0.142947072006254
2015,10,"dummy","4000","Ty Lawson",-0.14436198922893
2015,10,"dummy","6452","Jon Leuer",-0.158728825864644
2015,10,"dummy","3032976","Rudy Gobert",-0.16537216527588
2015,10,"dummy","1218",NA,-0.198271843199499
2015,10,"dummy","3277","C.J. Watson",-0.203889616075458
2015,10,"dummy","6468","Iman Shumpert",-0.210724081388306
2015,10,"dummy","2807","Ronnie Price",-0.211823475004147
2015,10,"dummy","3414","Omer Asik",-0.214832523363601
2015,10,"dummy","2968436","Joe Ingles",-0.236181017606129
2015,10,"dummy","6588","Evan Fournier",-0.244117587288535
2015,10,"dummy","2530780","Shabazz Napier",-0.247203713603442
2015,10,"dummy","pair_6430_996",NA,-0.248227576888672
2015,10,"dummy","1703","Carlos Boozer",-0.250376120068774
2015,10,"dummy","2596107","Alex Len",-0.257638519684246
2015,10,"dummy","3244","Thaddeus Young",-0.259228650226755
2015,10,"dummy","2528393","Tarik Black",-0.284180533831641
2015,10,"dummy","2490620","Robert Covington",-0.288370491409719
2015,10,"dummy","3554","Omri Casspi",-0.288541239613314
2015,10,"dummy","1006","Richard Jefferson",-0.294071803955054
2015,10,"dummy","6448","Brandon Knight",-0.297157793855463
2015,10,"dummy","3243","Nick Young",-0.298046748897933
2015,10,"dummy","3064290","Aaron Gordon",-0.30757372570847
2015,10,"dummy","1705","Caron Butler",-0.310878368430358
2015,10,"dummy","2433","Kris Humphries",-0.311588401083847
2015,10,"dummy","6469","Kyle Singler",-0.313781309347023
2015,10,"dummy","pair_1015_215",NA,-0.314130629401015
2015,10,"dummy","510","Shawn Marion",-0.333820928960471
2015,10,"dummy","pair_2527963_6478",NA,-0.34517381074252
2015,10,"dummy","2488653","Mason Plumlee",-0.347074754152837
2015,10,"dummy","2993875","Shabazz Muhammad",-0.364640763796559
2015,10,"dummy","pair_2797_6479",NA,-0.367714143903992
2015,10,"dummy","2177","David West",-0.372891135269781
2015,10,"dummy","3211","Spencer Hawes",-0.375407183039514
2015,10,"dummy","1987","Dwyane Wade",-0.376159243580038
2015,10,"dummy","pair_1703_4299",NA,-0.377016461006463
2015,10,"dummy","6641","Brian Roberts",-0.380951016739079
2015,10,"dummy","3005","Rudy Gay",-0.388894137454336
2015,10,"dummy","4299","Jeremy Lin",-0.395204232354565
2015,10,"dummy","6478","Nikola Vucevic",-0.405669892548838
2015,10,"dummy","4259","Ed Davis",-0.426965687169407
2015,10,"dummy","3059319","Andrew Wiggins",-0.432470346429812
2015,10,"dummy","1767","Rasual Butler",-0.434234831144797
2015,10,"dummy","4239","Evan Turner",-0.438708962300737
2015,10,"dummy","2594816","P.J. Hairston",-0.442270818743905
2015,10,"dummy","6635","Chris Copeland",-0.449617725624783
2015,10,"dummy","3462","Jason Thompson",-0.462903156798291
2015,10,"dummy","1",NA,-0.483524946972655
2015,10,"dummy","2579260","Trey Burke",-0.488424280669362
2015,10,"dummy","558","Mike Miller",-0.489278623048251
2015,10,"dummy","3419","Mario Chalmers",-0.507228279938161
2015,10,"dummy","6479","Kemba Walker",-0.523050793609747
2015,10,"dummy","1978","Nick Collison",-0.529293049715823
2015,10,"dummy","1015","Tony Parker",-0.534480845832939
2015,10,"dummy","2489716","Matthew Dellavedova",-0.536851911847233
2015,10,"dummy","91","Elton Brand",-0.54168775695222
2015,10,"dummy","2411","Josh Smith",-0.54237139044527
2015,10,"dummy","6440","Tobias Harris",-0.547670448039582
2015,10,"dummy","2797","Marvin Williams",-0.551322006947637
2015,10,"dummy","2394","Kevin Martin",-0.553411340327857
2015,10,"dummy","6431","Norris Cole",-0.561520779862163
2015,10,"dummy","3451","Luc Richard",-0.581674218430122
2015,10,"dummy","2381","Ben Gordon",-0.590112487136207
2015,10,"dummy","2760","Danny Granger",-0.609009745222514
2015,10,"dummy","6429","Alec Burks",-0.612687323151468
2015,10,"dummy","4003","Jodie Meeks",-0.629501381425204
2015,10,"dummy","4265","Larry Sanders",-0.643105346531224
2015,10,"dummy","6628","Dion Waiters",-0.645846878962861
2015,10,"dummy","2488651","Ryan Kelly",-0.651562708663199
2015,10,"dummy","2993874","Kyle Anderson",-0.661825906059546
2015,10,"dummy","2534781","Gorgui Dieng",-0.679432454934099
2015,10,"dummy","3593","Bojan Bogdanovic",-0.69103497781315
2015,10,"dummy","2",NA,-0.691139042037617
2015,10,"dummy","2490589","Isaiah Canaan",-0.691976490702987
2015,10,"dummy","pair_3194_4000",NA,-0.695149317829717
2015,10,"dummy","pair_1007_2768",NA,-0.698234580524725
2015,10,"dummy","3038","Shawne Williams",-0.710449583548723
2015,10,"dummy","6477","Jonas Valanciunas",-0.71211739920376
2015,10,"dummy","4300","Gary Neal",-0.713823976521772
2015,10,"dummy","3448","Brook Lopez",-0.743015283307514
2015,10,"dummy","3412","Ryan Anderson",-0.750055934528514
2015,10,"dummy","6633","Robbie Hummel",-0.759276842417009
2015,10,"dummy","2999547","Gary Harris",-0.760874095379902
2015,10,"dummy","3994","Jordan Hill",-0.763278471175047
2015,10,"dummy","2596158","Shane Larkin",-0.788680270748996
2015,10,"dummy","3056600","Jabari Parker",-0.78896164151353
2015,10,"dummy","3032979","Dennis Schroder",-0.791259406305053
2015,10,"dummy","3194","Wilson Chandler",-0.7961121371119
2015,10,"dummy","pair_2534781_3059319",NA,-0.798560934834136
2015,10,"dummy","6615","Kyle O'Quinn",-0.804322382761678
2015,10,"dummy","2527963","Victor Oladipo",-0.810133562295741
2015,10,"dummy","2761","Gerald Green",-0.811587826435057
2015,10,"dummy","3415","D.J. Augustin",-0.812512181126706
2015,10,"dummy","4244","Lance Stephenson",-0.8199937852552
2015,10,"dummy","2579321","James Ennis",-0.822454789785518
2015,10,"dummy","6592","John Henson",-0.827751800308415
2015,10,"dummy","6603","Jeremy Lamb",-0.834938217565556
2015,10,"dummy","2754","Channing Frye",-0.844865847840133
2015,10,"dummy","2566741","K.J. McDaniels",-0.845144488182355
2015,10,"dummy","2608891","JaKarr Sampson",-0.84916490998931
2015,10,"dummy","6587","Festus Ezeli",-0.859207694377301
2015,10,"dummy","6631","Tyler Zeller",-0.862872349394856
2015,10,"dummy","2389","Al Jefferson",-0.88278840619557
2015,10,"dummy","2767","Ersan Ilyasova",-0.885658647718037
2015,10,"dummy","2768","Jarrett Jack",-0.899815318186414
2015,10,"dummy","2166","Leandro Barbosa",-0.902035411555559
2015,10,"dummy","4303","Donald Sloan",-0.912038332412765
2015,10,"dummy","3436","Roy Hibbert",-0.917909331292919
2015,10,"dummy","2528210","Tim Hardaway",-0.934576741510943
2015,10,"dummy","2393","Shaun Livingston",-0.946572860738447
2015,10,"dummy","2419","Anderson Varejao",-0.94905137724466
2015,10,"dummy","4017","Marcus Thornton",-0.951529512692291
2015,10,"dummy","1018","Jason Richardson",-0.960177603872351
2015,10,"dummy","3882","Alexey Shved",-0.970458011841555
2015,10,"dummy","3209","Jeff Green",-0.975160314540105
2015,10,"dummy","2528426","Jordan Clarkson",-1.00088860671591
2015,10,"dummy","52102",NA,-1.00210650258895
2015,10,"dummy","2596108","Michael Carter-Williams",-1.0578378134107
2015,10,"dummy","2488958","Solomon Hill",-1.05950615513059
2015,10,"dummy","4250","Luke Babbitt",-1.07465687783496
2015,10,"dummy","110","Kobe Bryant",-1.07930041653186
2015,10,"dummy","2991042","Nik Stauskas",-1.08319223281941
2015,10,"dummy","4023","Garrett Temple",-1.08885962813887
2015,10,"dummy","2991280","Nerlens Noel",-1.09223398300284
2015,10,"dummy","3437","J.J. Hickson",-1.09439298461563
2015,10,"dummy","4274","Landry Fields",-1.09760393424926
2015,10,"dummy","2782","Nate Robinson",-1.09913605957839
2015,10,"dummy","136","Vince Carter",-1.11933411845972
2015,10,"dummy","6593","Bernard James",-1.15148481690742
2015,10,"dummy","4195","Kostas Papanikolaou",-1.15607884165113
2015,10,"dummy","2417","Sebastian Telfair",-1.17952205321953
2015,10,"dummy","6647","Henry Sims",-1.19184387029149
2015,10,"dummy","1982","Chris Kaman",-1.21566301338249
2015,10,"dummy","2530276","Tyler Johnson",-1.24343046387393
2015,10,"dummy","2531210","Allen Crabbe",-1.25407035538422
2015,10,"dummy","3003","Randy Foye",-1.27854500082586
2015,10,"dummy","2531100","Adreian Payne",-1.29671138469374
2015,10,"dummy","4289","Kevin Seraphin",-1.30210623122246
2015,10,"dummy","pair_2177_2488958",NA,-1.31541446208122
2015,10,"dummy","6576","Quincy Acy",-1.32573254044167
2015,10,"dummy","3190","Marco Belinelli",-1.32717273704247
2015,10,"dummy","2184","Udonis Haslem",-1.33780065569149
2015,10,"dummy","1711","Drew Gooden",-1.38936897138028
2015,10,"dummy","3232","Jason Smith",-1.43299811201004
2015,10,"dummy","3418","Michael Beasley",-1.44237484674574
2015,10,"dummy","6634","Hollis Thompson",-1.45104132055386
2015,10,"dummy","1828","Reggie Evans",-1.48446093501755
2015,10,"dummy","6598","Perry Jones",-1.51408989912142
2015,10,"dummy","52101",NA,-1.55927429623958
2015,10,"dummy","6485","Lance Thomas",-1.56103627227151
2015,10,"dummy","2528447","Ray McCallum",-1.65134834753993
2015,10,"dummy","2991473","Anthony Bennett",-1.68443638852034
2015,10,"dummy","2528787","Lorenzo Brown",-1.69457487894226
2015,10,"dummy","6480","Derrick Williams",-1.70442866355761
2015,10,"dummy","1985","Luke Ridnour",-1.70947141005806
2015,10,"dummy","2806","Jose Calderon",-1.73461767932961
2015,10,"dummy","6630","Tony Wroten",-1.75472251208033
2015,10,"dummy","6637","Kent Bazemore",-1.8877043776542
2015,10,"dummy","3",NA,-2.00996861840603
2015,10,"dummy","3064440","Zach LaVine",-2.10705983390046
2015,10,"dummy","5",NA,-2.17450711777572
2015,10,"dummy","6590","Justin Hamilton",-2.19607245455961
2015,10,"dummy","pair_2596158_3232",NA,-2.36010253360026
2015,10,"dummy","3464","Henry Walker",-2.41845045307039
2015,10,"dummy","2325495","Larry Drew",-2.44345573846032
2015,10,"dummy","3231","Ramon Sessions",-2.47431908939731
2015,10,"dummy","2992","Shannon Brown",-2.49280825306643
2015,10,"dummy","991","Samuel Dalembert",-2.51481528804241
2015,10,"dummy","2490144","Brandon Davies",-2.52368132808374
2015,10,"dummy","4267","Cole Aldrich",-2.55890681217189
2015,10,"dummy","3968","Chase Budinger",-2.56599760362344
2015,10,"dummy","2581084","Johnny O'Bryant",-2.58482530233999
2015,10,"dummy","2987","Andrea Bargnani",-2.64599737598561
2015,10,"dummy","2959753","Joffrey Lauvergne",-6.1229659659238
2015,10,"dummy","2028618",NA,-8.57657676265586
2015,15,"dummy","3979","Toney Douglas",5.20349576417464
2015,15,"dummy","1298",NA,3.11155889773815
2015,15,"dummy","1211",NA,2.71084796542406
2015,15,"dummy","2530596","Andre Roberson",1.93107105421875
2015,15,"dummy","6597","Terrence Jones",1.85588579557037
2015,15,"dummy","2488945","Tim Frazier",1.77451291583363
2015,15,"dummy","4011","Ricky Rubio",1.76206948725008
2015,15,"dummy","6427","Bismack Biyombo",1.68435263019845
2015,15,"dummy","1765","Matt Barnes",1.6488504884588
2015,15,"dummy","6424","Lavoy Allen",1.56347398566017
2015,15,"dummy","pair_3975_6589",NA,1.49969635368164
2015,15,"dummy","1017","Zach Randolph",1.49307061964748
2015,15,"dummy","2530572","Langston Galloway",1.47459332875057
2015,15,"dummy","2367","Tony Allen",1.46869583702012
2015,15,"dummy","6450","Kawhi Leonard",1.45005241267416
2015,15,"dummy","2747","Andrew Bogut",1.4368182494825
2015,15,"dummy","2384","Dwight Howard",1.39136665660744
2015,15,"dummy","3975","Stephen Curry",1.37291641185549
2015,15,"dummy","3102530","Jusuf Nurkic",1.36139490458269
2015,15,"dummy","1966","LeBron James",1.35354145736326
2015,15,"dummy","6601","Michael Kidd-Gilchrist",1.32025048937516
2015,15,"dummy","6589","Draymond Green",1.30785990940165
2015,15,"dummy","3201","Jared Dudley",1.27690971443586
2015,15,"dummy","6609","Khris Middleton",1.26871833928078
2015,15,"dummy","4298","Timofey Mozgov",1.26291147372219
2015,15,"dummy","pair_2779_3442",NA,1.23915185587046
2015,15,"dummy","6583","Anthony Davis",1.20303093205148
2015,15,"dummy","3474","Anthony Morrow",1.20138993612633
2015,15,"dummy","3202","Kevin Durant",1.19601834211937
2015,15,"dummy","272","Manu Ginobili",1.17349181536261
2015,15,"dummy","2585616","Pero Antic",1.17290787476367
2015,15,"dummy","2983","LaMarcus Aldridge",1.15671485015772
2015,15,"dummy","3438","George Hill",1.1500976845381
2015,15,"dummy","6475","Klay Thompson",1.12175276779761
2015,15,"dummy","2489663","Kelly Olynyk",1.1151890961152
2015,15,"dummy","609","Dirk Nowitzki",1.11414593986591
2015,15,"dummy","3999","James Johnson",1.10066708035919
2015,15,"dummy","2527968","Devyn Marble",1.09950698991009
2015,15,"dummy","3024","J.J. Redick",1.0897520045468
2015,15,"dummy","2778","C.J. Miles",1.08387095309811
2015,15,"dummy","2799","Louis Williams",1.06665315291712
2015,15,"dummy","pair_2758_4237",NA,1.05798455947777
2015,15,"dummy","6442","Kyrie Irving",1.05085643071587
2015,15,"dummy","pair_3439_3468",NA,1.03476667625651
2015,15,"dummy","pair_2983_6606",NA,1.0069230117543
2015,15,"dummy","6446","Cory Joseph",0.997278397859997
2015,15,"dummy","2386","Andre Iguodala",0.991111013939839
2015,15,"dummy","4258","DeMarcus Cousins",0.987529267973477
2015,15,"dummy","1713","Nene Hilario",0.979934836839756
2015,15,"dummy","3233","Tiago Splitter",0.97486018122712
2015,15,"dummy","pair_3449_6442",NA,0.973840645207025
2015,15,"dummy","pair_4238_6461",NA,0.948103165670016
2015,15,"dummy","4321","Elijah Millsap",0.935961168752065
2015,15,"dummy","6606","Damian Lillard",0.934998999790658
2015,15,"dummy","2382","Devin Harris",0.929747699769634
2015,15,"dummy","4032","Wesley Matthews",0.921780108944538
2015,15,"dummy","2325975","Chris Johnson",0.907343956312937
2015,15,"dummy","3192","Aaron Brooks",0.900715082025707
2015,15,"dummy","3224","Joakim Noah",0.890610991796539
2015,15,"dummy","3988","Danny Green",0.886608086813544
2015,15,"dummy","3220","Josh McRoberts",0.867110018350639
2015,15,"dummy","pair_3983_6583",NA,0.845868575478647
2015,15,"dummy","pair_3015_4015",NA,0.841025936746418
2015,15,"dummy","2011","Kyle Korver",0.834076229244483
2015,15,"dummy","3015","Paul Millsap",0.81999010834328
2015,15,"dummy","2990992","Marcus Smart",0.808213746877753
2015,15,"dummy","3439","Serge Ibaka",0.804683690667278
2015,15,"dummy","pair_3032977_6609",NA,0.76460502058891
2015,15,"dummy","6461","Markieff Morris",0.758804157273851
2015,15,"dummy","2798","Deron Williams",0.757989614572768
2015,15,"dummy","1708","Mike Dunleavy",0.754380286333378
2015,15,"dummy","1727","Amar'e Stoudemire",0.752638902674483
2015,15,"dummy","3992","James Harden",0.750354236054064
2015,15,"dummy","3442","DeAndre Jordan",0.741484037144973
2015,15,"dummy","3102528","Dante Exum",0.741017481242602
2015,15,"dummy","3468","Russell Westbrook",0.73320123520751
2015,15,"dummy","3995","Jrue Holiday",0.729389574814817
2015,15,"dummy","3041","Lou Amundson",0.704678213947531
2015,15,"dummy","2581018","Kentavious Caldwell-Pope",0.699401190045673
2015,15,"dummy","2439","Jameer Nelson",0.678256587946292
2015,15,"dummy","2959745","Sergey Karasev",0.674687392887421
2015,15,"dummy","4237","John Wall",0.668681685373062
2015,15,"dummy","3012","Kyle Lowry",0.665127415852376
2015,15,"dummy","3456","Derrick Rose",0.64778004115181
2015,15,"dummy","2016","Zaza Pachulia",0.631889368424635
2015,15,"dummy","4249","Gordon Hayward",0.625467542287368
2015,15,"dummy","3989","Blake Griffin",0.617022453143128
2015,15,"dummy","261","Kevin Garnett",0.603039036460168
2015,15,"dummy","4015","Jeff Teague",0.601087490912171
2015,15,"dummy","2779","Chris Paul",0.591867530506514
2015,15,"dummy","984","Tyson Chandler",0.591610540956932
2015,15,"dummy","6578","Harrison Barnes",0.576432050349244
2015,15,"dummy","1781","Luis Scola",0.568030853175355
2015,15,"dummy","662","Paul Pierce",0.559391940006322
2015,15,"dummy","6430","Jimmy Butler",0.538359879118162
2015,15,"dummy","4262","Hassan Whiteside",0.536828385518994
2015,15,"dummy","pair_2799_4264",NA,0.535864156286677
2015,15,"dummy","6580","Bradley Beal",0.524514404161412
2015,15,"dummy","6464","Donatas Motiejunas",0.519474165883637
2015,15,"dummy","3195","Mike Conley",0.498153157230426
2015,15,"dummy","52098",NA,0.498133569421864
2015,15,"dummy","3983","Tyreke Evans",0.494293373400855
2015,15,"dummy","3417","Jerryd Bayless",0.477757300313826
2015,15,"dummy","pair_2429_3419",NA,0.472645472919587
2015,15,"dummy","1007","Joe Johnson",0.471575189549349
2015,15,"dummy","1994","Steve Blake",0.452702111023421
2015,15,"dummy","2758","Marcin Gortat",0.446469531926921
2015,15,"dummy","3460","Marreese Speights",0.444652370304586
2015,15,"dummy","6472","Isaiah Thomas",0.437814979430045
2015,15,"dummy","pair_2578213_3005",NA,0.433737344683627
2015,15,"dummy","2426","Trevor Ariza",0.405718550066448
2015,15,"dummy","2583639","Elfrid Payton",0.393616844092359
2015,15,"dummy","3447","Robin Lopez",0.392559967323758
2015,15,"dummy","3213","Al Horford",0.378020380948449
2015,15,"dummy","3964","Patrick Beverley",0.355971680119506
2015,15,"dummy","2745","Brandon Bass",0.355118345551949
2015,15,"dummy","pair_2426_3992",NA,0.354474375057091
2015,15,"dummy","841","Jason Terry",0.354162539190859
2015,15,"dummy","pair_2581018_6585",NA,0.345287195596424
2015,15,"dummy","6616","Miles Plumlee",0.333134856400623
2015,15,"dummy","3431","Eric Gordon",0.32915829466256
2015,15,"dummy","pair_2745_4239",NA,0.324108991528537
2015,15,"dummy","3973","Darren Collison",0.323656535630211
2015,15,"dummy","3032977","Giannis Antetokounmpo",0.310723749409258
2015,15,"dummy","2429","Luol Deng",0.304341188864424
2015,15,"dummy","3453","Nikola Pekovic",0.296743348669792
2015,15,"dummy","6447","Enes Kanter",0.292288316239917
2015,15,"dummy","2991070","Jerami Grant",0.286705003241525
2015,15,"dummy","1975","Carmelo Anthony",0.28217329839178
2015,15,"dummy","pair_2991280_3451",NA,0.28057236869091
2015,15,"dummy","1724","Tayshaun Prince",0.279658830232859
2015,15,"dummy","2578213","Ben McLemore",0.269722237424081
2015,15,"dummy","2444","J.R. Smith",0.263914190710723
2015,15,"dummy","4247","Wesley Johnson",0.256067620836443
2015,15,"dummy","pair_3195_3206",NA,0.255899758224141
2015,15,"dummy","6466","Chandler Parsons",0.250579060076978
2015,15,"dummy","2751","Monta Ellis",0.233189716359315
2015,15,"dummy","3033","P.J. Tucker",0.229970232178617
2015,15,"dummy","2579258","Cody Zeller",0.229497714388436
2015,15,"dummy","3981","Wayne Ellington",0.228996042996362
2015,15,"dummy","4264","Patrick Patterson",0.217767926356082
2015,15,"dummy","pair_2751_6466",NA,0.191379851339835
2015,15,"dummy","3428","Danilo Gallinari",0.182557113719637
2015,15,"dummy","4240","Avery Bradley",0.177076614722474
2015,15,"dummy","1135","Chris Andersen",0.16664928005668
2015,15,"dummy","3970","DeMarre Carroll",0.165640559067528
2015,15,"dummy","6569","Alan Anderson",0.164690258622038
2015,15,"dummy","4260","Greg Monroe",0.154071640327132
2015,15,"dummy","3449","Kevin Love",0.137881796999873
2015,15,"dummy","3993","Gerald Henderson",0.126222002549646
2015,15,"dummy","6474","Tristan Thompson",0.121654108594313
2015,15,"dummy","3974","Dante Cunningham",0.11284159090369
2015,15,"dummy","215","Tim Duncan",0.112223256856528
2015,15,"dummy","6624","Jared Sullinger",0.104030262275511
2015,15,"dummy","1981","Kirk Hinrich",0.092565036162191
2015,15,"dummy","4291","Greivis Vasquez",0.0870524222598693
2015,15,"dummy","2769","Amir Johnson",0.0817096065735873
2015,15,"dummy","3986","Taj Gibson",0.0738445821652968
2015,15,"dummy","4385","Mirza Teletovic",0.0618540792694022
2015,15,"dummy","4253","Quincy Pondexter",0.0593515609999055
2015,15,"dummy","3026","Rajon Rondo",0.0547017473866161
2015,15,"dummy","2774","Ian Mahinmi",0.047082630136447
2015,15,"dummy","3191","Corey Brewer",0.0370067028460062
2015,15,"dummy","3445","Courtney Lee",0.0308622804947085
2015,15,"dummy","2167","Boris Diaw",0.0222259986991877
2015,15,"dummy","3416","Nicolas Batum",0.0124502106386151
2015,15,"dummy","996","Pau Gasol",0.00827766335144237
2015,15,"dummy","3978","DeMar DeRozan",0.00239927093154138
2015,15,"dummy","4257","Derrick Favors",0.00226166581116326
2015,15,"dummy","3206","Marc Gasol",-0.0123702675698456
2015,15,"dummy","3423","Goran Dragic",-0.0164714219160871
2015,15,"dummy","6619","Terrence Ross",-0.0189211910640204
2015,15,"dummy","6443","Reggie Jackson",-0.0276045161170563
2015,15,"dummy","165","Jamal Crawford",-0.029746777805345
2015,15,"dummy","6433","Kenneth Faried",-0.0404852905760665
2015,15,"dummy","6462","Marcus Morris",-0.0412206632002787
2015,15,"dummy","3235","Rodney Stuckey",-0.0438714365425429
2015,15,"dummy","pair_4249_4257",NA,-0.0571832277807237
2015,15,"dummy","1977","Chris Bosh",-0.0703689304962889
2015,15,"dummy","3450","O.J. Mayo",-0.0709953093426588
2015,15,"dummy","3997","Brandon Jennings",-0.0735481905152293
2015,15,"dummy","3187","Arron Afflalo",-0.0803849600684739
2015,15,"dummy","2772","David Lee",-0.101679477563558
2015,15,"dummy","4000","Ty Lawson",-0.10857199340951
2015,15,"dummy","6585","Andre Drummond",-0.120716706662176
2015,15,"dummy","2594922","Otto Porter",-0.130709498305416
2015,15,"dummy","3032976","Rudy Gobert",-0.136766315421775
2015,15,"dummy","2807","Ronnie Price",-0.137576271453426
2015,15,"dummy","4238","Eric Bledsoe",-0.139147572842766
2015,15,"dummy","6617","Austin Rivers",-0.142036317898688
2015,15,"dummy","2991235","Steven Adams",-0.14206996954519
2015,15,"dummy","3243","Nick Young",-0.181613960994779
2015,15,"dummy","3277","C.J. Watson",-0.184709792499264
2015,15,"dummy","6468","Iman Shumpert",-0.186515166448876
2015,15,"dummy","1705","Caron Butler",-0.190020172218246
2015,15,"dummy","1703","Carlos Boozer",-0.192017729207253
2015,15,"dummy","2178","Mo Williams",-0.243425900431214
2015,15,"dummy","1",NA,-0.244971988727645
2015,15,"dummy","2968436","Joe Ingles",-0.250862851176356
2015,15,"dummy","3244","Thaddeus Young",-0.261701497298648
2015,15,"dummy","6588","Evan Fournier",-0.265185970060344
2015,15,"dummy","2596107","Alex Len",-0.26984286119137
2015,15,"dummy","2490620","Robert Covington",-0.273491193243861
2015,15,"dummy","2528393","Tarik Black",-0.275683880453629
2015,15,"dummy","pair_6430_996",NA,-0.295163961299537
2015,15,"dummy","6469","Kyle Singler",-0.299226045064703
2015,15,"dummy","2177","David West",-0.309428996196611
2015,15,"dummy","pair_2527963_6478",NA,-0.311466057867263
2015,15,"dummy","3414","Omer Asik",-0.311759346230673
2015,15,"dummy","pair_1703_4299",NA,-0.327627452735771
2015,15,"dummy","4299","Jeremy Lin",-0.361748089720466
2015,15,"dummy","pair_2797_6479",NA,-0.362227290934151
2015,15,"dummy","6448","Brandon Knight",-0.389525331496606
2015,15,"dummy","pair_1015_215",NA,-0.396121120014832
2015,15,"dummy","510","Shawn Marion",-0.397546230600881
2015,15,"dummy","2488653","Mason Plumlee",-0.40127456437112
2015,15,"dummy","4003","Jodie Meeks",-0.417146770008839
2015,15,"dummy","4259","Ed Davis",-0.427363145801483
2015,15,"dummy","2",NA,-0.440366956327831
2015,15,"dummy","6478","Nikola Vucevic",-0.450488197193662
2015,15,"dummy","4239","Evan Turner",-0.458941499753693
2015,15,"dummy","3211","Spencer Hawes",-0.459565533410245
2015,15,"dummy","2530780","Shabazz Napier",-0.462829524987398
2015,15,"dummy","6641","Brian Roberts",-0.468298931500477
2015,15,"dummy","2433","Kris Humphries",-0.498911674638946
2015,15,"dummy","6635","Chris Copeland",-0.502786677034156
2015,15,"dummy","1987","Dwyane Wade",-0.505400826657471
2015,15,"dummy","2579260","Trey Burke",-0.526806061431964
2015,15,"dummy","3059319","Andrew Wiggins",-0.553119096058558
2015,15,"dummy","6479","Kemba Walker",-0.557291879924724
2015,15,"dummy","5",NA,-0.5652350384322
2015,15,"dummy","1015","Tony Parker",-0.583538352983867
2015,15,"dummy","2489716","Matthew Dellavedova",-0.58868566157975
2015,15,"dummy","6440","Tobias Harris",-0.589561734833193
2015,15,"dummy","2993875","Shabazz Muhammad",-0.591438903134815
2015,15,"dummy","2797","Marvin Williams",-0.595501745818779
2015,15,"dummy","2490589","Isaiah Canaan",-0.629897135669501
2015,15,"dummy","2488651","Ryan Kelly",-0.632434138001691
2015,15,"dummy","6429","Alec Burks",-0.634712786871615
2015,15,"dummy","3005","Rudy Gay",-0.637426959393664
2015,15,"dummy","2411","Josh Smith",-0.639201830339865
2015,15,"dummy","6628","Dion Waiters",-0.653150784671828
2015,15,"dummy","2394","Kevin Martin",-0.657674077158927
2015,15,"dummy","4265","Larry Sanders",-0.658069097885594
2015,15,"dummy","3451","Luc Richard",-0.65882442892911
2015,15,"dummy","3462","Jason Thompson",-0.665223050502855
2015,15,"dummy","2760","Danny Granger",-0.687722554787655
2015,15,"dummy","3419","Mario Chalmers",-0.698238384254617
2015,15,"dummy","pair_3194_4000",NA,-0.732125987648038
2015,15,"dummy","3415","D.J. Augustin",-0.732141785595486
2015,15,"dummy","4300","Gary Neal",-0.748502537895479
2015,15,"dummy","pair_1007_2768",NA,-0.752017536159238
2015,15,"dummy","2596158","Shane Larkin",-0.774501548428629
2015,15,"dummy","3",NA,-0.787119635633872
2015,15,"dummy","1767","Rasual Butler",-0.794970833713316
2015,15,"dummy","6431","Norris Cole",-0.795333435610684
2015,15,"dummy","3593","Bojan Bogdanovic",-0.799208148453472
2015,15,"dummy","3056600","Jabari Parker",-0.810012497576341
2015,15,"dummy","3448","Brook Lopez",-0.816544605194364
2015,15,"dummy","pair_2534781_3059319",NA,-0.816860359915856
2015,15,"dummy","3994","Jordan Hill",-0.830047537481417
2015,15,"dummy","6477","Jonas Valanciunas",-0.842207931292546
2015,15,"dummy","2761","Gerald Green",-0.848698396813959
2015,15,"dummy","3038","Shawne Williams",-0.85363263032836
2015,15,"dummy","2534781","Gorgui Dieng",-0.861601123963305
2015,15,"dummy","2527963","Victor Oladipo",-0.864940546666984
2015,15,"dummy","3194","Wilson Chandler",-0.873888323372337
2015,15,"dummy","3412","Ryan Anderson",-0.877330261002068
2015,15,"dummy","4244","Lance Stephenson",-0.890214993820556
2015,15,"dummy","6592","John Henson",-0.892182013117981
2015,15,"dummy","6615","Kyle O'Quinn",-0.894047498017591
2015,15,"dummy","2528210","Tim Hardaway",-0.913427650395764
2015,15,"dummy","2389","Al Jefferson",-0.93423360285736
2015,15,"dummy","3436","Roy Hibbert",-0.941293231670543
2015,15,"dummy","2767","Ersan Ilyasova",-0.947926763744476
2015,15,"dummy","6631","Tyler Zeller",-0.948013307418964
2015,15,"dummy","2754","Channing Frye",-0.981948881592296
2015,15,"dummy","4303","Donald Sloan",-0.995263683981089
2015,15,"dummy","2768","Jarrett Jack",-1.01870066336796
2015,15,"dummy","2528426","Jordan Clarkson",-1.02801911906345
2015,15,"dummy","2566741","K.J. McDaniels",-1.05337136844802
2015,15,"dummy","2419","Anderson Varejao",-1.09337173156246
2015,15,"dummy","3209","Jeff Green",-1.10664103654388
2015,15,"dummy","2596108","Michael Carter-Williams",-1.13490213953752
2015,15,"dummy","2488958","Solomon Hill",-1.1417881824624
2015,15,"dummy","2417","Sebastian Telfair",-1.14198354938675
2015,15,"dummy","1018","Jason Richardson",-1.15182765724871
2015,15,"dummy","110","Kobe Bryant",-1.19497824421517
2015,15,"dummy","3437","J.J. Hickson",-1.21479246891471
2015,15,"dummy","2991280","Nerlens Noel",-1.22499272408852
2015,15,"dummy","3190","Marco Belinelli",-1.31668971975498
2015,15,"dummy","6647","Henry Sims",-1.32082863114113
2015,15,"dummy","4195","Kostas Papanikolaou",-1.32855277136979
2015,15,"dummy","6576","Quincy Acy",-1.37403839337886
2015,15,"dummy","pair_2177_2488958",NA,-1.39070084398376
2015,15,"dummy","4023","Garrett Temple",-1.41382446554923
2015,15,"dummy","1982","Chris Kaman",-1.43910282586502
2015,15,"dummy","3232","Jason Smith",-1.51875853478866
2015,15,"dummy","52101",NA,-1.68108038058902
2015,15,"dummy","6598","Perry Jones",-1.6849401707291
2015,15,"dummy","4",NA,-1.68642611138416
2015,15,"dummy","6485","Lance Thomas",-1.68954279383049
2015,15,"dummy","6634","Hollis Thompson",-1.77270482932914
2015,15,"dummy","2806","Jose Calderon",-1.87650319701091
2015,15,"dummy","6630","Tony Wroten",-2.01890764533055
2015,15,"dummy","1828","Reggie Evans",-2.12772733374892
2015,15,"dummy","pair_2596158_3232",NA,-2.51401159715512
2015,15,"dummy","3064440","Zach LaVine",-2.63761498134342
2015,15,"dummy","3464","Henry Walker",-2.65909535455628
2015,15,"dummy","991","Samuel Dalembert",-2.68400153592828
2015,15,"dummy","4267","Cole Aldrich",-2.68621783493723
2015,15,"dummy","2992","Shannon Brown",-2.83594176725538
2015,15,"dummy","2987","Andrea Bargnani",-2.84227302915267
2015,15,"dummy","2959753","Joffrey Lauvergne",-7.2039716439237
2015,20,"dummy","4011","Ricky Rubio",2.07963556359147
2015,20,"dummy","6597","Terrence Jones",2.00712232927626
2015,20,"dummy","2530596","Andre Roberson",1.96508394785898
2015,20,"dummy","2488945","Tim Frazier",1.93504436179958
2015,20,"dummy","1765","Matt Barnes",1.72891641351325
2015,20,"dummy","6450","Kawhi Leonard",1.72819727645223
2015,20,"dummy","2530572","Langston Galloway",1.66632846261702
2015,20,"dummy","pair_3975_6589",NA,1.58349784448478
2015,20,"dummy","1017","Zach Randolph",1.56746136791086
2015,20,"dummy","6601","Michael Kidd-Gilchrist",1.53284321885592
2015,20,"dummy","2367","Tony Allen",1.53233775269806
2015,20,"dummy","1966","LeBron James",1.4904151508291
2015,20,"dummy","2778","C.J. Miles",1.45545710252746
2015,20,"dummy","3975","Stephen Curry",1.44588107448944
2015,20,"dummy","2747","Andrew Bogut",1.4057194347977
2015,20,"dummy","2384","Dwight Howard",1.40114008415866
2015,20,"dummy","6589","Draymond Green",1.37517179615774
2015,20,"dummy","4298","Timofey Mozgov",1.36582292020874
2015,20,"dummy","6609","Khris Middleton",1.35174872889202
2015,20,"dummy","3202","Kevin Durant",1.33568131692343
2015,20,"dummy","3201","Jared Dudley",1.30822904058346
2015,20,"dummy","pair_2779_3442",NA,1.29209241763319
2015,20,"dummy","6583","Anthony Davis",1.27813508920378
2015,20,"dummy","609","Dirk Nowitzki",1.27807702080658
2015,20,"dummy","2489663","Kelly Olynyk",1.24656132837063
2015,20,"dummy","3988","Danny Green",1.22404334535897
2015,20,"dummy","3438","George Hill",1.21913565428203
2015,20,"dummy","6475","Klay Thompson",1.19497993963142
2015,20,"dummy","2983","LaMarcus Aldridge",1.17426808670399
2015,20,"dummy","pair_2799_4264",NA,1.17150916408432
2015,20,"dummy","3024","J.J. Redick",1.13870025945876
2015,20,"dummy","6442","Kyrie Irving",1.12911193459431
2015,20,"dummy","4258","DeMarcus Cousins",1.0812126180682
2015,20,"dummy","2386","Andre Iguodala",1.08117334744039
2015,20,"dummy","pair_4238_6461",NA,1.05576314386686
2015,20,"dummy","pair_3439_3468",NA,1.05372362336597
2015,20,"dummy","pair_2758_4237",NA,1.04537976078824
2015,20,"dummy","pair_2983_6606",NA,1.02017801949674
2015,20,"dummy","pair_3449_6442",NA,1.00657163579713
2015,20,"dummy","3224","Joakim Noah",0.99645364904754
2015,20,"dummy","1713","Nene Hilario",0.966432052960898
2015,20,"dummy","3015","Paul Millsap",0.949468808973233
2015,20,"dummy","pair_3015_4015",NA,0.946917670270485
2015,20,"dummy","4249","Gordon Hayward",0.936054877506447
2015,20,"dummy","2011","Kyle Korver",0.897665180832618
2015,20,"dummy","2798","Deron Williams",0.896007939850091
2015,20,"dummy","6606","Damian Lillard",0.890081283409878
2015,20,"dummy","4032","Wesley Matthews",0.876912440609204
2015,20,"dummy","2990992","Marcus Smart",0.868790532481698
2015,20,"dummy","1708","Mike Dunleavy",0.863009118756148
2015,20,"dummy","pair_3983_6583",NA,0.862656231100731
2015,20,"dummy","3012","Kyle Lowry",0.856016109272601
2015,20,"dummy","6461","Markieff Morris",0.826422222052533
2015,20,"dummy","3439","Serge Ibaka",0.815641820397962
2015,20,"dummy","3992","James Harden",0.772645649708564
2015,20,"dummy","3995","Jrue Holiday",0.760644799190613
2015,20,"dummy","2581018","Kentavious Caldwell-Pope",0.755906671511613
2015,20,"dummy","1727","Amar'e Stoudemire",0.749753783271465
2015,20,"dummy","3442","DeAndre Jordan",0.74122207356428
2015,20,"dummy","pair_3032977_6609",NA,0.737925279053723
2015,20,"dummy","2016","Zaza Pachulia",0.736911145746867
2015,20,"dummy","3468","Russell Westbrook",0.735762908684961
2015,20,"dummy","984","Tyson Chandler",0.719750641970636
2015,20,"dummy","261","Kevin Garnett",0.70255656870189
2015,20,"dummy","4015","Jeff Teague",0.679583819831485
2015,20,"dummy","2439","Jameer Nelson",0.637853266140702
2015,20,"dummy","3989","Blake Griffin",0.631804516900762
2015,20,"dummy","6464","Donatas Motiejunas",0.616717662710146
2015,20,"dummy","3456","Derrick Rose",0.615964511242477
2015,20,"dummy","6430","Jimmy Butler",0.613949214057885
2015,20,"dummy","4264","Patrick Patterson",0.610723125859463
2015,20,"dummy","2779","Chris Paul",0.572909436949665
2015,20,"dummy","6578","Harrison Barnes",0.572509289354611
2015,20,"dummy","6580","Bradley Beal",0.565504787152655
2015,20,"dummy","1007","Joe Johnson",0.560241637607728
2015,20,"dummy","4237","John Wall",0.555060190306538
2015,20,"dummy","3447","Robin Lopez",0.524246724888695
2015,20,"dummy","3195","Mike Conley",0.521980828797992
2015,20,"dummy","662","Paul Pierce",0.517673459471801
2015,20,"dummy","pair_2745_4239",NA,0.516909790101178
2015,20,"dummy","3983","Tyreke Evans",0.516388228066823
2015,20,"dummy","pair_2429_3419",NA,0.508024786038023
2015,20,"dummy","4262","Hassan Whiteside",0.50334303563829
2015,20,"dummy","6447","Enes Kanter",0.469689197603192
2015,20,"dummy","pair_2578213_3005",NA,0.447370897889787
2015,20,"dummy","2426","Trevor Ariza",0.439476726719484
2015,20,"dummy","2583639","Elfrid Payton",0.436369299962596
2015,20,"dummy","2167","Boris Diaw",0.429031831714322
2015,20,"dummy","6472","Isaiah Thomas",0.421038926099269
2015,20,"dummy","pair_2581018_6585",NA,0.394867228927489
2015,20,"dummy","pair_2991280_3451",NA,0.381279569829173
2015,20,"dummy","pair_2426_3992",NA,0.368357358139647
2015,20,"dummy","215","Tim Duncan",0.367977802841782
2015,20,"dummy","2758","Marcin Gortat",0.354874182789772
2015,20,"dummy","3431","Eric Gordon",0.342016413126862
2015,20,"dummy","3964","Patrick Beverley",0.332127476452849
2015,20,"dummy","6466","Chandler Parsons",0.330660665833645
2015,20,"dummy","3032977","Giannis Antetokounmpo",0.330179621392004
2015,20,"dummy","2429","Luol Deng",0.323800666015108
2015,20,"dummy","4247","Wesley Johnson",0.320875448239446
2015,20,"dummy","2751","Monta Ellis",0.320410202563232
2015,20,"dummy","3213","Al Horford",0.316588077759101
2015,20,"dummy","3973","Darren Collison",0.316467706081701
2015,20,"dummy","2579258","Cody Zeller",0.278461854591292
2015,20,"dummy","pair_3195_3206",NA,0.272074965260383
2015,20,"dummy","3993","Gerald Henderson",0.25296258071079
2015,20,"dummy","2769","Amir Johnson",0.250042941413212
2015,20,"dummy","1724","Tayshaun Prince",0.236455459586874
2015,20,"dummy","pair_2751_6466",NA,0.235772908797264
2015,20,"dummy","4240","Avery Bradley",0.233167690082046
2015,20,"dummy","3970","DeMarre Carroll",0.229351362465562
2015,20,"dummy","3033","P.J. Tucker",0.222873078241772
2015,20,"dummy","4257","Derrick Favors",0.215259824351304
2015,20,"dummy","3986","Taj Gibson",0.212694964332159
2015,20,"dummy","6569","Alan Anderson",0.209639996478233
2015,20,"dummy","4260","Greg Monroe",0.190490866835014
2015,20,"dummy","3449","Kevin Love",0.184102370230482
2015,20,"dummy","2578213","Ben McLemore",0.164469696627186
2015,20,"dummy","3453","Nikola Pekovic",0.156952397982498
2015,20,"dummy","6474","Tristan Thompson",0.13870099764918
2015,20,"dummy","6443","Reggie Jackson",0.134159126623712
2015,20,"dummy","6433","Kenneth Faried",0.130476862499235
2015,20,"dummy","1981","Kirk Hinrich",0.13033998107536
2015,20,"dummy","6624","Jared Sullinger",0.116251380119476
2015,20,"dummy","3974","Dante Cunningham",0.1064658599693
2015,20,"dummy","3235","Rodney Stuckey",0.104831771222115
2015,20,"dummy","6619","Terrence Ross",0.089752967970245
2015,20,"dummy","3981","Wayne Ellington",0.0779304410399223
2015,20,"dummy","2444","J.R. Smith",0.0679807438714593
2015,20,"dummy","pair_4249_4257",NA,0.0665468365997673
2015,20,"dummy","3026","Rajon Rondo",0.0584004384401729
2015,20,"dummy","3978","DeMar DeRozan",0.056194820725809
2015,20,"dummy","3423","Goran Dragic",0.0170813942775002
2015,20,"dummy","996","Pau Gasol",0.00601369219782579
2015,20,"dummy","3445","Courtney Lee",-0.00584477675665044
2015,20,"dummy","3277","C.J. Watson",-0.00876312281291699
2015,20,"dummy","1975","Carmelo Anthony",-0.0188082447371922
2015,20,"dummy","3206","Marc Gasol",-0.0261932378946158
2015,20,"dummy","6462","Marcus Morris",-0.0408654860024246
2015,20,"dummy","3191","Corey Brewer",-0.0420440959049207
2015,20,"dummy","3187","Arron Afflalo",-0.0486891073933219
2015,20,"dummy","2807","Ronnie Price",-0.0682603857437272
2015,20,"dummy","3416","Nicolas Batum",-0.086976395565661
2015,20,"dummy","3450","O.J. Mayo",-0.0915320421288818
2015,20,"dummy","2178","Mo Williams",-0.099439006849773
2015,20,"dummy","165","Jamal Crawford",-0.112541138209648
2015,20,"dummy","1977","Chris Bosh",-0.113012493160644
2015,20,"dummy","6585","Andre Drummond",-0.114910873559111
2015,20,"dummy","3997","Brandon Jennings",-0.116325732861837
2015,20,"dummy","1",NA,-0.123088693196238
2015,20,"dummy","4000","Ty Lawson",-0.127336479210317
2015,20,"dummy","4238","Eric Bledsoe",-0.134346747541619
2015,20,"dummy","pair_2527963_6478",NA,-0.208148384337702
2015,20,"dummy","2991235","Steven Adams",-0.253172449636323
2015,20,"dummy","1703","Carlos Boozer",-0.289223130049945
2015,20,"dummy","2490620","Robert Covington",-0.29282116827656
2015,20,"dummy","pair_2797_6479",NA,-0.293975622597675
2015,20,"dummy","6588","Evan Fournier",-0.299691065784305
2015,20,"dummy","2",NA,-0.320270064751652
2015,20,"dummy","2488653","Mason Plumlee",-0.322893636785639
2015,20,"dummy","pair_1703_4299",NA,-0.332654389396465
2015,20,"dummy","6469","Kyle Singler",-0.346832258136762
2015,20,"dummy","3414","Omer Asik",-0.348764311391296
2015,20,"dummy","pair_6430_996",NA,-0.365702840998636
2015,20,"dummy","4299","Jeremy Lin",-0.381834347188249
2015,20,"dummy","2177","David West",-0.393654113480114
2015,20,"dummy","6478","Nikola Vucevic",-0.400941748196696
2015,20,"dummy","2596107","Alex Len",-0.400988799730393
2015,20,"dummy","2579260","Trey Burke",-0.409521731443697
2015,20,"dummy","4003","Jodie Meeks",-0.447443015568373
2015,20,"dummy","6448","Brandon Knight",-0.454643889281085
2015,20,"dummy","4259","Ed Davis",-0.458383085310229
2015,20,"dummy","4239","Evan Turner",-0.460873210627026
2015,20,"dummy","3244","Thaddeus Young",-0.467350716437474
2015,20,"dummy","1987","Dwyane Wade",-0.468609951655832
2015,20,"dummy","6479","Kemba Walker",-0.47646391791009
2015,20,"dummy","4",NA,-0.516787474907572
2015,20,"dummy","6468","Iman Shumpert",-0.524450874120071
2015,20,"dummy","pair_1015_215",NA,-0.529559573067294
2015,20,"dummy","2797","Marvin Williams",-0.579153320495513
2015,20,"dummy","3",NA,-0.588377901542924
2015,20,"dummy","6628","Dion Waiters",-0.594868989911166
2015,20,"dummy","4265","Larry Sanders",-0.598753526597438
2015,20,"dummy","1015","Tony Parker",-0.604235741862394
2015,20,"dummy","2411","Josh Smith",-0.658973249370345
2015,20,"dummy","6429","Alec Burks",-0.686541683232854
2015,20,"dummy","6440","Tobias Harris",-0.698156771878975
2015,20,"dummy","4303","Donald Sloan",-0.706852706185594
2015,20,"dummy","3415","D.J. Augustin",-0.716070434557515
2015,20,"dummy","3462","Jason Thompson",-0.721826368419725
2015,20,"dummy","2394","Kevin Martin",-0.723853228868392
2015,20,"dummy","3451","Luc Richard",-0.73213079237353
2015,20,"dummy","6477","Jonas Valanciunas",-0.733542000951577
2015,20,"dummy","pair_3194_4000",NA,-0.735259203827434
2015,20,"dummy","3059319","Andrew Wiggins",-0.767431754814893
2015,20,"dummy","3448","Brook Lopez",-0.780272358224051
2015,20,"dummy","3056600","Jabari Parker",-0.783734395086604
2015,20,"dummy","pair_1007_2768",NA,-0.786686113088468
2015,20,"dummy","3419","Mario Chalmers",-0.797915519349795
2015,20,"dummy","3005","Rudy Gay",-0.809217935302883
2015,20,"dummy","3593","Bojan Bogdanovic",-0.812290760753735
2015,20,"dummy","3994","Jordan Hill",-0.849223916788449
2015,20,"dummy","2993875","Shabazz Muhammad",-0.874008587814845
2015,20,"dummy","2527963","Victor Oladipo",-0.900153702286823
2015,20,"dummy","6431","Norris Cole",-0.901470572983381
2015,20,"dummy","4244","Lance Stephenson",-0.921273415185794
2015,20,"dummy","3194","Wilson Chandler",-0.922834568250023
2015,20,"dummy","3190","Marco Belinelli",-0.957481414251484
2015,20,"dummy","2754","Channing Frye",-0.958034129351662
2015,20,"dummy","pair_2534781_3059319",NA,-0.964518208262987
2015,20,"dummy","3412","Ryan Anderson",-0.977525598856804
2015,20,"dummy","6631","Tyler Zeller",-0.9903315055463
2015,20,"dummy","5",NA,-0.990908467651069
2015,20,"dummy","2488958","Solomon Hill",-0.991625653986558
2015,20,"dummy","3436","Roy Hibbert",-1.02639445687156
2015,20,"dummy","2768","Jarrett Jack",-1.04212903092972
2015,20,"dummy","2389","Al Jefferson",-1.10361347999988
2015,20,"dummy","2534781","Gorgui Dieng",-1.11583496191135
2015,20,"dummy","2419","Anderson Varejao",-1.1170726710259
2015,20,"dummy","2566741","K.J. McDaniels",-1.13478394592692
2015,20,"dummy","3209","Jeff Green",-1.14421667678179
2015,20,"dummy","110","Kobe Bryant",-1.220766043254
2015,20,"dummy","2991280","Nerlens Noel",-1.25732357759836
2015,20,"dummy","2596108","Michael Carter-Williams",-1.28499350148112
2015,20,"dummy","1018","Jason Richardson",-1.32542352166017
2015,20,"dummy","2528210","Tim Hardaway",-1.46235910625177
2015,20,"dummy","pair_2177_2488958",NA,-1.54818163416109
2015,20,"dummy","3232","Jason Smith",-1.65802758776487
2015,20,"dummy","6485","Lance Thomas",-1.8255708325047
2015,20,"dummy","6634","Hollis Thompson",-1.94968773682828
2015,20,"dummy","6630","Tony Wroten",-2.206221293029
2015,20,"dummy","2806","Jose Calderon",-2.34450873385336
2015,20,"dummy","3464","Henry Walker",-2.66177043694675
2015,20,"dummy","pair_2596158_3232",NA,-3.09110638743857
2015,25,"dummy","4011","Ricky Rubio",2.68334198111491
2015,25,"dummy","6450","Kawhi Leonard",2.25456227256612
2015,25,"dummy","6609","Khris Middleton",2.0974689548614
2015,25,"dummy","6601","Michael Kidd-Gilchrist",2.08349716674436
2015,25,"dummy","1765","Matt Barnes",2.06120882301214
2015,25,"dummy","1017","Zach Randolph",2.01795985740237
2015,25,"dummy","3438","George Hill",2.01064094420151
2015,25,"dummy","2367","Tony Allen",1.89106298071702
2015,25,"dummy","2488945","Tim Frazier",1.89075499503675
2015,25,"dummy","1966","LeBron James",1.85239373658135
2015,25,"dummy","pair_2799_4264",NA,1.83371659006149
2015,25,"dummy","3202","Kevin Durant",1.77269395241796
2015,25,"dummy","pair_3975_6589",NA,1.7706248575382
2015,25,"dummy","3975","Stephen Curry",1.76344167786285
2015,25,"dummy","2384","Dwight Howard",1.71515328291759
2015,25,"dummy","4298","Timofey Mozgov",1.65272843526101
2015,25,"dummy","6589","Draymond Green",1.62492506399403
2015,25,"dummy","2747","Andrew Bogut",1.60551101756948
2015,25,"dummy","3988","Danny Green",1.59536699789918
2015,25,"dummy","609","Dirk Nowitzki",1.56420982081157
2015,25,"dummy","6583","Anthony Davis",1.50015608417953
2015,25,"dummy","pair_2779_3442",NA,1.48526183833992
2015,25,"dummy","pair_3439_3468",NA,1.47111250909994
2015,25,"dummy","4258","DeMarcus Cousins",1.45820061647444
2015,25,"dummy","6475","Klay Thompson",1.41887196258499
2015,25,"dummy","2983","LaMarcus Aldridge",1.41828062619615
2015,25,"dummy","2530572","Langston Galloway",1.41009740627008
2015,25,"dummy","6442","Kyrie Irving",1.36011388762791
2015,25,"dummy","3012","Kyle Lowry",1.31294970674815
2015,25,"dummy","pair_4238_6461",NA,1.29439212039938
2015,25,"dummy","3024","J.J. Redick",1.27468698710867
2015,25,"dummy","pair_2758_4237",NA,1.27452001236492
2015,25,"dummy","4249","Gordon Hayward",1.25463635063514
2015,25,"dummy","3224","Joakim Noah",1.20108070666305
2015,25,"dummy","2798","Deron Williams",1.16018467663389
2015,25,"dummy","3015","Paul Millsap",1.15491146892571
2015,25,"dummy","pair_3449_6442",NA,1.1514365104312
2015,25,"dummy","1713","Nene Hilario",1.12239603220954
2015,25,"dummy","3439","Serge Ibaka",1.11059751880783
2015,25,"dummy","pair_2983_6606",NA,1.10952709948165
2015,25,"dummy","2011","Kyle Korver",1.08089939847046
2015,25,"dummy","6461","Markieff Morris",1.07724873281148
2015,25,"dummy","3468","Russell Westbrook",1.06802555819397
2015,25,"dummy","1708","Mike Dunleavy",1.06404201683868
2015,25,"dummy","pair_3015_4015",NA,1.06220563568141
2015,25,"dummy","6606","Damian Lillard",1.05832699136135
2015,25,"dummy","3992","James Harden",1.03968041264518
2015,25,"dummy","4032","Wesley Matthews",1.02450220602235
2015,25,"dummy","2581018","Kentavious Caldwell-Pope",0.956739038474534
2015,25,"dummy","1007","Joe Johnson",0.930742846617468
2015,25,"dummy","pair_3983_6583",NA,0.902900304443795
2015,25,"dummy","pair_3032977_6609",NA,0.868088354999887
2015,25,"dummy","984","Tyson Chandler",0.867437315245265
2015,25,"dummy","pair_2745_4239",NA,0.847322252168869
2015,25,"dummy","6430","Jimmy Butler",0.833645266293626
2015,25,"dummy","pair_2429_3419",NA,0.805427324738144
2015,25,"dummy","3456","Derrick Rose",0.804727481520164
2015,25,"dummy","3995","Jrue Holiday",0.76109884994905
2015,25,"dummy","3442","DeAndre Jordan",0.728574209170758
2015,25,"dummy","6464","Donatas Motiejunas",0.728024121902932
2015,25,"dummy","3032977","Giannis Antetokounmpo",0.688446784805452
2015,25,"dummy","4015","Jeff Teague",0.687204289156776
2015,25,"dummy","2583639","Elfrid Payton",0.658330121199434
2015,25,"dummy","pair_2578213_3005",NA,0.650295373209565
2015,25,"dummy","3195","Mike Conley",0.637966241989088
2015,25,"dummy","2426","Trevor Ariza",0.6217235583551
2015,25,"dummy","pair_2991280_3451",NA,0.606072442805354
2015,25,"dummy","3989","Blake Griffin",0.600431989764683
2015,25,"dummy","4237","John Wall",0.595750356392486
2015,25,"dummy","6580","Bradley Beal",0.591583988691143
2015,25,"dummy","6447","Enes Kanter",0.583392467882638
2015,25,"dummy","6578","Harrison Barnes",0.544922700837063
2015,25,"dummy","662","Paul Pierce",0.539844250693677
2015,25,"dummy","4247","Wesley Johnson",0.535301872404801
2015,25,"dummy","3447","Robin Lopez",0.520580669147121
2015,25,"dummy","3983","Tyreke Evans",0.497205665478142
2015,25,"dummy","3993","Gerald Henderson",0.496711688545635
2015,25,"dummy","2779","Chris Paul",0.486494306517661
2015,25,"dummy","215","Tim Duncan",0.478795623865987
2015,25,"dummy","pair_2581018_6585",NA,0.472709426901331
2015,25,"dummy","4240","Avery Bradley",0.442816641109192
2015,25,"dummy","3973","Darren Collison",0.441882200394192
2015,25,"dummy","2429","Luol Deng",0.440886968207115
2015,25,"dummy","6466","Chandler Parsons",0.400175671099622
2015,25,"dummy","pair_2426_3992",NA,0.380993476511857
2015,25,"dummy","2751","Monta Ellis",0.375813394429664
2015,25,"dummy","3431","Eric Gordon",0.373102061918791
2015,25,"dummy","2769","Amir Johnson",0.363541499643871
2015,25,"dummy","3213","Al Horford",0.332373667201028
2015,25,"dummy","6624","Jared Sullinger",0.321353345438855
2015,25,"dummy","3453","Nikola Pekovic",0.30823913131968
2015,25,"dummy","3964","Patrick Beverley",0.300097547342276
2015,25,"dummy","4257","Derrick Favors",0.297583181792872
2015,25,"dummy","2758","Marcin Gortat",0.289824359980131
2015,25,"dummy","6433","Kenneth Faried",0.2802337135397
2015,25,"dummy","3235","Rodney Stuckey",0.279817209710479
2015,25,"dummy","pair_3195_3206",NA,0.278089846382813
2015,25,"dummy","1",NA,0.253505876149688
2015,25,"dummy","pair_2751_6466",NA,0.248539793843282
2015,25,"dummy","3033","P.J. Tucker",0.239929291180208
2015,25,"dummy","2578213","Ben McLemore",0.221559327732012
2015,25,"dummy","3970","DeMarre Carroll",0.149798969051549
2015,25,"dummy","3978","DeMar DeRozan",0.120088667081975
2015,25,"dummy","4260","Greg Monroe",0.106856566418576
2015,25,"dummy","3449","Kevin Love",0.0889463939504492
2015,25,"dummy","6443","Reggie Jackson",0.0593908906308479
2015,25,"dummy","996","Pau Gasol",0.0582823038212912
2015,25,"dummy","3187","Arron Afflalo",0.0439270091219184
2015,25,"dummy","3026","Rajon Rondo",0.0235483500410708
2015,25,"dummy","pair_4249_4257",NA,0.0159927699908417
2015,25,"dummy","2444","J.R. Smith",0.00597405421002374
2015,25,"dummy","1975","Carmelo Anthony",-0.0335972289788084
2015,25,"dummy","3423","Goran Dragic",-0.0482056041800087
2015,25,"dummy","2177","David West",-0.0776350946503935
2015,25,"dummy","4000","Ty Lawson",-0.0817772811162317
2015,25,"dummy","4",NA,-0.091520756224962
2015,25,"dummy","3445","Courtney Lee",-0.0931207057671471
2015,25,"dummy","2178","Mo Williams",-0.0983075733187677
2015,25,"dummy","3206","Marc Gasol",-0.115325671407864
2015,25,"dummy","1977","Chris Bosh",-0.135028546388358
2015,25,"dummy","pair_2527963_6478",NA,-0.137082287841136
2015,25,"dummy","3997","Brandon Jennings",-0.211047445854003
2015,25,"dummy","6588","Evan Fournier",-0.213967079212847
2015,25,"dummy","4238","Eric Bledsoe",-0.228978023244172
2015,25,"dummy","2",NA,-0.234575133058958
2015,25,"dummy","2991235","Steven Adams",-0.248881142340167
2015,25,"dummy","6448","Brandon Knight",-0.282910835326899
2015,25,"dummy","3416","Nicolas Batum",-0.301744619824243
2015,25,"dummy","2490620","Robert Covington",-0.312593258306655
2015,25,"dummy","6585","Andre Drummond",-0.31998697221967
2015,25,"dummy","6478","Nikola Vucevic",-0.423168090167886
2015,25,"dummy","3244","Thaddeus Young",-0.50585161081196
2015,25,"dummy","3414","Omer Asik",-0.52576288621437
2015,25,"dummy","2579260","Trey Burke",-0.554902304923595
2015,25,"dummy","pair_1703_4299",NA,-0.555645447724249
2015,25,"dummy","pair_6430_996",NA,-0.558786821287607
2015,25,"dummy","6479","Kemba Walker",-0.602597463254557
2015,25,"dummy","pair_2797_6479",NA,-0.623507327037188
2015,25,"dummy","1987","Dwyane Wade",-0.644789417949394
2015,25,"dummy","5",NA,-0.699707887075073
2015,25,"dummy","2411","Josh Smith",-0.75907504356215
2015,25,"dummy","pair_1007_2768",NA,-0.78526228991607
2015,25,"dummy","pair_1015_215",NA,-0.801383545925315
2015,25,"dummy","6440","Tobias Harris",-0.802519719847568
2015,25,"dummy","6429","Alec Burks",-0.83797732142212
2015,25,"dummy","1015","Tony Parker",-0.859460858787882
2015,25,"dummy","2394","Kevin Martin",-0.864466616765899
2015,25,"dummy","pair_3194_4000",NA,-0.896322319320807
2015,25,"dummy","3462","Jason Thompson",-0.902314349277875
2015,25,"dummy","3059319","Andrew Wiggins",-0.90701127972719
2015,25,"dummy","3056600","Jabari Parker",-0.90857295804095
2015,25,"dummy","3994","Jordan Hill",-0.913780656914257
2015,25,"dummy","6477","Jonas Valanciunas",-0.917944335474898
2015,25,"dummy","3419","Mario Chalmers",-0.966951363742067
2015,25,"dummy","3",NA,-0.989943576452241
2015,25,"dummy","2488958","Solomon Hill",-1.00935304582628
2015,25,"dummy","4244","Lance Stephenson",-1.03712223818295
2015,25,"dummy","3436","Roy Hibbert",-1.04386113699552
2015,25,"dummy","3448","Brook Lopez",-1.05849172751794
2015,25,"dummy","2527963","Victor Oladipo",-1.06660071952893
2015,25,"dummy","pair_2534781_3059319",NA,-1.06721522614514
2015,25,"dummy","3451","Luc Richard",-1.06756051088067
2015,25,"dummy","2754","Channing Frye",-1.07682809266107
2015,25,"dummy","3194","Wilson Chandler",-1.09856792659832
2015,25,"dummy","3005","Rudy Gay",-1.11987561387276
2015,25,"dummy","2768","Jarrett Jack",-1.12312879324566
2015,25,"dummy","2389","Al Jefferson",-1.30626530845432
2015,25,"dummy","2534781","Gorgui Dieng",-1.34377810726395
2015,25,"dummy","3209","Jeff Green",-1.36661318077344
2015,25,"dummy","110","Kobe Bryant",-1.54365616710817
2015,25,"dummy","2419","Anderson Varejao",-1.68167356430111
2015,25,"dummy","2596108","Michael Carter-Williams",-1.69641028515723
2015,25,"dummy","2991280","Nerlens Noel",-1.78266471956628
2015,25,"dummy","pair_2177_2488958",NA,-1.80781754994426
2015,25,"dummy","6630","Tony Wroten",-2.88755184015881
2015,25,"dummy","2806","Jose Calderon",-3.16190097191807
2015,25,"dummy","pair_2596158_3232",NA,-4.89828603955946
2015,30,"dummy","6450","Kawhi Leonard",2.32568346165837
2015,30,"dummy","4011","Ricky Rubio",2.28471646033258
2015,30,"dummy","pair_3032977_6609",NA,2.07877370444612
2015,30,"dummy","1017","Zach Randolph",1.9893501821395
2015,30,"dummy","1765","Matt Barnes",1.95397059246193
2015,30,"dummy","3975","Stephen Curry",1.91709932878284
2015,30,"dummy","pair_3975_6589",NA,1.85295098861196
2015,30,"dummy","6589","Draymond Green",1.7071237424162
2015,30,"dummy","2488945","Tim Frazier",1.62851522296691
2015,30,"dummy","1966","LeBron James",1.61922077721061
2015,30,"dummy","6475","Klay Thompson",1.59788236834385
2015,30,"dummy","pair_2799_4264",NA,1.59391478233273
2015,30,"dummy","2384","Dwight Howard",1.53879127162755
2015,30,"dummy","3202","Kevin Durant",1.53044104987393
2015,30,"dummy","pair_3439_3468",NA,1.38874232281485
2015,30,"dummy","pair_2779_3442",NA,1.36882815889798
2015,30,"dummy","pair_2758_4237",NA,1.36776557160993
2015,30,"dummy","6442","Kyrie Irving",1.27179493508585
2015,30,"dummy","6583","Anthony Davis",1.25797540310468
2015,30,"dummy","2983","LaMarcus Aldridge",1.23931639720011
2015,30,"dummy","3024","J.J. Redick",1.22238514405254
2015,30,"dummy","4249","Gordon Hayward",1.17646758301277
2015,30,"dummy","3012","Kyle Lowry",1.17355662474104
2015,30,"dummy","pair_4238_6461",NA,1.12919227338461
2015,30,"dummy","4258","DeMarcus Cousins",1.08831080082021
2015,30,"dummy","6430","Jimmy Butler",1.06422286422092
2015,30,"dummy","3015","Paul Millsap",1.05722129213933
2015,30,"dummy","3439","Serge Ibaka",1.04986452184589
2015,30,"dummy","2011","Kyle Korver",1.02813864908571
2015,30,"dummy","3992","James Harden",1.02172963290141
2015,30,"dummy","pair_2983_6606",NA,0.992026557760896
2015,30,"dummy","pair_3449_6442",NA,0.991453348341618
2015,30,"dummy","3468","Russell Westbrook",0.985488476809213
2015,30,"dummy","6461","Markieff Morris",0.942895303804925
2015,30,"dummy","pair_3015_4015",NA,0.937618058530026
2015,30,"dummy","984","Tyson Chandler",0.924375738756258
2015,30,"dummy","2798","Deron Williams",0.919819897055424
2015,30,"dummy","4032","Wesley Matthews",0.89801888631688
2015,30,"dummy","3456","Derrick Rose",0.896588688370248
2015,30,"dummy","6606","Damian Lillard",0.892714066329461
2015,30,"dummy","4237","John Wall",0.88633112365552
2015,30,"dummy","1",NA,0.807959230436165
2015,30,"dummy","pair_2745_4239",NA,0.798063483124566
2015,30,"dummy","3195","Mike Conley",0.732947979911179
2015,30,"dummy","215","Tim Duncan",0.711362299766822
2015,30,"dummy","pair_3983_6583",NA,0.695392496927631
2015,30,"dummy","2581018","Kentavious Caldwell-Pope",0.677409772877768
2015,30,"dummy","6580","Bradley Beal",0.648730325306616
2015,30,"dummy","3442","DeAndre Jordan",0.641785372430997
2015,30,"dummy","4015","Jeff Teague",0.632699364918653
2015,30,"dummy","2426","Trevor Ariza",0.605352298156781
2015,30,"dummy","3447","Robin Lopez",0.595306250358866
2015,30,"dummy","3989","Blake Griffin",0.576151706072876
2015,30,"dummy","3995","Jrue Holiday",0.538616706026258
2015,30,"dummy","6466","Chandler Parsons",0.500883757637595
2015,30,"dummy","2751","Monta Ellis",0.481886572929522
2015,30,"dummy","2758","Marcin Gortat",0.481526516121815
2015,30,"dummy","1007","Joe Johnson",0.4791767676997
2015,30,"dummy","pair_2429_3419",NA,0.432070012411392
2015,30,"dummy","2779","Chris Paul",0.417755262786689
2015,30,"dummy","4240","Avery Bradley",0.413103159480003
2015,30,"dummy","pair_2426_3992",NA,0.40183365347613
2015,30,"dummy","pair_2578213_3005",NA,0.383927877800418
2015,30,"dummy","2",NA,0.381681001264297
2015,30,"dummy","pair_3195_3206",NA,0.364957949489037
2015,30,"dummy","3983","Tyreke Evans",0.34355128172816
2015,30,"dummy","pair_2751_6466",NA,0.28838653737905
2015,30,"dummy","pair_2581018_6585",NA,0.273954116558268
2015,30,"dummy","4257","Derrick Favors",0.245387507286457
2015,30,"dummy","996","Pau Gasol",0.239126718338772
2015,30,"dummy","2429","Luol Deng",0.208039436898791
2015,30,"dummy","6448","Brandon Knight",0.205459479464294
2015,30,"dummy","3964","Patrick Beverley",0.186593912855311
2015,30,"dummy","3026","Rajon Rondo",0.170069393338365
2015,30,"dummy","3973","Darren Collison",0.166028835402928
2015,30,"dummy","3187","Arron Afflalo",0.165440344432706
2015,30,"dummy","3978","DeMar DeRozan",0.162634508196032
2015,30,"dummy","3431","Eric Gordon",0.153042212099351
2015,30,"dummy","pair_2991280_3451",NA,0.148985566451644
2015,30,"dummy","4000","Ty Lawson",0.0865192651186047
2015,30,"dummy","3970","DeMarre Carroll",0.076331109256277
2015,30,"dummy","2177","David West",0.0528297769966718
2015,30,"dummy","3206","Marc Gasol",0.0467627401088613
2015,30,"dummy","2578213","Ben McLemore",-0.00578592649728116
2015,30,"dummy","3449","Kevin Love",-0.00755491150585174
2015,30,"dummy","pair_4249_4257",NA,-0.0202649263650199
2015,30,"dummy","3423","Goran Dragic",-0.0283961565500739
2015,30,"dummy","1975","Carmelo Anthony",-0.029251037481717
2015,30,"dummy","4260","Greg Monroe",-0.0515949684652115
2015,30,"dummy","3445","Courtney Lee",-0.0553547419054449
2015,30,"dummy","5",NA,-0.167578333553435
2015,30,"dummy","4238","Eric Bledsoe",-0.209468878751875
2015,30,"dummy","6479","Kemba Walker",-0.209658451716574
2015,30,"dummy","pair_2527963_6478",NA,-0.298217357357502
2015,30,"dummy","3416","Nicolas Batum",-0.314310009320965
2015,30,"dummy","1977","Chris Bosh",-0.386797167037331
2015,30,"dummy","3997","Brandon Jennings",-0.388620750858787
2015,30,"dummy","pair_6430_996",NA,-0.401831018851656
2015,30,"dummy","6478","Nikola Vucevic",-0.410647493747701
2015,30,"dummy","6585","Andre Drummond",-0.426402771979834
2015,30,"dummy","pair_2797_6479",NA,-0.432505764915867
2015,30,"dummy","3056600","Jabari Parker",-0.453166072057865
2015,30,"dummy","4",NA,-0.48004535351666
2015,30,"dummy","pair_1703_4299",NA,-0.504458002581618
2015,30,"dummy","3",NA,-0.536536825513999
2015,30,"dummy","2579260","Trey Burke",-0.551654154468551
2015,30,"dummy","pair_1015_215",NA,-0.626365628670873
2015,30,"dummy","3244","Thaddeus Young",-0.689688825514768
2015,30,"dummy","pair_3194_4000",NA,-0.778703611326836
2015,30,"dummy","6429","Alec Burks",-0.787313645281044
2015,30,"dummy","1987","Dwyane Wade",-0.804144556825167
2015,30,"dummy","3994","Jordan Hill",-0.816259761687521
2015,30,"dummy","6440","Tobias Harris",-0.851244853960483
2015,30,"dummy","3194","Wilson Chandler",-0.957093395668738
2015,30,"dummy","2394","Kevin Martin",-1.04542457046353
2015,30,"dummy","3059319","Andrew Wiggins",-1.04632850029796
2015,30,"dummy","2389","Al Jefferson",-1.06241507685002
2015,30,"dummy","2488958","Solomon Hill",-1.12654002165299
2015,30,"dummy","2527963","Victor Oladipo",-1.16239638479001
2015,30,"dummy","3209","Jeff Green",-1.22443947541554
2015,30,"dummy","3005","Rudy Gay",-1.22698884230548
2015,30,"dummy","pair_1007_2768",NA,-1.36542742397642
2015,30,"dummy","110","Kobe Bryant",-1.37284645497115
2015,30,"dummy","pair_2534781_3059319",NA,-1.43418272427441
2015,30,"dummy","pair_2177_2488958",NA,-1.72572946395043
2015,30,"dummy","2596108","Michael Carter-Williams",-1.93496609790086
2015,30,"dummy","2991280","Nerlens Noel",-2.17717967365247
2015,30,"dummy","2806","Jose Calderon",-3.04684776801172
2015,30,"dummy","pair_2596158_3232",NA,-4.69014845787647
2016,0,"dummy","2327449","Jorge Gutierrez",26.783104644309
2016,0,"dummy","1499",NA,6.65857679431909
2016,0,"dummy","4661",NA,5.38857334902663
2016,0,"dummy","2614962",NA,5.34910869457094
2016,0,"dummy","3064520","Jordan Mickey",5.17817824270715
2016,0,"dummy","6569","Alan Anderson",5.06549241901652
2016,0,"dummy","2566741","K.J. McDaniels",4.94653953051648
2016,0,"dummy","1996","Matt Bonner",4.44575605713213
2016,0,"dummy","2488999","C.J. Wilcox",4.36005935376313
2016,0,"dummy","2531352","Eric Moreland",4.32556716104687
2016,0,"dummy","3113297",NA,4.22442589483227
2016,0,"dummy","5319",NA,3.88760359137615
2016,0,"dummy","1596",NA,3.8265875359187
2016,0,"dummy","2531797","Jordan McRae",3.73292548602276
2016,0,"dummy","2531097","Keith Appling",3.58519381879716
2016,0,"dummy","6601","Michael Kidd-Gilchrist",3.09818103959938
2016,0,"dummy","2528393","Tarik Black",2.85519160674589
2016,0,"dummy","3133600",NA,2.50595200200023
2016,0,"dummy","3058254","Christian Wood",2.10887184079566
2016,0,"dummy","2528210","Tim Hardaway",2.09203808109607
2016,0,"dummy","3064510","Aaron Harrison",1.95021426009187
2016,0,"dummy","pair_3975_6589",NA,1.81021065211295
2016,0,"dummy","3975","Stephen Curry",1.76669193649496
2016,0,"dummy","4321","Elijah Millsap",1.7529287757341
2016,0,"dummy","2991184",NA,1.71112645640815
2016,0,"dummy","6622","Mike Scott",1.69713380007713
2016,0,"dummy","4004","Patty Mills",1.65802906796359
2016,0,"dummy","6589","Draymond Green",1.65453855990227
2016,0,"dummy","272","Manu Ginobili",1.61875318495546
2016,0,"dummy","4264","Patrick Patterson",1.56593590831847
2016,0,"dummy","pair_1966_6474",NA,1.48219047596875
2016,0,"dummy","215","Tim Duncan",1.43981326074664
2016,0,"dummy","2177","David West",1.31891770895237
2016,0,"dummy","6587","Festus Ezeli",1.30954285317123
2016,0,"dummy","2578259","Darrun Hilliard",1.26148819018751
2016,0,"dummy","2489663","Kelly Olynyk",1.22105416988346
2016,0,"dummy","3113587","Cristiano Felicio",1.20666539611413
2016,0,"dummy","2968363","Marcelo Huertas",1.16270124188763
2016,0,"dummy","6475","Klay Thompson",1.15036096040541
2016,0,"dummy","2991235","Steven Adams",1.12040614830571
2016,0,"dummy","1966","LeBron James",1.11938860700297
2016,0,"dummy","2489716","Matthew Dellavedova",1.11690327696626
2016,0,"dummy","2528353","Tony Snell",1.10328832740415
2016,0,"dummy","3202","Kevin Durant",1.10220094694839
2016,0,"dummy","609","Dirk Nowitzki",1.08496722527714
2016,0,"dummy","2326307","Seth Curry",1.07692323808405
2016,0,"dummy","2959745","Sergey Karasev",1.07609884805565
2016,0,"dummy","6450","Kawhi Leonard",1.06571910933132
2016,0,"dummy","3451","Luc Richard",1.06300751763388
2016,0,"dummy","261","Kevin Garnett",1.05594903116448
2016,0,"dummy","2386","Andre Iguodala",1.0489339271636
2016,0,"dummy","pair_2779_3442",NA,1.04317058716163
2016,0,"dummy","2779","Chris Paul",1.03913908573644
2016,0,"dummy","2326015","Willie Reed",1.0330486764957
2016,0,"dummy","1767","Rasual Butler",0.989823759246046
2016,0,"dummy","2530722","Phil Pressey",0.989507612555618
2016,0,"dummy","3998","Jonas Jerebko",0.968623928107144
2016,0,"dummy","2530596","Andre Roberson",0.964151519577406
2016,0,"dummy","2991227","Cleanthony Early",0.954681374674166
2016,0,"dummy","3024","J.J. Redick",0.950238462869098
2016,0,"dummy","2754","Channing Frye",0.935971187719073
2016,0,"dummy","6424","Lavoy Allen",0.926919329705075
2016,0,"dummy","3112335","Nikola Jokic",0.91956408768457
2016,0,"dummy","6603","Jeremy Lamb",0.885557113792496
2016,0,"dummy","3449","Kevin Love",0.86512469085275
2016,0,"dummy","2982340","Justin Anderson",0.835348197664733
2016,0,"dummy","1713","Nene Hilario",0.835293371310653
2016,0,"dummy","2747","Andrew Bogut",0.799525815635175
2016,0,"dummy","6474","Tristan Thompson",0.77160829901938
2016,0,"dummy","2745","Brandon Bass",0.766933272736485
2016,0,"dummy","pair_4248_6606",NA,0.749864451274082
2016,0,"dummy","3993","Gerald Henderson",0.746177436788324
2016,0,"dummy","pair_4240_6472",NA,0.745902862001276
2016,0,"dummy","3012","Kyle Lowry",0.744929646005642
2016,0,"dummy","4294","Elliot Williams",0.74460384108887
2016,0,"dummy","3423","Goran Dragic",0.740109994616038
2016,0,"dummy","pair_3439_3468",NA,0.739964834636139
2016,0,"dummy","557","Andre Miller",0.735604585072404
2016,0,"dummy","6624","Jared Sullinger",0.727981380238243
2016,0,"dummy","2488721","Lamar Patterson",0.691320740412454
2016,0,"dummy","pair_3026_4258",NA,0.689965888722547
2016,0,"dummy","pair_3412_3995",NA,0.687354379300111
2016,0,"dummy","3064291","Rondae Hollis-Jefferson",0.682592911739995
2016,0,"dummy","3410","Alexis Ajinca",0.678951058593437
2016,0,"dummy","2581018","Kentavious Caldwell-Pope",0.667299597292583
2016,0,"dummy","2579466","Jonathon Simmons",0.65974923557987
2016,0,"dummy","25","Metta World",0.656367161376653
2016,0,"dummy","3439","Serge Ibaka",0.654965611884352
2016,0,"dummy","3032979","Dennis Schroder",0.650693695591648
2016,0,"dummy","6578","Harrison Barnes",0.634745446518213
2016,0,"dummy","2325975","Chris Johnson",0.633628422023508
2016,0,"dummy","4270","Trevor Booker",0.624906121864681
2016,0,"dummy","3988","Danny Green",0.62268214775962
2016,0,"dummy","2990992","Marcus Smart",0.599360416748158
2016,0,"dummy","2983","LaMarcus Aldridge",0.595356685307734
2016,0,"dummy","2333797","Jeff Withey",0.589279163414457
2016,0,"dummy","3233","Tiago Splitter",0.583427639091376
2016,0,"dummy","3554","Omri Casspi",0.577438057875664
2016,0,"dummy","2528374",NA,0.569819901430177
2016,0,"dummy","4258","DeMarcus Cousins",0.561343731882334
2016,0,"dummy","pair_2751_4251",NA,0.555644828747984
2016,0,"dummy","2578213","Ben McLemore",0.547714476201423
2016,0,"dummy","3468","Russell Westbrook",0.545813637764887
2016,0,"dummy","4251","Paul George",0.542333844397689
2016,0,"dummy","3949086",NA,0.542093872503203
2016,0,"dummy","3964","Patrick Beverley",0.541878176147653
2016,0,"dummy","6594","John Jenkins",0.537132051851171
2016,0,"dummy","3997","Brandon Jennings",0.532453521815572
2016,0,"dummy","4240","Avery Bradley",0.527253360988111
2016,0,"dummy","2807","Ronnie Price",0.522626763473615
2016,0,"dummy","6581","Jae Crowder",0.520097166999462
2016,0,"dummy","1978","Nick Collison",0.517481221760711
2016,0,"dummy","6462","Marcus Morris",0.506948312932288
2016,0,"dummy","6619","Terrence Ross",0.506285362649384
2016,0,"dummy","pair_2581018_6443",NA,0.504639557330252
2016,0,"dummy","6585","Andre Drummond",0.50290305555187
2016,0,"dummy","3211","Spencer Hawes",0.496282635066596
2016,0,"dummy","2167","Boris Diaw",0.490983795129622
2016,0,"dummy","2528447","Ray McCallum",0.469974852972051
2016,0,"dummy","pair_2983_6450",NA,0.462657589129758
2016,0,"dummy","1015","Tony Parker",0.46108920694738
2016,0,"dummy","4023","Garrett Temple",0.460973631673312
2016,0,"dummy","2579258","Cody Zeller",0.45534871718958
2016,0,"dummy","3442","DeAndre Jordan",0.449228942100837
2016,0,"dummy","6443","Reggie Jackson",0.448277761056472
2016,0,"dummy","4259","Ed Davis",0.427662692609087
2016,0,"dummy","pair_6430_996",NA,0.425589671372079
2016,0,"dummy","pair_2798_4032",NA,0.423742177781609
2016,0,"dummy","3450","O.J. Mayo",0.415028405269722
2016,0,"dummy","3994","Jordan Hill",0.410562788736206
2016,0,"dummy","4195","Kostas Papanikolaou",0.407092866437097
2016,0,"dummy","6446","Cory Joseph",0.391770977619204
2016,0,"dummy","3419","Mario Chalmers",0.386967029017822
2016,0,"dummy","3192","Aaron Brooks",0.384929746391505
2016,0,"dummy","2367","Tony Allen",0.384278894200617
2016,0,"dummy","3028","Thabo Sefolosha",0.384239189414094
2016,0,"dummy","2594922","Otto Porter",0.38349651630835
2016,0,"dummy","1708","Mike Dunleavy",0.383315759300903
2016,0,"dummy","2769","Amir Johnson",0.367881225338029
2016,0,"dummy","4248","Al-Farouq Aminu",0.363892351573567
2016,0,"dummy","4032","Wesley Matthews",0.358109176629196
2016,0,"dummy","2488689","Sean Kilpatrick",0.355388627341702
2016,0,"dummy","pair_2581177_4249",NA,0.338548576142402
2016,0,"dummy","3102530","Jusuf Nurkic",0.337966903256812
2016,0,"dummy","3135047","Justise Winslow",0.326868023964576
2016,0,"dummy","6614","Andrew Nicholson",0.325390271657627
2016,0,"dummy","pair_2758_4237",NA,0.319212473157948
2016,0,"dummy","2384","Dwight Howard",0.316902448843752
2016,0,"dummy","6440","Tobias Harris",0.309131171345792
2016,0,"dummy","2761","Gerald Green",0.309107847018101
2016,0,"dummy","4249","Gordon Hayward",0.302150853665293
2016,0,"dummy","3416","Nicolas Batum",0.298327299366005
2016,0,"dummy","2490149","C.J. McCollum",0.292310006798309
2016,0,"dummy","pair_2999547_3892818",NA,0.289537112511231
2016,0,"dummy","pair_3416_6479",NA,0.288067025666282
2016,0,"dummy","3003","Randy Foye",0.281184945731445
2016,0,"dummy","3968","Chase Budinger",0.280215273829069
2016,0,"dummy","2488653","Mason Plumlee",0.276460465980345
2016,0,"dummy","2490620","Robert Covington",0.270574061518287
2016,0,"dummy","2011","Kyle Korver",0.269661562704729
2016,0,"dummy","2488945","Tim Frazier",0.269539106233435
2016,0,"dummy","pair_2426_3992",NA,0.269467239350743
2016,0,"dummy","4011","Ricky Rubio",0.258168195524763
2016,0,"dummy","4237","John Wall",0.254116427696274
2016,0,"dummy","6442","Kyrie Irving",0.249237757570211
2016,0,"dummy","4182","Pablo Prigioni",0.235058041649196
2016,0,"dummy","3438","George Hill",0.226221859005356
2016,0,"dummy","2991282","Willie Cauley-Stein",0.222343305225411
2016,0,"dummy","pair_1975_3187",NA,0.214507874992844
2016,0,"dummy","6606","Damian Lillard",0.209698918282405
2016,0,"dummy","2581177","Rodney Hood",0.207211778546929
2016,0,"dummy","3974","Dante Cunningham",0.20622511567719
2016,0,"dummy","3015","Paul Millsap",0.201024266883853
2016,0,"dummy","2579294","Frank Kaminsky",0.19419416037694
2016,0,"dummy","3213","Al Horford",0.194066057386317
2016,0,"dummy","2530572","Langston Galloway",0.189140579814412
2016,0,"dummy","6477","Jonas Valanciunas",0.188913763454799
2016,0,"dummy","pair_2429_3423",NA,0.179030491958941
2016,0,"dummy","4257","Derrick Favors",0.178852365718319
2016,0,"dummy","2534781","Gorgui Dieng",0.159681723851031
2016,0,"dummy","6468","Iman Shumpert",0.15888093412627
2016,0,"dummy","6479","Kemba Walker",0.157890807094119
2016,0,"dummy","2774","Ian Mahinmi",0.153595939385423
2016,0,"dummy","3277","C.J. Watson",0.153188392967328
2016,0,"dummy","6580","Bradley Beal",0.152777758390536
2016,0,"dummy","6485","Lance Thomas",0.148308665631162
2016,0,"dummy","3005","Rudy Gay",0.14442490468508
2016,0,"dummy","pair_3244_3448",NA,0.136556649786964
2016,0,"dummy","1727","Amar'e Stoudemire",0.136371226965255
2016,0,"dummy","3983","Tyreke Evans",0.130253765573493
2016,0,"dummy","841","Jason Terry",0.129183689782698
2016,0,"dummy","1017","Zach Randolph",0.127924049249634
2016,0,"dummy","2751","Monta Ellis",0.127360454527748
2016,0,"dummy","2968361","Raul Neto",0.125066637515876
2016,0,"dummy","6472","Isaiah Thomas",0.120621396340453
2016,0,"dummy","6628","Dion Waiters",0.120541772863014
2016,0,"dummy","2527963","Victor Oladipo",0.115583690063824
2016,0,"dummy","3474","Anthony Morrow",0.110336438657101
2016,0,"dummy","3232","Jason Smith",0.108074131083165
2016,0,"dummy","2531362","Anthony Brown",0.100903280983987
2016,0,"dummy","6447","Enes Kanter",0.100537118767642
2016,0,"dummy","3995","Jrue Holiday",0.0997153775118285
2016,0,"dummy","2531100","Adreian Payne",0.098671599255879
2016,0,"dummy","3235","Rodney Stuckey",0.094931082451593
2016,0,"dummy","996","Pau Gasol",0.0939939440006667
2016,0,"dummy","3244","Thaddeus Young",0.0932758278690616
2016,0,"dummy","2444","J.R. Smith",0.0863321786411156
2016,0,"dummy","6478","Nikola Vucevic",0.0815658080084402
2016,0,"dummy","2797","Marvin Williams",0.0706031758577465
2016,0,"dummy","2753","Raymond Felton",0.0686467365906743
2016,0,"dummy","4262","Hassan Whiteside",0.0577904565992787
2016,0,"dummy","3992","James Harden",0.0381686158020456
2016,0,"dummy","4305","Ish Smith",0.0356866792439943
2016,0,"dummy","4017","Marcus Thornton",0.0268590397267931
2016,0,"dummy","3187","Arron Afflalo",0.0251855420546199
2016,0,"dummy","3102529","Clint Capela",0.0231380783802653
2016,0,"dummy","1977","Chris Bosh",0.0191381188853728
2016,0,"dummy","6459","Nikola Mirotic",0.0179867951151187
2016,0,"dummy","2758","Marcin Gortat",0.0151598451862762
2016,0,"dummy","3999","James Johnson",0.0120055047203842
2016,0,"dummy","3033","P.J. Tucker",0.0110506813744946
2016,0,"dummy","6430","Jimmy Butler",0.00380135320750032
2016,0,"dummy","2531047","Jerian Grant",0.00241073231004254
2016,0,"dummy","3102531","Kristaps Porzingis",0.00177285996219277
2016,0,"dummy","1",NA,0
2016,0,"dummy","2",NA,0
2016,0,"dummy","4267","Cole Aldrich",-0.00102839687163302
2016,0,"dummy","3973","Darren Collison",-0.00195320392909804
2016,0,"dummy","3970","DeMarre Carroll",-0.00271469829037474
2016,0,"dummy","4247","Wesley Johnson",-0.00319172112407129
2016,0,"dummy","3445","Courtney Lee",-0.00532326871523509
2016,0,"dummy","4260","Greg Monroe",-0.00651471449246882
2016,0,"dummy","3276","Anthony Tolliver",-0.0153844248169351
2016,0,"dummy","6609","Khris Middleton",-0.0174012293817692
2016,0,"dummy","3064290","Aaron Gordon",-0.0176310773151644
2016,0,"dummy","6427","Bismack Biyombo",-0.0207338015020755
2016,0,"dummy","2531210","Allen Crabbe",-0.0223877241976636
2016,0,"dummy","4303","Donald Sloan",-0.0241326188231305
2016,0,"dummy","1765","Matt Barnes",-0.0260965769434501
2016,0,"dummy","2426","Trevor Ariza",-0.0282361480238379
2016,0,"dummy","2419","Anderson Varejao",-0.029926423030712
2016,0,"dummy","2968439","Aron Baynes",-0.030871070947333
2016,0,"dummy","4238","Eric Bledsoe",-0.0330905046335517
2016,0,"dummy","1724","Tayshaun Prince",-0.0428316441373868
2016,0,"dummy","2327577","JaMychal Green",-0.0530854628162323
2016,0,"dummy","1975","Carmelo Anthony",-0.0578293446633542
2016,0,"dummy","pair_3206_3209",NA,-0.0585169253786175
2016,0,"dummy","3431","Eric Gordon",-0.0616412444169148
2016,0,"dummy","3412","Ryan Anderson",-0.0669001336340578
2016,0,"dummy","1981","Kirk Hinrich",-0.0739983612191
2016,0,"dummy","2993370","Richaun Holmes",-0.0742742303416125
2016,0,"dummy","pair_3012_3978",NA,-0.0749787417780172
2016,0,"dummy","3989","Blake Griffin",-0.0761024954937967
2016,0,"dummy","3136196","Trey Lyles",-0.0783883689282579
2016,0,"dummy","6460","E'Twaun Moore",-0.0861197488578056
2016,0,"dummy","6616","Miles Plumlee",-0.0894513915056167
2016,0,"dummy","3428","Danilo Gallinari",-0.0896555725210792
2016,0,"dummy","3032976","Rudy Gobert",-0.0929812604573045
2016,0,"dummy","3978","DeMar DeRozan",-0.105665245632207
2016,0,"dummy","6637","Kent Bazemore",-0.112519312118735
2016,0,"dummy","6429","Alec Burks",-0.113624187737694
2016,0,"dummy","4295","Jeremy Evans",-0.117810967391775
2016,0,"dummy","3413","Darrell Arthur",-0.130541890298068
2016,0,"dummy","3032980","Lucas Nogueira",-0.134903181576977
2016,0,"dummy","1007","Joe Johnson",-0.137994390156341
2016,0,"dummy","pair_2583639_6588",NA,-0.139328258692371
2016,0,"dummy","3195","Mike Conley",-0.140397302145148
2016,0,"dummy","2999547","Gary Harris",-0.14068464385992
2016,0,"dummy","2993874","Kyle Anderson",-0.15201433849308
2016,0,"dummy","3447","Robin Lopez",-0.152031396066204
2016,0,"dummy","6588","Evan Fournier",-0.160813917375152
2016,0,"dummy","3026","Rajon Rondo",-0.161580551790048
2016,0,"dummy","3448","Brook Lopez",-0.179032516346578
2016,0,"dummy","4242","James Anderson",-0.179229495465129
2016,0,"dummy","2016","Zaza Pachulia",-0.188902322092365
2016,0,"dummy","pair_3059319_3136195",NA,-0.19279504603937
2016,0,"dummy","4299","Jeremy Lin",-0.198297535806725
2016,0,"dummy","2798","Deron Williams",-0.221527254140072
2016,0,"dummy","2778","C.J. Miles",-0.225915180646947
2016,0,"dummy","2995706","Mario Hezonja",-0.227536483314353
2016,0,"dummy","4239","Evan Turner",-0.228211702236079
2016,0,"dummy","6579","Will Barton",-0.22993965914506
2016,0,"dummy","1994","Steve Blake",-0.23514149500673
2016,0,"dummy","2583639","Elfrid Payton",-0.236161510295788
2016,0,"dummy","165","Jamal Crawford",-0.238394590808688
2016,0,"dummy","4244","Lance Stephenson",-0.241404285058106
2016,0,"dummy","3986","Taj Gibson",-0.246169494809499
2016,0,"dummy","2393","Shaun Livingston",-0.248806194339363
2016,0,"dummy","3201","Jared Dudley",-0.250303663591895
2016,0,"dummy","2184","Udonis Haslem",-0.257618884240951
2016,0,"dummy","6583","Anthony Davis",-0.258416312916771
2016,0,"dummy","2580913","Dewayne Dedmon",-0.267621054113164
2016,0,"dummy","6452","Jon Leuer",-0.27463669277335
2016,0,"dummy","2991055","Montrezl Harrell",-0.279305195568354
2016,0,"dummy","6433","Kenneth Faried",-0.281964975268762
2016,0,"dummy","pair_3033_3136193",NA,-0.290070003943043
2016,0,"dummy","2581084","Johnny O'Bryant",-0.290787786316781
2016,0,"dummy","3206","Marc Gasol",-0.291629456813068
2016,0,"dummy","pair_2991070_6634",NA,-0.292774161268877
2016,0,"dummy","pair_3015_4015",NA,-0.296831339741769
2016,0,"dummy","2429","Luol Deng",-0.299448128037332
2016,0,"dummy","6469","Kyle Singler",-0.299651397015453
2016,0,"dummy","3892818","Emmanuel Mudiay",-0.299709423707512
2016,0,"dummy","6641","Brian Roberts",-0.326645387946028
2016,0,"dummy","4232","Alonzo Gee",-0.327018869576889
2016,0,"dummy","6605","Meyers Leonard",-0.327698818358007
2016,0,"dummy","3209","Jeff Green",-0.34059112816153
2016,0,"dummy","3055","J.J. Barea",-0.341680868202424
2016,0,"dummy","3059319","Andrew Wiggins",-0.343209980490483
2016,0,"dummy","2767","Ersan Ilyasova",-0.35092178617411
2016,0,"dummy","662","Paul Pierce",-0.350967359017536
2016,0,"dummy","3134881","Stanley Johnson",-0.361074929708839
2016,0,"dummy","3133628","Myles Turner",-0.365844241806703
2016,0,"dummy","2530276","Tyler Johnson",-0.366755841186232
2016,0,"dummy","2530530","T.J. McConnell",-0.37284771424056
2016,0,"dummy","2968436","Joe Ingles",-0.397332170852186
2016,0,"dummy","3136195","Karl-Anthony Towns",-0.397785149287954
2016,0,"dummy","3056600","Jabari Parker",-0.401399401963451
2016,0,"dummy","6620","Robert Sacre",-0.403155060483336
2016,0,"dummy","2834","Chuck Hayes",-0.411373015795177
2016,0,"dummy","2596108","Michael Carter-Williams",-0.417720465465698
2016,0,"dummy","pair_3032977_6609",NA,-0.423507912723458
2016,0,"dummy","3467","Sonny Weems",-0.432417295632495
2016,0,"dummy","3231","Ramon Sessions",-0.434127131005263
2016,0,"dummy","3991","Tyler Hansbrough",-0.437343578931179
2016,0,"dummy","6461","Markieff Morris",-0.448633506764638
2016,0,"dummy","2528354","Cameron Bairstow",-0.464487123143263
2016,0,"dummy","2580365","Larry Nance",-0.468946147888061
2016,0,"dummy","4284","Tibor Pleiss",-0.480324064063067
2016,0,"dummy","2389","Al Jefferson",-0.484273125026308
2016,0,"dummy","3415","D.J. Augustin",-0.485996095315353
2016,0,"dummy","3032977","Giannis Antetokounmpo",-0.486408739964391
2016,0,"dummy","3224","Joakim Noah",-0.493370820983625
2016,0,"dummy","2166","Leandro Barbosa",-0.500363510711963
2016,0,"dummy","3417","Jerryd Bayless",-0.502446159503408
2016,0,"dummy","2579260","Trey Burke",-0.515066815622676
2016,0,"dummy","3153165","Chris McCullough",-0.522510362703403
2016,0,"dummy","6466","Chandler Parsons",-0.5260957953361
2016,0,"dummy","2528588","Doug McDermott",-0.52844547881194
2016,0,"dummy","4376","Boban Marjanovic",-0.530781345598031
2016,0,"dummy","2982334","T.J. Warren",-0.535958931901644
2016,0,"dummy","2490589","Isaiah Canaan",-0.538244924741624
2016,0,"dummy","4298","Timofey Mozgov",-0.542211755619959
2016,0,"dummy","2983727","R.J. Hunter",-0.549935842940766
2016,0,"dummy","2527968","Devyn Marble",-0.55682174509515
2016,0,"dummy","6634","Hollis Thompson",-0.571743126899073
2016,0,"dummy","2528426","Jordan Clarkson",-0.582951341208472
2016,0,"dummy","4269","Nemanja Bjelica",-0.586194908892713
2016,0,"dummy","6618","Thomas Robinson",-0.588798574238255
2016,0,"dummy","2448","Beno Udrih",-0.591571091402231
2016,0,"dummy","2489530","Troy Daniels",-0.604851671618587
2016,0,"dummy","3136193","Devin Booker",-0.61146582334522
2016,0,"dummy","4015","Jeff Teague",-0.611732515803564
2016,0,"dummy","3220","Josh McRoberts",-0.61175183732181
2016,0,"dummy","6448","Brandon Knight",-0.615153030757278
2016,0,"dummy","1987","Dwyane Wade",-0.637230496390563
2016,0,"dummy","6576","Quincy Acy",-0.648767832340238
2016,0,"dummy","2768","Jarrett Jack",-0.651241042071299
2016,0,"dummy","3078284","Noah Vonleh",-0.659574910940895
2016,0,"dummy","1781","Luis Scola",-0.667265821275271
2016,0,"dummy","3064482","Bobby Portis",-0.675276095708572
2016,0,"dummy","3064440","Zach LaVine",-0.678109942640913
2016,0,"dummy","2991039","Glenn Robinson",-0.680739455101888
2016,0,"dummy","4250","Luke Babbitt",-0.683757909298361
2016,0,"dummy","2991070","Jerami Grant",-0.691416516053587
2016,0,"dummy","2382","Devin Harris",-0.69216893251605
2016,0,"dummy","110","Kobe Bryant",-0.693006556095223
2016,0,"dummy","4385","Mirza Teletovic",-0.70036335536211
2016,0,"dummy","2991475","Bryce Dejean-Jones",-0.709219700455269
2016,0,"dummy","3191","Corey Brewer",-0.717076442869144
2016,0,"dummy","136","Vince Carter",-0.725470596969486
2016,0,"dummy","3136776","D'Angelo Russell",-0.738762906775559
2016,0,"dummy","2772","David Lee",-0.739840595340641
2016,0,"dummy","2581190","Josh Richardson",-0.765863378983799
2016,0,"dummy","2488958","Solomon Hill",-0.784046100202184
2016,0,"dummy","2594816","P.J. Hairston",-0.796159703530141
2016,0,"dummy","2608891","JaKarr Sampson",-0.799005374803148
2016,0,"dummy","3414","Omer Asik",-0.803755758317759
2016,0,"dummy","2488651","Ryan Kelly",-0.822479570544337
2016,0,"dummy","2439","Jameer Nelson",-0.833844514081681
2016,0,"dummy","2531367","Dwight Powell",-0.847065644350237
2016,0,"dummy","3979","Toney Douglas",-0.855665921742853
2016,0,"dummy","6615","Kyle O'Quinn",-0.859238508205766
2016,0,"dummy","6582","Jared Cunningham",-0.868546496395363
2016,0,"dummy","2490089","Mike Muscala",-0.869067733072816
2016,0,"dummy","2421","Sasha Vujacic",-0.876275691219946
2016,0,"dummy","4000","Ty Lawson",-0.877077143401013
2016,0,"dummy","3064509","James Young",-0.881448083816439
2016,0,"dummy","3217","Carl Landry",-0.883845602129916
2016,0,"dummy","6454","Shelvin Mack",-0.888942546319425
2016,0,"dummy","3018","Steve Novak",-0.894421513845332
2016,0,"dummy","3981","Wayne Ellington",-0.89875475637137
2016,0,"dummy","6591","Maurice Harkless",-0.911734496957091
2016,0,"dummy","2799","Louis Williams",-0.922089338445442
2016,0,"dummy","2596158","Shane Larkin",-0.928980097972492
2016,0,"dummy","3243","Nick Young",-0.941098212001058
2016,0,"dummy","6480","Derrick Williams",-0.942283910909992
2016,0,"dummy","3593","Bojan Bogdanovic",-0.942951521242298
2016,0,"dummy","3064230","Cameron Payne",-0.944187108881207
2016,0,"dummy","984","Tyson Chandler",-0.954423218341263
2016,0,"dummy","6631","Tyler Zeller",-0.956460600333657
2016,0,"dummy","2596107","Alex Len",-0.960213060669808
2016,0,"dummy","3456","Derrick Rose",-0.963121851933977
2016,0,"dummy","2488845","Cory Jefferson",-0.970236747135277
2016,0,"dummy","3074752","Terry Rozier",-0.970334786765536
2016,0,"dummy","2394","Kevin Martin",-0.972561206404473
2016,0,"dummy","2489785","Ian Clark",-0.984653486087198
2016,0,"dummy","6595","Orlando Johnson",-0.990969763189766
2016,0,"dummy","2991280","Nerlens Noel",-1.01279558343801
2016,0,"dummy","2528386","Joe Young",-1.01279651424911
2016,0,"dummy","2993875","Shabazz Muhammad",-1.01975454319309
2016,0,"dummy","pair_2528426_3064514",NA,-1.02468217915026
2016,0,"dummy","3064514","Julius Randle",-1.02645111453233
2016,0,"dummy","2309097","Damjan Rudez",-1.08619523847203
2016,0,"dummy","2991281","Archie Goodwin",-1.1041628842246
2016,0,"dummy","3457","Brandon Rush",-1.11004891993269
2016,0,"dummy","2579321","James Ennis",-1.12441858894001
2016,0,"dummy","4291","Greivis Vasquez",-1.1267605066606
2016,0,"dummy","3133603","Kelly Oubre",-1.13645424036217
2016,0,"dummy","6431","Norris Cole",-1.14897287481189
2016,0,"dummy","1006","Richard Jefferson",-1.15034716261466
2016,0,"dummy","3965","DeJuan Blair",-1.15165540214409
2016,0,"dummy","6617","Austin Rivers",-1.1531034720684
2016,0,"dummy","2530750","Markel Brown",-1.16371936913661
2016,0,"dummy","3247","Joel Anthony",-1.18128828381646
2016,0,"dummy","6592","John Henson",-1.19569592415256
2016,0,"dummy","2968458","Salah Mejri",-1.19993033022703
2016,0,"dummy","2411","Josh Smith",-1.21332959487699
2016,0,"dummy","4300","Gary Neal",-1.22392789661239
2016,0,"dummy","2806","Jose Calderon",-1.22672760182354
2016,0,"dummy","3437","J.J. Hickson",-1.23249782534763
2016,0,"dummy","2959753","Joffrey Lauvergne",-1.23812332829664
2016,0,"dummy","2530780","Shabazz Napier",-1.24027099117164
2016,0,"dummy","3137733","Rashad Vaughn",-1.24799528195801
2016,0,"dummy","4289","Kevin Seraphin",-1.26449196401722
2016,0,"dummy","2595516","Norman Powell",-1.27213895603075
2016,0,"dummy","3135046","Tyus Jones",-1.27751769463579
2016,0,"dummy","2987","Andrea Bargnani",-1.3861387187019
2016,0,"dummy","3041","Lou Amundson",-1.43765317370289
2016,0,"dummy","2792","Charlie Villanueva",-1.46975978840019
2016,0,"dummy","3190","Marco Belinelli",-1.47072810763511
2016,0,"dummy","3444","Kosta Koufos",-1.50415064955302
2016,0,"dummy","3033031","Walter Tavares",-1.50702303485134
2016,0,"dummy","3460","Marreese Speights",-1.5375604097008
2016,0,"dummy","4003","Jodie Meeks",-1.54736513300144
2016,0,"dummy","2991042","Nik Stauskas",-1.58120381502694
2016,0,"dummy","2433","Kris Humphries",-1.64631535247129
2016,0,"dummy","558",NA,-1.65836266881198
2016,0,"dummy","2488684","Erick Green",-1.67817401228187
2016,0,"dummy","6464","Donatas Motiejunas",-1.68481167861334
2016,0,"dummy","3059281","Tyler Ennis",-1.7240233722111
2016,0,"dummy","1711","Drew Gooden",-1.74311630508695
2016,0,"dummy","3436","Roy Hibbert",-1.77598672759935
2016,0,"dummy","3064517","Jarell Martin",-1.7949432969898
2016,0,"dummy","2178","Mo Williams",-1.79540063667344
2016,0,"dummy","3135048","Jahlil Okafor",-1.80264488033355
2016,0,"dummy","6597","Terrence Jones",-1.80333787093637
2016,0,"dummy","2009","James Jones",-1.88128687580454
2016,0,"dummy","1135","Chris Andersen",-1.94133366386229
2016,0,"dummy","3064447","Delon Wright",-2.00346145051295
2016,0,"dummy","3452","JaVale McGee",-2.01944011919724
2016,0,"dummy","5832",NA,-2.04461757441275
2016,0,"dummy","3462","Jason Thompson",-2.46895936455661
2016,0,"dummy","6607","Kendall Marshall",-2.47743050270042
2016,0,"dummy","2491063","Shayne Whittington",-2.49453317884414
2016,0,"dummy","2284101","Justin Holiday",-2.6599759133897
2016,0,"dummy","3242","Brandan Wright",-2.67895279438343
2016,0,"dummy","1982","Chris Kaman",-2.78182074243578
2016,0,"dummy","6630","Tony Wroten",-3.01035968164013
2016,0,"dummy","2993873","Jordan Adams",-3.01174650646819
2016,0,"dummy","3453","Nikola Pekovic",-3.11562055160918
2016,0,"dummy","2018","Kendrick Perkins",-3.34865242941415
2016,0,"dummy","1705","Caron Butler",-3.35868537133239
2016,0,"dummy","2528779","Reggie Bullock",-3.44211295266077
2016,0,"dummy","6635","Chris Copeland",-3.52410167056366
2016,0,"dummy","2594818","James Michael",-3.78909889459829
2016,0,"dummy","2528803","Jarell Eddie",-3.90525490538508
2016,0,"dummy","2232862","Alex Stepheson",-3.96358063985394
2016,0,"dummy","3008","Ryan Hollins",-4.03034567321004
2016,0,"dummy","2528787","Lorenzo Brown",-4.39270171118863
2016,0,"dummy","3443","Sasha Kaun",-4.46698015970882
2016,0,"dummy","3911666","Luis Montero",-4.7227433790315
2016,0,"dummy","2580782","Spencer Dinwiddie",-4.90179818083484
2016,0,"dummy","2782",NA,-5.17670362094308
2016,0,"dummy","2578239","Pat Connaughton",-5.4112106943213
2016,0,"dummy","2531038","Russ Smith",-5.58384332138313
2016,0,"dummy","3102534","Damien Inglis",-5.7897866389032
2016,0,"dummy","2991041","Mitch McGary",-5.79557287477457
2016,0,"dummy","2531054",NA,-7.23363884947183
2016,0,"dummy","2991473","Anthony Bennett",-8.05111488275919
2016,0,"dummy","2595211","Branden Dawson",-8.26479537206721
2016,0,"dummy","4008","Jeff Ayres",-8.57298130691848
2016,0,"dummy","6438","Justin Harper",-10.9320063929873
2016,0,"dummy","2528794",NA,-11.2679057294949
2016,0,"dummy","3155535",NA,-11.8425380486946
2016,0,"dummy","6434",NA,-15.6736171206574
2016,0,"dummy","3102533",NA,-42.5412594742718
2016,5,"dummy","1499",NA,6.65182884158531
2016,5,"dummy","4661",NA,5.45968442037743
2016,5,"dummy","6569","Alan Anderson",4.85381112727965
2016,5,"dummy","5319",NA,3.87489463885313
2016,5,"dummy","1596",NA,3.84937120121266
2016,5,"dummy","2531797","Jordan McRae",3.5243074590558
2016,5,"dummy","6601","Michael Kidd-Gilchrist",3.0940446300921
2016,5,"dummy","2528393","Tarik Black",2.78473571574538
2016,5,"dummy","2",NA,2.6717871010778
2016,5,"dummy","3058254","Christian Wood",2.23710825613559
2016,5,"dummy","2528210","Tim Hardaway",2.08126354299758
2016,5,"dummy","pair_3975_6589",NA,1.81231614918845
2016,5,"dummy","3975","Stephen Curry",1.76555582424914
2016,5,"dummy","6622","Mike Scott",1.68452458749635
2016,5,"dummy","6589","Draymond Green",1.65543789236643
2016,5,"dummy","4004","Patty Mills",1.65258411813093
2016,5,"dummy","4321","Elijah Millsap",1.64583867034379
2016,5,"dummy","272","Manu Ginobili",1.63137827774507
2016,5,"dummy","4264","Patrick Patterson",1.56076826326597
2016,5,"dummy","pair_1966_6474",NA,1.48567381117801
2016,5,"dummy","215","Tim Duncan",1.42455198087969
2016,5,"dummy","6587","Festus Ezeli",1.3068342778425
2016,5,"dummy","2177","David West",1.3045991905115
2016,5,"dummy","2578259","Darrun Hilliard",1.26137477990355
2016,5,"dummy","2489663","Kelly Olynyk",1.20234275651362
2016,5,"dummy","2326015","Willie Reed",1.15376504106311
2016,5,"dummy","2326307","Seth Curry",1.14552613625829
2016,5,"dummy","6475","Klay Thompson",1.13150776642998
2016,5,"dummy","1966","LeBron James",1.13091930432893
2016,5,"dummy","2991235","Steven Adams",1.11971922672129
2016,5,"dummy","2528353","Tony Snell",1.11611835524257
2016,5,"dummy","2968363","Marcelo Huertas",1.11198212367918
2016,5,"dummy","3",NA,1.11143686763737
2016,5,"dummy","3202","Kevin Durant",1.10360074318325
2016,5,"dummy","2489716","Matthew Dellavedova",1.10047546526288
2016,5,"dummy","1767","Rasual Butler",1.09582141798835
2016,5,"dummy","609","Dirk Nowitzki",1.08104980418122
2016,5,"dummy","6450","Kawhi Leonard",1.05835963543971
2016,5,"dummy","3451","Luc Richard",1.05762458031708
2016,5,"dummy","261","Kevin Garnett",1.05661222456516
2016,5,"dummy","pair_2779_3442",NA,1.03912314313788
2016,5,"dummy","2386","Andre Iguodala",1.03832097301355
2016,5,"dummy","2779","Chris Paul",1.03095654314554
2016,5,"dummy","2530722","Phil Pressey",0.992015249643344
2016,5,"dummy","3024","J.J. Redick",0.95901064929055
2016,5,"dummy","2530596","Andre Roberson",0.955678757186862
2016,5,"dummy","3998","Jonas Jerebko",0.938584564081153
2016,5,"dummy","6424","Lavoy Allen",0.921869792004162
2016,5,"dummy","3112335","Nikola Jokic",0.918578582505055
2016,5,"dummy","2754","Channing Frye",0.917526202432677
2016,5,"dummy","2982340","Justin Anderson",0.89673410376332
2016,5,"dummy","6603","Jeremy Lamb",0.874449104862906
2016,5,"dummy","3449","Kevin Love",0.864478038768814
2016,5,"dummy","1713","Nene Hilario",0.823898450942485
2016,5,"dummy","2747","Andrew Bogut",0.814600610422919
2016,5,"dummy","2579466","Jonathon Simmons",0.812176846023611
2016,5,"dummy","2745","Brandon Bass",0.775331030760864
2016,5,"dummy","6474","Tristan Thompson",0.773737176240662
2016,5,"dummy","4294","Elliot Williams",0.772966719249311
2016,5,"dummy","pair_4248_6606",NA,0.758514548612513
2016,5,"dummy","3423","Goran Dragic",0.748387036359334
2016,5,"dummy","3993","Gerald Henderson",0.741946199623113
2016,5,"dummy","pair_3439_3468",NA,0.741081878487829
2016,5,"dummy","6624","Jared Sullinger",0.739154218397161
2016,5,"dummy","pair_4240_6472",NA,0.739007671034537
2016,5,"dummy","557","Andre Miller",0.736345502614256
2016,5,"dummy","3012","Kyle Lowry",0.733687452215036
2016,5,"dummy","3064291","Rondae Hollis-Jefferson",0.693964222961467
2016,5,"dummy","2488721","Lamar Patterson",0.692057242576168
2016,5,"dummy","pair_3412_3995",NA,0.691347536581648
2016,5,"dummy","pair_3026_4258",NA,0.688674836595677
2016,5,"dummy","2581018","Kentavious Caldwell-Pope",0.666301022582647
2016,5,"dummy","3949086",NA,0.660182724485087
2016,5,"dummy","25","Metta World",0.658438651007133
2016,5,"dummy","3410","Alexis Ajinca",0.656075229465057
2016,5,"dummy","3439","Serge Ibaka",0.654822625668462
2016,5,"dummy","3032979","Dennis Schroder",0.644809893870473
2016,5,"dummy","6578","Harrison Barnes",0.637948532794158
2016,5,"dummy","3988","Danny Green",0.634940744241674
2016,5,"dummy","2528447","Ray McCallum",0.633489862577409
2016,5,"dummy","4270","Trevor Booker",0.630796509714243
2016,5,"dummy","2990992","Marcus Smart",0.624138911300036
2016,5,"dummy","2983","LaMarcus Aldridge",0.59374530340158
2016,5,"dummy","2325975","Chris Johnson",0.581739287066977
2016,5,"dummy","3233","Tiago Splitter",0.581689397607144
2016,5,"dummy","6594","John Jenkins",0.577382567602807
2016,5,"dummy","1978","Nick Collison",0.569701872582283
2016,5,"dummy","2578213","Ben McLemore",0.5690097929884
2016,5,"dummy","2333797","Jeff Withey",0.564724776156169
2016,5,"dummy","3554","Omri Casspi",0.564044395503418
2016,5,"dummy","pair_2751_4251",NA,0.554675055039527
2016,5,"dummy","4258","DeMarcus Cousins",0.543962563280691
2016,5,"dummy","3468","Russell Westbrook",0.543135681123479
2016,5,"dummy","4251","Paul George",0.541139745694208
2016,5,"dummy","2807","Ronnie Price",0.539240009392638
2016,5,"dummy","3964","Patrick Beverley",0.539226825715228
2016,5,"dummy","3997","Brandon Jennings",0.53783548372275
2016,5,"dummy","4240","Avery Bradley",0.532034137055006
2016,5,"dummy","6581","Jae Crowder",0.52581137100609
2016,5,"dummy","2167","Boris Diaw",0.507017564733077
2016,5,"dummy","pair_2581018_6443",NA,0.504961450790596
2016,5,"dummy","6462","Marcus Morris",0.50461256752105
2016,5,"dummy","6585","Andre Drummond",0.498764476290411
2016,5,"dummy","3211","Spencer Hawes",0.481021596781716
2016,5,"dummy","6619","Terrence Ross",0.478732441858115
2016,5,"dummy","4023","Garrett Temple",0.467660298413197
2016,5,"dummy","3442","DeAndre Jordan",0.457466354531071
2016,5,"dummy","pair_2983_6450",NA,0.456451934340723
2016,5,"dummy","4259","Ed Davis",0.45431156034321
2016,5,"dummy","1015","Tony Parker",0.453605454906959
2016,5,"dummy","6443","Reggie Jackson",0.446142887528761
2016,5,"dummy","2579258","Cody Zeller",0.440453633973107
2016,5,"dummy","pair_2798_4032",NA,0.427597637427756
2016,5,"dummy","3450","O.J. Mayo",0.422252357382961
2016,5,"dummy","pair_6430_996",NA,0.420131998406915
2016,5,"dummy","3994","Jordan Hill",0.410879340432633
2016,5,"dummy","3192","Aaron Brooks",0.406451529255969
2016,5,"dummy","1708","Mike Dunleavy",0.389036229720061
2016,5,"dummy","3419","Mario Chalmers",0.387756891828487
2016,5,"dummy","3028","Thabo Sefolosha",0.382376653349317
2016,5,"dummy","4195","Kostas Papanikolaou",0.380762161813449
2016,5,"dummy","2594922","Otto Porter",0.379310388196947
2016,5,"dummy","2367","Tony Allen",0.378989711693664
2016,5,"dummy","4248","Al-Farouq Aminu",0.369964170386856
2016,5,"dummy","4032","Wesley Matthews",0.364843678207163
2016,5,"dummy","2769","Amir Johnson",0.360830136837386
2016,5,"dummy","6446","Cory Joseph",0.349475540482319
2016,5,"dummy","2488689","Sean Kilpatrick",0.343158177753969
2016,5,"dummy","pair_2581177_4249",NA,0.343051815399675
2016,5,"dummy","3135047","Justise Winslow",0.331382340709132
2016,5,"dummy","3102530","Jusuf Nurkic",0.325052881090627
2016,5,"dummy","pair_2758_4237",NA,0.315534906226169
2016,5,"dummy","6440","Tobias Harris",0.315341506256894
2016,5,"dummy","2384","Dwight Howard",0.313913043999945
2016,5,"dummy","6614","Andrew Nicholson",0.310763564931816
2016,5,"dummy","2761","Gerald Green",0.306973613999912
2016,5,"dummy","4249","Gordon Hayward",0.301265041097979
2016,5,"dummy","2490149","C.J. McCollum",0.297350569788896
2016,5,"dummy","pair_2999547_3892818",NA,0.289009512638592
2016,5,"dummy","3416","Nicolas Batum",0.285397480662313
2016,5,"dummy","pair_3416_6479",NA,0.283275136702886
2016,5,"dummy","3003","Randy Foye",0.279575642304309
2016,5,"dummy","2488653","Mason Plumlee",0.279500712864697
2016,5,"dummy","3968","Chase Budinger",0.274413945266767
2016,5,"dummy","2011","Kyle Korver",0.270523802329076
2016,5,"dummy","pair_2426_3992",NA,0.262244449710589
2016,5,"dummy","2490620","Robert Covington",0.26021707405776
2016,5,"dummy","4011","Ricky Rubio",0.255448348945477
2016,5,"dummy","4237","John Wall",0.250818202535739
2016,5,"dummy","6442","Kyrie Irving",0.242599370632725
2016,5,"dummy","2579294","Frank Kaminsky",0.239738223647802
2016,5,"dummy","4182","Pablo Prigioni",0.230504703242475
2016,5,"dummy","3438","George Hill",0.224589471740104
2016,5,"dummy","2991282","Willie Cauley-Stein",0.224550308253099
2016,5,"dummy","6606","Damian Lillard",0.22238786203315
2016,5,"dummy","pair_1975_3187",NA,0.21316412008867
2016,5,"dummy","2581177","Rodney Hood",0.205143164661932
2016,5,"dummy","3015","Paul Millsap",0.202923297248909
2016,5,"dummy","3213","Al Horford",0.190922171405674
2016,5,"dummy","2530572","Langston Galloway",0.187960892697463
2016,5,"dummy","3974","Dante Cunningham",0.185516151780453
2016,5,"dummy","6477","Jonas Valanciunas",0.181532360926855
2016,5,"dummy","pair_2429_3423",NA,0.179060922172748
2016,5,"dummy","4257","Derrick Favors",0.169044405392634
2016,5,"dummy","6468","Iman Shumpert",0.168417500520134
2016,5,"dummy","841","Jason Terry",0.161836907014683
2016,5,"dummy","2534781","Gorgui Dieng",0.159660600358649
2016,5,"dummy","2774","Ian Mahinmi",0.153091306867455
2016,5,"dummy","6580","Bradley Beal",0.152216870247079
2016,5,"dummy","6485","Lance Thomas",0.15137921203655
2016,5,"dummy","6479","Kemba Walker",0.147522734770219
2016,5,"dummy","3005","Rudy Gay",0.142585130144365
2016,5,"dummy","pair_3244_3448",NA,0.134970682856928
2016,5,"dummy","3277","C.J. Watson",0.134515070093791
2016,5,"dummy","3983","Tyreke Evans",0.133979016886275
2016,5,"dummy","1727","Amar'e Stoudemire",0.129818622700356
2016,5,"dummy","3232","Jason Smith",0.129315590500695
2016,5,"dummy","1017","Zach Randolph",0.126144943624439
2016,5,"dummy","2751","Monta Ellis",0.125763196224149
2016,5,"dummy","2968361","Raul Neto",0.122435776890333
2016,5,"dummy","6472","Isaiah Thomas",0.117119712664923
2016,5,"dummy","2527963","Victor Oladipo",0.115762483798203
2016,5,"dummy","6628","Dion Waiters",0.111222882664531
2016,5,"dummy","3995","Jrue Holiday",0.104227914821921
2016,5,"dummy","6447","Enes Kanter",0.103213055192894
2016,5,"dummy","3474","Anthony Morrow",0.0992441599947436
2016,5,"dummy","2531100","Adreian Payne",0.097828763219769
2016,5,"dummy","3235","Rodney Stuckey",0.0968850617071785
2016,5,"dummy","4267","Cole Aldrich",0.0966411365612884
2016,5,"dummy","2444","J.R. Smith",0.0948424501280478
2016,5,"dummy","3244","Thaddeus Young",0.0939261541218415
2016,5,"dummy","2531362","Anthony Brown",0.0893115435130451
2016,5,"dummy","996","Pau Gasol",0.0871321577192702
2016,5,"dummy","6478","Nikola Vucevic",0.0801882246919823
2016,5,"dummy","2797","Marvin Williams",0.0776102241424138
2016,5,"dummy","4017","Marcus Thornton",0.0765068364733467
2016,5,"dummy","2753","Raymond Felton",0.0732935988578977
2016,5,"dummy","4262","Hassan Whiteside",0.0632994869053735
2016,5,"dummy","2488945","Tim Frazier",0.053508255960948
2016,5,"dummy","3102529","Clint Capela",0.0463776748495627
2016,5,"dummy","3992","James Harden",0.0353421347311453
2016,5,"dummy","4295","Jeremy Evans",0.0345057324704946
2016,5,"dummy","3999","James Johnson",0.0264620094448454
2016,5,"dummy","4305","Ish Smith",0.0250363537919905
2016,5,"dummy","3187","Arron Afflalo",0.0201240609169689
2016,5,"dummy","1977","Chris Bosh",0.017443799147692
2016,5,"dummy","4247","Wesley Johnson",0.0139028884063962
2016,5,"dummy","2531047","Jerian Grant",0.0101200052357757
2016,5,"dummy","6459","Nikola Mirotic",0.00990815973680679
2016,5,"dummy","3033","P.J. Tucker",0.0081991054383151
2016,5,"dummy","3973","Darren Collison",0.00605759991348142
2016,5,"dummy","2758","Marcin Gortat",0.00594941649900596
2016,5,"dummy","3102531","Kristaps Porzingis",3.50092291058208e-05
2016,5,"dummy","6430","Jimmy Butler",-0.000376933483242029
2016,5,"dummy","4260","Greg Monroe",-0.00456109070332019
2016,5,"dummy","3970","DeMarre Carroll",-0.00527668676357343
2016,5,"dummy","3064290","Aaron Gordon",-0.00715120144328244
2016,5,"dummy","3276","Anthony Tolliver",-0.00903267792511857
2016,5,"dummy","3445","Courtney Lee",-0.0126573754527643
2016,5,"dummy","6609","Khris Middleton",-0.0176222052171485
2016,5,"dummy","2531210","Allen Crabbe",-0.0194099691031118
2016,5,"dummy","4238","Eric Bledsoe",-0.0212531703417967
2016,5,"dummy","4303","Donald Sloan",-0.0262227966734341
2016,5,"dummy","2968439","Aron Baynes",-0.0332851675553682
2016,5,"dummy","2426","Trevor Ariza",-0.0341123141302463
2016,5,"dummy","1724","Tayshaun Prince",-0.0435155101839123
2016,5,"dummy","2993370","Richaun Holmes",-0.0460015254683814
2016,5,"dummy","1765","Matt Barnes",-0.0469949797362965
2016,5,"dummy","1975","Carmelo Anthony",-0.0528078882043884
2016,5,"dummy","6427","Bismack Biyombo",-0.0580275789698983
2016,5,"dummy","3431","Eric Gordon",-0.0596369197369618
2016,5,"dummy","6460","E'Twaun Moore",-0.0602906954239351
2016,5,"dummy","2993874","Kyle Anderson",-0.0640989192941554
2016,5,"dummy","pair_3206_3209",NA,-0.066018529247621
2016,5,"dummy","4242","James Anderson",-0.0695832483341497
2016,5,"dummy","pair_3012_3978",NA,-0.070079032751919
2016,5,"dummy","2419","Anderson Varejao",-0.0728833321505384
2016,5,"dummy","1981","Kirk Hinrich",-0.0742179815988144
2016,5,"dummy","3412","Ryan Anderson",-0.0751251085511426
2016,5,"dummy","3989","Blake Griffin",-0.0761256177741505
2016,5,"dummy","3428","Danilo Gallinari",-0.0943843903362601
2016,5,"dummy","3032976","Rudy Gobert",-0.097442038660152
2016,5,"dummy","6616","Miles Plumlee",-0.0980273675356582
2016,5,"dummy","3136196","Trey Lyles",-0.104323455572834
2016,5,"dummy","2327577","JaMychal Green",-0.10584192175967
2016,5,"dummy","6637","Kent Bazemore",-0.112460647634435
2016,5,"dummy","6429","Alec Burks",-0.114763961884097
2016,5,"dummy","3978","DeMar DeRozan",-0.116608800262164
2016,5,"dummy","3413","Darrell Arthur",-0.128476577931854
2016,5,"dummy","2991055","Montrezl Harrell",-0.137819594352684
2016,5,"dummy","2999547","Gary Harris",-0.138854431911934
2016,5,"dummy","1007","Joe Johnson",-0.139413472097634
2016,5,"dummy","3195","Mike Conley",-0.139586607336192
2016,5,"dummy","pair_2583639_6588",NA,-0.140161259076476
2016,5,"dummy","3447","Robin Lopez",-0.15188311273916
2016,5,"dummy","6588","Evan Fournier",-0.161540732458474
2016,5,"dummy","3026","Rajon Rondo",-0.162096465059688
2016,5,"dummy","2580913","Dewayne Dedmon",-0.164541155800754
2016,5,"dummy","3448","Brook Lopez",-0.168001517403229
2016,5,"dummy","3032980","Lucas Nogueira",-0.191534261520619
2016,5,"dummy","2995706","Mario Hezonja",-0.192132609687076
2016,5,"dummy","2016","Zaza Pachulia",-0.192713294097012
2016,5,"dummy","pair_3059319_3136195",NA,-0.193459236792938
2016,5,"dummy","4299","Jeremy Lin",-0.212554666486201
2016,5,"dummy","4239","Evan Turner",-0.220180538920176
2016,5,"dummy","2798","Deron Williams",-0.221252032373531
2016,5,"dummy","165","Jamal Crawford",-0.227384632528145
2016,5,"dummy","2778","C.J. Miles",-0.229314880858412
2016,5,"dummy","6579","Will Barton",-0.229906804677208
2016,5,"dummy","1994","Steve Blake",-0.232742659420684
2016,5,"dummy","2583639","Elfrid Payton",-0.236793397706436
2016,5,"dummy","3991","Tyler Hansbrough",-0.24443689665664
2016,5,"dummy","6641","Brian Roberts",-0.245132268903957
2016,5,"dummy","3201","Jared Dudley",-0.248893733759411
2016,5,"dummy","3986","Taj Gibson",-0.250366553831653
2016,5,"dummy","6583","Anthony Davis",-0.253417708493697
2016,5,"dummy","4244","Lance Stephenson",-0.258762716353975
2016,5,"dummy","pair_2991070_6634",NA,-0.272499186975968
2016,5,"dummy","2184","Udonis Haslem",-0.273528953074831
2016,5,"dummy","pair_3033_3136193",NA,-0.279309105272719
2016,5,"dummy","6433","Kenneth Faried",-0.284019240755938
2016,5,"dummy","2581084","Johnny O'Bryant",-0.291563453242359
2016,5,"dummy","2393","Shaun Livingston",-0.294444619410619
2016,5,"dummy","6452","Jon Leuer",-0.295018736120757
2016,5,"dummy","3206","Marc Gasol",-0.295182466458222
2016,5,"dummy","pair_3015_4015",NA,-0.297363015357407
2016,5,"dummy","2429","Luol Deng",-0.297449061934089
2016,5,"dummy","3892818","Emmanuel Mudiay",-0.3011005271963
2016,5,"dummy","6469","Kyle Singler",-0.31823172704001
2016,5,"dummy","3153165","Chris McCullough",-0.318597447757314
2016,5,"dummy","4232","Alonzo Gee",-0.32313362066663
2016,5,"dummy","3055","J.J. Barea",-0.328180503814712
2016,5,"dummy","662","Paul Pierce",-0.340649334253739
2016,5,"dummy","3059319","Andrew Wiggins",-0.34422395300183
2016,5,"dummy","3209","Jeff Green",-0.34940452065025
2016,5,"dummy","6605","Meyers Leonard",-0.353538053896275
2016,5,"dummy","2767","Ersan Ilyasova",-0.355609561857536
2016,5,"dummy","2530276","Tyler Johnson",-0.360043210160502
2016,5,"dummy","4376","Boban Marjanovic",-0.363629469442077
2016,5,"dummy","3134881","Stanley Johnson",-0.364224607197602
2016,5,"dummy","3133628","Myles Turner",-0.365005817897484
2016,5,"dummy","2530530","T.J. McConnell",-0.367707318500423
2016,5,"dummy","6620","Robert Sacre",-0.387755571000979
2016,5,"dummy","3056600","Jabari Parker",-0.398309351758805
2016,5,"dummy","3136195","Karl-Anthony Towns",-0.399059549868287
2016,5,"dummy","2596108","Michael Carter-Williams",-0.414183876819002
2016,5,"dummy","2834","Chuck Hayes",-0.41959788850543
2016,5,"dummy","pair_3032977_6609",NA,-0.424833382155243
2016,5,"dummy","2489530","Troy Daniels",-0.431853724616382
2016,5,"dummy","4284","Tibor Pleiss",-0.432853957413842
2016,5,"dummy","6461","Markieff Morris",-0.445518701240798
2016,5,"dummy","2968436","Joe Ingles",-0.451566711653977
2016,5,"dummy","3231","Ramon Sessions",-0.463846512575244
2016,5,"dummy","2580365","Larry Nance",-0.475195874355658
2016,5,"dummy","2389","Al Jefferson",-0.479921765976832
2016,5,"dummy","3415","D.J. Augustin",-0.482487645975078
2016,5,"dummy","3032977","Giannis Antetokounmpo",-0.485362021746273
2016,5,"dummy","2528588","Doug McDermott",-0.494086098167053
2016,5,"dummy","3417","Jerryd Bayless",-0.501160115335667
2016,5,"dummy","3224","Joakim Noah",-0.505101102844942
2016,5,"dummy","2579260","Trey Burke",-0.511276072723742
2016,5,"dummy","6466","Chandler Parsons",-0.516343994923957
2016,5,"dummy","3467","Sonny Weems",-0.51738589095834
2016,5,"dummy","2166","Leandro Barbosa",-0.52576648284661
2016,5,"dummy","6618","Thomas Robinson",-0.528959741888932
2016,5,"dummy","2982334","T.J. Warren",-0.550797815941216
2016,5,"dummy","2448","Beno Udrih",-0.554620230864108
2016,5,"dummy","2490589","Isaiah Canaan",-0.557110701145864
2016,5,"dummy","6634","Hollis Thompson",-0.557739047748619
2016,5,"dummy","4298","Timofey Mozgov",-0.558119508153358
2016,5,"dummy","4269","Nemanja Bjelica",-0.581948962729659
2016,5,"dummy","2528426","Jordan Clarkson",-0.583573978638705
2016,5,"dummy","3064482","Bobby Portis",-0.585328074671483
2016,5,"dummy","3220","Josh McRoberts",-0.602495555761371
2016,5,"dummy","6448","Brandon Knight",-0.604834705361312
2016,5,"dummy","6576","Quincy Acy",-0.607737430856729
2016,5,"dummy","3136193","Devin Booker",-0.610349577613398
2016,5,"dummy","4015","Jeff Teague",-0.61123526795626
2016,5,"dummy","2983727","R.J. Hunter",-0.623059268743442
2016,5,"dummy","1987","Dwyane Wade",-0.642493307181303
2016,5,"dummy","2768","Jarrett Jack",-0.6507192807867
2016,5,"dummy","1781","Luis Scola",-0.677780562112155
2016,5,"dummy","3064440","Zach LaVine",-0.679659768476999
2016,5,"dummy","2991039","Glenn Robinson",-0.685962785729865
2016,5,"dummy","2991070","Jerami Grant",-0.689716543545493
2016,5,"dummy","110","Kobe Bryant",-0.6948077928641
2016,5,"dummy","3191","Corey Brewer",-0.696702960673555
2016,5,"dummy","2382","Devin Harris",-0.704085108215198
2016,5,"dummy","2991475","Bryce Dejean-Jones",-0.704242788011116
2016,5,"dummy","3078284","Noah Vonleh",-0.71343029505494
2016,5,"dummy","2772","David Lee",-0.724507891794462
2016,5,"dummy","4385","Mirza Teletovic",-0.726984940160503
2016,5,"dummy","4250","Luke Babbitt",-0.728606193055534
2016,5,"dummy","3136776","D'Angelo Russell",-0.742263801241201
2016,5,"dummy","2581190","Josh Richardson",-0.759043460762476
2016,5,"dummy","2488958","Solomon Hill",-0.777988476422746
2016,5,"dummy","136","Vince Carter",-0.784980397631609
2016,5,"dummy","3217","Carl Landry",-0.796437429640431
2016,5,"dummy","2594816","P.J. Hairston",-0.797957640372816
2016,5,"dummy","3414","Omer Asik",-0.805581714160414
2016,5,"dummy","2608891","JaKarr Sampson",-0.819436996074121
2016,5,"dummy","2488651","Ryan Kelly",-0.823680581975495
2016,5,"dummy","2439","Jameer Nelson",-0.82701182549967
2016,5,"dummy","2531367","Dwight Powell",-0.835428712437012
2016,5,"dummy","4000","Ty Lawson",-0.852515112408151
2016,5,"dummy","6615","Kyle O'Quinn",-0.864588356318896
2016,5,"dummy","2596158","Shane Larkin",-0.864720284928929
2016,5,"dummy","3979","Toney Douglas",-0.87391379681634
2016,5,"dummy","2490089","Mike Muscala",-0.884723641824227
2016,5,"dummy","3064509","James Young",-0.894932791619344
2016,5,"dummy","3981","Wayne Ellington",-0.904812577575572
2016,5,"dummy","2799","Louis Williams",-0.918551569572039
2016,5,"dummy","6591","Maurice Harkless",-0.92221846340448
2016,5,"dummy","3593","Bojan Bogdanovic",-0.93973657734579
2016,5,"dummy","3243","Nick Young",-0.941704674120405
2016,5,"dummy","2421","Sasha Vujacic",-0.944988238523915
2016,5,"dummy","984","Tyson Chandler",-0.95554627828678
2016,5,"dummy","3456","Derrick Rose",-0.955722299154588
2016,5,"dummy","6454","Shelvin Mack",-0.956207500526814
2016,5,"dummy","6631","Tyler Zeller",-0.959151801660245
2016,5,"dummy","2596107","Alex Len",-0.962132036831544
2016,5,"dummy","6480","Derrick Williams",-0.963479449132094
2016,5,"dummy","2394","Kevin Martin",-0.973505382460937
2016,5,"dummy","3064230","Cameron Payne",-0.982670426497739
2016,5,"dummy","6595","Orlando Johnson",-0.98368077675603
2016,5,"dummy","2528386","Joe Young",-1.01299389617343
2016,5,"dummy","3064514","Julius Randle",-1.01607925117316
2016,5,"dummy","2993875","Shabazz Muhammad",-1.01799758116124
2016,5,"dummy","pair_2528426_3064514",NA,-1.02211233332375
2016,5,"dummy","2991280","Nerlens Noel",-1.02432874761271
2016,5,"dummy","2489785","Ian Clark",-1.02982686375936
2016,5,"dummy","6582","Jared Cunningham",-1.04515722628097
2016,5,"dummy","2968458","Salah Mejri",-1.08717815499828
2016,5,"dummy","2309097","Damjan Rudez",-1.08988802675056
2016,5,"dummy","3457","Brandon Rush",-1.12733225075146
2016,5,"dummy","2991281","Archie Goodwin",-1.1300961337843
2016,5,"dummy","6431","Norris Cole",-1.13592768479973
2016,5,"dummy","4291","Greivis Vasquez",-1.13791528771483
2016,5,"dummy","2530750","Markel Brown",-1.15584232672159
2016,5,"dummy","3133603","Kelly Oubre",-1.1563819260973
2016,5,"dummy","3965","DeJuan Blair",-1.15843825574195
2016,5,"dummy","6617","Austin Rivers",-1.158675806502
2016,5,"dummy","1006","Richard Jefferson",-1.160695209036
2016,5,"dummy","6592","John Henson",-1.19498625823317
2016,5,"dummy","2530780","Shabazz Napier",-1.19673406765799
2016,5,"dummy","3437","J.J. Hickson",-1.21826901763053
2016,5,"dummy","2806","Jose Calderon",-1.21866858048419
2016,5,"dummy","2411","Josh Smith",-1.2197234075523
2016,5,"dummy","4300","Gary Neal",-1.22672136528602
2016,5,"dummy","4289","Kevin Seraphin",-1.25366022716537
2016,5,"dummy","2959753","Joffrey Lauvergne",-1.25554028187333
2016,5,"dummy","3137733","Rashad Vaughn",-1.26455488206442
2016,5,"dummy","3135046","Tyus Jones",-1.28291813238324
2016,5,"dummy","2993873","Jordan Adams",-1.30384517117893
2016,5,"dummy","2987","Andrea Bargnani",-1.3110890125897
2016,5,"dummy","2595516","Norman Powell",-1.40755908258416
2016,5,"dummy","3041","Lou Amundson",-1.46533797979269
2016,5,"dummy","2792","Charlie Villanueva",-1.46684568635619
2016,5,"dummy","3190","Marco Belinelli",-1.4815752029354
2016,5,"dummy","3444","Kosta Koufos",-1.51618894792879
2016,5,"dummy","3460","Marreese Speights",-1.51881644500395
2016,5,"dummy","4003","Jodie Meeks",-1.55841489654134
2016,5,"dummy","2991042","Nik Stauskas",-1.57579761339994
2016,5,"dummy","1",NA,-1.63149123165803
2016,5,"dummy","558",NA,-1.65347033470335
2016,5,"dummy","6464","Donatas Motiejunas",-1.66587176734623
2016,5,"dummy","2433","Kris Humphries",-1.67155179501712
2016,5,"dummy","1711","Drew Gooden",-1.75500779749408
2016,5,"dummy","6597","Terrence Jones",-1.76847602992933
2016,5,"dummy","3436","Roy Hibbert",-1.77444446765851
2016,5,"dummy","3059281","Tyler Ennis",-1.78479700993767
2016,5,"dummy","3135048","Jahlil Okafor",-1.80803071402198
2016,5,"dummy","2178","Mo Williams",-1.82274535695658
2016,5,"dummy","1135","Chris Andersen",-1.9567188608091
2016,5,"dummy","3452","JaVale McGee",-2.00085762482295
2016,5,"dummy","3064517","Jarell Martin",-2.0255454154359
2016,5,"dummy","5832",NA,-2.06395213779428
2016,5,"dummy","2009","James Jones",-2.10613789158508
2016,5,"dummy","6607","Kendall Marshall",-2.40163341481321
2016,5,"dummy","2284101","Justin Holiday",-2.68155236452491
2016,5,"dummy","3462","Jason Thompson",-2.71468382071411
2016,5,"dummy","3242","Brandan Wright",-2.72652276329683
2016,5,"dummy","1982","Chris Kaman",-3.07917696480163
2016,5,"dummy","6630","Tony Wroten",-3.09743827293525
2016,5,"dummy","3453","Nikola Pekovic",-3.11593708195175
2016,5,"dummy","2018","Kendrick Perkins",-3.34977169307852
2016,5,"dummy","1705","Caron Butler",-3.36903704953535
2016,5,"dummy","2528779","Reggie Bullock",-3.41594529940745
2016,5,"dummy","6635","Chris Copeland",-3.61700900436294
2016,5,"dummy","3008","Ryan Hollins",-4.04624001057655
2016,5,"dummy","2528787","Lorenzo Brown",-4.438740495556
2016,5,"dummy","2580782","Spencer Dinwiddie",-4.92445046222174
2016,5,"dummy","2782",NA,-5.14700938971427
2016,5,"dummy","3102534","Damien Inglis",-5.84571104194047
2016,5,"dummy","6438","Justin Harper",-10.6763645138802
2016,10,"dummy","6569","Alan Anderson",5.56815365276605
2016,10,"dummy","6601","Michael Kidd-Gilchrist",3.49615191970953
2016,10,"dummy","6622","Mike Scott",2.11438455171357
2016,10,"dummy","pair_3975_6589",NA,1.97537619449042
2016,10,"dummy","3975","Stephen Curry",1.92008372964549
2016,10,"dummy","4004","Patty Mills",1.8421796648627
2016,10,"dummy","6589","Draymond Green",1.79736493974537
2016,10,"dummy","272","Manu Ginobili",1.79033652039221
2016,10,"dummy","4264","Patrick Patterson",1.77638680726344
2016,10,"dummy","pair_1966_6474",NA,1.62160539215044
2016,10,"dummy","215","Tim Duncan",1.60003688124836
2016,10,"dummy","2177","David West",1.45413142971696
2016,10,"dummy","6587","Festus Ezeli",1.36111726455451
2016,10,"dummy","2489663","Kelly Olynyk",1.34234461539156
2016,10,"dummy","2528353","Tony Snell",1.29482535970014
2016,10,"dummy","1966","LeBron James",1.26883736105526
2016,10,"dummy","609","Dirk Nowitzki",1.24833660632219
2016,10,"dummy","261","Kevin Garnett",1.24433794633845
2016,10,"dummy","2530722","Phil Pressey",1.23510971150212
2016,10,"dummy","3202","Kevin Durant",1.23356272919527
2016,10,"dummy","2991235","Steven Adams",1.22027213010312
2016,10,"dummy","2489716","Matthew Dellavedova",1.19173914218783
2016,10,"dummy","3451","Luc Richard",1.1640783180205
2016,10,"dummy","6450","Kawhi Leonard",1.15929899630784
2016,10,"dummy","6475","Klay Thompson",1.14574965421929
2016,10,"dummy","2779","Chris Paul",1.14288996827991
2016,10,"dummy","pair_2779_3442",NA,1.11429391865861
2016,10,"dummy","25","Metta World",1.09210485442588
2016,10,"dummy","3112335","Nikola Jokic",1.04867187122035
2016,10,"dummy","3998","Jonas Jerebko",1.04231847059479
2016,10,"dummy","2754","Channing Frye",1.02690516424521
2016,10,"dummy","3024","J.J. Redick",1.02559922556397
2016,10,"dummy","2530596","Andre Roberson",1.0238814429476
2016,10,"dummy","1713","Nene Hilario",0.996943553485075
2016,10,"dummy","2386","Andre Iguodala",0.996188390938442
2016,10,"dummy","3449","Kevin Love",0.99544011816513
2016,10,"dummy","6603","Jeremy Lamb",0.9909881303901
2016,10,"dummy","6424","Lavoy Allen",0.988015726740768
2016,10,"dummy","2745","Brandon Bass",0.982001213209822
2016,10,"dummy","3949086",NA,0.96857806749509
2016,10,"dummy","2579466","Jonathon Simmons",0.965179979984492
2016,10,"dummy","3032979","Dennis Schroder",0.892587504830888
2016,10,"dummy","3423","Goran Dragic",0.885406600581701
2016,10,"dummy","3993","Gerald Henderson",0.854753903469325
2016,10,"dummy","pair_4248_6606",NA,0.852364669598586
2016,10,"dummy","2747","Andrew Bogut",0.8515431673512
2016,10,"dummy","3064291","Rondae Hollis-Jefferson",0.850258828218108
2016,10,"dummy","3012","Kyle Lowry",0.829424972628797
2016,10,"dummy","6624","Jared Sullinger",0.812964607387118
2016,10,"dummy","pair_4240_6472",NA,0.806457297932025
2016,10,"dummy","pair_3412_3995",NA,0.794458934450116
2016,10,"dummy","6474","Tristan Thompson",0.786060996426665
2016,10,"dummy","3410","Alexis Ajinca",0.780408805889518
2016,10,"dummy","3997","Brandon Jennings",0.778949796664892
2016,10,"dummy","pair_3439_3468",NA,0.765769805246134
2016,10,"dummy","pair_3026_4258",NA,0.755387092822833
2016,10,"dummy","4270","Trevor Booker",0.745433820861317
2016,10,"dummy","2581018","Kentavious Caldwell-Pope",0.70066007029098
2016,10,"dummy","3554","Omri Casspi",0.681385090817768
2016,10,"dummy","2333797","Jeff Withey",0.680447151438618
2016,10,"dummy","2807","Ronnie Price",0.675236889538182
2016,10,"dummy","3439","Serge Ibaka",0.664765123137673
2016,10,"dummy","3988","Danny Green",0.661961113743835
2016,10,"dummy","2990992","Marcus Smart",0.653208483944776
2016,10,"dummy","4258","DeMarcus Cousins",0.648105870250912
2016,10,"dummy","2578213","Ben McLemore",0.647934211032174
2016,10,"dummy","3233","Tiago Splitter",0.647439287958781
2016,10,"dummy","pair_2751_4251",NA,0.63318287593983
2016,10,"dummy","3964","Patrick Beverley",0.630801771531514
2016,10,"dummy","2983","LaMarcus Aldridge",0.630095588409447
2016,10,"dummy","2325975","Chris Johnson",0.623282171852283
2016,10,"dummy","4251","Paul George",0.603764748797248
2016,10,"dummy","6581","Jae Crowder",0.575700491265192
2016,10,"dummy","3468","Russell Westbrook",0.575630156090288
2016,10,"dummy","6578","Harrison Barnes",0.571194510877294
2016,10,"dummy","3211","Spencer Hawes",0.565018626060956
2016,10,"dummy","6462","Marcus Morris",0.561054136467609
2016,10,"dummy","4240","Avery Bradley",0.555854592331618
2016,10,"dummy","3450","O.J. Mayo",0.554762878555007
2016,10,"dummy","2167","Boris Diaw",0.548306284595114
2016,10,"dummy","pair_2581018_6443",NA,0.534875071921373
2016,10,"dummy","6619","Terrence Ross",0.533784157958457
2016,10,"dummy","6585","Andre Drummond",0.520237714453579
2016,10,"dummy","4259","Ed Davis",0.51491950974478
2016,10,"dummy","4023","Garrett Temple",0.511274964349161
2016,10,"dummy","2579258","Cody Zeller",0.508785208999256
2016,10,"dummy","pair_6430_996",NA,0.507799688991017
2016,10,"dummy","3028","Thabo Sefolosha",0.498071256385258
2016,10,"dummy","6443","Reggie Jackson",0.485804966114388
2016,10,"dummy","2367","Tony Allen",0.481054960119136
2016,10,"dummy","pair_2798_4032",NA,0.477154278888424
2016,10,"dummy","1708","Mike Dunleavy",0.472326951375779
2016,10,"dummy","3442","DeAndre Jordan",0.467531434984706
2016,10,"dummy","pair_2983_6450",NA,0.449155854431544
2016,10,"dummy","1015","Tony Parker",0.444338789814125
2016,10,"dummy","3192","Aaron Brooks",0.439926693205421
2016,10,"dummy","2594922","Otto Porter",0.425023422743657
2016,10,"dummy","4248","Al-Farouq Aminu",0.403214554333842
2016,10,"dummy","3994","Jordan Hill",0.390693029446758
2016,10,"dummy","2769","Amir Johnson",0.390355944023645
2016,10,"dummy","4032","Wesley Matthews",0.38719639668
2016,10,"dummy","pair_2581177_4249",NA,0.380646312606269
2016,10,"dummy","4195","Kostas Papanikolaou",0.380026469974545
2016,10,"dummy","2384","Dwight Howard",0.375621946085051
2016,10,"dummy","3135047","Justise Winslow",0.375078566932646
2016,10,"dummy","pair_2758_4237",NA,0.373134825349979
2016,10,"dummy","3102530","Jusuf Nurkic",0.367333067372121
2016,10,"dummy","pair_2999547_3892818",NA,0.36487939843499
2016,10,"dummy","2761","Gerald Green",0.355549074631965
2016,10,"dummy","2490620","Robert Covington",0.349337471060567
2016,10,"dummy","6440","Tobias Harris",0.346558960296401
2016,10,"dummy","4249","Gordon Hayward",0.345795908783603
2016,10,"dummy","3419","Mario Chalmers",0.343260244245252
2016,10,"dummy","6446","Cory Joseph",0.329573519314593
2016,10,"dummy","2490149","C.J. McCollum",0.329394131855078
2016,10,"dummy","6614","Andrew Nicholson",0.320166125502951
2016,10,"dummy","4011","Ricky Rubio",0.319491905674702
2016,10,"dummy","3416","Nicolas Batum",0.317825464956199
2016,10,"dummy","2488653","Mason Plumlee",0.315434854571639
2016,10,"dummy","2579294","Frank Kaminsky",0.313041374938165
2016,10,"dummy","pair_2426_3992",NA,0.310360888155532
2016,10,"dummy","pair_3416_6479",NA,0.306998847558595
2016,10,"dummy","2531362","Anthony Brown",0.305224048947351
2016,10,"dummy","3968","Chase Budinger",0.303156733034852
2016,10,"dummy","3003","Randy Foye",0.297247022289499
2016,10,"dummy","2991282","Willie Cauley-Stein",0.293553415846847
2016,10,"dummy","2011","Kyle Korver",0.290167107360248
2016,10,"dummy","3213","Al Horford",0.27373723052112
2016,10,"dummy","2534781","Gorgui Dieng",0.266774318840877
2016,10,"dummy","3015","Paul Millsap",0.263406076956532
2016,10,"dummy","3438","George Hill",0.25094946236904
2016,10,"dummy","pair_1975_3187",NA,0.24971407738813
2016,10,"dummy","4237","John Wall",0.244329856317262
2016,10,"dummy","3974","Dante Cunningham",0.242215636756485
2016,10,"dummy","6442","Kyrie Irving",0.230997514836943
2016,10,"dummy","2581177","Rodney Hood",0.2292701995464
2016,10,"dummy","6606","Damian Lillard",0.221896509047823
2016,10,"dummy","4257","Derrick Favors",0.215421138105379
2016,10,"dummy","3005","Rudy Gay",0.208110466123032
2016,10,"dummy","6477","Jonas Valanciunas",0.201701285884404
2016,10,"dummy","pair_2429_3423",NA,0.191537072601548
2016,10,"dummy","2530572","Langston Galloway",0.186664818911948
2016,10,"dummy","841","Jason Terry",0.182197333170055
2016,10,"dummy","3277","C.J. Watson",0.181803833450727
2016,10,"dummy","1727","Amar'e Stoudemire",0.174189089899971
2016,10,"dummy","3983","Tyreke Evans",0.167621359950774
2016,10,"dummy","6479","Kemba Walker",0.163423609206001
2016,10,"dummy","6485","Lance Thomas",0.162895880789578
2016,10,"dummy","pair_3244_3448",NA,0.161919722365157
2016,10,"dummy","3244","Thaddeus Young",0.159338771896675
2016,10,"dummy","2774","Ian Mahinmi",0.158478357135747
2016,10,"dummy","1017","Zach Randolph",0.157400084434976
2016,10,"dummy","6468","Iman Shumpert",0.156358697073286
2016,10,"dummy","6447","Enes Kanter",0.154721273637859
2016,10,"dummy","2527963","Victor Oladipo",0.139688889176772
2016,10,"dummy","3474","Anthony Morrow",0.134550123453763
2016,10,"dummy","6628","Dion Waiters",0.125447411021749
2016,10,"dummy","3995","Jrue Holiday",0.123735301228001
2016,10,"dummy","6580","Bradley Beal",0.123319263838534
2016,10,"dummy","2751","Monta Ellis",0.114380544835691
2016,10,"dummy","3232","Jason Smith",0.109888692824519
2016,10,"dummy","3235","Rodney Stuckey",0.102117144079076
2016,10,"dummy","2968361","Raul Neto",0.100038766627278
2016,10,"dummy","996","Pau Gasol",0.0997645355281859
2016,10,"dummy","4017","Marcus Thornton",0.0951575412058943
2016,10,"dummy","4247","Wesley Johnson",0.0940674054283284
2016,10,"dummy","2753","Raymond Felton",0.091019392059888
2016,10,"dummy","3033","P.J. Tucker",0.0906534417384427
2016,10,"dummy","2797","Marvin Williams",0.0842082067864564
2016,10,"dummy","4262","Hassan Whiteside",0.0796584317786286
2016,10,"dummy","6478","Nikola Vucevic",0.07924368284376
2016,10,"dummy","4305","Ish Smith",0.0767023103228651
2016,10,"dummy","6472","Isaiah Thomas",0.0723357467718064
2016,10,"dummy","3973","Darren Collison",0.0679922016009714
2016,10,"dummy","3999","James Johnson",0.0670312439527108
2016,10,"dummy","3102529","Clint Capela",0.0645002639691695
2016,10,"dummy","3992","James Harden",0.0553062013157189
2016,10,"dummy","2993370","Richaun Holmes",0.0547136909979178
2016,10,"dummy","3102531","Kristaps Porzingis",0.0468613828363744
2016,10,"dummy","2444","J.R. Smith",0.0419612679925958
2016,10,"dummy","4303","Donald Sloan",0.04014081058614
2016,10,"dummy","3970","DeMarre Carroll",0.0345933375113228
2016,10,"dummy","4238","Eric Bledsoe",0.0324346956378007
2016,10,"dummy","6459","Nikola Mirotic",0.0246679778327317
2016,10,"dummy","3187","Arron Afflalo",0.0214650787575928
2016,10,"dummy","1977","Chris Bosh",0.0180755704780622
2016,10,"dummy","6430","Jimmy Butler",0.0177183113631546
2016,10,"dummy","6609","Khris Middleton",0.00498542170385544
2016,10,"dummy","2758","Marcin Gortat",0.00268691870577046
2016,10,"dummy","5",NA,0
2016,10,"dummy","3445","Courtney Lee",-0.016214401967095
2016,10,"dummy","pair_3206_3209",NA,-0.0199661385299267
2016,10,"dummy","2531210","Allen Crabbe",-0.0220077925232195
2016,10,"dummy","3064290","Aaron Gordon",-0.0286441171497762
2016,10,"dummy","1975","Carmelo Anthony",-0.0309179275257321
2016,10,"dummy","1724","Tayshaun Prince",-0.030967870010236
2016,10,"dummy","4260","Greg Monroe",-0.0402376863269577
2016,10,"dummy","3431","Eric Gordon",-0.0411181860688941
2016,10,"dummy","2426","Trevor Ariza",-0.0433865375121409
2016,10,"dummy","2531047","Jerian Grant",-0.0453436056464494
2016,10,"dummy","6460","E'Twaun Moore",-0.0493185166752314
2016,10,"dummy","6429","Alec Burks",-0.0570607428628686
2016,10,"dummy","1765","Matt Barnes",-0.0660226858761416
2016,10,"dummy","3428","Danilo Gallinari",-0.0694302542038446
2016,10,"dummy","1981","Kirk Hinrich",-0.0750938126837058
2016,10,"dummy","2968439","Aron Baynes",-0.0835255944709146
2016,10,"dummy","3412","Ryan Anderson",-0.0933050147071474
2016,10,"dummy","3447","Robin Lopez",-0.0976592050189301
2016,10,"dummy","3136196","Trey Lyles",-0.103219862995945
2016,10,"dummy","1007","Joe Johnson",-0.108129859990432
2016,10,"dummy","3276","Anthony Tolliver",-0.108549638573078
2016,10,"dummy","pair_3012_3978",NA,-0.115744483989551
2016,10,"dummy","6427","Bismack Biyombo",-0.117323650556094
2016,10,"dummy","3413","Darrell Arthur",-0.123575584674243
2016,10,"dummy","6637","Kent Bazemore",-0.126322580444156
2016,10,"dummy","3989","Blake Griffin",-0.132596861046209
2016,10,"dummy","2999547","Gary Harris",-0.138311318197685
2016,10,"dummy","2993874","Kyle Anderson",-0.138869208405796
2016,10,"dummy","3032976","Rudy Gobert",-0.140353878090583
2016,10,"dummy","3978","DeMar DeRozan",-0.143082473947664
2016,10,"dummy","pair_2583639_6588",NA,-0.143332903686034
2016,10,"dummy","3195","Mike Conley",-0.167135641642074
2016,10,"dummy","165","Jamal Crawford",-0.168442570929234
2016,10,"dummy","2327577","JaMychal Green",-0.174159423097133
2016,10,"dummy","3448","Brook Lopez",-0.186211094302624
2016,10,"dummy","pair_3059319_3136195",NA,-0.197705974597614
2016,10,"dummy","6588","Evan Fournier",-0.200537309962805
2016,10,"dummy","pair_3033_3136193",NA,-0.205826692619651
2016,10,"dummy","2016","Zaza Pachulia",-0.208905892177475
2016,10,"dummy","3026","Rajon Rondo",-0.213290402486804
2016,10,"dummy","pair_2991070_6634",NA,-0.215578995763787
2016,10,"dummy","4244","Lance Stephenson",-0.242079558340108
2016,10,"dummy","4299","Jeremy Lin",-0.24769291793792
2016,10,"dummy","6616","Miles Plumlee",-0.247925326459633
2016,10,"dummy","6583","Anthony Davis",-0.248603837148531
2016,10,"dummy","2995706","Mario Hezonja",-0.250263036459707
2016,10,"dummy","2583639","Elfrid Payton",-0.256789226778888
2016,10,"dummy","6620","Robert Sacre",-0.267133051166538
2016,10,"dummy","3986","Taj Gibson",-0.269416962352109
2016,10,"dummy","6579","Will Barton",-0.273300135042432
2016,10,"dummy","2798","Deron Williams",-0.281750059646636
2016,10,"dummy","3206","Marc Gasol",-0.290143090124622
2016,10,"dummy","6452","Jon Leuer",-0.294925565317725
2016,10,"dummy","6433","Kenneth Faried",-0.29636468551125
2016,10,"dummy","3201","Jared Dudley",-0.310633375587594
2016,10,"dummy","2778","C.J. Miles",-0.325487597096916
2016,10,"dummy","1994","Steve Blake",-0.329265824506029
2016,10,"dummy","pair_3015_4015",NA,-0.330054763818638
2016,10,"dummy","4239","Evan Turner",-0.332268014871935
2016,10,"dummy","3892818","Emmanuel Mudiay",-0.344782201689074
2016,10,"dummy","4232","Alonzo Gee",-0.347178947952141
2016,10,"dummy","2530530","T.J. McConnell",-0.347558792483683
2016,10,"dummy","3055","J.J. Barea",-0.348647824272672
2016,10,"dummy","2429","Luol Deng",-0.350687750356606
2016,10,"dummy","3059319","Andrew Wiggins",-0.365890127635101
2016,10,"dummy","2581084","Johnny O'Bryant",-0.375970331058936
2016,10,"dummy","2530276","Tyler Johnson",-0.395481510589526
2016,10,"dummy","6605","Meyers Leonard",-0.405770780191428
2016,10,"dummy","2580365","Larry Nance",-0.407751955299551
2016,10,"dummy","662","Paul Pierce",-0.415737911297945
2016,10,"dummy","3056600","Jabari Parker",-0.432871863147107
2016,10,"dummy","3136195","Karl-Anthony Towns",-0.4349956601139
2016,10,"dummy","6461","Markieff Morris",-0.439172328167972
2016,10,"dummy","pair_3032977_6609",NA,-0.442206822802177
2016,10,"dummy","3209","Jeff Green",-0.444389192749559
2016,10,"dummy","2767","Ersan Ilyasova",-0.447594231188553
2016,10,"dummy","3133628","Myles Turner",-0.451997607752944
2016,10,"dummy","2596108","Michael Carter-Williams",-0.458858920163879
2016,10,"dummy","3415","D.J. Augustin",-0.461269989076029
2016,10,"dummy","3134881","Stanley Johnson",-0.4739885597696
2016,10,"dummy","3224","Joakim Noah",-0.535831547382247
2016,10,"dummy","6634","Hollis Thompson",-0.540610725005819
2016,10,"dummy","2968436","Joe Ingles",-0.541740973346372
2016,10,"dummy","3032977","Giannis Antetokounmpo",-0.545711187763719
2016,10,"dummy","2490589","Isaiah Canaan",-0.547699522446023
2016,10,"dummy","2528588","Doug McDermott",-0.557849808481333
2016,10,"dummy","4269","Nemanja Bjelica",-0.562965723749141
2016,10,"dummy","2579260","Trey Burke",-0.593160421152608
2016,10,"dummy","2528426","Jordan Clarkson",-0.594725775941951
2016,10,"dummy","2389","Al Jefferson",-0.599486260553499
2016,10,"dummy","6576","Quincy Acy",-0.602223653676091
2016,10,"dummy","2834","Chuck Hayes",-0.602458768622139
2016,10,"dummy","3417","Jerryd Bayless",-0.604234238902334
2016,10,"dummy","3231","Ramon Sessions",-0.606662239951461
2016,10,"dummy","2393","Shaun Livingston",-0.606904285987124
2016,10,"dummy","3136193","Devin Booker",-0.613264926933749
2016,10,"dummy","2982334","T.J. Warren",-0.616241358116374
2016,10,"dummy","2448","Beno Udrih",-0.625688373395221
2016,10,"dummy","6448","Brandon Knight",-0.664961157059996
2016,10,"dummy","110","Kobe Bryant",-0.671498651000019
2016,10,"dummy","4298","Timofey Mozgov",-0.68218150883824
2016,10,"dummy","6466","Chandler Parsons",-0.685209001765517
2016,10,"dummy","2768","Jarrett Jack",-0.689244429002814
2016,10,"dummy","2991070","Jerami Grant",-0.697789991598025
2016,10,"dummy","1",NA,-0.708445360799771
2016,10,"dummy","3064440","Zach LaVine",-0.70954912877337
2016,10,"dummy","4015","Jeff Teague",-0.737683763638279
2016,10,"dummy","1987","Dwyane Wade",-0.737712402041059
2016,10,"dummy","3136776","D'Angelo Russell",-0.745719223623121
2016,10,"dummy","3220","Josh McRoberts",-0.746054331235732
2016,10,"dummy","3191","Corey Brewer",-0.757411674342371
2016,10,"dummy","1781","Luis Scola",-0.762225403760678
2016,10,"dummy","3064482","Bobby Portis",-0.776366033932824
2016,10,"dummy","2991475","Bryce Dejean-Jones",-0.789668177917611
2016,10,"dummy","2531367","Dwight Powell",-0.801115418248441
2016,10,"dummy","2382","Devin Harris",-0.80929980799284
2016,10,"dummy","3243","Nick Young",-0.809567562241036
2016,10,"dummy","2608891","JaKarr Sampson",-0.815791053032898
2016,10,"dummy","6595","Orlando Johnson",-0.81786426504855
2016,10,"dummy","4385","Mirza Teletovic",-0.824178394587521
2016,10,"dummy","3078284","Noah Vonleh",-0.833464716511193
2016,10,"dummy","3217","Carl Landry",-0.838930791397575
2016,10,"dummy","2581190","Josh Richardson",-0.851911067949545
2016,10,"dummy","4250","Luke Babbitt",-0.853696279157814
2016,10,"dummy","2",NA,-0.867320639687945
2016,10,"dummy","3414","Omer Asik",-0.871104424361295
2016,10,"dummy","2772","David Lee",-0.876588957385296
2016,10,"dummy","2799","Louis Williams",-0.898914312591884
2016,10,"dummy","2490089","Mike Muscala",-0.903362492820784
2016,10,"dummy","2596158","Shane Larkin",-0.906211367282693
2016,10,"dummy","2594816","P.J. Hairston",-0.921408473033671
2016,10,"dummy","2439","Jameer Nelson",-0.962076604952092
2016,10,"dummy","4000","Ty Lawson",-0.963486874033691
2016,10,"dummy","3981","Wayne Ellington",-0.968468251387683
2016,10,"dummy","3593","Bojan Bogdanovic",-0.971007084243117
2016,10,"dummy","2394","Kevin Martin",-0.982951541588347
2016,10,"dummy","3979","Toney Douglas",-1.00212730427737
2016,10,"dummy","2596107","Alex Len",-1.01580538999645
2016,10,"dummy","3064514","Julius Randle",-1.04810745605059
2016,10,"dummy","136","Vince Carter",-1.06454446285491
2016,10,"dummy","6591","Maurice Harkless",-1.06740007515624
2016,10,"dummy","984","Tyson Chandler",-1.06807354937401
2016,10,"dummy","2993875","Shabazz Muhammad",-1.08225409829825
2016,10,"dummy","2421","Sasha Vujacic",-1.09322512278871
2016,10,"dummy","3456","Derrick Rose",-1.09773668406804
2016,10,"dummy","pair_2528426_3064514",NA,-1.09835582607837
2016,10,"dummy","2991280","Nerlens Noel",-1.11403664844286
2016,10,"dummy","6480","Derrick Williams",-1.16919761532737
2016,10,"dummy","6617","Austin Rivers",-1.20186132733489
2016,10,"dummy","6454","Shelvin Mack",-1.21871274837534
2016,10,"dummy","2991281","Archie Goodwin",-1.22925745768839
2016,10,"dummy","2530750","Markel Brown",-1.247228637712
2016,10,"dummy","6431","Norris Cole",-1.2951594752554
2016,10,"dummy","3",NA,-1.35844699799568
2016,10,"dummy","2411","Josh Smith",-1.37948834255255
2016,10,"dummy","2959753","Joffrey Lauvergne",-1.38638560865221
2016,10,"dummy","4291","Greivis Vasquez",-1.40374872515264
2016,10,"dummy","2806","Jose Calderon",-1.41116852628104
2016,10,"dummy","6592","John Henson",-1.41496457520338
2016,10,"dummy","1006","Richard Jefferson",-1.42168462261391
2016,10,"dummy","3437","J.J. Hickson",-1.4479386464822
2016,10,"dummy","2987","Andrea Bargnani",-1.45340570462779
2016,10,"dummy","4300","Gary Neal",-1.45463775212588
2016,10,"dummy","2792","Charlie Villanueva",-1.54176304877094
2016,10,"dummy","3457","Brandon Rush",-1.61669949140125
2016,10,"dummy","3444","Kosta Koufos",-1.66655745343794
2016,10,"dummy","3190","Marco Belinelli",-1.66929485867037
2016,10,"dummy","2991042","Nik Stauskas",-1.7221143166973
2016,10,"dummy","6464","Donatas Motiejunas",-1.88607620288469
2016,10,"dummy","2433","Kris Humphries",-1.9199550081231
2016,10,"dummy","3436","Roy Hibbert",-1.99578649272665
2016,10,"dummy","3135048","Jahlil Okafor",-2.01824580523772
2016,10,"dummy","6597","Terrence Jones",-2.02494449800628
2016,10,"dummy","2178","Mo Williams",-2.15754951966314
2016,10,"dummy","6607","Kendall Marshall",-2.58199847202614
2016,10,"dummy","4",NA,-2.94585189589496
2016,10,"dummy","3242","Brandan Wright",-3.00556000509964
2016,10,"dummy","3453","Nikola Pekovic",-3.43326703240253
2016,10,"dummy","6630","Tony Wroten",-3.44571210811046
2016,10,"dummy","2018","Kendrick Perkins",-3.74557437560342
2016,10,"dummy","2782",NA,-5.60945055505283
2016,15,"dummy","6601","Michael Kidd-Gilchrist",3.87008035154239
2016,15,"dummy","4004","Patty Mills",2.58479824083532
2016,15,"dummy","272","Manu Ginobili",2.27673485901939
2016,15,"dummy","pair_3975_6589",NA,2.10139836998945
2016,15,"dummy","3975","Stephen Curry",2.03717908135594
2016,15,"dummy","4264","Patrick Patterson",2.01598101376197
2016,15,"dummy","6589","Draymond Green",1.88935003618239
2016,15,"dummy","pair_1966_6474",NA,1.78161862260066
2016,15,"dummy","215","Tim Duncan",1.73959714319907
2016,15,"dummy","2489663","Kelly Olynyk",1.58357529424255
2016,15,"dummy","3949086",NA,1.49628020645895
2016,15,"dummy","2528353","Tony Snell",1.46411551997196
2016,15,"dummy","261","Kevin Garnett",1.45730581936656
2016,15,"dummy","609","Dirk Nowitzki",1.44852183777776
2016,15,"dummy","1966","LeBron James",1.44122421513517
2016,15,"dummy","6450","Kawhi Leonard",1.40421697458964
2016,15,"dummy","3202","Kevin Durant",1.38904737761626
2016,15,"dummy","6587","Festus Ezeli",1.36068595886598
2016,15,"dummy","2991235","Steven Adams",1.34720478517609
2016,15,"dummy","1713","Nene Hilario",1.34469601720046
2016,15,"dummy","25","Metta World",1.30944979380773
2016,15,"dummy","2779","Chris Paul",1.27395869362466
2016,15,"dummy","3451","Luc Richard",1.26294221636354
2016,15,"dummy","3112335","Nikola Jokic",1.25870667707251
2016,15,"dummy","pair_2779_3442",NA,1.24891557101528
2016,15,"dummy","3032979","Dennis Schroder",1.22418266432765
2016,15,"dummy","2489716","Matthew Dellavedova",1.20091449566623
2016,15,"dummy","6424","Lavoy Allen",1.14641108587323
2016,15,"dummy","2754","Channing Frye",1.13975548286283
2016,15,"dummy","3024","J.J. Redick",1.13070236722195
2016,15,"dummy","6603","Jeremy Lamb",1.11977376766803
2016,15,"dummy","6475","Klay Thompson",1.10933576900644
2016,15,"dummy","3449","Kevin Love",1.10513208144901
2016,15,"dummy","2530596","Andre Roberson",1.09889068788671
2016,15,"dummy","3423","Goran Dragic",1.04501806937999
2016,15,"dummy","2745","Brandon Bass",1.03159666249928
2016,15,"dummy","4270","Trevor Booker",0.983276664173247
2016,15,"dummy","pair_4248_6606",NA,0.973849222834977
2016,15,"dummy","2386","Andre Iguodala",0.973089479634588
2016,15,"dummy","3064291","Rondae Hollis-Jefferson",0.968917562967817
2016,15,"dummy","3012","Kyle Lowry",0.964627773965332
2016,15,"dummy","pair_3412_3995",NA,0.918786405993867
2016,15,"dummy","6624","Jared Sullinger",0.917771420745665
2016,15,"dummy","pair_4240_6472",NA,0.886231130222044
2016,15,"dummy","3988","Danny Green",0.871812716612506
2016,15,"dummy","2990992","Marcus Smart",0.848837474064428
2016,15,"dummy","3554","Omri Casspi",0.838397696218523
2016,15,"dummy","pair_3026_4258",NA,0.837505565553588
2016,15,"dummy","2581018","Kentavious Caldwell-Pope",0.8337075136007
2016,15,"dummy","pair_3439_3468",NA,0.807256885382609
2016,15,"dummy","2747","Andrew Bogut",0.754726525461176
2016,15,"dummy","2578213","Ben McLemore",0.738806451810532
2016,15,"dummy","6474","Tristan Thompson",0.727416416504353
2016,15,"dummy","4258","DeMarcus Cousins",0.722296326273176
2016,15,"dummy","pair_2751_4251",NA,0.721380746851621
2016,15,"dummy","3439","Serge Ibaka",0.717405769421123
2016,15,"dummy","4259","Ed Davis",0.715710555083613
2016,15,"dummy","3028","Thabo Sefolosha",0.704722426059903
2016,15,"dummy","6462","Marcus Morris",0.699448516385913
2016,15,"dummy","2983","LaMarcus Aldridge",0.685808775635147
2016,15,"dummy","3233","Tiago Splitter",0.681058875793001
2016,15,"dummy","4251","Paul George",0.675151165324832
2016,15,"dummy","4240","Avery Bradley",0.648665864760473
2016,15,"dummy","3964","Patrick Beverley",0.647978553746885
2016,15,"dummy","pair_6430_996",NA,0.644106144981705
2016,15,"dummy","3211","Spencer Hawes",0.617322152653468
2016,15,"dummy","1015","Tony Parker",0.60087095266752
2016,15,"dummy","3468","Russell Westbrook",0.598577700644718
2016,15,"dummy","6581","Jae Crowder",0.59798109237434
2016,15,"dummy","6619","Terrence Ross",0.595835804634212
2016,15,"dummy","2579258","Cody Zeller",0.593078157694246
2016,15,"dummy","6585","Andre Drummond",0.592530872677858
2016,15,"dummy","4023","Garrett Temple",0.57748968009975
2016,15,"dummy","pair_2798_4032",NA,0.568402592729735
2016,15,"dummy","3450","O.J. Mayo",0.565934253573105
2016,15,"dummy","pair_2581018_6443",NA,0.558549658552781
2016,15,"dummy","1708","Mike Dunleavy",0.555597231126022
2016,15,"dummy","6578","Harrison Barnes",0.548303153134828
2016,15,"dummy","2367","Tony Allen",0.54605694472739
2016,15,"dummy","6443","Reggie Jackson",0.507268225223965
2016,15,"dummy","3442","DeAndre Jordan",0.494699489146104
2016,15,"dummy","2594922","Otto Porter",0.485336201011965
2016,15,"dummy","2490620","Robert Covington",0.477805926618508
2016,15,"dummy","3213","Al Horford",0.475916310196801
2016,15,"dummy","2384","Dwight Howard",0.460081250953588
2016,15,"dummy","3994","Jordan Hill",0.453325658248328
2016,15,"dummy","4249","Gordon Hayward",0.448410752521647
2016,15,"dummy","pair_2983_6450",NA,0.438294128080794
2016,15,"dummy","4248","Al-Farouq Aminu",0.435825449438874
2016,15,"dummy","2011","Kyle Korver",0.435226912351049
2016,15,"dummy","pair_2758_4237",NA,0.432926076542708
2016,15,"dummy","2769","Amir Johnson",0.421992498907504
2016,15,"dummy","pair_2581177_4249",NA,0.416877870439866
2016,15,"dummy","2490149","C.J. McCollum",0.416136118713936
2016,15,"dummy","4032","Wesley Matthews",0.408864608141465
2016,15,"dummy","6440","Tobias Harris",0.405745396540277
2016,15,"dummy","3003","Randy Foye",0.395684790379512
2016,15,"dummy","2531362","Anthony Brown",0.392844519980243
2016,15,"dummy","pair_2999547_3892818",NA,0.392753846273633
2016,15,"dummy","pair_2426_3992",NA,0.38585258533791
2016,15,"dummy","3135047","Justise Winslow",0.37605656789392
2016,15,"dummy","2761","Gerald Green",0.374916484376536
2016,15,"dummy","4011","Ricky Rubio",0.370533950655067
2016,15,"dummy","3416","Nicolas Batum",0.357882351085478
2016,15,"dummy","pair_3416_6479",NA,0.357740023982475
2016,15,"dummy","2488653","Mason Plumlee",0.356866066425866
2016,15,"dummy","2534781","Gorgui Dieng",0.347409668124546
2016,15,"dummy","pair_1975_3187",NA,0.345505965626219
2016,15,"dummy","2991282","Willie Cauley-Stein",0.325417625763647
2016,15,"dummy","2579294","Frank Kaminsky",0.313437598417905
2016,15,"dummy","6446","Cory Joseph",0.308895352849565
2016,15,"dummy","3419","Mario Chalmers",0.295385809420547
2016,15,"dummy","3438","George Hill",0.291243808497042
2016,15,"dummy","pair_3244_3448",NA,0.290668482904434
2016,15,"dummy","2581177","Rodney Hood",0.28829912817977
2016,15,"dummy","4237","John Wall",0.285993725823353
2016,15,"dummy","3983","Tyreke Evans",0.283833325125526
2016,15,"dummy","3974","Dante Cunningham",0.277549338094817
2016,15,"dummy","6606","Damian Lillard",0.270802014325272
2016,15,"dummy","3005","Rudy Gay",0.264979933775664
2016,15,"dummy","2527963","Victor Oladipo",0.26310209308608
2016,15,"dummy","3244","Thaddeus Young",0.242563445072982
2016,15,"dummy","6477","Jonas Valanciunas",0.240221447079653
2016,15,"dummy","4257","Derrick Favors",0.22894931401889
2016,15,"dummy","3015","Paul Millsap",0.228773942128089
2016,15,"dummy","pair_2429_3423",NA,0.223704041749532
2016,15,"dummy","3033","P.J. Tucker",0.216685396355744
2016,15,"dummy","6580","Bradley Beal",0.209736810975826
2016,15,"dummy","6447","Enes Kanter",0.206056802543107
2016,15,"dummy","6479","Kemba Walker",0.203646719513105
2016,15,"dummy","1727","Amar'e Stoudemire",0.194204517054873
2016,15,"dummy","6442","Kyrie Irving",0.188838331327323
2016,15,"dummy","1017","Zach Randolph",0.166843884715187
2016,15,"dummy","2774","Ian Mahinmi",0.166510392755846
2016,15,"dummy","2968361","Raul Neto",0.165074647369403
2016,15,"dummy","3235","Rodney Stuckey",0.154630165565902
2016,15,"dummy","996","Pau Gasol",0.152912690473024
2016,15,"dummy","4305","Ish Smith",0.144014827855176
2016,15,"dummy","6478","Nikola Vucevic",0.137240292289277
2016,15,"dummy","4017","Marcus Thornton",0.136594431004491
2016,15,"dummy","4238","Eric Bledsoe",0.136235579055357
2016,15,"dummy","3102529","Clint Capela",0.125479107150596
2016,15,"dummy","3995","Jrue Holiday",0.123769488851286
2016,15,"dummy","2751","Monta Ellis",0.114223842540409
2016,15,"dummy","6459","Nikola Mirotic",0.107024220738946
2016,15,"dummy","3973","Darren Collison",0.0976260127492396
2016,15,"dummy","2797","Marvin Williams",0.0968010406706273
2016,15,"dummy","6628","Dion Waiters",0.0949327081054141
2016,15,"dummy","6430","Jimmy Butler",0.0863160886815688
2016,15,"dummy","4262","Hassan Whiteside",0.0841395542532064
2016,15,"dummy","3970","DeMarre Carroll",0.0784746638548462
2016,15,"dummy","3992","James Harden",0.0728569578497277
2016,15,"dummy","4260","Greg Monroe",0.0592610421768186
2016,15,"dummy","pair_3206_3209",NA,0.0589567772127341
2016,15,"dummy","3064290","Aaron Gordon",0.0574971726015457
2016,15,"dummy","3102531","Kristaps Porzingis",0.0503023626958201
2016,15,"dummy","6472","Isaiah Thomas",0.0496402152717284
2016,15,"dummy","6485","Lance Thomas",0.0479427598393969
2016,15,"dummy","3999","James Johnson",0.0445473150057903
2016,15,"dummy","6609","Khris Middleton",0.04241889957721
2016,15,"dummy","2530572","Langston Galloway",0.0191318578123885
2016,15,"dummy","2531210","Allen Crabbe",0.0179409992520508
2016,15,"dummy","6468","Iman Shumpert",0.0163392786444216
2016,15,"dummy","1977","Chris Bosh",0.00904861318744923
2016,15,"dummy","3445","Courtney Lee",0.00702067116950613
2016,15,"dummy","2444","J.R. Smith",0.00673470981803949
2016,15,"dummy","3187","Arron Afflalo",-0.00156736779408922
2016,15,"dummy","4247","Wesley Johnson",-0.00487889555305207
2016,15,"dummy","3431","Eric Gordon",-0.00499755840657919
2016,15,"dummy","2758","Marcin Gortat",-0.00757337682992737
2016,15,"dummy","6429","Alec Burks",-0.0131058742362292
2016,15,"dummy","3136196","Trey Lyles",-0.0245491151217466
2016,15,"dummy","1975","Carmelo Anthony",-0.0280218802213917
2016,15,"dummy","2426","Trevor Ariza",-0.0286147699396841
2016,15,"dummy","4303","Donald Sloan",-0.0304214155761332
2016,15,"dummy","2753","Raymond Felton",-0.0397902782424389
2016,15,"dummy","3428","Danilo Gallinari",-0.0424726649687916
2016,15,"dummy","6460","E'Twaun Moore",-0.0560494112756775
2016,15,"dummy","3447","Robin Lopez",-0.0700525274313099
2016,15,"dummy","6637","Kent Bazemore",-0.0797502341884978
2016,15,"dummy","1724","Tayshaun Prince",-0.0952299723859672
2016,15,"dummy","3413","Darrell Arthur",-0.107395056682818
2016,15,"dummy","1007","Joe Johnson",-0.108356790345335
2016,15,"dummy","2999547","Gary Harris",-0.115576557161852
2016,15,"dummy","3412","Ryan Anderson",-0.127024668503076
2016,15,"dummy","pair_3012_3978",NA,-0.127932535216294
2016,15,"dummy","pair_3033_3136193",NA,-0.146477589971648
2016,15,"dummy","3978","DeMar DeRozan",-0.156290365789817
2016,15,"dummy","pair_2991070_6634",NA,-0.157296369374702
2016,15,"dummy","3032976","Rudy Gobert",-0.157884872918793
2016,15,"dummy","pair_2583639_6588",NA,-0.180364031704034
2016,15,"dummy","3448","Brook Lopez",-0.1822970779337
2016,15,"dummy","6427","Bismack Biyombo",-0.183021260055108
2016,15,"dummy","3989","Blake Griffin",-0.185450511056104
2016,15,"dummy","6452","Jon Leuer",-0.192581934540526
2016,15,"dummy","1765","Matt Barnes",-0.195837990113411
2016,15,"dummy","pair_3059319_3136195",NA,-0.207144909687236
2016,15,"dummy","6588","Evan Fournier",-0.208213649025505
2016,15,"dummy","3195","Mike Conley",-0.221031597923628
2016,15,"dummy","165","Jamal Crawford",-0.243130455955415
2016,15,"dummy","3986","Taj Gibson",-0.25552773871022
2016,15,"dummy","2016","Zaza Pachulia",-0.259168480607317
2016,15,"dummy","3026","Rajon Rondo",-0.25923077752939
2016,15,"dummy","6579","Will Barton",-0.275341593546217
2016,15,"dummy","2583639","Elfrid Payton",-0.275481087287953
2016,15,"dummy","6583","Anthony Davis",-0.282589704340003
2016,15,"dummy","3206","Marc Gasol",-0.299018009529654
2016,15,"dummy","4239","Evan Turner",-0.299086349242555
2016,15,"dummy","4299","Jeremy Lin",-0.299985487331455
2016,15,"dummy","2530530","T.J. McConnell",-0.306299314343608
2016,15,"dummy","4232","Alonzo Gee",-0.324615317198131
2016,15,"dummy","6433","Kenneth Faried",-0.325657986966111
2016,15,"dummy","1",NA,-0.351323692723822
2016,15,"dummy","6461","Markieff Morris",-0.352067112306098
2016,15,"dummy","3201","Jared Dudley",-0.372129952956092
2016,15,"dummy","3134881","Stanley Johnson",-0.3732538838832
2016,15,"dummy","2778","C.J. Miles",-0.380849822038614
2016,15,"dummy","6605","Meyers Leonard",-0.385307129707486
2016,15,"dummy","2580365","Larry Nance",-0.386427218827723
2016,15,"dummy","2798","Deron Williams",-0.407454253004034
2016,15,"dummy","pair_3015_4015",NA,-0.408095904932763
2016,15,"dummy","3224","Joakim Noah",-0.415151999757349
2016,15,"dummy","2429","Luol Deng",-0.424428904338067
2016,15,"dummy","3059319","Andrew Wiggins",-0.436266373550322
2016,15,"dummy","pair_3032977_6609",NA,-0.439851059168792
2016,15,"dummy","2530276","Tyler Johnson",-0.441386372274021
2016,15,"dummy","3892818","Emmanuel Mudiay",-0.443115766604251
2016,15,"dummy","3136195","Karl-Anthony Towns",-0.481248767403919
2016,15,"dummy","3056600","Jabari Parker",-0.505817118903127
2016,15,"dummy","2767","Ersan Ilyasova",-0.512847480610358
2016,15,"dummy","3133628","Myles Turner",-0.520034414618596
2016,15,"dummy","6634","Hollis Thompson",-0.535034138118561
2016,15,"dummy","3209","Jeff Green",-0.536430472652705
2016,15,"dummy","2579260","Trey Burke",-0.540374468365818
2016,15,"dummy","2982334","T.J. Warren",-0.557709348261097
2016,15,"dummy","2596108","Michael Carter-Williams",-0.56932956148097
2016,15,"dummy","2528426","Jordan Clarkson",-0.569488129789341
2016,15,"dummy","662","Paul Pierce",-0.573324756328704
2016,15,"dummy","2490589","Isaiah Canaan",-0.576117149656748
2016,15,"dummy","3136193","Devin Booker",-0.585828427498783
2016,15,"dummy","2528588","Doug McDermott",-0.591526962141163
2016,15,"dummy","3055","J.J. Barea",-0.594540362892437
2016,15,"dummy","3032977","Giannis Antetokounmpo",-0.614041393820342
2016,15,"dummy","110","Kobe Bryant",-0.614241839439509
2016,15,"dummy","3231","Ramon Sessions",-0.627598780012595
2016,15,"dummy","3",NA,-0.641204105382416
2016,15,"dummy","2389","Al Jefferson",-0.685777328576112
2016,15,"dummy","6448","Brandon Knight",-0.686944918503614
2016,15,"dummy","2",NA,-0.718233346993085
2016,15,"dummy","3417","Jerryd Bayless",-0.720076154277769
2016,15,"dummy","2991070","Jerami Grant",-0.728896689031623
2016,15,"dummy","4385","Mirza Teletovic",-0.74288543478788
2016,15,"dummy","4015","Jeff Teague",-0.756006195626335
2016,15,"dummy","2768","Jarrett Jack",-0.780523782915651
2016,15,"dummy","6595","Orlando Johnson",-0.793575502452587
2016,15,"dummy","3064440","Zach LaVine",-0.823715326505403
2016,15,"dummy","3191","Corey Brewer",-0.835959547870266
2016,15,"dummy","6466","Chandler Parsons",-0.839559371673002
2016,15,"dummy","1987","Dwyane Wade",-0.840669064244034
2016,15,"dummy","1781","Luis Scola",-0.85589331686791
2016,15,"dummy","3136776","D'Angelo Russell",-0.856452139916947
2016,15,"dummy","4298","Timofey Mozgov",-0.861351680730164
2016,15,"dummy","2991475","Bryce Dejean-Jones",-0.861703404991036
2016,15,"dummy","3414","Omer Asik",-0.966631075983502
2016,15,"dummy","3078284","Noah Vonleh",-1.00638811716539
2016,15,"dummy","2799","Louis Williams",-1.00643806416171
2016,15,"dummy","2596107","Alex Len",-1.0381907331162
2016,15,"dummy","2439","Jameer Nelson",-1.05458540402666
2016,15,"dummy","2594816","P.J. Hairston",-1.0563273761415
2016,15,"dummy","4000","Ty Lawson",-1.11337763662501
2016,15,"dummy","pair_2528426_3064514",NA,-1.12768182454949
2016,15,"dummy","3981","Wayne Ellington",-1.14191205555629
2016,15,"dummy","2394","Kevin Martin",-1.14339564770411
2016,15,"dummy","3064514","Julius Randle",-1.14473219512969
2016,15,"dummy","984","Tyson Chandler",-1.16552978150805
2016,15,"dummy","2596158","Shane Larkin",-1.21359501560235
2016,15,"dummy","2991280","Nerlens Noel",-1.22114900675436
2016,15,"dummy","3593","Bojan Bogdanovic",-1.2234965634306
2016,15,"dummy","2993875","Shabazz Muhammad",-1.2603016225904
2016,15,"dummy","3456","Derrick Rose",-1.28034552280437
2016,15,"dummy","2991281","Archie Goodwin",-1.37209388432355
2016,15,"dummy","6617","Austin Rivers",-1.40833738515197
2016,15,"dummy","6431","Norris Cole",-1.47090450096249
2016,15,"dummy","2959753","Joffrey Lauvergne",-1.49078271149819
2016,15,"dummy","4291","Greivis Vasquez",-1.6113759999862
2016,15,"dummy","2806","Jose Calderon",-1.62249093958033
2016,15,"dummy","4300","Gary Neal",-1.68872067174619
2016,15,"dummy","3444","Kosta Koufos",-1.84927054137433
2016,15,"dummy","2991042","Nik Stauskas",-1.87326357204325
2016,15,"dummy","3190","Marco Belinelli",-1.88295127713095
2016,15,"dummy","2433","Kris Humphries",-2.09795344303284
2016,15,"dummy","3436","Roy Hibbert",-2.15701722023386
2016,15,"dummy","6597","Terrence Jones",-2.23558376537288
2016,15,"dummy","3135048","Jahlil Okafor",-2.30493501012249
2016,15,"dummy","4",NA,-2.44313057956014
2016,15,"dummy","2178","Mo Williams",-2.62121848068962
2016,15,"dummy","6630","Tony Wroten",-3.76412144248707
2016,15,"dummy","5",NA,-3.8478505849836
2016,20,"dummy","6601","Michael Kidd-Gilchrist",3.96413638082561
2016,20,"dummy","pair_3975_6589",NA,2.15915119344106
2016,20,"dummy","4264","Patrick Patterson",2.1425703620197
2016,20,"dummy","3975","Stephen Curry",2.10038599910435
2016,20,"dummy","6589","Draymond Green",1.93156100236292
2016,20,"dummy","215","Tim Duncan",1.8230667035255
2016,20,"dummy","6450","Kawhi Leonard",1.8221677135446
2016,20,"dummy","pair_1966_6474",NA,1.80017146293367
2016,20,"dummy","3202","Kevin Durant",1.42240489479912
2016,20,"dummy","2779","Chris Paul",1.40541789930647
2016,20,"dummy","pair_2779_3442",NA,1.40351082191275
2016,20,"dummy","609","Dirk Nowitzki",1.38216310369821
2016,20,"dummy","3112335","Nikola Jokic",1.36372919806452
2016,20,"dummy","2991235","Steven Adams",1.32042296776979
2016,20,"dummy","3024","J.J. Redick",1.27328823714621
2016,20,"dummy","1966","LeBron James",1.22186462239721
2016,20,"dummy","6475","Klay Thompson",1.17092215548366
2016,20,"dummy","2489716","Matthew Dellavedova",1.1568029124395
2016,20,"dummy","2530596","Andre Roberson",1.15343395467355
2016,20,"dummy","3423","Goran Dragic",1.08101933267028
2016,20,"dummy","3988","Danny Green",1.05164989322888
2016,20,"dummy","2386","Andre Iguodala",1.03644576705501
2016,20,"dummy","2990992","Marcus Smart",1.03140650109698
2016,20,"dummy","2983","LaMarcus Aldridge",1.02598229690039
2016,20,"dummy","3012","Kyle Lowry",1.01617964276089
2016,20,"dummy","3028","Thabo Sefolosha",0.982967206342868
2016,20,"dummy","3064291","Rondae Hollis-Jefferson",0.933936353940631
2016,20,"dummy","pair_3412_3995",NA,0.921699074673009
2016,20,"dummy","pair_4240_6472",NA,0.908933680596538
2016,20,"dummy","pair_4248_6606",NA,0.904180359024347
2016,20,"dummy","3449","Kevin Love",0.884076338829133
2016,20,"dummy","pair_3026_4258",NA,0.874599287379845
2016,20,"dummy","6624","Jared Sullinger",0.862151792049096
2016,20,"dummy","pair_3439_3468",NA,0.835196178157548
2016,20,"dummy","pair_2751_4251",NA,0.796705337838382
2016,20,"dummy","4251","Paul George",0.793109864586034
2016,20,"dummy","2581018","Kentavious Caldwell-Pope",0.788934593712579
2016,20,"dummy","4240","Avery Bradley",0.771302300886434
2016,20,"dummy","3439","Serge Ibaka",0.758297361920205
2016,20,"dummy","pair_6430_996",NA,0.754466593907814
2016,20,"dummy","3554","Omri Casspi",0.748382645387647
2016,20,"dummy","4258","DeMarcus Cousins",0.735853869421091
2016,20,"dummy","2578213","Ben McLemore",0.698884275327159
2016,20,"dummy","6581","Jae Crowder",0.674920853482379
2016,20,"dummy","6462","Marcus Morris",0.668281899776188
2016,20,"dummy","1708","Mike Dunleavy",0.662056769119474
2016,20,"dummy","2747","Andrew Bogut",0.660729440539888
2016,20,"dummy","6474","Tristan Thompson",0.635612778881682
2016,20,"dummy","3964","Patrick Beverley",0.62426574235762
2016,20,"dummy","3213","Al Horford",0.624000666648238
2016,20,"dummy","3468","Russell Westbrook",0.618504389268222
2016,20,"dummy","2579258","Cody Zeller",0.615131414607184
2016,20,"dummy","6578","Harrison Barnes",0.601428676601272
2016,20,"dummy","2367","Tony Allen",0.601000495310973
2016,20,"dummy","pair_2798_4032",NA,0.595203960927723
2016,20,"dummy","pair_2581018_6443",NA,0.575236895249599
2016,20,"dummy","pair_2983_6450",NA,0.566351193983463
2016,20,"dummy","6585","Andre Drummond",0.549554420443525
2016,20,"dummy","2011","Kyle Korver",0.541836943871181
2016,20,"dummy","4249","Gordon Hayward",0.528466512117453
2016,20,"dummy","1015","Tony Parker",0.526851103628892
2016,20,"dummy","4023","Garrett Temple",0.515245945265102
2016,20,"dummy","6443","Reggie Jackson",0.505126199316923
2016,20,"dummy","3442","DeAndre Jordan",0.503854431841699
2016,20,"dummy","6440","Tobias Harris",0.493782017986616
2016,20,"dummy","3450","O.J. Mayo",0.491719291822042
2016,20,"dummy","3416","Nicolas Batum",0.473343841931167
2016,20,"dummy","3438","George Hill",0.455043561592502
2016,20,"dummy","pair_2581177_4249",NA,0.450707979987337
2016,20,"dummy","4011","Ricky Rubio",0.435969877841612
2016,20,"dummy","2490620","Robert Covington",0.422656434385572
2016,20,"dummy","6446","Cory Joseph",0.422001321428476
2016,20,"dummy","2490149","C.J. McCollum",0.412973451527088
2016,20,"dummy","2594922","Otto Porter",0.404891440204886
2016,20,"dummy","3135047","Justise Winslow",0.39862253228827
2016,20,"dummy","4032","Wesley Matthews",0.390927118294109
2016,20,"dummy","2761","Gerald Green",0.390830876627771
2016,20,"dummy","2769","Amir Johnson",0.388235056323193
2016,20,"dummy","4248","Al-Farouq Aminu",0.374775055477983
2016,20,"dummy","pair_2758_4237",NA,0.366430520024376
2016,20,"dummy","pair_1975_3187",NA,0.363554576105185
2016,20,"dummy","pair_2999547_3892818",NA,0.361208139639145
2016,20,"dummy","pair_3416_6479",NA,0.360325392454863
2016,20,"dummy","3235","Rodney Stuckey",0.360226048963213
2016,20,"dummy","2581177","Rodney Hood",0.359651610558371
2016,20,"dummy","3015","Paul Millsap",0.351905538389818
2016,20,"dummy","6479","Kemba Walker",0.335947592126564
2016,20,"dummy","3983","Tyreke Evans",0.302177425396533
2016,20,"dummy","2527963","Victor Oladipo",0.295641403583579
2016,20,"dummy","2384","Dwight Howard",0.285198916363367
2016,20,"dummy","pair_2426_3992",NA,0.284402517851396
2016,20,"dummy","2968361","Raul Neto",0.27255651524326
2016,20,"dummy","6442","Kyrie Irving",0.272517630742624
2016,20,"dummy","6606","Damian Lillard",0.267626904151578
2016,20,"dummy","6477","Jonas Valanciunas",0.261874785493562
2016,20,"dummy","4257","Derrick Favors",0.255673834073047
2016,20,"dummy","996","Pau Gasol",0.249629877872329
2016,20,"dummy","pair_2429_3423",NA,0.243941161068637
2016,20,"dummy","pair_3244_3448",NA,0.234946867728389
2016,20,"dummy","2751","Monta Ellis",0.234580027930223
2016,20,"dummy","1017","Zach Randolph",0.216174006697032
2016,20,"dummy","4237","John Wall",0.21354871066944
2016,20,"dummy","6478","Nikola Vucevic",0.209200988717469
2016,20,"dummy","2488653","Mason Plumlee",0.207717903335175
2016,20,"dummy","2797","Marvin Williams",0.196246153653391
2016,20,"dummy","3005","Rudy Gay",0.175194658991975
2016,20,"dummy","3995","Jrue Holiday",0.161359536415477
2016,20,"dummy","4305","Ish Smith",0.153141757915998
2016,20,"dummy","6459","Nikola Mirotic",0.150235346856094
2016,20,"dummy","6580","Bradley Beal",0.148586638613968
2016,20,"dummy","2531210","Allen Crabbe",0.145120181776259
2016,20,"dummy","6628","Dion Waiters",0.141763475475205
2016,20,"dummy","6472","Isaiah Thomas",0.13537551280715
2016,20,"dummy","2774","Ian Mahinmi",0.133440565634316
2016,20,"dummy","6430","Jimmy Butler",0.131922682331024
2016,20,"dummy","3244","Thaddeus Young",0.124469418591556
2016,20,"dummy","3970","DeMarre Carroll",0.0965320433862148
2016,20,"dummy","6429","Alec Burks",0.084915708644778
2016,20,"dummy","4299","Jeremy Lin",0.0801337635513526
2016,20,"dummy","3102531","Kristaps Porzingis",0.0795672590848742
2016,20,"dummy","2534781","Gorgui Dieng",0.0715355080376471
2016,20,"dummy","pair_3206_3209",NA,0.0610339747396323
2016,20,"dummy","4262","Hassan Whiteside",0.0571814843140532
2016,20,"dummy","4260","Greg Monroe",0.0469251015711672
2016,20,"dummy","3445","Courtney Lee",0.0414562260031021
2016,20,"dummy","6637","Kent Bazemore",0.0351221969541356
2016,20,"dummy","4238","Eric Bledsoe",0.0246990488051341
2016,20,"dummy","3187","Arron Afflalo",0.0193731553764723
2016,20,"dummy","1977","Chris Bosh",0.0123538217227379
2016,20,"dummy","1975","Carmelo Anthony",0.012068222732176
2016,20,"dummy","3033","P.J. Tucker",0.0117290953054609
2016,20,"dummy","3431","Eric Gordon",0.00982831414619401
2016,20,"dummy","6609","Khris Middleton",0.00805689946112454
2016,20,"dummy","3973","Darren Collison",0.00357896478078198
2016,20,"dummy","3447","Robin Lopez",-0.0307066625692856
2016,20,"dummy","1",NA,-0.055788304326265
2016,20,"dummy","2753","Raymond Felton",-0.0609900992190033
2016,20,"dummy","6427","Bismack Biyombo",-0.0691071578852657
2016,20,"dummy","3428","Danilo Gallinari",-0.0693326320624371
2016,20,"dummy","4239","Evan Turner",-0.0895925020133603
2016,20,"dummy","pair_2583639_6588",NA,-0.102951806144475
2016,20,"dummy","3032976","Rudy Gobert",-0.111245811551764
2016,20,"dummy","3978","DeMar DeRozan",-0.116036794541567
2016,20,"dummy","3412","Ryan Anderson",-0.117718186097911
2016,20,"dummy","pair_3059319_3136195",NA,-0.124142357189242
2016,20,"dummy","pair_3012_3978",NA,-0.126167310180867
2016,20,"dummy","2444","J.R. Smith",-0.127996344559653
2016,20,"dummy","6588","Evan Fournier",-0.130815201665332
2016,20,"dummy","2758","Marcin Gortat",-0.150227097531576
2016,20,"dummy","3992","James Harden",-0.158632885355851
2016,20,"dummy","pair_2991070_6634",NA,-0.162733629165845
2016,20,"dummy","1765","Matt Barnes",-0.163944602182242
2016,20,"dummy","4303","Donald Sloan",-0.17473753609283
2016,20,"dummy","2999547","Gary Harris",-0.186335124920667
2016,20,"dummy","2426","Trevor Ariza",-0.192417834698531
2016,20,"dummy","3102529","Clint Capela",-0.200799568627487
2016,20,"dummy","1007","Joe Johnson",-0.202641124653975
2016,20,"dummy","3195","Mike Conley",-0.211761564885366
2016,20,"dummy","2583639","Elfrid Payton",-0.220433587566509
2016,20,"dummy","3986","Taj Gibson",-0.236985062821805
2016,20,"dummy","6579","Will Barton",-0.244497008620624
2016,20,"dummy","6583","Anthony Davis",-0.248087305311879
2016,20,"dummy","2016","Zaza Pachulia",-0.253067392129968
2016,20,"dummy","3206","Marc Gasol",-0.274243335061816
2016,20,"dummy","3448","Brook Lopez",-0.333941028244042
2016,20,"dummy","pair_3033_3136193",NA,-0.334630109545055
2016,20,"dummy","3989","Blake Griffin",-0.335892779176857
2016,20,"dummy","6433","Kenneth Faried",-0.362919556366977
2016,20,"dummy","2530276","Tyler Johnson",-0.364773402174982
2016,20,"dummy","3026","Rajon Rondo",-0.369383429379597
2016,20,"dummy","2778","C.J. Miles",-0.373834943865748
2016,20,"dummy","2",NA,-0.385049892895361
2016,20,"dummy","2798","Deron Williams",-0.39223502312216
2016,20,"dummy","3201","Jared Dudley",-0.398286130029243
2016,20,"dummy","3059319","Andrew Wiggins",-0.402107001729811
2016,20,"dummy","6461","Markieff Morris",-0.407337499780825
2016,20,"dummy","pair_3032977_6609",NA,-0.418579904843857
2016,20,"dummy","3209","Jeff Green",-0.439990990558744
2016,20,"dummy","3892818","Emmanuel Mudiay",-0.444517361789099
2016,20,"dummy","2429","Luol Deng",-0.444551942106295
2016,20,"dummy","2528426","Jordan Clarkson",-0.456770013589059
2016,20,"dummy","3136195","Karl-Anthony Towns",-0.46320491724672
2016,20,"dummy","165","Jamal Crawford",-0.488169680941333
2016,20,"dummy","3133628","Myles Turner",-0.493683411781069
2016,20,"dummy","pair_3015_4015",NA,-0.504465882867278
2016,20,"dummy","2767","Ersan Ilyasova",-0.520412472345751
2016,20,"dummy","3056600","Jabari Parker",-0.532605850337626
2016,20,"dummy","6634","Hollis Thompson",-0.557986515906305
2016,20,"dummy","3",NA,-0.564809194553567
2016,20,"dummy","2389","Al Jefferson",-0.582019822787787
2016,20,"dummy","2596108","Michael Carter-Williams",-0.585686882299005
2016,20,"dummy","2490589","Isaiah Canaan",-0.614904542542545
2016,20,"dummy","110","Kobe Bryant",-0.630193801863784
2016,20,"dummy","4",NA,-0.636200719708574
2016,20,"dummy","3032977","Giannis Antetokounmpo",-0.649541756673147
2016,20,"dummy","3136776","D'Angelo Russell",-0.678413282517826
2016,20,"dummy","2768","Jarrett Jack",-0.707526901228854
2016,20,"dummy","2991070","Jerami Grant",-0.770391413113208
2016,20,"dummy","1987","Dwyane Wade",-0.784879812302634
2016,20,"dummy","4015","Jeff Teague",-0.80472541455075
2016,20,"dummy","5",NA,-0.806250815381766
2016,20,"dummy","2799","Louis Williams",-0.816654975929536
2016,20,"dummy","1781","Luis Scola",-0.822162788168004
2016,20,"dummy","6448","Brandon Knight",-0.827183023860747
2016,20,"dummy","3417","Jerryd Bayless",-0.851460626701967
2016,20,"dummy","6466","Chandler Parsons",-0.864740929860019
2016,20,"dummy","2991475","Bryce Dejean-Jones",-0.865837904543365
2016,20,"dummy","3414","Omer Asik",-0.94287124295134
2016,20,"dummy","3136193","Devin Booker",-0.946935650433618
2016,20,"dummy","2439","Jameer Nelson",-1.0191494802581
2016,20,"dummy","3064514","Julius Randle",-1.04545065818607
2016,20,"dummy","2594816","P.J. Hairston",-1.05372724976136
2016,20,"dummy","pair_2528426_3064514",NA,-1.05697519727912
2016,20,"dummy","6595","Orlando Johnson",-1.09431872632932
2016,20,"dummy","3064440","Zach LaVine",-1.09683055259522
2016,20,"dummy","3456","Derrick Rose",-1.18754699190649
2016,20,"dummy","984","Tyson Chandler",-1.22654531182981
2016,20,"dummy","2991280","Nerlens Noel",-1.26680208631228
2016,20,"dummy","6431","Norris Cole",-1.37848898552604
2016,20,"dummy","3593","Bojan Bogdanovic",-1.44830663626833
2016,20,"dummy","2806","Jose Calderon",-1.5824918990677
2016,20,"dummy","2991042","Nik Stauskas",-1.86841062763873
2016,20,"dummy","3190","Marco Belinelli",-2.12965172677558
2016,20,"dummy","3436","Roy Hibbert",-2.21047624025257
2016,20,"dummy","3135048","Jahlil Okafor",-2.36327588445231
2016,25,"dummy","6601","Michael Kidd-Gilchrist",5.01923441418405
2016,25,"dummy","3975","Stephen Curry",2.58458381825414
2016,25,"dummy","pair_3975_6589",NA,2.5119058590094
2016,25,"dummy","6589","Draymond Green",2.37533501888413
2016,25,"dummy","pair_1966_6474",NA,2.25018363306527
2016,25,"dummy","6450","Kawhi Leonard",2.19916456063835
2016,25,"dummy","215","Tim Duncan",2.12061615075147
2016,25,"dummy","3012","Kyle Lowry",1.82494446503793
2016,25,"dummy","609","Dirk Nowitzki",1.81309341230888
2016,25,"dummy","3202","Kevin Durant",1.74331166763853
2016,25,"dummy","2779","Chris Paul",1.61406634549469
2016,25,"dummy","pair_2779_3442",NA,1.60343472240078
2016,25,"dummy","2991235","Steven Adams",1.58214329198744
2016,25,"dummy","1966","LeBron James",1.57016600830666
2016,25,"dummy","3423","Goran Dragic",1.54166416327187
2016,25,"dummy","3024","J.J. Redick",1.41232295043419
2016,25,"dummy","6475","Klay Thompson",1.31992191645612
2016,25,"dummy","pair_3412_3995",NA,1.24621288564985
2016,25,"dummy","pair_3026_4258",NA,1.20329536565543
2016,25,"dummy","3449","Kevin Love",1.16202294635427
2016,25,"dummy","2983","LaMarcus Aldridge",1.14637723809187
2016,25,"dummy","3988","Danny Green",1.10385755259488
2016,25,"dummy","6624","Jared Sullinger",1.0659196742676
2016,25,"dummy","pair_4248_6606",NA,1.05836468687047
2016,25,"dummy","pair_6430_996",NA,1.00582959546126
2016,25,"dummy","4258","DeMarcus Cousins",0.974205380648819
2016,25,"dummy","pair_3439_3468",NA,0.967922532479941
2016,25,"dummy","pair_4240_6472",NA,0.959235114889941
2016,25,"dummy","4240","Avery Bradley",0.956438728009957
2016,25,"dummy","4251","Paul George",0.951716442170417
2016,25,"dummy","2581018","Kentavious Caldwell-Pope",0.936408190268016
2016,25,"dummy","6581","Jae Crowder",0.900122716498768
2016,25,"dummy","3439","Serge Ibaka",0.898262337311153
2016,25,"dummy","pair_2751_4251",NA,0.88620910989015
2016,25,"dummy","3213","Al Horford",0.882294235340723
2016,25,"dummy","1",NA,0.842425121842001
2016,25,"dummy","pair_2798_4032",NA,0.833457727607978
2016,25,"dummy","4249","Gordon Hayward",0.7884267373269
2016,25,"dummy","6474","Tristan Thompson",0.780074204604396
2016,25,"dummy","6462","Marcus Morris",0.775645031093116
2016,25,"dummy","3964","Patrick Beverley",0.72830389946362
2016,25,"dummy","pair_2999547_3892818",NA,0.719056914552383
2016,25,"dummy","2011","Kyle Korver",0.710087481824882
2016,25,"dummy","3468","Russell Westbrook",0.709265918482981
2016,25,"dummy","pair_2581018_6443",NA,0.691565726265384
2016,25,"dummy","3015","Paul Millsap",0.653082908696451
2016,25,"dummy","2579258","Cody Zeller",0.637024536179588
2016,25,"dummy","6585","Andre Drummond",0.634209759947653
2016,25,"dummy","4011","Ricky Rubio",0.632332927919761
2016,25,"dummy","6443","Reggie Jackson",0.575568802283771
2016,25,"dummy","6578","Harrison Barnes",0.560789978144917
2016,25,"dummy","pair_1975_3187",NA,0.558812231789516
2016,25,"dummy","pair_2758_4237",NA,0.545774205697738
2016,25,"dummy","2594922","Otto Porter",0.52970913849156
2016,25,"dummy","6440","Tobias Harris",0.528222326959929
2016,25,"dummy","pair_2581177_4249",NA,0.527611760277966
2016,25,"dummy","pair_2983_6450",NA,0.489579324917832
2016,25,"dummy","2490620","Robert Covington",0.47669699132056
2016,25,"dummy","3416","Nicolas Batum",0.459208894090955
2016,25,"dummy","4032","Wesley Matthews",0.448976598337455
2016,25,"dummy","2769","Amir Johnson",0.440316743604089
2016,25,"dummy","996","Pau Gasol",0.431057457109325
2016,25,"dummy","2581177","Rodney Hood",0.427637215642746
2016,25,"dummy","3438","George Hill",0.413124507669832
2016,25,"dummy","2490149","C.J. McCollum",0.403980410423326
2016,25,"dummy","3442","DeAndre Jordan",0.375478784784015
2016,25,"dummy","pair_2426_3992",NA,0.374724150906375
2016,25,"dummy","4248","Al-Farouq Aminu",0.365678386935379
2016,25,"dummy","2527963","Victor Oladipo",0.360180241251874
2016,25,"dummy","1015","Tony Parker",0.353380360556945
2016,25,"dummy","1017","Zach Randolph",0.341542701592193
2016,25,"dummy","6477","Jonas Valanciunas",0.334112903045973
2016,25,"dummy","4237","John Wall",0.322893849883097
2016,25,"dummy","pair_3244_3448",NA,0.320751169316123
2016,25,"dummy","pair_2429_3423",NA,0.305528780796969
2016,25,"dummy","3970","DeMarre Carroll",0.294452839040718
2016,25,"dummy","4257","Derrick Favors",0.293937182961421
2016,25,"dummy","6479","Kemba Walker",0.287953242384509
2016,25,"dummy","pair_3416_6479",NA,0.281874676236003
2016,25,"dummy","3978","DeMar DeRozan",0.280258576341496
2016,25,"dummy","6606","Damian Lillard",0.244953500488354
2016,25,"dummy","2384","Dwight Howard",0.241449759824344
2016,25,"dummy","6430","Jimmy Butler",0.202431213700199
2016,25,"dummy","3983","Tyreke Evans",0.202304946105048
2016,25,"dummy","6478","Nikola Vucevic",0.195407935741592
2016,25,"dummy","6442","Kyrie Irving",0.179584036542979
2016,25,"dummy","2",NA,0.174228082646368
2016,25,"dummy","3102531","Kristaps Porzingis",0.170156359595562
2016,25,"dummy","pair_3206_3209",NA,0.164217539405903
2016,25,"dummy","3005","Rudy Gay",0.161260868480724
2016,25,"dummy","4262","Hassan Whiteside",0.160006673354722
2016,25,"dummy","1977","Chris Bosh",0.153544493652761
2016,25,"dummy","3445","Courtney Lee",0.143946760343703
2016,25,"dummy","6472","Isaiah Thomas",0.119053857679386
2016,25,"dummy","2488653","Mason Plumlee",0.11823925056015
2016,25,"dummy","2751","Monta Ellis",0.117278289635081
2016,25,"dummy","6580","Bradley Beal",0.112119762772484
2016,25,"dummy","4260","Greg Monroe",0.0977496251083389
2016,25,"dummy","3244","Thaddeus Young",0.086662155427498
2016,25,"dummy","2797","Marvin Williams",0.0688461944444317
2016,25,"dummy","6637","Kent Bazemore",0.0664820929253825
2016,25,"dummy","6609","Khris Middleton",0.0551378830612276
2016,25,"dummy","1975","Carmelo Anthony",0.0482020061183055
2016,25,"dummy","4305","Ish Smith",0.0452108132428519
2016,25,"dummy","3033","P.J. Tucker",0.0306534671711535
2016,25,"dummy","3447","Robin Lopez",0.0289313287400668
2016,25,"dummy","4238","Eric Bledsoe",0.0146776072976198
2016,25,"dummy","3187","Arron Afflalo",0.0131595741078913
2016,25,"dummy","3431","Eric Gordon",-0.0185940164175584
2016,25,"dummy","3428","Danilo Gallinari",-0.0471734638248271
2016,25,"dummy","2774","Ian Mahinmi",-0.0755332557840786
2016,25,"dummy","pair_3059319_3136195",NA,-0.110152229587637
2016,25,"dummy","2753","Raymond Felton",-0.116359349926756
2016,25,"dummy","4",NA,-0.127029274946782
2016,25,"dummy","pair_2583639_6588",NA,-0.154798940656832
2016,25,"dummy","2999547","Gary Harris",-0.183663823343027
2016,25,"dummy","3032976","Rudy Gobert",-0.193192394209913
2016,25,"dummy","2758","Marcin Gortat",-0.219629735942471
2016,25,"dummy","pair_3012_3978",NA,-0.233292925629392
2016,25,"dummy","3206","Marc Gasol",-0.235799167746072
2016,25,"dummy","6588","Evan Fournier",-0.243897435052901
2016,25,"dummy","3992","James Harden",-0.246723384406578
2016,25,"dummy","3986","Taj Gibson",-0.254176828875921
2016,25,"dummy","3195","Mike Conley",-0.257273704976663
2016,25,"dummy","2444","J.R. Smith",-0.273125490391186
2016,25,"dummy","2426","Trevor Ariza",-0.316850228545234
2016,25,"dummy","1007","Joe Johnson",-0.332451428727458
2016,25,"dummy","2583639","Elfrid Payton",-0.349288415634475
2016,25,"dummy","3412","Ryan Anderson",-0.352988808515716
2016,25,"dummy","2528426","Jordan Clarkson",-0.358719414963576
2016,25,"dummy","2016","Zaza Pachulia",-0.368349124822876
2016,25,"dummy","3892818","Emmanuel Mudiay",-0.435426626770896
2016,25,"dummy","pair_3032977_6609",NA,-0.445618297985732
2016,25,"dummy","6583","Anthony Davis",-0.46936322542288
2016,25,"dummy","3201","Jared Dudley",-0.47367954357095
2016,25,"dummy","6433","Kenneth Faried",-0.500057269084909
2016,25,"dummy","3026","Rajon Rondo",-0.505610538683994
2016,25,"dummy","pair_3033_3136193",NA,-0.515783917706695
2016,25,"dummy","2429","Luol Deng",-0.523468989916243
2016,25,"dummy","2798","Deron Williams",-0.571138882624748
2016,25,"dummy","3056600","Jabari Parker",-0.57149484897114
2016,25,"dummy","110","Kobe Bryant",-0.573548125360129
2016,25,"dummy","3059319","Andrew Wiggins",-0.580827481477863
2016,25,"dummy","pair_3015_4015",NA,-0.581951519844028
2016,25,"dummy","3448","Brook Lopez",-0.605526185050632
2016,25,"dummy","pair_2991070_6634",NA,-0.625852767495453
2016,25,"dummy","3209","Jeff Green",-0.664626515223947
2016,25,"dummy","3989","Blake Griffin",-0.685765857268985
2016,25,"dummy","3136195","Karl-Anthony Towns",-0.691057699217823
2016,25,"dummy","3",NA,-0.723603945782508
2016,25,"dummy","2596108","Michael Carter-Williams",-0.731822130049452
2016,25,"dummy","2767","Ersan Ilyasova",-0.750594924379835
2016,25,"dummy","3136776","D'Angelo Russell",-0.80306052500306
2016,25,"dummy","3032977","Giannis Antetokounmpo",-0.842251349535934
2016,25,"dummy","2389","Al Jefferson",-0.899806897652919
2016,25,"dummy","2799","Louis Williams",-0.924899617827308
2016,25,"dummy","2768","Jarrett Jack",-1.03427842433722
2016,25,"dummy","1987","Dwyane Wade",-1.04236039250901
2016,25,"dummy","4015","Jeff Teague",-1.05246395332688
2016,25,"dummy","pair_2528426_3064514",NA,-1.09343313683071
2016,25,"dummy","6448","Brandon Knight",-1.11825176270525
2016,25,"dummy","3064514","Julius Randle",-1.18391904549087
2016,25,"dummy","6466","Chandler Parsons",-1.200172705663
2016,25,"dummy","1781","Luis Scola",-1.28278518107989
2016,25,"dummy","3456","Derrick Rose",-1.57866655896083
2016,25,"dummy","984","Tyson Chandler",-1.60693257493415
2016,25,"dummy","5",NA,-1.84370718326205
2016,25,"dummy","2991280","Nerlens Noel",-1.93187161313109
2016,25,"dummy","2806","Jose Calderon",-2.07092795379801
2016,25,"dummy","3436","Roy Hibbert",-2.64112525962476
2016,25,"dummy","3135048","Jahlil Okafor",-3.3468613016954
2016,30,"dummy","6601","Michael Kidd-Gilchrist",5.4365453745782
2016,30,"dummy","6450","Kawhi Leonard",3.31162192569075
2016,30,"dummy","pair_1966_6474",NA,2.82468673542474
2016,30,"dummy","3975","Stephen Curry",2.74772281480613
2016,30,"dummy","pair_3975_6589",NA,2.57085995420181
2016,30,"dummy","6589","Draymond Green",2.42569303930395
2016,30,"dummy","2983","LaMarcus Aldridge",2.06489167156195
2016,30,"dummy","3202","Kevin Durant",2.05682593683279
2016,30,"dummy","3012","Kyle Lowry",2.04034702928167
2016,30,"dummy","1966","LeBron James",1.7594111647449
2016,30,"dummy","3423","Goran Dragic",1.71075423182311
2016,30,"dummy","2779","Chris Paul",1.64382875534554
2016,30,"dummy","pair_2779_3442",NA,1.61332905863323
2016,30,"dummy","pair_3412_3995",NA,1.47643838140703
2016,30,"dummy","3024","J.J. Redick",1.38790490998437
2016,30,"dummy","6475","Klay Thompson",1.32433323237617
2016,30,"dummy","3449","Kevin Love",1.30470170856446
2016,30,"dummy","6581","Jae Crowder",1.23029481608928
2016,30,"dummy","4240","Avery Bradley",1.22960410847131
2016,30,"dummy","pair_4248_6606",NA,1.17617832492049
2016,30,"dummy","pair_3026_4258",NA,1.1752605877432
2016,30,"dummy","3213","Al Horford",1.17049722339884
2016,30,"dummy","pair_3439_3468",NA,1.15742353439304
2016,30,"dummy","2",NA,1.13165245076981
2016,30,"dummy","pair_4240_6472",NA,1.07653272360958
2016,30,"dummy","3439","Serge Ibaka",1.05445867494129
2016,30,"dummy","4251","Paul George",1.02859453268578
2016,30,"dummy","pair_6430_996",NA,1.01921337261372
2016,30,"dummy","4258","DeMarcus Cousins",0.966191567576605
2016,30,"dummy","3468","Russell Westbrook",0.940395220285331
2016,30,"dummy","1",NA,0.937722561117237
2016,30,"dummy","3015","Paul Millsap",0.93371579188979
2016,30,"dummy","pair_2751_4251",NA,0.92395936998664
2016,30,"dummy","2581018","Kentavious Caldwell-Pope",0.886431183022023
2016,30,"dummy","pair_2798_4032",NA,0.872421614077427
2016,30,"dummy","pair_2983_6450",NA,0.862178005647449
2016,30,"dummy","4249","Gordon Hayward",0.783423417306476
2016,30,"dummy","3416","Nicolas Batum",0.762101954348921
2016,30,"dummy","4032","Wesley Matthews",0.7452057107514
2016,30,"dummy","6462","Marcus Morris",0.68776849145403
2016,30,"dummy","4011","Ricky Rubio",0.6714937368215
2016,30,"dummy","pair_2999547_3892818",NA,0.65068574312857
2016,30,"dummy","6479","Kemba Walker",0.643742571642998
2016,30,"dummy","6440","Tobias Harris",0.634848530721623
2016,30,"dummy","pair_2581018_6443",NA,0.552860328146651
2016,30,"dummy","pair_2758_4237",NA,0.544898100747715
2016,30,"dummy","996","Pau Gasol",0.500600957890094
2016,30,"dummy","pair_3416_6479",NA,0.494651309041128
2016,30,"dummy","2490149","C.J. McCollum",0.480867911821459
2016,30,"dummy","2594922","Otto Porter",0.471350780093588
2016,30,"dummy","pair_2581177_4249",NA,0.463337412047809
2016,30,"dummy","pair_2426_3992",NA,0.460232246662149
2016,30,"dummy","6585","Andre Drummond",0.450892638384401
2016,30,"dummy","pair_1975_3187",NA,0.433277384829299
2016,30,"dummy","6443","Reggie Jackson",0.407857402454909
2016,30,"dummy","4248","Al-Farouq Aminu",0.396036381099868
2016,30,"dummy","pair_2429_3423",NA,0.387556889744191
2016,30,"dummy","pair_3244_3448",NA,0.361541662323732
2016,30,"dummy","6472","Isaiah Thomas",0.359768063745941
2016,30,"dummy","3438","George Hill",0.357573619859721
2016,30,"dummy","2581177","Rodney Hood",0.345996400614528
2016,30,"dummy","2384","Dwight Howard",0.326517301691528
2016,30,"dummy","2527963","Victor Oladipo",0.325504065212656
2016,30,"dummy","4257","Derrick Favors",0.286885047002011
2016,30,"dummy","6606","Damian Lillard",0.273733637922217
2016,30,"dummy","3978","DeMar DeRozan",0.261819222821207
2016,30,"dummy","3442","DeAndre Jordan",0.247989044726132
2016,30,"dummy","4237","John Wall",0.233460030609266
2016,30,"dummy","6430","Jimmy Butler",0.215918276180349
2016,30,"dummy","6478","Nikola Vucevic",0.212098374973442
2016,30,"dummy","1977","Chris Bosh",0.174954074839615
2016,30,"dummy","4262","Hassan Whiteside",0.173134065356708
2016,30,"dummy","pair_3206_3209",NA,0.133968693482336
2016,30,"dummy","4238","Eric Bledsoe",0.132170471684701
2016,30,"dummy","2751","Monta Ellis",0.0844063967909287
2016,30,"dummy","3244","Thaddeus Young",0.0805262573791012
2016,30,"dummy","3983","Tyreke Evans",0.0618253730240502
2016,30,"dummy","6442","Kyrie Irving",0.0592990471254405
2016,30,"dummy","3005","Rudy Gay",0.0530058117966294
2016,30,"dummy","6580","Bradley Beal",0.012344272516737
2016,30,"dummy","3206","Marc Gasol",0.00347597422393941
2016,30,"dummy","6609","Khris Middleton",0.00211672199263763
2016,30,"dummy","3195","Mike Conley",0.00140927230407517
2016,30,"dummy","4260","Greg Monroe",-0.051418698689407
2016,30,"dummy","1975","Carmelo Anthony",-0.0530825119422904
2016,30,"dummy","3431","Eric Gordon",-0.0555054801081845
2016,30,"dummy","pair_2583639_6588",NA,-0.0566245901277644
2016,30,"dummy","3428","Danilo Gallinari",-0.0696776360550682
2016,30,"dummy","3187","Arron Afflalo",-0.172015895442688
2016,30,"dummy","3992","James Harden",-0.197920810730491
2016,30,"dummy","3",NA,-0.222703202612614
2016,30,"dummy","pair_3059319_3136195",NA,-0.237313380151665
2016,30,"dummy","3970","DeMarre Carroll",-0.259183346628283
2016,30,"dummy","3032976","Rudy Gobert",-0.272477503876638
2016,30,"dummy","2999547","Gary Harris",-0.298671294172066
2016,30,"dummy","6588","Evan Fournier",-0.302179469725907
2016,30,"dummy","2016","Zaza Pachulia",-0.310095387010772
2016,30,"dummy","2426","Trevor Ariza",-0.34204622720686
2016,30,"dummy","2758","Marcin Gortat",-0.379782716572618
2016,30,"dummy","2583639","Elfrid Payton",-0.397570117283695
2016,30,"dummy","2444","J.R. Smith",-0.41114411489619
2016,30,"dummy","1007","Joe Johnson",-0.441234244081192
2016,30,"dummy","pair_3012_3978",NA,-0.44847043542434
2016,30,"dummy","pair_3033_3136193",NA,-0.551480221770951
2016,30,"dummy","6583","Anthony Davis",-0.555923181520122
2016,30,"dummy","pair_3032977_6609",NA,-0.594285865471668
2016,30,"dummy","3892818","Emmanuel Mudiay",-0.618942355652687
2016,30,"dummy","2798","Deron Williams",-0.631773955762452
2016,30,"dummy","2429","Luol Deng",-0.63745984265765
2016,30,"dummy","pair_3015_4015",NA,-0.677947563358775
2016,30,"dummy","3059319","Andrew Wiggins",-0.690748093870997
2016,30,"dummy","3026","Rajon Rondo",-0.725341999416013
2016,30,"dummy","3989","Blake Griffin",-0.748458204641937
2016,30,"dummy","3448","Brook Lopez",-0.752140829306848
2016,30,"dummy","4",NA,-0.763414860254486
2016,30,"dummy","3056600","Jabari Parker",-0.767186940458012
2016,30,"dummy","3136195","Karl-Anthony Towns",-0.878925196387523
2016,30,"dummy","3032977","Giannis Antetokounmpo",-1.0392981840773
2016,30,"dummy","2528426","Jordan Clarkson",-1.0827165292425
2016,30,"dummy","2768","Jarrett Jack",-1.11916284714767
2016,30,"dummy","4015","Jeff Teague",-1.12316509505697
2016,30,"dummy","1987","Dwyane Wade",-1.19699238283137
2016,30,"dummy","pair_2991070_6634",NA,-1.20607934306478
2016,30,"dummy","6448","Brandon Knight",-1.31887939945604
2016,30,"dummy","5",NA,-1.47096107444421
2016,30,"dummy","110","Kobe Bryant",-1.52836316260663
2016,30,"dummy","3456","Derrick Rose",-1.90304455760644
2016,30,"dummy","pair_2528426_3064514",NA,-2.00110990124507
2017,0,"dummy","2982330",NA,28.2189708684512
2017,0,"dummy","6594",NA,13.4861854740077
2017,0,"dummy","3033031","Edy Tavares",9.8757913950149
2017,0,"dummy","2807","Ronnie Price",7.145426831492
2017,0,"dummy","3907822","Malik Beasley",6.45805782685268
2017,0,"dummy","4017846","Georgios Papagiannis",6.1619373592555
2017,0,"dummy","2596110","Rakeem Christmas",5.82125273695484
2017,0,"dummy","3113297",NA,5.76563753625935
2017,0,"dummy","3153165","Chris McCullough",5.24162357084818
2017,0,"dummy","2566747",NA,4.80138451482827
2017,0,"dummy","2866",NA,4.44454342016139
2017,0,"dummy","2578204","Pierre Jackson",4.42676649718736
2017,0,"dummy","2488651","Ryan Kelly",4.00858769404721
2017,0,"dummy","1499",NA,3.82518055949021
2017,0,"dummy","2566745","Quinn Cook",3.67254503915569
2017,0,"dummy","3936099","Derrick Jones",2.43152041991731
2017,0,"dummy","2991178","A.J. Hammons",2.18981561026009
2017,0,"dummy","3452","JaVale McGee",2.15975428308539
2017,0,"dummy","2028618",NA,2.13509364696459
2017,0,"dummy","2579326","Alan Williams",2.11261457641098
2017,0,"dummy","2595231","Treveon Graham",2.10158060896225
2017,0,"dummy","2991281","Archie Goodwin",2.04505568776081
2017,0,"dummy","346",NA,2.02421879220801
2017,0,"dummy","2528473","Okaro White",2.02123624702199
2017,0,"dummy","3062744","David Nwaba",1.87467727213516
2017,0,"dummy","2566748","Marshall Plumlee",1.84771428438205
2017,0,"dummy","3936296","Skal Labissiere",1.74731518765416
2017,0,"dummy","3979","Toney Douglas",1.48766242482096
2017,0,"dummy","2779","Chris Paul",1.41803199580656
2017,0,"dummy","2579466","Jonathon Simmons",1.37309719378451
2017,0,"dummy","3191","Corey Brewer",1.36374152025319
2017,0,"dummy","4264","Patrick Patterson",1.33757654131852
2017,0,"dummy","3975","Stephen Curry",1.32433896863293
2017,0,"dummy","841","Jason Terry",1.32085956702873
2017,0,"dummy","3438","George Hill",1.3184308724726
2017,0,"dummy","pair_3975_6589",NA,1.29394128997742
2017,0,"dummy","pair_3442_3989",NA,1.29071341289896
2017,0,"dummy","2580898","Chasson Randle",1.25755658297523
2017,0,"dummy","3906522","Henry Ellenson",1.202978552606
2017,0,"dummy","3064447","Delon Wright",1.20179620431858
2017,0,"dummy","2016","Zaza Pachulia",1.19194240413096
2017,0,"dummy","6475","Klay Thompson",1.11726739611279
2017,0,"dummy","2968361","Raul Neto",1.08349647772829
2017,0,"dummy","6589","Draymond Green",1.06916756424986
2017,0,"dummy","2993874","Kyle Anderson",1.06557288536657
2017,0,"dummy","3064559","Damian Jones",1.06548254055804
2017,0,"dummy","2581177","Rodney Hood",1.05283685793135
2017,0,"dummy","3064509","James Young",1.03955496899375
2017,0,"dummy","2579258","Cody Zeller",1.01406965384571
2017,0,"dummy","3059318","Joel Embiid",1.01230326978426
2017,0,"dummy","2580913","Dewayne Dedmon",1.00928094410012
2017,0,"dummy","4004","Patty Mills",1.00886131566425
2017,0,"dummy","2528393","Tarik Black",0.965268606367441
2017,0,"dummy","6631","Tyler Zeller",0.950127830344193
2017,0,"dummy","4376","Boban Marjanovic",0.922491566533782
2017,0,"dummy","4385","Mirza Teletovic",0.906978701782111
2017,0,"dummy","2566769","Malcolm Brogdon",0.89530136597656
2017,0,"dummy","3135046","Tyus Jones",0.877917970146505
2017,0,"dummy","4260","Greg Monroe",0.834571801869513
2017,0,"dummy","3449","Kevin Love",0.83407547499641
2017,0,"dummy","3012","Kyle Lowry",0.832134439332753
2017,0,"dummy","3893023","Paul Zipser",0.830213860567673
2017,0,"dummy","1966","LeBron James",0.805676398059045
2017,0,"dummy","3989","Blake Griffin",0.794726982260798
2017,0,"dummy","pair_4237_6580",NA,0.787987918871479
2017,0,"dummy","2528210","Tim Hardaway",0.782822699260645
2017,0,"dummy","4011991","Dragan Bender",0.778819056834946
2017,0,"dummy","3202","Kevin Durant",0.765273939692032
2017,0,"dummy","3468","Russell Westbrook",0.756188798049901
2017,0,"dummy","2439","Jameer Nelson",0.751872609400367
2017,0,"dummy","6450","Kawhi Leonard",0.747018124321842
2017,0,"dummy","3964","Patrick Beverley",0.735569446215626
2017,0,"dummy","272","Manu Ginobili",0.724809718909812
2017,0,"dummy","pair_1966_6442",NA,0.722964914764017
2017,0,"dummy","pair_2991235_3468",NA,0.716942593933789
2017,0,"dummy","3431","Eric Gordon",0.699208470416696
2017,0,"dummy","2444","J.R. Smith",0.692898324715925
2017,0,"dummy","3032980","Lucas Nogueira",0.69205184281054
2017,0,"dummy","2386","Andre Iguodala",0.689135537602563
2017,0,"dummy","2326015","Willie Reed",0.680348284351841
2017,0,"dummy","1713","Nene ",0.672975083270565
2017,0,"dummy","2488721","Lamar Patterson",0.667220895457537
2017,0,"dummy","4305","Ish Smith",0.661104306396785
2017,0,"dummy","2527963","Victor Oladipo",0.650293036560326
2017,0,"dummy","6461","Markieff Morris",0.649062848542452
2017,0,"dummy","pair_3032976_4249",NA,0.643413997442658
2017,0,"dummy","2489530","Troy Daniels",0.642277580312244
2017,0,"dummy","6619","Terrence Ross",0.639978547422562
2017,0,"dummy","2772","David Lee",0.632762379960321
2017,0,"dummy","3032976","Rudy Gobert",0.627470372185521
2017,0,"dummy","6591","Maurice Harkless",0.627412621051406
2017,0,"dummy","2769","Amir Johnson",0.626089872663318
2017,0,"dummy","6453","DeAndre Liggins",0.623216646598571
2017,0,"dummy","2177","David West",0.618080563724634
2017,0,"dummy","136","Vince Carter",0.61372908773232
2017,0,"dummy","3451","Luc Richard",0.593552445849333
2017,0,"dummy","3970","DeMarre Carroll",0.587776117826074
2017,0,"dummy","2566741","K.J. McDaniels",0.576452227746917
2017,0,"dummy","2614962","Jarnell Stokes",0.569622528891942
2017,0,"dummy","2991055","Montrezl Harrell",0.562318136715253
2017,0,"dummy","3112335","Nikola Jokic",0.541319944112706
2017,0,"dummy","2758","Marcin Gortat",0.537027871904753
2017,0,"dummy","2426","Trevor Ariza",0.512085983143117
2017,0,"dummy","3988","Danny Green",0.501219762228062
2017,0,"dummy","2326307","Seth Curry",0.499475824411855
2017,0,"dummy","6474","Tristan Thompson",0.490133808533925
2017,0,"dummy","6430","Jimmy Butler",0.484632929131787
2017,0,"dummy","2990992","Marcus Smart",0.47552063731344
2017,0,"dummy","6581","Jae Crowder",0.467309370258464
2017,0,"dummy","2530596","Andre Roberson",0.466776515590308
2017,0,"dummy","6580","Bradley Beal",0.458433867954125
2017,0,"dummy","3024","J.J. Redick",0.449810859480637
2017,0,"dummy","3134881","Stanley Johnson",0.448386961988115
2017,0,"dummy","2991039","Glenn Robinson",0.444235151858136
2017,0,"dummy","pair_3015_3032979",NA,0.442613977856264
2017,0,"dummy","2991230","Fred VanVleet",0.436893900095262
2017,0,"dummy","pair_2528353_3032977",NA,0.434955208485482
2017,0,"dummy","2282205","Malcolm Delaney",0.431199288083243
2017,0,"dummy","4247","Wesley Johnson",0.43055105336195
2017,0,"dummy","3138120","Mindaugas Kuzminskas",0.426142500148662
2017,0,"dummy","4249","Gordon Hayward",0.421929220851836
2017,0,"dummy","pair_2426_3992",NA,0.419092466681794
2017,0,"dummy","2448","Beno Udrih",0.418873033232288
2017,0,"dummy","2594922","Otto Porter",0.412993891017509
2017,0,"dummy","6447","Enes Kanter",0.402172468111546
2017,0,"dummy","2991235","Steven Adams",0.391850636742527
2017,0,"dummy","3032977","Giannis Antetokounmpo",0.386446616635799
2017,0,"dummy","4269","Nemanja Bjelica",0.384026275846356
2017,0,"dummy","pair_2983_6450",NA,0.382513145380117
2017,0,"dummy","3992","James Harden",0.380815568458208
2017,0,"dummy","3428","Danilo Gallinari",0.375677954124567
2017,0,"dummy","2983","LaMarcus Aldridge",0.369594167418507
2017,0,"dummy","pair_3973_4258",NA,0.364403619932937
2017,0,"dummy","pair_2581018_6440",NA,0.363432213329901
2017,0,"dummy","3442","DeAndre Jordan",0.36080311722848
2017,0,"dummy","6442","Kyrie Irving",0.351978411996388
2017,0,"dummy","4237","John Wall",0.347460455941411
2017,0,"dummy","3460","Marreese Speights",0.344779583651164
2017,0,"dummy","3135047","Justise Winslow",0.3423032964513
2017,0,"dummy","2531047","Jerian Grant",0.33926494968676
2017,0,"dummy","3412","Ryan Anderson",0.336050187237446
2017,0,"dummy","2778","C.J. Miles",0.335174852927777
2017,0,"dummy","2490620","Robert Covington",0.331680625749337
2017,0,"dummy","pair_3447_6430",NA,0.326311647781885
2017,0,"dummy","3015","Paul Millsap",0.314690079909131
2017,0,"dummy","3136194","Tyler Ulis",0.311800599027664
2017,0,"dummy","2421","Sasha Vujacic",0.311648102064698
2017,0,"dummy","6459","Nikola Mirotic",0.309540666842481
2017,0,"dummy","1006","Richard Jefferson",0.307568199493825
2017,0,"dummy","3936299","Jamal Murray",0.29773754759579
2017,0,"dummy","6606","Damian Lillard",0.296134532928035
2017,0,"dummy","2367","Tony Allen",0.290145450885667
2017,0,"dummy","2534781","Gorgui Dieng",0.285486379849905
2017,0,"dummy","2968436","Joe Ingles",0.285347106072526
2017,0,"dummy","3457","Brandon Rush",0.279889844429649
2017,0,"dummy","3907497","Dejounte Murray",0.278431842799316
2017,0,"dummy","6603","Jeremy Lamb",0.276766495057094
2017,0,"dummy","3447","Robin Lopez",0.271427906955739
2017,0,"dummy","1015","Tony Parker",0.257338786329685
2017,0,"dummy","6479","Kemba Walker",0.254251918309731
2017,0,"dummy","2488826","Rodney McGruder",0.251550132199309
2017,0,"dummy","2968458","Salah Mejri",0.249864450792034
2017,0,"dummy","2578185","Dorian Finney-Smith",0.249526841279209
2017,0,"dummy","3436","Roy Hibbert",0.246323436541139
2017,0,"dummy","3005","Rudy Gay",0.24432477841856
2017,0,"dummy","6452","Jon Leuer",0.23713185073121
2017,0,"dummy","1135","Chris Andersen",0.236461978872745
2017,0,"dummy","2991184","Sam Dekker",0.233563848794441
2017,0,"dummy","3981","Wayne Ellington",0.218805798214246
2017,0,"dummy","2333797","Jeff Withey",0.218357487364257
2017,0,"dummy","1017","Zach Randolph",0.216825372057971
2017,0,"dummy","6462","Marcus Morris",0.214395218519547
2017,0,"dummy","3213","Al Horford",0.213511020510475
2017,0,"dummy","2489785","Ian Clark",0.212554053244888
2017,0,"dummy","4257","Derrick Favors",0.211163497128369
2017,0,"dummy","2999409","Willy Hernangomez",0.200870549374279
2017,0,"dummy","6480","Derrick Williams",0.200026719452515
2017,0,"dummy","3997","Brandon Jennings",0.197596156914856
2017,0,"dummy","pair_6472_6581",NA,0.195147913348121
2017,0,"dummy","2530780","Shabazz Napier",0.194001932692347
2017,0,"dummy","3242","Brandan Wright",0.186438602010729
2017,0,"dummy","2284101","Justin Holiday",0.18094149025691
2017,0,"dummy","pair_3416_6479",NA,0.175407482957875
2017,0,"dummy","6440","Tobias Harris",0.172672513842367
2017,0,"dummy","2983551","Joel Bolomboy",0.172390283379165
2017,0,"dummy","3133628","Myles Turner",0.171500994906848
2017,0,"dummy","2488945","Tim Frazier",0.165200944999725
2017,0,"dummy","6628","Dion Waiters",0.159592222940824
2017,0,"dummy","2580365","Larry Nance",0.155185406406312
2017,0,"dummy","2581018","Kentavious Caldwell-Pope",0.153087732333652
2017,0,"dummy","4248","Al-Farouq Aminu",0.14977428082626
2017,0,"dummy","2999547","Gary Harris",0.148431628945732
2017,0,"dummy","4262","Hassan Whiteside",0.143834226389041
2017,0,"dummy","3064511","Andrew Harrison",0.138153603688008
2017,0,"dummy","3063982","Maurice Daly",0.133398016530114
2017,0,"dummy","6597","Terrence Jones",0.126722122275107
2017,0,"dummy","pair_3136193_4238",NA,0.123128971687977
2017,0,"dummy","2993370","Richaun Holmes",0.121452677763959
2017,0,"dummy","2993875","Shabazz Muhammad",0.121241643143343
2017,0,"dummy","3974","Dante Cunningham",0.119545643052142
2017,0,"dummy","3995","Jrue Holiday",0.119251863596825
2017,0,"dummy","6426","Davis Bertans",0.118345243002595
2017,0,"dummy","4251","Paul George",0.113723778153618
2017,0,"dummy","pair_3059319_3136195",NA,0.112100487137145
2017,0,"dummy","pair_2528426_3913176",NA,0.105148249104162
2017,0,"dummy","2166","Leandro Barbosa",0.103809611916636
2017,0,"dummy","6601","Michael Kidd-Gilchrist",0.102786616806617
2017,0,"dummy","3136196","Trey Lyles",0.0965532897023304
2017,0,"dummy","2799","Louis Williams",0.0931495732333135
2017,0,"dummy","2530530","T.J. McConnell",0.0847897734406916
2017,0,"dummy","2747","Andrew Bogut",0.0834120272157765
2017,0,"dummy","3102529","Clint Capela",0.0804005836048437
2017,0,"dummy","pair_1975_3445",NA,0.0684148280455262
2017,0,"dummy","3028","Thabo Sefolosha",0.064925107334515
2017,0,"dummy","3136477","Isaiah Whitehead",0.0625317853031617
2017,0,"dummy","4250","Luke Babbitt",0.0555283863785976
2017,0,"dummy","6472","Isaiah Thomas",0.0524537548375937
2017,0,"dummy","4000","Ty Lawson",0.0522217433995829
2017,0,"dummy","3195","Mike Conley",0.0493117131453145
2017,0,"dummy","pair_4015_4251",NA,0.0457055933096448
2017,0,"dummy","2990962","Taurean Prince",0.0425722852569704
2017,0,"dummy","1765","Matt Barnes",0.0292608082570251
2017,0,"dummy","6477","Jonas Valanciunas",0.0288690220063538
2017,0,"dummy","4003","Jodie Meeks",0.0279883781061849
2017,0,"dummy","2488958","Solomon Hill",0.0254624565183438
2017,0,"dummy","3418","Michael Beasley",0.0240510856506405
2017,0,"dummy","2579294","Frank Kaminsky",0.0232336553524447
2017,0,"dummy","3973","Darren Collison",0.0137817818397516
2017,0,"dummy","4258","DeMarcus Cousins",0.0115078406526228
2017,0,"dummy","2429","Luol Deng",0.00973232080241273
2017,0,"dummy","3136193","Devin Booker",0.00668835478899913
2017,0,"dummy","3136195","Karl-Anthony Towns",0.00487958796464797
2017,0,"dummy","pair_3995_6583",NA,0.00486359549157445
2017,0,"dummy","2489663","Kelly Olynyk",0.00429175802180051
2017,0,"dummy","1",NA,0
2017,0,"dummy","2",NA,0
2017,0,"dummy","3",NA,0
2017,0,"dummy","3413","Darrell Arthur",-0.00117164423000592
2017,0,"dummy","2595516","Norman Powell",-0.00219998005657571
2017,0,"dummy","2579321","James Ennis",-0.00497461347491965
2017,0,"dummy","2968439","Aron Baynes",-0.00570819489017805
2017,0,"dummy","6468","Iman Shumpert",-0.0104601237514596
2017,0,"dummy","3206","Marc Gasol",-0.012874944957201
2017,0,"dummy","3137733","Rashad Vaughn",-0.0198759923939089
2017,0,"dummy","3074752","Terry Rozier",-0.0212856313662259
2017,0,"dummy","6460","E'Twaun Moore",-0.0268219361962828
2017,0,"dummy","2490149","C.J. McCollum",-0.0331146407944348
2017,0,"dummy","2578259","Darrun Hilliard",-0.038327519541734
2017,0,"dummy","4011","Ricky Rubio",-0.0397527505217066
2017,0,"dummy","3416","Nicolas Batum",-0.0446084856541716
2017,0,"dummy","3201","Jared Dudley",-0.0595263625847998
2017,0,"dummy","3243","Nick Young",-0.0639094384605623
2017,0,"dummy","4023","Garrett Temple",-0.0689316343647421
2017,0,"dummy","2583639","Elfrid Payton",-0.0690182445861364
2017,0,"dummy","2530276","Tyler Johnson",-0.0749559153352999
2017,0,"dummy","3937101","Deyonta Davis",-0.0758972451429802
2017,0,"dummy","3978","DeMar DeRozan",-0.0788159047589805
2017,0,"dummy","6583","Anthony Davis",-0.0805118207164862
2017,0,"dummy","3423","Goran Dragic",-0.082860567008882
2017,0,"dummy","3999","James Johnson",-0.0836788291296586
2017,0,"dummy","2530572","Langston Galloway",-0.08428155440965
2017,0,"dummy","2327577","JaMychal Green",-0.0876830138999077
2017,0,"dummy","3113587","Cristiano Felicio",-0.0885294884079041
2017,0,"dummy","3064517","Jarell Martin",-0.0899253118715224
2017,0,"dummy","984","Tyson Chandler",-0.0904991319168714
2017,0,"dummy","996","Pau Gasol",-0.0964916717140558
2017,0,"dummy","pair_2439_3194",NA,-0.101695842794991
2017,0,"dummy","6576","Quincy Acy",-0.107312631194927
2017,0,"dummy","3136776","D'Angelo Russell",-0.109095836152632
2017,0,"dummy","2531362",NA,-0.114389134321525
2017,0,"dummy","3445","Courtney Lee",-0.115068219850662
2017,0,"dummy","2528353","Tony Snell",-0.116846679959485
2017,0,"dummy","3059319","Andrew Wiggins",-0.117264224775463
2017,0,"dummy","2982334","T.J. Warren",-0.12111267319263
2017,0,"dummy","3986","Taj Gibson",-0.13325164577947
2017,0,"dummy","4015","Jeff Teague",-0.136339740662233
2017,0,"dummy","3133603","Kelly Oubre",-0.138480256695277
2017,0,"dummy","3998","Jonas Jerebko",-0.139463624512476
2017,0,"dummy","2991018","Yogi Ferrell",-0.141427700274457
2017,0,"dummy","3102531","Kristaps Porzingis",-0.151559001896021
2017,0,"dummy","2580349","Ron Baker",-0.151707407039931
2017,0,"dummy","2797","Marvin Williams",-0.153606336182515
2017,0,"dummy","2384","Dwight Howard",-0.154380041001037
2017,0,"dummy","2991139","Kris Dunn",-0.156995380395825
2017,0,"dummy","2798","Deron Williams",-0.160610609406379
2017,0,"dummy","pair_2488689_3448",NA,-0.167162113603405
2017,0,"dummy","4240","Avery Bradley",-0.168264387068181
2017,0,"dummy","6617","Austin Rivers",-0.174546266179243
2017,0,"dummy","2751","Monta Ellis",-0.177438505792512
2017,0,"dummy","pair_2583639_6478",NA,-0.179225380785414
2017,0,"dummy","3064290","Aaron Gordon",-0.184964791918383
2017,0,"dummy","6621","Tomas Satoransky",-0.185116031859966
2017,0,"dummy","2531367","Dwight Powell",-0.185161297654023
2017,0,"dummy","2754","Channing Frye",-0.189208496985329
2017,0,"dummy","2991042","Nik Stauskas",-0.189779464858646
2017,0,"dummy","3919335","Cheick Diallo",-0.196944457472177
2017,0,"dummy","3033","P.J. Tucker",-0.196955046698311
2017,0,"dummy","3032979","Dennis Schroder",-0.201931676911637
2017,0,"dummy","3224","Joakim Noah",-0.203349761281145
2017,0,"dummy","2999549","Denzel Valentine",-0.205573332621583
2017,0,"dummy","3155942","Domantas Sabonis",-0.205644560642075
2017,0,"dummy","2767","Ersan Ilyasova",-0.208133457439106
2017,0,"dummy","3155535","Kevon Looney",-0.211112245011025
2017,0,"dummy","2528588","Doug McDermott",-0.21424942635287
2017,0,"dummy","3444","Kosta Koufos",-0.218319820276449
2017,0,"dummy","3244","Thaddeus Young",-0.223438221549204
2017,0,"dummy","pair_2530276_3999",NA,-0.224956377108662
2017,0,"dummy","6615","Kyle O'Quinn",-0.227235441544313
2017,0,"dummy","3439","Serge Ibaka",-0.230973668969697
2017,0,"dummy","3934663","Malachi Richardson",-0.234240882576264
2017,0,"dummy","3056600","Jabari Parker",-0.234741406636611
2017,0,"dummy","6578","Harrison Barnes",-0.241304794602805
2017,0,"dummy","pair_2531210_6606",NA,-0.250807873130521
2017,0,"dummy","165","Jamal Crawford",-0.252470064239053
2017,0,"dummy","1975","Carmelo Anthony",-0.255059684977138
2017,0,"dummy","6433","Kenneth Faried",-0.259865590589166
2017,0,"dummy","3235","Rodney Stuckey",-0.265710001969622
2017,0,"dummy","4244","Lance Stephenson",-0.269562957655353
2017,0,"dummy","2991473","Anthony Bennett",-0.26968058620332
2017,0,"dummy","2991155",NA,-0.272047151655694
2017,0,"dummy","609","Dirk Nowitzki",-0.276691121156433
2017,0,"dummy","2991280","Nerlens Noel",-0.277085072036976
2017,0,"dummy","3190","Marco Belinelli",-0.27865041152782
2017,0,"dummy","2531364","Josh Huestis",-0.298881923907244
2017,0,"dummy","3456","Derrick Rose",-0.300171278554156
2017,0,"dummy","1007","Joe Johnson",-0.306517172612187
2017,0,"dummy","2490089","Mike Muscala",-0.309794120199762
2017,0,"dummy","2167","Boris Diaw",-0.322057933206901
2017,0,"dummy","6592","John Henson",-0.323666764102349
2017,0,"dummy","pair_2991042_3032978",NA,-0.331958238962755
2017,0,"dummy","4239","Evan Turner",-0.332767433112443
2017,0,"dummy","3913176","Brandon Ingram",-0.334794741373714
2017,0,"dummy","4017843","Thon Maker",-0.343573769647909
2017,0,"dummy","2596108","Michael Carter-Williams",-0.347131765649979
2017,0,"dummy","6424","Lavoy Allen",-0.355179201970408
2017,0,"dummy","6588","Evan Fournier",-0.358557298793596
2017,0,"dummy","1987","Dwyane Wade",-0.371449447292258
2017,0,"dummy","6478","Nikola Vucevic",-0.371870644343294
2017,0,"dummy","3414","Omer Asik",-0.380575958987941
2017,0,"dummy","2580782","Spencer Dinwiddie",-0.383098835242375
2017,0,"dummy","3134908","Jakob Poeltl",-0.384437536153864
2017,0,"dummy","6464","Donatas Motiejunas",-0.38578814112176
2017,0,"dummy","2578239","Pat Connaughton",-0.387324460153479
2017,0,"dummy","2983526","Semaj Christon",-0.390782781678483
2017,0,"dummy","2382","Devin Harris",-0.390929946107813
2017,0,"dummy","2488653","Mason Plumlee",-0.414106293546538
2017,0,"dummy","3448","Brook Lopez",-0.425282175917711
2017,0,"dummy","3917376","Jaylen Brown",-0.425946611776056
2017,0,"dummy","2581190","Josh Richardson",-0.427636130288513
2017,0,"dummy","2753","Raymond Felton",-0.428529392691669
2017,0,"dummy","6585","Andre Drummond",-0.428543230937564
2017,0,"dummy","3276","Anthony Tolliver",-0.429259276843117
2017,0,"dummy","3102530","Jusuf Nurkic",-0.435838047539489
2017,0,"dummy","6466","Chandler Parsons",-0.443284099775259
2017,0,"dummy","2991043","Caris LeVert",-0.444398654045005
2017,0,"dummy","2995702","Alex Abrines",-0.451743112446439
2017,0,"dummy","6579","Will Barton",-0.451818990759386
2017,0,"dummy","3055","J.J. Barea",-0.455090251524491
2017,0,"dummy","4259","Ed Davis",-0.465110430246958
2017,0,"dummy","3032978","Dario Saric",-0.474578747878231
2017,0,"dummy","6446","Cory Joseph",-0.478504351762938
2017,0,"dummy","3078284","Noah Vonleh",-0.481016331468794
2017,0,"dummy","pair_3195_3206",NA,-0.488136521384961
2017,0,"dummy","4238","Eric Bledsoe",-0.503893885782802
2017,0,"dummy","2393","Shaun Livingston",-0.504590262093879
2017,0,"dummy","2531210","Allen Crabbe",-0.504667925498408
2017,0,"dummy","3192","Aaron Brooks",-0.504786964578228
2017,0,"dummy","2433","Kris Humphries",-0.508434612529683
2017,0,"dummy","6427","Bismack Biyombo",-0.512670162144361
2017,0,"dummy","3002",NA,-0.518882604784066
2017,0,"dummy","pair_4032_6578",NA,-0.519343279370319
2017,0,"dummy","2490589","Isaiah Canaan",-0.525048187321134
2017,0,"dummy","662","Paul Pierce",-0.537197454926572
2017,0,"dummy","3993","Gerald Henderson",-0.55224768980641
2017,0,"dummy","4017839","Juancho Hernangomez",-0.617413159057754
2017,0,"dummy","6429","Alec Burks",-0.619005234268232
2017,0,"dummy","3026","Rajon Rondo",-0.623687977145107
2017,0,"dummy","3554","Omri Casspi",-0.630392419838489
2017,0,"dummy","1708","Mike Dunleavy",-0.631821622612716
2017,0,"dummy","2991070","Jerami Grant",-0.639834036407124
2017,0,"dummy","3194","Wilson Chandler",-0.643821967324452
2017,0,"dummy","3062892","Kay Felder",-0.646455803043009
2017,0,"dummy","4298","Timofey Mozgov",-0.646576741895041
2017,0,"dummy","4032","Wesley Matthews",-0.648598269772516
2017,0,"dummy","3277","C.J. Watson",-0.66165577142257
2017,0,"dummy","1781","Luis Scola",-0.671778266266939
2017,0,"dummy","2594885","Sheldon McClellan",-0.673721702055693
2017,0,"dummy","2982268","Jake Layman",-0.673983898929895
2017,0,"dummy","2528426","Jordan Clarkson",-0.674646752099227
2017,0,"dummy","3025","Sergio Rodriguez",-0.676585316207318
2017,0,"dummy","2578213","Ben McLemore",-0.69319153709898
2017,0,"dummy","3209","Jeff Green",-0.694235460789474
2017,0,"dummy","3593","Bojan Bogdanovic",-0.70152200839339
2017,0,"dummy","6569","Alan Anderson",-0.702395544159843
2017,0,"dummy","2488689","Sean Kilpatrick",-0.704921402739355
2017,0,"dummy","3064514","Julius Randle",-0.708144514001254
2017,0,"dummy","2990969","Georges Niang",-0.709825364811656
2017,0,"dummy","3474","Anthony Morrow",-0.718931740156293
2017,0,"dummy","2528794","Joe Harris",-0.724632153240988
2017,0,"dummy","6454","Shelvin Mack",-0.726125142957202
2017,0,"dummy","2990984","Buddy Hield",-0.72897127075699
2017,0,"dummy","2991282","Willie Cauley-Stein",-0.731132369247892
2017,0,"dummy","3064440","Zach LaVine",-0.733148835660585
2017,0,"dummy","2488999",NA,-0.74402456915964
2017,0,"dummy","2761","Gerald Green",-0.747072841974425
2017,0,"dummy","3232","Jason Smith",-0.75154478134959
2017,0,"dummy","3892818","Emmanuel Mudiay",-0.759222633278348
2017,0,"dummy","2011","Kyle Korver",-0.760971784787678
2017,0,"dummy","3064291","Rondae Hollis-Jefferson",-0.762137839341052
2017,0,"dummy","3064230","Cameron Payne",-0.762259641934747
2017,0,"dummy","2968363","Marcelo Huertas",-0.772036947083693
2017,0,"dummy","2528779","Reggie Bullock",-0.778778141558682
2017,0,"dummy","2959753","Joffrey Lauvergne",-0.779614569216679
2017,0,"dummy","2489716","Matthew Dellavedova",-0.808957751709609
2017,0,"dummy","3078286","Troy Williams",-0.828381404542605
2017,0,"dummy","3983","Tyreke Evans",-0.829079194244044
2017,0,"dummy","6637","Kent Bazemore",-0.830081937547425
2017,0,"dummy","3410","Alexis Ajinca",-0.841319841200616
2017,0,"dummy","3187","Arron Afflalo",-0.844450072400845
2017,0,"dummy","4267","Cole Aldrich",-0.859658456398711
2017,0,"dummy","3102528","Dante Exum",-0.860846785206623
2017,0,"dummy","3220","Josh McRoberts",-0.86334519146151
2017,0,"dummy","4064730","Tim Quarterman",-0.877304663125731
2017,0,"dummy","4299","Jeremy Lin",-0.88060580482933
2017,0,"dummy","4270","Trevor Booker",-0.895612502221471
2017,0,"dummy","3058254","Christian Wood",-0.90489330209903
2017,0,"dummy","6634","Hollis Thompson",-0.917983308491012
2017,0,"dummy","3018",NA,-0.945893806082067
2017,0,"dummy","2745","Brandon Bass",-0.962515383186509
2017,0,"dummy","3137730","Patrick McCaw",-0.964346900831846
2017,0,"dummy","2389","Al Jefferson",-0.964774888812524
2017,0,"dummy","3062667","DeAndre Bembry",-0.97450282969215
2017,0,"dummy","6469","Kyle Singler",-0.980349480267673
2017,0,"dummy","3231","Ramon Sessions",-0.990759298999009
2017,0,"dummy","2309097",NA,-1.01665155549136
2017,0,"dummy","2982337",NA,-1.03205109228333
2017,0,"dummy","3415","D.J. Augustin",-1.04611046186064
2017,0,"dummy","4232","Alonzo Gee",-1.09038228936246
2017,0,"dummy","558",NA,-1.10664832667599
2017,0,"dummy","6590","Justin Hamilton",-1.12795803259981
2017,0,"dummy","3893019","Timothe Luwawu-Cabarrot",-1.14281782330925
2017,0,"dummy","3003","Randy Foye",-1.14575970628116
2017,0,"dummy","2579260","Trey Burke",-1.18473399119742
2017,0,"dummy","2596107","Alex Len",-1.18880471225024
2017,0,"dummy","2594818","James Michael",-1.20994699470526
2017,0,"dummy","3149673","Pascal Siakam",-1.21092706890939
2017,0,"dummy","6618","Thomas Robinson",-1.21231439575177
2017,0,"dummy","6443","Reggie Jackson",-1.22370690261056
2017,0,"dummy","6616","Miles Plumlee",-1.24258202748506
2017,0,"dummy","3907487","Marquese Chriss",-1.24484548959374
2017,0,"dummy","4300","Gary Neal",-1.25874121075945
2017,0,"dummy","2531797","Jordan McRae",-1.28680175899671
2017,0,"dummy","6614","Andrew Nicholson",-1.2896124865617
2017,0,"dummy","4017837","Ivica Zubac",-1.30239900150664
2017,0,"dummy","4229","Reggie Williams",-1.30512526832499
2017,0,"dummy","3059273",NA,-1.32800158435556
2017,0,"dummy","2982340","Justin Anderson",-1.33459952378475
2017,0,"dummy","pair_3978_6446",NA,-1.34881495837586
2017,0,"dummy","6605","Meyers Leonard",-1.36385572666526
2017,0,"dummy","6609","Khris Middleton",-1.38049289572314
2017,0,"dummy","3929314","Nicolas Brussino",-1.44170702241269
2017,0,"dummy","6485","Lance Thomas",-1.45474600508795
2017,0,"dummy","3064482","Bobby Portis",-1.48724628755528
2017,0,"dummy","2995706","Mario Hezonja",-1.49118694193153
2017,0,"dummy","2595229","Briante Weber",-1.69151436633381
2017,0,"dummy","2184","Udonis Haslem",-1.71943732304045
2017,0,"dummy","3136696","Wade Baldwin",-1.75694174436125
2017,0,"dummy","4289","Kevin Seraphin",-1.76477693557532
2017,0,"dummy","4017","Marcus Thornton",-1.80679262074917
2017,0,"dummy","3417","Jerryd Bayless",-1.81138072574875
2017,0,"dummy","3994","Jordan Hill",-1.83276914477345
2017,0,"dummy","3135048","Jahlil Okafor",-1.87880337213813
2017,0,"dummy","2774","Ian Mahinmi",-1.89796379163665
2017,0,"dummy","6448","Brandon Knight",-1.90020658057136
2017,0,"dummy","3211","Spencer Hawes",-1.90773133739821
2017,0,"dummy","4291","Greivis Vasquez",-1.92649861031428
2017,0,"dummy","2806","Jose Calderon",-1.93874077321801
2017,0,"dummy","1978","Nick Collison",-1.94013036798536
2017,0,"dummy","2234666","Jonathan Gibson",-2.13253168538686
2017,0,"dummy","2009","James Jones",-2.14888525651764
2017,0,"dummy","3247","Joel Anthony",-2.17126927274648
2017,0,"dummy","6624","Jared Sullinger",-2.17578901466546
2017,0,"dummy","2581084","Johnny O'Bryant",-2.21115276816834
2017,0,"dummy","6641","Brian Roberts",-2.25942692661103
2017,0,"dummy","6622","Mike Scott",-2.34305812539414
2017,0,"dummy","3059281","Tyler Ennis",-2.39751705314242
2017,0,"dummy","2531100","Adreian Payne",-2.40992884563732
2017,0,"dummy","2768","Jarrett Jack",-2.52333097605825
2017,0,"dummy","2202117",NA,-2.66409326288373
2017,0,"dummy","2528386","Joe Young",-3.00758846896085
2017,0,"dummy","2968338","Nicolas Laprovittola",-3.20336490867603
2017,0,"dummy","2419","Anderson Varejao",-3.43121868929161
2017,0,"dummy","2991050","Daniel Ochefu",-3.51099234104357
2017,0,"dummy","25","Metta World",-3.7588320746284
2017,0,"dummy","3936102","Stephen Zimmerman",-4.343708021409
2017,0,"dummy","2994526","Bryn Forbes",-4.48441588103511
2017,0,"dummy","2983727",NA,-4.75629118293173
2017,0,"dummy","3147366","Chinanu Onuaku",-5.21848405256378
2017,0,"dummy","3064520","Jordan Mickey",-5.30436784791674
2017,0,"dummy","3472","Bobby Brown",-5.33882296311174
2017,0,"dummy","3064510","Aaron Harrison",-6.22889145006918
2017,0,"dummy","2581029",NA,-10.6198893783672
2017,0,"dummy","3924880",NA,-14.0029206332864
2017,5,"dummy","2596110","Rakeem Christmas",5.6810083266046
2017,5,"dummy","2578204","Pierre Jackson",4.47419350330778
2017,5,"dummy","1499",NA,3.82467779889124
2017,5,"dummy","2566745","Quinn Cook",3.67067672329022
2017,5,"dummy","2579326","Alan Williams",2.4939004528051
2017,5,"dummy","3936296","Skal Labissiere",2.29485354898473
2017,5,"dummy","2028618",NA,2.1330351698599
2017,5,"dummy","3452","JaVale McGee",2.10960240199846
2017,5,"dummy","2991281","Archie Goodwin",2.03970815234958
2017,5,"dummy","2528473","Okaro White",2.02803047246593
2017,5,"dummy","2595231","Treveon Graham",1.96744723916282
2017,5,"dummy","2566748","Marshall Plumlee",1.86459404277659
2017,5,"dummy","3979","Toney Douglas",1.43809464225107
2017,5,"dummy","2779","Chris Paul",1.42073692221818
2017,5,"dummy","3191","Corey Brewer",1.37596509144019
2017,5,"dummy","2579466","Jonathon Simmons",1.35654980577073
2017,5,"dummy","4264","Patrick Patterson",1.33742589420706
2017,5,"dummy","3975","Stephen Curry",1.32866760950073
2017,5,"dummy","3438","George Hill",1.31056578104382
2017,5,"dummy","841","Jason Terry",1.3040940960059
2017,5,"dummy","pair_3975_6589",NA,1.29762492958593
2017,5,"dummy","pair_3442_3989",NA,1.29252851884666
2017,5,"dummy","2580898","Chasson Randle",1.27157113870429
2017,5,"dummy","3064447","Delon Wright",1.20966900270634
2017,5,"dummy","2016","Zaza Pachulia",1.19830869241404
2017,5,"dummy","2968361","Raul Neto",1.11785986846078
2017,5,"dummy","6475","Klay Thompson",1.11703413210875
2017,5,"dummy","6589","Draymond Green",1.06763712918522
2017,5,"dummy","2581177","Rodney Hood",1.05542441799823
2017,5,"dummy","3064509","James Young",1.02717310189062
2017,5,"dummy","2993874","Kyle Anderson",1.02630849362079
2017,5,"dummy","2579258","Cody Zeller",1.01751065509622
2017,5,"dummy","3059318","Joel Embiid",1.01601735862325
2017,5,"dummy","4004","Patty Mills",0.996960399750164
2017,5,"dummy","2580913","Dewayne Dedmon",0.989777332650604
2017,5,"dummy","2528393","Tarik Black",0.939960148587262
2017,5,"dummy","6631","Tyler Zeller",0.935391790158536
2017,5,"dummy","4385","Mirza Teletovic",0.915671914787955
2017,5,"dummy","2566769","Malcolm Brogdon",0.889108024836965
2017,5,"dummy","4011991","Dragan Bender",0.872839216860643
2017,5,"dummy","3135046","Tyus Jones",0.864533920695373
2017,5,"dummy","3012","Kyle Lowry",0.832139870638102
2017,5,"dummy","4260","Greg Monroe",0.830557966413758
2017,5,"dummy","3449","Kevin Love",0.829030694703083
2017,5,"dummy","3893023","Paul Zipser",0.816840540517973
2017,5,"dummy","1966","LeBron James",0.806687878178423
2017,5,"dummy","3989","Blake Griffin",0.799427566364949
2017,5,"dummy","2528210","Tim Hardaway",0.790988750526645
2017,5,"dummy","pair_4237_6580",NA,0.78662758199876
2017,5,"dummy","3202","Kevin Durant",0.767250318159735
2017,5,"dummy","2439","Jameer Nelson",0.758855899961241
2017,5,"dummy","3468","Russell Westbrook",0.755560044041085
2017,5,"dummy","6450","Kawhi Leonard",0.749266981555498
2017,5,"dummy","3964","Patrick Beverley",0.748720344070995
2017,5,"dummy","272","Manu Ginobili",0.73537952082935
2017,5,"dummy","pair_1966_6442",NA,0.727184331602034
2017,5,"dummy","2488721","Lamar Patterson",0.719004686284971
2017,5,"dummy","pair_2991235_3468",NA,0.71469081249928
2017,5,"dummy","2444","J.R. Smith",0.692904283838071
2017,5,"dummy","3032980","Lucas Nogueira",0.69241941003334
2017,5,"dummy","2386","Andre Iguodala",0.684553901943001
2017,5,"dummy","4305","Ish Smith",0.682997205021205
2017,5,"dummy","1713","Nene ",0.682995296677585
2017,5,"dummy","3431","Eric Gordon",0.682966970584498
2017,5,"dummy","2326015","Willie Reed",0.679523950326842
2017,5,"dummy","6461","Markieff Morris",0.648787725484506
2017,5,"dummy","pair_3032976_4249",NA,0.647549028619041
2017,5,"dummy","2527963","Victor Oladipo",0.646510576673072
2017,5,"dummy","6619","Terrence Ross",0.644583265222005
2017,5,"dummy","2772","David Lee",0.634671377779956
2017,5,"dummy","2489530","Troy Daniels",0.631469227353167
2017,5,"dummy","3032976","Rudy Gobert",0.629724249382158
2017,5,"dummy","2769","Amir Johnson",0.627128419604408
2017,5,"dummy","6591","Maurice Harkless",0.623488853058347
2017,5,"dummy","2177","David West",0.620429210729552
2017,5,"dummy","6453","DeAndre Liggins",0.615638413890876
2017,5,"dummy","136","Vince Carter",0.613054180986877
2017,5,"dummy","3451","Luc Richard",0.597616593941857
2017,5,"dummy","3136194","Tyler Ulis",0.590796366946925
2017,5,"dummy","3970","DeMarre Carroll",0.58734370636367
2017,5,"dummy","3112335","Nikola Jokic",0.552043578550436
2017,5,"dummy","2991230","Fred VanVleet",0.541537056601206
2017,5,"dummy","2758","Marcin Gortat",0.536389951873761
2017,5,"dummy","2426","Trevor Ariza",0.511604643682142
2017,5,"dummy","2326307","Seth Curry",0.511378952385781
2017,5,"dummy","3988","Danny Green",0.50500195604852
2017,5,"dummy","2448","Beno Udrih",0.503811073399653
2017,5,"dummy","3134881","Stanley Johnson",0.493069753420068
2017,5,"dummy","6474","Tristan Thompson",0.486022227358214
2017,5,"dummy","2991055","Montrezl Harrell",0.485926201494733
2017,5,"dummy","6430","Jimmy Butler",0.484432532111744
2017,5,"dummy","2990992","Marcus Smart",0.48070411047635
2017,5,"dummy","4247","Wesley Johnson",0.476966300856577
2017,5,"dummy","6581","Jae Crowder",0.466871166627186
2017,5,"dummy","2530596","Andre Roberson",0.466790250901443
2017,5,"dummy","2",NA,0.463218489189036
2017,5,"dummy","6580","Bradley Beal",0.457759825853347
2017,5,"dummy","2282205","Malcolm Delaney",0.450575622091992
2017,5,"dummy","3024","J.J. Redick",0.449449486975542
2017,5,"dummy","pair_2528353_3032977",NA,0.440098535654305
2017,5,"dummy","pair_3015_3032979",NA,0.43880742572464
2017,5,"dummy","3138120","Mindaugas Kuzminskas",0.435989067167859
2017,5,"dummy","4249","Gordon Hayward",0.426876218668225
2017,5,"dummy","pair_2426_3992",NA,0.426671466673
2017,5,"dummy","2594922","Otto Porter",0.413392171806273
2017,5,"dummy","2991039","Glenn Robinson",0.408536688106527
2017,5,"dummy","6447","Enes Kanter",0.401499043175706
2017,5,"dummy","3992","James Harden",0.396480153972722
2017,5,"dummy","3032977","Giannis Antetokounmpo",0.394174126925149
2017,5,"dummy","2421","Sasha Vujacic",0.38943470808244
2017,5,"dummy","2991235","Steven Adams",0.389302733515433
2017,5,"dummy","pair_2983_6450",NA,0.385627726697849
2017,5,"dummy","4269","Nemanja Bjelica",0.377647998558447
2017,5,"dummy","2983","LaMarcus Aldridge",0.370236976458205
2017,5,"dummy","3428","Danilo Gallinari",0.370095317301924
2017,5,"dummy","pair_2581018_6440",NA,0.36714475380088
2017,5,"dummy","3936299","Jamal Murray",0.366330720115279
2017,5,"dummy","3442","DeAndre Jordan",0.36528413148653
2017,5,"dummy","pair_3973_4258",NA,0.361783812131761
2017,5,"dummy","6442","Kyrie Irving",0.356285916984494
2017,5,"dummy","3460","Marreese Speights",0.352931635587732
2017,5,"dummy","4237","John Wall",0.345497281213103
2017,5,"dummy","3135047","Justise Winslow",0.341888149434907
2017,5,"dummy","3412","Ryan Anderson",0.334073788253003
2017,5,"dummy","2490620","Robert Covington",0.333175443200103
2017,5,"dummy","2531047","Jerian Grant",0.328987607045472
2017,5,"dummy","pair_3447_6430",NA,0.325778015444062
2017,5,"dummy","2778","C.J. Miles",0.324584400805068
2017,5,"dummy","1006","Richard Jefferson",0.310189794945726
2017,5,"dummy","3015","Paul Millsap",0.305457458475815
2017,5,"dummy","6459","Nikola Mirotic",0.302518125359591
2017,5,"dummy","3457","Brandon Rush",0.302164560746338
2017,5,"dummy","6606","Damian Lillard",0.298073889899113
2017,5,"dummy","2367","Tony Allen",0.289509531924555
2017,5,"dummy","2534781","Gorgui Dieng",0.286888893424033
2017,5,"dummy","2968436","Joe Ingles",0.278657015874679
2017,5,"dummy","3447","Robin Lopez",0.271546827868974
2017,5,"dummy","2578185","Dorian Finney-Smith",0.267587217546069
2017,5,"dummy","1015","Tony Parker",0.263001347949147
2017,5,"dummy","6479","Kemba Walker",0.258683562746187
2017,5,"dummy","2968458","Salah Mejri",0.257046239654321
2017,5,"dummy","6452","Jon Leuer",0.252721110819522
2017,5,"dummy","2488826","Rodney McGruder",0.250629457431189
2017,5,"dummy","3436","Roy Hibbert",0.249264162137297
2017,5,"dummy","3005","Rudy Gay",0.24707750761991
2017,5,"dummy","1135","Chris Andersen",0.233605433192573
2017,5,"dummy","2530780","Shabazz Napier",0.231427939597056
2017,5,"dummy","2999409","Willy Hernangomez",0.229091992641721
2017,5,"dummy","3997","Brandon Jennings",0.226048119390354
2017,5,"dummy","6603","Jeremy Lamb",0.224170277016359
2017,5,"dummy","3981","Wayne Ellington",0.221446956170269
2017,5,"dummy","6462","Marcus Morris",0.218779189240881
2017,5,"dummy","1017","Zach Randolph",0.216540036466889
2017,5,"dummy","3213","Al Horford",0.212156191638911
2017,5,"dummy","4257","Derrick Favors",0.211242571313377
2017,5,"dummy","2284101","Justin Holiday",0.209091869783863
2017,5,"dummy","6480","Derrick Williams",0.201054473939604
2017,5,"dummy","pair_6472_6581",NA,0.192321908517184
2017,5,"dummy","2578259","Darrun Hilliard",0.192090701361648
2017,5,"dummy","6440","Tobias Harris",0.18519887248141
2017,5,"dummy","2489785","Ian Clark",0.179473772390393
2017,5,"dummy","pair_3416_6479",NA,0.177730586604304
2017,5,"dummy","3133628","Myles Turner",0.175065787999996
2017,5,"dummy","2333797","Jeff Withey",0.173042802556703
2017,5,"dummy","2990962","Taurean Prince",0.163610467037086
2017,5,"dummy","2488945","Tim Frazier",0.162257671891076
2017,5,"dummy","6628","Dion Waiters",0.158912477194013
2017,5,"dummy","4248","Al-Farouq Aminu",0.157580031618605
2017,5,"dummy","2581018","Kentavious Caldwell-Pope",0.153481264329772
2017,5,"dummy","2580365","Larry Nance",0.148749072655893
2017,5,"dummy","2991184","Sam Dekker",0.146068169143747
2017,5,"dummy","4262","Hassan Whiteside",0.144558709897927
2017,5,"dummy","2999547","Gary Harris",0.14167591430003
2017,5,"dummy","3064511","Andrew Harrison",0.139641533510489
2017,5,"dummy","2993875","Shabazz Muhammad",0.127497125128003
2017,5,"dummy","6597","Terrence Jones",0.124913555769432
2017,5,"dummy","3974","Dante Cunningham",0.120526702384925
2017,5,"dummy","3995","Jrue Holiday",0.120240961214981
2017,5,"dummy","pair_3136193_4238",NA,0.119875365518796
2017,5,"dummy","3136477","Isaiah Whitehead",0.118151397990919
2017,5,"dummy","3242","Brandan Wright",0.117630343751244
2017,5,"dummy","4251","Paul George",0.115245569301968
2017,5,"dummy","pair_3059319_3136195",NA,0.113632834081708
2017,5,"dummy","2166","Leandro Barbosa",0.107980170077642
2017,5,"dummy","pair_2528426_3913176",NA,0.103669151854285
2017,5,"dummy","3136196","Trey Lyles",0.102770235293964
2017,5,"dummy","6601","Michael Kidd-Gilchrist",0.0977888339301213
2017,5,"dummy","2799","Louis Williams",0.0910679746413147
2017,5,"dummy","2993370","Richaun Holmes",0.0895495275783307
2017,5,"dummy","2530530","T.J. McConnell",0.0806511787662237
2017,5,"dummy","3907497","Dejounte Murray",0.0754122285703512
2017,5,"dummy","2747","Andrew Bogut",0.0740639409576524
2017,5,"dummy","3028","Thabo Sefolosha",0.0671165685939703
2017,5,"dummy","pair_1975_3445",NA,0.0656018341492982
2017,5,"dummy","2991473","Anthony Bennett",0.0606650658465636
2017,5,"dummy","2566741","K.J. McDaniels",0.0602800681361237
2017,5,"dummy","3102529","Clint Capela",0.05986105290042
2017,5,"dummy","4250","Luke Babbitt",0.0560805177673372
2017,5,"dummy","6472","Isaiah Thomas",0.0523537113067161
2017,5,"dummy","3195","Mike Conley",0.0491224145264786
2017,5,"dummy","pair_4015_4251",NA,0.0488686386614283
2017,5,"dummy","3413","Darrell Arthur",0.0468353897951593
2017,5,"dummy","4000","Ty Lawson",0.0456565475904711
2017,5,"dummy","2488958","Solomon Hill",0.0310196261050207
2017,5,"dummy","6477","Jonas Valanciunas",0.0272966272082054
2017,5,"dummy","1765","Matt Barnes",0.0171990800810864
2017,5,"dummy","2595516","Norman Powell",0.0168801984916148
2017,5,"dummy","4258","DeMarcus Cousins",0.00985668188759143
2017,5,"dummy","3973","Darren Collison",0.00861451577353643
2017,5,"dummy","2429","Luol Deng",0.0065716101720795
2017,5,"dummy","2489663","Kelly Olynyk",0.0065706701411179
2017,5,"dummy","3136195","Karl-Anthony Towns",0.00538016259184646
2017,5,"dummy","pair_3995_6583",NA,0.00510049096333066
2017,5,"dummy","2579294","Frank Kaminsky",0.00322620418879174
2017,5,"dummy","3418","Michael Beasley",0.00240177765439194
2017,5,"dummy","6426","Davis Bertans",0.00222038314624538
2017,5,"dummy","3136193","Devin Booker",0.000829700298821669
2017,5,"dummy","4003","Jodie Meeks",-0.000119122321946974
2017,5,"dummy","2579321","James Ennis",-0.0059365725553294
2017,5,"dummy","6468","Iman Shumpert",-0.00980129741858539
2017,5,"dummy","3206","Marc Gasol",-0.0142209489105621
2017,5,"dummy","2968439","Aron Baynes",-0.0156765910419353
2017,5,"dummy","3074752","Terry Rozier",-0.0243429598263823
2017,5,"dummy","6460","E'Twaun Moore",-0.0268759671833361
2017,5,"dummy","3137733","Rashad Vaughn",-0.0286923210087447
2017,5,"dummy","2490149","C.J. McCollum",-0.0298146293566889
2017,5,"dummy","3201","Jared Dudley",-0.0385151394673301
2017,5,"dummy","4011","Ricky Rubio",-0.0405594646174093
2017,5,"dummy","3416","Nicolas Batum",-0.0491191725513101
2017,5,"dummy","3243","Nick Young",-0.0568877425331996
2017,5,"dummy","2991018","Yogi Ferrell",-0.0598726103382514
2017,5,"dummy","3934663","Malachi Richardson",-0.060960575715027
2017,5,"dummy","3937101","Deyonta Davis",-0.0632677742216869
2017,5,"dummy","2583639","Elfrid Payton",-0.070720469764281
2017,5,"dummy","4023","Garrett Temple",-0.0708261139345884
2017,5,"dummy","2530276","Tyler Johnson",-0.0748826445660298
2017,5,"dummy","2580349","Ron Baker",-0.0753753033125711
2017,5,"dummy","2530572","Langston Galloway",-0.0765482324025724
2017,5,"dummy","3064517","Jarell Martin",-0.0771721623543839
2017,5,"dummy","6583","Anthony Davis",-0.0798499974995823
2017,5,"dummy","3423","Goran Dragic",-0.0827909707588994
2017,5,"dummy","3978","DeMar DeRozan",-0.0831731726000862
2017,5,"dummy","3999","James Johnson",-0.0836573634202301
2017,5,"dummy","2327577","JaMychal Green",-0.088079557741554
2017,5,"dummy","996","Pau Gasol",-0.102287334461278
2017,5,"dummy","3113587","Cristiano Felicio",-0.102453564745884
2017,5,"dummy","984","Tyson Chandler",-0.102943463725132
2017,5,"dummy","3136776","D'Angelo Russell",-0.103146463252914
2017,5,"dummy","2528353","Tony Snell",-0.109318801430379
2017,5,"dummy","2982334","T.J. Warren",-0.110336122207711
2017,5,"dummy","3445","Courtney Lee",-0.11167465366492
2017,5,"dummy","pair_2439_3194",NA,-0.11517989455961
2017,5,"dummy","3059319","Andrew Wiggins",-0.115458290796939
2017,5,"dummy","2531362",NA,-0.120605585011574
2017,5,"dummy","6576","Quincy Acy",-0.123828212309033
2017,5,"dummy","4015","Jeff Teague",-0.128671691535914
2017,5,"dummy","3986","Taj Gibson",-0.132857022274413
2017,5,"dummy","3998","Jonas Jerebko",-0.142189836161312
2017,5,"dummy","3102531","Kristaps Porzingis",-0.143078574755077
2017,5,"dummy","3133603","Kelly Oubre",-0.144398809451513
2017,5,"dummy","2384","Dwight Howard",-0.155935128026428
2017,5,"dummy","2798","Deron Williams",-0.162748971749323
2017,5,"dummy","2991139","Kris Dunn",-0.167509041413402
2017,5,"dummy","4240","Avery Bradley",-0.16885734451719
2017,5,"dummy","2797","Marvin Williams",-0.168861459976547
2017,5,"dummy","2751","Monta Ellis",-0.173051933890874
2017,5,"dummy","pair_2583639_6478",NA,-0.175422969525845
2017,5,"dummy","2531367","Dwight Powell",-0.176631097454443
2017,5,"dummy","pair_2488689_3448",NA,-0.176771076430227
2017,5,"dummy","3919335","Cheick Diallo",-0.184995894056976
2017,5,"dummy","2991042","Nik Stauskas",-0.186478639875392
2017,5,"dummy","3064290","Aaron Gordon",-0.187847044240915
2017,5,"dummy","6617","Austin Rivers",-0.194189717546832
2017,5,"dummy","6621","Tomas Satoransky",-0.19982875349404
2017,5,"dummy","2767","Ersan Ilyasova",-0.200062683426659
2017,5,"dummy","2754","Channing Frye",-0.201043178525137
2017,5,"dummy","2528588","Doug McDermott",-0.205774335951555
2017,5,"dummy","3032979","Dennis Schroder",-0.206854203163959
2017,5,"dummy","3155942","Domantas Sabonis",-0.207790576979572
2017,5,"dummy","3155535","Kevon Looney",-0.208168827780571
2017,5,"dummy","3224","Joakim Noah",-0.208654047859616
2017,5,"dummy","3033","P.J. Tucker",-0.21201234902681
2017,5,"dummy","3244","Thaddeus Young",-0.218668909795579
2017,5,"dummy","3444","Kosta Koufos",-0.22334867388649
2017,5,"dummy","pair_2530276_3999",NA,-0.223867452671643
2017,5,"dummy","6615","Kyle O'Quinn",-0.224301808661392
2017,5,"dummy","3439","Serge Ibaka",-0.226370535630296
2017,5,"dummy","3056600","Jabari Parker",-0.231795347203487
2017,5,"dummy","2999549","Denzel Valentine",-0.233398921687549
2017,5,"dummy","6433","Kenneth Faried",-0.238345430421617
2017,5,"dummy","pair_2531210_6606",NA,-0.245073238263376
2017,5,"dummy","6578","Harrison Barnes",-0.246424663744249
2017,5,"dummy","165","Jamal Crawford",-0.24683183658619
2017,5,"dummy","1975","Carmelo Anthony",-0.260115084215982
2017,5,"dummy","3235","Rodney Stuckey",-0.263442875070945
2017,5,"dummy","4244","Lance Stephenson",-0.273280212487317
2017,5,"dummy","2991280","Nerlens Noel",-0.277704890218205
2017,5,"dummy","609","Dirk Nowitzki",-0.2864419901308
2017,5,"dummy","3456","Derrick Rose",-0.300236151269991
2017,5,"dummy","3190","Marco Belinelli",-0.302253182274775
2017,5,"dummy","2490089","Mike Muscala",-0.314533990629664
2017,5,"dummy","1007","Joe Johnson",-0.314706886739001
2017,5,"dummy","2596108","Michael Carter-Williams",-0.317370784981318
2017,5,"dummy","2167","Boris Diaw",-0.322083458651373
2017,5,"dummy","pair_2991042_3032978",NA,-0.323318861297966
2017,5,"dummy","6592","John Henson",-0.324382754010133
2017,5,"dummy","4239","Evan Turner",-0.332602209568809
2017,5,"dummy","3134908","Jakob Poeltl",-0.333043300214345
2017,5,"dummy","3913176","Brandon Ingram",-0.34580681891496
2017,5,"dummy","4017843","Thon Maker",-0.346924432591408
2017,5,"dummy","6588","Evan Fournier",-0.354939134151521
2017,5,"dummy","3002",NA,-0.355337261063722
2017,5,"dummy","2580782","Spencer Dinwiddie",-0.355569266365854
2017,5,"dummy","6478","Nikola Vucevic",-0.367117798479423
2017,5,"dummy","3414","Omer Asik",-0.37499153684663
2017,5,"dummy","6424","Lavoy Allen",-0.375851237677524
2017,5,"dummy","1987","Dwyane Wade",-0.37783391766881
2017,5,"dummy","2382","Devin Harris",-0.378515313245405
2017,5,"dummy","6464","Donatas Motiejunas",-0.392870623137883
2017,5,"dummy","2983526","Semaj Christon",-0.411791131184842
2017,5,"dummy","2488653","Mason Plumlee",-0.41695540511932
2017,5,"dummy","2581190","Josh Richardson",-0.426203298650193
2017,5,"dummy","3917376","Jaylen Brown",-0.428301344261268
2017,5,"dummy","3276","Anthony Tolliver",-0.430455174578299
2017,5,"dummy","2991043","Caris LeVert",-0.439062991027947
2017,5,"dummy","3448","Brook Lopez",-0.440348151720167
2017,5,"dummy","3102530","Jusuf Nurkic",-0.442074659251621
2017,5,"dummy","3055","J.J. Barea",-0.442341325438834
2017,5,"dummy","6585","Andre Drummond",-0.443158854317602
2017,5,"dummy","6466","Chandler Parsons",-0.448069184002826
2017,5,"dummy","4259","Ed Davis",-0.450465778441442
2017,5,"dummy","4017839","Juancho Hernangomez",-0.452738152250491
2017,5,"dummy","2433","Kris Humphries",-0.456031369318509
2017,5,"dummy","3078284","Noah Vonleh",-0.458822963613295
2017,5,"dummy","2995702","Alex Abrines",-0.463821263145241
2017,5,"dummy","6579","Will Barton",-0.46636888340857
2017,5,"dummy","2753","Raymond Felton",-0.471888471644004
2017,5,"dummy","6446","Cory Joseph",-0.476269420561969
2017,5,"dummy","3032978","Dario Saric",-0.479916701363522
2017,5,"dummy","pair_3195_3206",NA,-0.48756968294317
2017,5,"dummy","2531210","Allen Crabbe",-0.498237673326179
2017,5,"dummy","6427","Bismack Biyombo",-0.502003128428811
2017,5,"dummy","4238","Eric Bledsoe",-0.51146614013618
2017,5,"dummy","2393","Shaun Livingston",-0.512180356197205
2017,5,"dummy","pair_4032_6578",NA,-0.519313863095646
2017,5,"dummy","2490589","Isaiah Canaan",-0.530807535556512
2017,5,"dummy","662","Paul Pierce",-0.531741646401845
2017,5,"dummy","3192","Aaron Brooks",-0.546631646274305
2017,5,"dummy","3993","Gerald Henderson",-0.547381434213692
2017,5,"dummy","6429","Alec Burks",-0.621580784510023
2017,5,"dummy","3026","Rajon Rondo",-0.626982722974935
2017,5,"dummy","4032","Wesley Matthews",-0.643482075419721
2017,5,"dummy","3554","Omri Casspi",-0.644816658693329
2017,5,"dummy","1708","Mike Dunleavy",-0.64740306932788
2017,5,"dummy","2991070","Jerami Grant",-0.652818545340424
2017,5,"dummy","4298","Timofey Mozgov",-0.654677249951587
2017,5,"dummy","3194","Wilson Chandler",-0.656023753703073
2017,5,"dummy","1781","Luis Scola",-0.667219186442068
2017,5,"dummy","2528794","Joe Harris",-0.676437242899093
2017,5,"dummy","3025","Sergio Rodriguez",-0.676599555818083
2017,5,"dummy","2528426","Jordan Clarkson",-0.68039664086478
2017,5,"dummy","3062892","Kay Felder",-0.687229233446674
2017,5,"dummy","2578213","Ben McLemore",-0.688083123287055
2017,5,"dummy","2488689","Sean Kilpatrick",-0.688890575842153
2017,5,"dummy","3209","Jeff Green",-0.701314603773828
2017,5,"dummy","3593","Bojan Bogdanovic",-0.702799598133489
2017,5,"dummy","3277","C.J. Watson",-0.703518979653477
2017,5,"dummy","2594885","Sheldon McClellan",-0.707431161918299
2017,5,"dummy","3064514","Julius Randle",-0.716612147163757
2017,5,"dummy","2990984","Buddy Hield",-0.720452429632467
2017,5,"dummy","3474","Anthony Morrow",-0.720745581356225
2017,5,"dummy","2991282","Willie Cauley-Stein",-0.72619916037147
2017,5,"dummy","3064440","Zach LaVine",-0.731345913020678
2017,5,"dummy","6454","Shelvin Mack",-0.735052925727649
2017,5,"dummy","3232","Jason Smith",-0.73926720696783
2017,5,"dummy","6569","Alan Anderson",-0.739911163513887
2017,5,"dummy","2528779","Reggie Bullock",-0.75760355176644
2017,5,"dummy","2011","Kyle Korver",-0.759419991827354
2017,5,"dummy","3892818","Emmanuel Mudiay",-0.759929827829473
2017,5,"dummy","3064291","Rondae Hollis-Jefferson",-0.761881528845744
2017,5,"dummy","3064230","Cameron Payne",-0.766031484949848
2017,5,"dummy","2761","Gerald Green",-0.7670388523381
2017,5,"dummy","2959753","Joffrey Lauvergne",-0.79070337718631
2017,5,"dummy","2489716","Matthew Dellavedova",-0.810184822579689
2017,5,"dummy","3078286","Troy Williams",-0.812592784484634
2017,5,"dummy","3062667","DeAndre Bembry",-0.816756912080313
2017,5,"dummy","6637","Kent Bazemore",-0.831285987985455
2017,5,"dummy","3983","Tyreke Evans",-0.840574115507758
2017,5,"dummy","3410","Alexis Ajinca",-0.844500488154316
2017,5,"dummy","3187","Arron Afflalo",-0.848158421106473
2017,5,"dummy","4267","Cole Aldrich",-0.858348979038905
2017,5,"dummy","3220","Josh McRoberts",-0.861927896549434
2017,5,"dummy","3102528","Dante Exum",-0.862033446834771
2017,5,"dummy","2968363","Marcelo Huertas",-0.866125588514023
2017,5,"dummy","4299","Jeremy Lin",-0.889693762980317
2017,5,"dummy","4270","Trevor Booker",-0.903272549588445
2017,5,"dummy","6634","Hollis Thompson",-0.942709573889973
2017,5,"dummy","3231","Ramon Sessions",-0.970740880650671
2017,5,"dummy","6469","Kyle Singler",-0.97269962800016
2017,5,"dummy","2389","Al Jefferson",-0.982427124890529
2017,5,"dummy","3058254","Christian Wood",-0.988595462201535
2017,5,"dummy","3137730","Patrick McCaw",-0.997277977432357
2017,5,"dummy","3415","D.J. Augustin",-1.03698190559109
2017,5,"dummy","2745","Brandon Bass",-1.04031668682635
2017,5,"dummy","2309097",NA,-1.08926938393
2017,5,"dummy","3003","Randy Foye",-1.09157648017207
2017,5,"dummy","6590","Justin Hamilton",-1.13651071371153
2017,5,"dummy","3893019","Timothe Luwawu-Cabarrot",-1.14560065283597
2017,5,"dummy","1",NA,-1.16547180067712
2017,5,"dummy","2982337",NA,-1.18952138333842
2017,5,"dummy","3149673","Pascal Siakam",-1.19041720397799
2017,5,"dummy","2579260","Trey Burke",-1.19432877246031
2017,5,"dummy","2596107","Alex Len",-1.20023622611265
2017,5,"dummy","3907487","Marquese Chriss",-1.20028387153335
2017,5,"dummy","6443","Reggie Jackson",-1.21826348266961
2017,5,"dummy","2594818","James Michael",-1.22824666977938
2017,5,"dummy","6618","Thomas Robinson",-1.25548341806498
2017,5,"dummy","4300","Gary Neal",-1.30078201280417
2017,5,"dummy","6616","Miles Plumlee",-1.30632093408848
2017,5,"dummy","4017837","Ivica Zubac",-1.31444908756164
2017,5,"dummy","4229","Reggie Williams",-1.31588977359929
2017,5,"dummy","2982340","Justin Anderson",-1.31926048452686
2017,5,"dummy","6614","Andrew Nicholson",-1.32634710919241
2017,5,"dummy","2531797","Jordan McRae",-1.32742319668245
2017,5,"dummy","6605","Meyers Leonard",-1.3459378141428
2017,5,"dummy","pair_3978_6446",NA,-1.35162253113284
2017,5,"dummy","6609","Khris Middleton",-1.43750912469522
2017,5,"dummy","6485","Lance Thomas",-1.45399711951828
2017,5,"dummy","2581084","Johnny O'Bryant",-1.45873255629145
2017,5,"dummy","3064482","Bobby Portis",-1.48359612584536
2017,5,"dummy","2995706","Mario Hezonja",-1.58196166108056
2017,5,"dummy","2184","Udonis Haslem",-1.72079525896175
2017,5,"dummy","3136696","Wade Baldwin",-1.76231115992206
2017,5,"dummy","4017","Marcus Thornton",-1.81186181921894
2017,5,"dummy","3417","Jerryd Bayless",-1.81401080762653
2017,5,"dummy","3994","Jordan Hill",-1.83114730465495
2017,5,"dummy","3135048","Jahlil Okafor",-1.86361199554613
2017,5,"dummy","4289","Kevin Seraphin",-1.87243875580339
2017,5,"dummy","6448","Brandon Knight",-1.90362582610024
2017,5,"dummy","2774","Ian Mahinmi",-1.90385715131734
2017,5,"dummy","3211","Spencer Hawes",-1.9072789307146
2017,5,"dummy","4291","Greivis Vasquez",-1.90882807461946
2017,5,"dummy","2806","Jose Calderon",-1.97971479132379
2017,5,"dummy","2234666","Jonathan Gibson",-2.14101096528685
2017,5,"dummy","2009","James Jones",-2.15563241089342
2017,5,"dummy","6624","Jared Sullinger",-2.16106429380491
2017,5,"dummy","2531100","Adreian Payne",-2.31220010103094
2017,5,"dummy","6622","Mike Scott",-2.33903978841678
2017,5,"dummy","2768","Jarrett Jack",-2.50563369212504
2017,5,"dummy","3",NA,-2.81689299158753
2017,5,"dummy","2968338","Nicolas Laprovittola",-3.29443322094183
2017,5,"dummy","2419","Anderson Varejao",-3.48603122231176
2017,5,"dummy","3064520","Jordan Mickey",-5.30788051348338
2017,10,"dummy","5",NA,6.45566013085834
2017,10,"dummy","2578204","Pierre Jackson",4.72623311355927
2017,10,"dummy","1499",NA,4.05718315608357
2017,10,"dummy","2566745","Quinn Cook",3.9252581270328
2017,10,"dummy","2528473","Okaro White",2.14273898060173
2017,10,"dummy","2779","Chris Paul",1.51489503484968
2017,10,"dummy","3975","Stephen Curry",1.48558816656629
2017,10,"dummy","3979","Toney Douglas",1.47412475428332
2017,10,"dummy","3191","Corey Brewer",1.44807667958565
2017,10,"dummy","4264","Patrick Patterson",1.42288378198585
2017,10,"dummy","pair_3975_6589",NA,1.41656980589272
2017,10,"dummy","2579466","Jonathon Simmons",1.37856530237137
2017,10,"dummy","3438","George Hill",1.37630068675661
2017,10,"dummy","841","Jason Terry",1.3731185926796
2017,10,"dummy","pair_3442_3989",NA,1.35990223550913
2017,10,"dummy","3064447","Delon Wright",1.23079095748059
2017,10,"dummy","6475","Klay Thompson",1.22595119646072
2017,10,"dummy","6589","Draymond Green",1.16414823943452
2017,10,"dummy","2016","Zaza Pachulia",1.14797613620087
2017,10,"dummy","2581177","Rodney Hood",1.14230852181589
2017,10,"dummy","2579258","Cody Zeller",1.1167265169239
2017,10,"dummy","3059318","Joel Embiid",1.09721382848587
2017,10,"dummy","4004","Patty Mills",1.07313648790605
2017,10,"dummy","2993874","Kyle Anderson",1.06966028177361
2017,10,"dummy","4385","Mirza Teletovic",1.00687503867077
2017,10,"dummy","2528393","Tarik Black",0.998004746344674
2017,10,"dummy","2580913","Dewayne Dedmon",0.972381219897117
2017,10,"dummy","2566769","Malcolm Brogdon",0.952649615418918
2017,10,"dummy","3135046","Tyus Jones",0.892849869333754
2017,10,"dummy","3012","Kyle Lowry",0.877946469871767
2017,10,"dummy","3449","Kevin Love",0.877819627505577
2017,10,"dummy","4260","Greg Monroe",0.877197818753138
2017,10,"dummy","2528210","Tim Hardaway",0.855646938151527
2017,10,"dummy","3202","Kevin Durant",0.846989174218804
2017,10,"dummy","pair_4237_6580",NA,0.844983867025234
2017,10,"dummy","1966","LeBron James",0.836239506301289
2017,10,"dummy","3893023","Paul Zipser",0.834287139136222
2017,10,"dummy","3989","Blake Griffin",0.826900939754169
2017,10,"dummy","2386","Andre Iguodala",0.819250731049138
2017,10,"dummy","2439","Jameer Nelson",0.816026899577894
2017,10,"dummy","3468","Russell Westbrook",0.803824954415452
2017,10,"dummy","6450","Kawhi Leonard",0.77992199277077
2017,10,"dummy","3964","Patrick Beverley",0.776177443153482
2017,10,"dummy","pair_2991235_3468",NA,0.752346241780453
2017,10,"dummy","pair_1966_6442",NA,0.751060726554
2017,10,"dummy","272","Manu Ginobili",0.748839538876911
2017,10,"dummy","3032980","Lucas Nogueira",0.724546095774166
2017,10,"dummy","2326015","Willie Reed",0.724098012779529
2017,10,"dummy","4305","Ish Smith",0.717709645420068
2017,10,"dummy","3431","Eric Gordon",0.707976599579571
2017,10,"dummy","2444","J.R. Smith",0.705181404453222
2017,10,"dummy","2489530","Troy Daniels",0.695543516940531
2017,10,"dummy","2769","Amir Johnson",0.691676033882353
2017,10,"dummy","6591","Maurice Harkless",0.688791619746239
2017,10,"dummy","1713","Nene ",0.688581657034511
2017,10,"dummy","2527963","Victor Oladipo",0.687731410562597
2017,10,"dummy","pair_3032976_4249",NA,0.67522489669903
2017,10,"dummy","136","Vince Carter",0.662793087608534
2017,10,"dummy","6461","Markieff Morris",0.657030657249886
2017,10,"dummy","3032976","Rudy Gobert",0.655377748389956
2017,10,"dummy","6619","Terrence Ross",0.653981976680417
2017,10,"dummy","2772","David Lee",0.645437704764497
2017,10,"dummy","3451","Luc Richard",0.630696882916044
2017,10,"dummy","3970","DeMarre Carroll",0.616421463838908
2017,10,"dummy","3112335","Nikola Jokic",0.58538777493825
2017,10,"dummy","2758","Marcin Gortat",0.57345055806599
2017,10,"dummy","2326307","Seth Curry",0.556998279720608
2017,10,"dummy","2448","Beno Udrih",0.553382221354084
2017,10,"dummy","6453","DeAndre Liggins",0.542633298556312
2017,10,"dummy","2426","Trevor Ariza",0.536829223547458
2017,10,"dummy","3134881","Stanley Johnson",0.535750188468918
2017,10,"dummy","3138120","Mindaugas Kuzminskas",0.533827871184262
2017,10,"dummy","2990992","Marcus Smart",0.521356765300466
2017,10,"dummy","3988","Danny Green",0.516543778931813
2017,10,"dummy","6430","Jimmy Butler",0.512966014250142
2017,10,"dummy","2991055","Montrezl Harrell",0.501229966718022
2017,10,"dummy","2530596","Andre Roberson",0.488064110742721
2017,10,"dummy","6581","Jae Crowder",0.48728337729622
2017,10,"dummy","2991039","Glenn Robinson",0.486302663256465
2017,10,"dummy","pair_3015_3032979",NA,0.480364736057338
2017,10,"dummy","6474","Tristan Thompson",0.477483076409809
2017,10,"dummy","pair_2528353_3032977",NA,0.476744980877938
2017,10,"dummy","2282205","Malcolm Delaney",0.467842334117328
2017,10,"dummy","3024","J.J. Redick",0.459229984278319
2017,10,"dummy","4249","Gordon Hayward",0.4544382320032
2017,10,"dummy","6580","Bradley Beal",0.447498007093448
2017,10,"dummy","pair_2426_3992",NA,0.445268920233381
2017,10,"dummy","3460","Marreese Speights",0.444444135292063
2017,10,"dummy","6447","Enes Kanter",0.435575311583122
2017,10,"dummy","3032977","Giannis Antetokounmpo",0.431554311337134
2017,10,"dummy","2594922","Otto Porter",0.411388316340878
2017,10,"dummy","3428","Danilo Gallinari",0.406884533111267
2017,10,"dummy","3992","James Harden",0.406121080837176
2017,10,"dummy","2991235","Steven Adams",0.398985346442791
2017,10,"dummy","pair_3973_4258",NA,0.391913443059617
2017,10,"dummy","pair_2581018_6440",NA,0.390459316344275
2017,10,"dummy","3135047","Justise Winslow",0.389428177893781
2017,10,"dummy","4269","Nemanja Bjelica",0.386499038749988
2017,10,"dummy","pair_2983_6450",NA,0.383690619802306
2017,10,"dummy","2490620","Robert Covington",0.381631847245761
2017,10,"dummy","3936299","Jamal Murray",0.378814101588968
2017,10,"dummy","3442","DeAndre Jordan",0.372615700331481
2017,10,"dummy","2983","LaMarcus Aldridge",0.36915099114219
2017,10,"dummy","6459","Nikola Mirotic",0.35694003948739
2017,10,"dummy","2778","C.J. Miles",0.356085036710452
2017,10,"dummy","6442","Kyrie Irving",0.353004390879348
2017,10,"dummy","2968436","Joe Ingles",0.344553628259328
2017,10,"dummy","4237","John Wall",0.342091027595069
2017,10,"dummy","3412","Ryan Anderson",0.339204971609312
2017,10,"dummy","3015","Paul Millsap",0.338536485554047
2017,10,"dummy","pair_3447_6430",NA,0.337366761638763
2017,10,"dummy","6606","Damian Lillard",0.337220711954396
2017,10,"dummy","2534781","Gorgui Dieng",0.335288615194226
2017,10,"dummy","2531047","Jerian Grant",0.333073787972452
2017,10,"dummy","3457","Brandon Rush",0.330212976974414
2017,10,"dummy","2367","Tony Allen",0.326882833237363
2017,10,"dummy","1006","Richard Jefferson",0.308177050269618
2017,10,"dummy","2578185","Dorian Finney-Smith",0.306644386844042
2017,10,"dummy","3436","Roy Hibbert",0.305227485377275
2017,10,"dummy","1015","Tony Parker",0.295745095170778
2017,10,"dummy","2489785","Ian Clark",0.287576769949332
2017,10,"dummy","6452","Jon Leuer",0.283904461318366
2017,10,"dummy","6479","Kemba Walker",0.281152519079318
2017,10,"dummy","3447","Robin Lopez",0.278554922624445
2017,10,"dummy","2968458","Salah Mejri",0.272362962235197
2017,10,"dummy","3005","Rudy Gay",0.270471724502572
2017,10,"dummy","3997","Brandon Jennings",0.262358878695937
2017,10,"dummy","2999409","Willy Hernangomez",0.261050691955143
2017,10,"dummy","2488826","Rodney McGruder",0.254734461458133
2017,10,"dummy","6462","Marcus Morris",0.244836427052422
2017,10,"dummy","2284101","Justin Holiday",0.241032099259357
2017,10,"dummy","6603","Jeremy Lamb",0.236376823274844
2017,10,"dummy","1017","Zach Randolph",0.23097603808212
2017,10,"dummy","4257","Derrick Favors",0.225935490122553
2017,10,"dummy","3201","Jared Dudley",0.21161778252911
2017,10,"dummy","3981","Wayne Ellington",0.209653120881063
2017,10,"dummy","2488945","Tim Frazier",0.206221224061263
2017,10,"dummy","3213","Al Horford",0.205608074366243
2017,10,"dummy","6440","Tobias Harris",0.204796410615548
2017,10,"dummy","3064511","Andrew Harrison",0.18957253143723
2017,10,"dummy","4248","Al-Farouq Aminu",0.189125271631806
2017,10,"dummy","pair_6472_6581",NA,0.18729545349689
2017,10,"dummy","pair_3416_6479",NA,0.183249309825939
2017,10,"dummy","3133628","Myles Turner",0.177375411800537
2017,10,"dummy","6597","Terrence Jones",0.172890573012508
2017,10,"dummy","2580365","Larry Nance",0.167003032829388
2017,10,"dummy","3136477","Isaiah Whitehead",0.164907402672887
2017,10,"dummy","4262","Hassan Whiteside",0.163278433467991
2017,10,"dummy","3136196","Trey Lyles",0.162380698193282
2017,10,"dummy","6480","Derrick Williams",0.160924596102538
2017,10,"dummy","2581018","Kentavious Caldwell-Pope",0.160308909328787
2017,10,"dummy","6628","Dion Waiters",0.157558558051447
2017,10,"dummy","3974","Dante Cunningham",0.149458672842185
2017,10,"dummy","pair_3136193_4238",NA,0.146166261381685
2017,10,"dummy","pair_3059319_3136195",NA,0.138167196003014
2017,10,"dummy","2999547","Gary Harris",0.137195570470397
2017,10,"dummy","4251","Paul George",0.123257320756119
2017,10,"dummy","3995","Jrue Holiday",0.121783398187441
2017,10,"dummy","pair_2528426_3913176",NA,0.110932680063671
2017,10,"dummy","2991184","Sam Dekker",0.110650262722232
2017,10,"dummy","2747","Andrew Bogut",0.107852728088081
2017,10,"dummy","2993875","Shabazz Muhammad",0.105789898442038
2017,10,"dummy","2993370","Richaun Holmes",0.104474593972249
2017,10,"dummy","6601","Michael Kidd-Gilchrist",0.0994758813652037
2017,10,"dummy","2991473","Anthony Bennett",0.0987859997835751
2017,10,"dummy","4000","Ty Lawson",0.0931616259033981
2017,10,"dummy","pair_1975_3445",NA,0.0911161983572481
2017,10,"dummy","2530530","T.J. McConnell",0.0885551242261237
2017,10,"dummy","3028","Thabo Sefolosha",0.0651608852108323
2017,10,"dummy","6472","Isaiah Thomas",0.0604885598387347
2017,10,"dummy","3136193","Devin Booker",0.0590281954687421
2017,10,"dummy","3195","Mike Conley",0.0570222890331339
2017,10,"dummy","2488958","Solomon Hill",0.0521569286392
2017,10,"dummy","2799","Louis Williams",0.0517525308961351
2017,10,"dummy","pair_4015_4251",NA,0.0507716220837373
2017,10,"dummy","3413","Darrell Arthur",0.0482261761723636
2017,10,"dummy","3102529","Clint Capela",0.0411047266663714
2017,10,"dummy","2579294","Frank Kaminsky",0.0372502648942817
2017,10,"dummy","1765","Matt Barnes",0.0361222806464497
2017,10,"dummy","4250","Luke Babbitt",0.0281815899371065
2017,10,"dummy","3973","Darren Collison",0.0223601456504247
2017,10,"dummy","6477","Jonas Valanciunas",0.0169113074330147
2017,10,"dummy","3136195","Karl-Anthony Towns",0.0162208738739628
2017,10,"dummy","2429","Luol Deng",0.0161049926990135
2017,10,"dummy","3242","Brandan Wright",0.0158990058717315
2017,10,"dummy","2968439","Aron Baynes",0.0152111010524356
2017,10,"dummy","2489663","Kelly Olynyk",0.0134724607082293
2017,10,"dummy","4258","DeMarcus Cousins",0.0106193642394023
2017,10,"dummy","2595516","Norman Powell",0.00230866216451245
2017,10,"dummy","pair_3995_6583",NA,-0.00155435291913133
2017,10,"dummy","3206","Marc Gasol",-0.00369939649235108
2017,10,"dummy","3074752","Terry Rozier",-0.0105706781619065
2017,10,"dummy","2579321","James Ennis",-0.0130842271162234
2017,10,"dummy","4003","Jodie Meeks",-0.0143263756693732
2017,10,"dummy","6460","E'Twaun Moore",-0.0173193304910906
2017,10,"dummy","2490149","C.J. McCollum",-0.0175085405910804
2017,10,"dummy","2982334","T.J. Warren",-0.0276006699481927
2017,10,"dummy","2530572","Langston Galloway",-0.0283795546393029
2017,10,"dummy","4011","Ricky Rubio",-0.0366305090670223
2017,10,"dummy","3243","Nick Young",-0.0384752785595007
2017,10,"dummy","2991018","Yogi Ferrell",-0.0413420164172682
2017,10,"dummy","3064517","Jarell Martin",-0.0417882774337228
2017,10,"dummy","3418","Michael Beasley",-0.0442553748219766
2017,10,"dummy","3416","Nicolas Batum",-0.0597928795632116
2017,10,"dummy","6468","Iman Shumpert",-0.0669139792712911
2017,10,"dummy","2583639","Elfrid Payton",-0.0672316033125764
2017,10,"dummy","6583","Anthony Davis",-0.0684595288269391
2017,10,"dummy","4023","Garrett Temple",-0.0829169467543689
2017,10,"dummy","3002",NA,-0.0839667123335553
2017,10,"dummy","2530276","Tyler Johnson",-0.0856415298970082
2017,10,"dummy","3978","DeMar DeRozan",-0.0959394195881415
2017,10,"dummy","3136776","D'Angelo Russell",-0.0990358600730576
2017,10,"dummy","3423","Goran Dragic",-0.0996058593906577
2017,10,"dummy","2327577","JaMychal Green",-0.101782558537319
2017,10,"dummy","3445","Courtney Lee",-0.104216052434472
2017,10,"dummy","3033","P.J. Tucker",-0.107046013293904
2017,10,"dummy","3999","James Johnson",-0.108016251752708
2017,10,"dummy","984","Tyson Chandler",-0.110036343724375
2017,10,"dummy","pair_2439_3194",NA,-0.116700771248017
2017,10,"dummy","3059319","Andrew Wiggins",-0.127998493712048
2017,10,"dummy","2528353","Tony Snell",-0.129915267388438
2017,10,"dummy","2751","Monta Ellis",-0.131321444754973
2017,10,"dummy","3113587","Cristiano Felicio",-0.132602551436421
2017,10,"dummy","3986","Taj Gibson",-0.133508932422768
2017,10,"dummy","3102531","Kristaps Porzingis",-0.140943780671346
2017,10,"dummy","4015","Jeff Teague",-0.14271130082572
2017,10,"dummy","2798","Deron Williams",-0.144414532137838
2017,10,"dummy","3998","Jonas Jerebko",-0.149476941445211
2017,10,"dummy","2384","Dwight Howard",-0.149759120245654
2017,10,"dummy","4240","Avery Bradley",-0.152069435153401
2017,10,"dummy","2531367","Dwight Powell",-0.164030588270092
2017,10,"dummy","pair_2488689_3448",NA,-0.164914215829984
2017,10,"dummy","pair_2583639_6478",NA,-0.165965615073377
2017,10,"dummy","996","Pau Gasol",-0.169516410629944
2017,10,"dummy","3235","Rodney Stuckey",-0.187176709317092
2017,10,"dummy","6617","Austin Rivers",-0.192342399355796
2017,10,"dummy","3064290","Aaron Gordon",-0.192374634960501
2017,10,"dummy","2797","Marvin Williams",-0.194745942777467
2017,10,"dummy","2991042","Nik Stauskas",-0.194800139795406
2017,10,"dummy","2767","Ersan Ilyasova",-0.205744890534649
2017,10,"dummy","3439","Serge Ibaka",-0.218941304238015
2017,10,"dummy","3224","Joakim Noah",-0.223587656743551
2017,10,"dummy","3155942","Domantas Sabonis",-0.22546675472501
2017,10,"dummy","6615","Kyle O'Quinn",-0.22775936462413
2017,10,"dummy","3032979","Dennis Schroder",-0.229142416020712
2017,10,"dummy","2528588","Doug McDermott",-0.233090204759727
2017,10,"dummy","2991139","Kris Dunn",-0.235742564456066
2017,10,"dummy","pair_2530276_3999",NA,-0.236112288181451
2017,10,"dummy","165","Jamal Crawford",-0.239154456177265
2017,10,"dummy","3444","Kosta Koufos",-0.242302405186639
2017,10,"dummy","3056600","Jabari Parker",-0.242952948883044
2017,10,"dummy","6433","Kenneth Faried",-0.245068232729639
2017,10,"dummy","1975","Carmelo Anthony",-0.254343356950448
2017,10,"dummy","6578","Harrison Barnes",-0.254654522143157
2017,10,"dummy","pair_2531210_6606",NA,-0.260833292385127
2017,10,"dummy","4244","Lance Stephenson",-0.261986183391119
2017,10,"dummy","3244","Thaddeus Young",-0.2632286720539
2017,10,"dummy","2754","Channing Frye",-0.268824388852075
2017,10,"dummy","3456","Derrick Rose",-0.295708277415872
2017,10,"dummy","609","Dirk Nowitzki",-0.302491208715787
2017,10,"dummy","3190","Marco Belinelli",-0.311327878543319
2017,10,"dummy","2991280","Nerlens Noel",-0.321641151705697
2017,10,"dummy","1007","Joe Johnson",-0.325206656367327
2017,10,"dummy","3133603","Kelly Oubre",-0.331597550054773
2017,10,"dummy","4239","Evan Turner",-0.335052630197208
2017,10,"dummy","2999549","Denzel Valentine",-0.339370279612907
2017,10,"dummy","2490089","Mike Muscala",-0.339518552701037
2017,10,"dummy","2167","Boris Diaw",-0.339534141513062
2017,10,"dummy","2580782","Spencer Dinwiddie",-0.347695763626726
2017,10,"dummy","6592","John Henson",-0.351300369158834
2017,10,"dummy","pair_2991042_3032978",NA,-0.357991773895939
2017,10,"dummy","2596108","Michael Carter-Williams",-0.368209162311398
2017,10,"dummy","6424","Lavoy Allen",-0.372114528615103
2017,10,"dummy","6588","Evan Fournier",-0.37683730665959
2017,10,"dummy","6478","Nikola Vucevic",-0.387502634902783
2017,10,"dummy","3414","Omer Asik",-0.397047176231938
2017,10,"dummy","3913176","Brandon Ingram",-0.400794284622106
2017,10,"dummy","2382","Devin Harris",-0.405758056440049
2017,10,"dummy","3276","Anthony Tolliver",-0.418980423892512
2017,10,"dummy","2983526","Semaj Christon",-0.42408630892332
2017,10,"dummy","6464","Donatas Motiejunas",-0.424333679804276
2017,10,"dummy","1987","Dwyane Wade",-0.425273420689137
2017,10,"dummy","2991043","Caris LeVert",-0.42908695813022
2017,10,"dummy","3917376","Jaylen Brown",-0.451780949896097
2017,10,"dummy","3448","Brook Lopez",-0.452849674529514
2017,10,"dummy","3078284","Noah Vonleh",-0.459169624149435
2017,10,"dummy","2488653","Mason Plumlee",-0.461547561692955
2017,10,"dummy","2995702","Alex Abrines",-0.472117409144191
2017,10,"dummy","1",NA,-0.472347790060323
2017,10,"dummy","6585","Andre Drummond",-0.478491945799496
2017,10,"dummy","3102530","Jusuf Nurkic",-0.480339001173169
2017,10,"dummy","2753","Raymond Felton",-0.481813742034528
2017,10,"dummy","6466","Chandler Parsons",-0.483618795088548
2017,10,"dummy","3055","J.J. Barea",-0.483643873725813
2017,10,"dummy","2581190","Josh Richardson",-0.491098672563735
2017,10,"dummy","4259","Ed Davis",-0.498806305689706
2017,10,"dummy","4238","Eric Bledsoe",-0.514159043926796
2017,10,"dummy","2393","Shaun Livingston",-0.517072863496224
2017,10,"dummy","6579","Will Barton",-0.518211083892852
2017,10,"dummy","3032978","Dario Saric",-0.519987124641968
2017,10,"dummy","2531210","Allen Crabbe",-0.520782895472664
2017,10,"dummy","pair_3195_3206",NA,-0.521626470729865
2017,10,"dummy","6446","Cory Joseph",-0.536248988772327
2017,10,"dummy","pair_4032_6578",NA,-0.543536025559882
2017,10,"dummy","3993","Gerald Henderson",-0.557939840459857
2017,10,"dummy","662","Paul Pierce",-0.576116560286869
2017,10,"dummy","6427","Bismack Biyombo",-0.58123327489635
2017,10,"dummy","4",NA,-0.626650019329388
2017,10,"dummy","6429","Alec Burks",-0.642129873805164
2017,10,"dummy","2490589","Isaiah Canaan",-0.644520770883626
2017,10,"dummy","1781","Luis Scola",-0.659947027909288
2017,10,"dummy","4298","Timofey Mozgov",-0.677989008151507
2017,10,"dummy","4032","Wesley Matthews",-0.683368094703346
2017,10,"dummy","2991282","Willie Cauley-Stein",-0.68669081811982
2017,10,"dummy","2991070","Jerami Grant",-0.689912707401858
2017,10,"dummy","2528794","Joe Harris",-0.695308565805667
2017,10,"dummy","3194","Wilson Chandler",-0.701970160787251
2017,10,"dummy","2488689","Sean Kilpatrick",-0.712508496185601
2017,10,"dummy","3554","Omri Casspi",-0.713624666355502
2017,10,"dummy","3026","Rajon Rondo",-0.714816628951358
2017,10,"dummy","2578213","Ben McLemore",-0.727120726539435
2017,10,"dummy","3025","Sergio Rodriguez",-0.729248755775787
2017,10,"dummy","2990984","Buddy Hield",-0.737929607694708
2017,10,"dummy","3593","Bojan Bogdanovic",-0.738160677955148
2017,10,"dummy","2",NA,-0.742819724948187
2017,10,"dummy","2528426","Jordan Clarkson",-0.756501644464954
2017,10,"dummy","3064514","Julius Randle",-0.759454120547817
2017,10,"dummy","1708","Mike Dunleavy",-0.761225378584336
2017,10,"dummy","2528779","Reggie Bullock",-0.775035349957558
2017,10,"dummy","3474","Anthony Morrow",-0.781785044431819
2017,10,"dummy","6454","Shelvin Mack",-0.784212345214058
2017,10,"dummy","3064291","Rondae Hollis-Jefferson",-0.791536648929566
2017,10,"dummy","3209","Jeff Green",-0.792887810136846
2017,10,"dummy","3064230","Cameron Payne",-0.794763733417874
2017,10,"dummy","2959753","Joffrey Lauvergne",-0.807248276958275
2017,10,"dummy","3078286","Troy Williams",-0.813226000565935
2017,10,"dummy","3277","C.J. Watson",-0.814069019637552
2017,10,"dummy","3064440","Zach LaVine",-0.814502674080609
2017,10,"dummy","3892818","Emmanuel Mudiay",-0.817113603034765
2017,10,"dummy","3983","Tyreke Evans",-0.845140555981362
2017,10,"dummy","2011","Kyle Korver",-0.854219261042691
2017,10,"dummy","2489716","Matthew Dellavedova",-0.864285937218671
2017,10,"dummy","3410","Alexis Ajinca",-0.874987689283526
2017,10,"dummy","3102528","Dante Exum",-0.895586262799865
2017,10,"dummy","6637","Kent Bazemore",-0.903609160118755
2017,10,"dummy","3",NA,-0.903621271884854
2017,10,"dummy","3187","Arron Afflalo",-0.914893021897855
2017,10,"dummy","3220","Josh McRoberts",-0.919796996524568
2017,10,"dummy","4299","Jeremy Lin",-0.927993784408797
2017,10,"dummy","4270","Trevor Booker",-0.940842016936653
2017,10,"dummy","3137730","Patrick McCaw",-0.947434528923803
2017,10,"dummy","3231","Ramon Sessions",-0.988055499950051
2017,10,"dummy","6634","Hollis Thompson",-1.01051679062571
2017,10,"dummy","2389","Al Jefferson",-1.09228579401272
2017,10,"dummy","3003","Randy Foye",-1.13679880760898
2017,10,"dummy","3415","D.J. Augustin",-1.17276623440095
2017,10,"dummy","2596107","Alex Len",-1.17625892029517
2017,10,"dummy","6590","Justin Hamilton",-1.20102415924461
2017,10,"dummy","3907487","Marquese Chriss",-1.23480294996829
2017,10,"dummy","3149673","Pascal Siakam",-1.26266167765848
2017,10,"dummy","6443","Reggie Jackson",-1.28848082304369
2017,10,"dummy","4229","Reggie Williams",-1.36862055968226
2017,10,"dummy","4017837","Ivica Zubac",-1.39122273333791
2017,10,"dummy","2982340","Justin Anderson",-1.40938433476661
2017,10,"dummy","6605","Meyers Leonard",-1.40994247235971
2017,10,"dummy","6616","Miles Plumlee",-1.4138165497527
2017,10,"dummy","pair_3978_6446",NA,-1.45393972227198
2017,10,"dummy","6485","Lance Thomas",-1.59226384724707
2017,10,"dummy","6609","Khris Middleton",-1.64787378127291
2017,10,"dummy","3136696","Wade Baldwin",-1.86195773305064
2017,10,"dummy","3417","Jerryd Bayless",-1.88438825960281
2017,10,"dummy","6448","Brandon Knight",-1.8891925134239
2017,10,"dummy","3135048","Jahlil Okafor",-1.98549154281445
2017,10,"dummy","4289","Kevin Seraphin",-1.9856726809882
2017,10,"dummy","3211","Spencer Hawes",-1.9942985749511
2017,10,"dummy","4291","Greivis Vasquez",-2.09875136641682
2017,10,"dummy","2806","Jose Calderon",-2.11907122115062
2017,10,"dummy","4017","Marcus Thornton",-2.13055218333346
2017,10,"dummy","2234666","Jonathan Gibson",-2.24561386524617
2017,10,"dummy","2768","Jarrett Jack",-2.6905900809847
2017,15,"dummy","2566745","Quinn Cook",4.55512540173218
2017,15,"dummy","2779","Chris Paul",1.69585475823109
2017,15,"dummy","4264","Patrick Patterson",1.63082958137036
2017,15,"dummy","3975","Stephen Curry",1.60119858237027
2017,15,"dummy","pair_3975_6589",NA,1.54191354644954
2017,15,"dummy","3438","George Hill",1.53257944051621
2017,15,"dummy","pair_3442_3989",NA,1.49103119080549
2017,15,"dummy","4004","Patty Mills",1.40898605916176
2017,15,"dummy","2581177","Rodney Hood",1.31089831928018
2017,15,"dummy","2579258","Cody Zeller",1.30971378115221
2017,15,"dummy","4260","Greg Monroe",1.3014986817416
2017,15,"dummy","2580913","Dewayne Dedmon",1.28968014117503
2017,15,"dummy","2566769","Malcolm Brogdon",1.2607555842695
2017,15,"dummy","6475","Klay Thompson",1.24873412071293
2017,15,"dummy","3059318","Joel Embiid",1.22558551287239
2017,15,"dummy","6589","Draymond Green",1.21352367427959
2017,15,"dummy","2016","Zaza Pachulia",1.21177810380774
2017,15,"dummy","2528210","Tim Hardaway",1.03466587576534
2017,15,"dummy","3449","Kevin Love",1.01433777937127
2017,15,"dummy","2439","Jameer Nelson",1.00875998767939
2017,15,"dummy","3964","Patrick Beverley",0.991365617231241
2017,15,"dummy","3012","Kyle Lowry",0.987042715838002
2017,15,"dummy","pair_4237_6580",NA,0.982653191338477
2017,15,"dummy","1966","LeBron James",0.965152796253694
2017,15,"dummy","1713","Nene ",0.927940137504285
2017,15,"dummy","3989","Blake Griffin",0.926282956087426
2017,15,"dummy","3431","Eric Gordon",0.921507782133092
2017,15,"dummy","2772","David Lee",0.910102599976443
2017,15,"dummy","272","Manu Ginobili",0.907444655705421
2017,15,"dummy","3468","Russell Westbrook",0.884848141064995
2017,15,"dummy","6450","Kawhi Leonard",0.881247659238965
2017,15,"dummy","4305","Ish Smith",0.881067681080422
2017,15,"dummy","pair_1966_6442",NA,0.849670150884328
2017,15,"dummy","pair_2991235_3468",NA,0.832914881735669
2017,15,"dummy","136","Vince Carter",0.813703343987274
2017,15,"dummy","3202","Kevin Durant",0.813444509547519
2017,15,"dummy","6591","Maurice Harkless",0.812174893373267
2017,15,"dummy","2386","Andre Iguodala",0.783854367326063
2017,15,"dummy","3032980","Lucas Nogueira",0.78159762611068
2017,15,"dummy","2769","Amir Johnson",0.777029320661339
2017,15,"dummy","pair_3032976_4249",NA,0.741198881152408
2017,15,"dummy","3032976","Rudy Gobert",0.731583660848046
2017,15,"dummy","3112335","Nikola Jokic",0.729448824368778
2017,15,"dummy","3970","DeMarre Carroll",0.729175134092881
2017,15,"dummy","2527963","Victor Oladipo",0.714243633786498
2017,15,"dummy","2444","J.R. Smith",0.713883476760053
2017,15,"dummy","6619","Terrence Ross",0.701691070289928
2017,15,"dummy","2991055","Montrezl Harrell",0.700153167665637
2017,15,"dummy","3451","Luc Richard",0.666672330191437
2017,15,"dummy","2326307","Seth Curry",0.650190545003926
2017,15,"dummy","6461","Markieff Morris",0.647457116387787
2017,15,"dummy","6430","Jimmy Butler",0.608757049329094
2017,15,"dummy","2426","Trevor Ariza",0.595624026213267
2017,15,"dummy","2990992","Marcus Smart",0.594300140680874
2017,15,"dummy","3032977","Giannis Antetokounmpo",0.576944487769155
2017,15,"dummy","pair_3015_3032979",NA,0.571594124500476
2017,15,"dummy","3988","Danny Green",0.570284096558127
2017,15,"dummy","2758","Marcin Gortat",0.563397856870772
2017,15,"dummy","6581","Jae Crowder",0.552426301704279
2017,15,"dummy","6474","Tristan Thompson",0.54752444667987
2017,15,"dummy","3428","Danilo Gallinari",0.528113425089939
2017,15,"dummy","2530596","Andre Roberson",0.52200441809323
2017,15,"dummy","2490620","Robert Covington",0.516583068772065
2017,15,"dummy","4249","Gordon Hayward",0.495152468140774
2017,15,"dummy","3135047","Justise Winslow",0.492242931719308
2017,15,"dummy","pair_2528353_3032977",NA,0.486597241071483
2017,15,"dummy","3457","Brandon Rush",0.484979335776223
2017,15,"dummy","3024","J.J. Redick",0.476184962273019
2017,15,"dummy","pair_3973_4258",NA,0.475862203858852
2017,15,"dummy","6580","Bradley Beal",0.469773400848222
2017,15,"dummy","pair_2426_3992",NA,0.462378510129719
2017,15,"dummy","3997","Brandon Jennings",0.46231715078109
2017,15,"dummy","3992","James Harden",0.460110161195269
2017,15,"dummy","2983","LaMarcus Aldridge",0.45842819013213
2017,15,"dummy","2367","Tony Allen",0.455673202607085
2017,15,"dummy","pair_2581018_6440",NA,0.45536439939299
2017,15,"dummy","2531047","Jerian Grant",0.451998778374474
2017,15,"dummy","2534781","Gorgui Dieng",0.447374479431628
2017,15,"dummy","3981","Wayne Ellington",0.44684615736196
2017,15,"dummy","6459","Nikola Mirotic",0.445983736148838
2017,15,"dummy","6452","Jon Leuer",0.434028216287097
2017,15,"dummy","3015","Paul Millsap",0.415722208245376
2017,15,"dummy","2991039","Glenn Robinson",0.410859607019846
2017,15,"dummy","2968436","Joe Ingles",0.406275698028184
2017,15,"dummy","2991235","Steven Adams",0.396500808049877
2017,15,"dummy","6442","Kyrie Irving",0.392865932851616
2017,15,"dummy","pair_3447_6430",NA,0.390113140854203
2017,15,"dummy","1015","Tony Parker",0.386436886266968
2017,15,"dummy","pair_2983_6450",NA,0.385191441752999
2017,15,"dummy","2578185","Dorian Finney-Smith",0.379175020351645
2017,15,"dummy","6606","Damian Lillard",0.379038226619741
2017,15,"dummy","1017","Zach Randolph",0.376418833238013
2017,15,"dummy","2594922","Otto Porter",0.371139880927693
2017,15,"dummy","2488826","Rodney McGruder",0.367137121727044
2017,15,"dummy","3442","DeAndre Jordan",0.357099497904735
2017,15,"dummy","1006","Richard Jefferson",0.353246749072374
2017,15,"dummy","6479","Kemba Walker",0.352316513143358
2017,15,"dummy","3412","Ryan Anderson",0.348200639835099
2017,15,"dummy","3447","Robin Lopez",0.344225181092503
2017,15,"dummy","3005","Rudy Gay",0.336300457316841
2017,15,"dummy","6462","Marcus Morris",0.331407528757762
2017,15,"dummy","6447","Enes Kanter",0.316114142094697
2017,15,"dummy","6440","Tobias Harris",0.311461033855736
2017,15,"dummy","4237","John Wall",0.302658840746435
2017,15,"dummy","3201","Jared Dudley",0.275292171217354
2017,15,"dummy","3064511","Andrew Harrison",0.270823961427517
2017,15,"dummy","3133628","Myles Turner",0.258959965888067
2017,15,"dummy","pair_3416_6479",NA,0.243038216247281
2017,15,"dummy","4257","Derrick Favors",0.240985491258016
2017,15,"dummy","2580365","Larry Nance",0.240354848044518
2017,15,"dummy","3136477","Isaiah Whitehead",0.23564629269332
2017,15,"dummy","2488945","Tim Frazier",0.232577601896908
2017,15,"dummy","pair_2528426_3913176",NA,0.220622545369906
2017,15,"dummy","2778","C.J. Miles",0.220608245655012
2017,15,"dummy","4248","Al-Farouq Aminu",0.219368607818202
2017,15,"dummy","3213","Al Horford",0.21703126056599
2017,15,"dummy","pair_3136193_4238",NA,0.2058469648838
2017,15,"dummy","2581018","Kentavious Caldwell-Pope",0.202890580611448
2017,15,"dummy","6628","Dion Waiters",0.202404318571575
2017,15,"dummy","6597","Terrence Jones",0.19999766236697
2017,15,"dummy","6480","Derrick Williams",0.197093619373244
2017,15,"dummy","pair_3059319_3136195",NA,0.195102612147692
2017,15,"dummy","pair_6472_6581",NA,0.188140948789021
2017,15,"dummy","3974","Dante Cunningham",0.185599224667621
2017,15,"dummy","2999547","Gary Harris",0.176288625960726
2017,15,"dummy","3995","Jrue Holiday",0.175631355438694
2017,15,"dummy","4262","Hassan Whiteside",0.149042292682937
2017,15,"dummy","pair_1975_3445",NA,0.129547231978638
2017,15,"dummy","2799","Louis Williams",0.128691076863485
2017,15,"dummy","3195","Mike Conley",0.117113560580566
2017,15,"dummy","2747","Andrew Bogut",0.115585067127517
2017,15,"dummy","3028","Thabo Sefolosha",0.104792301562691
2017,15,"dummy","3136193","Devin Booker",0.101862045430015
2017,15,"dummy","4000","Ty Lawson",0.100311320663671
2017,15,"dummy","3102529","Clint Capela",0.0991257956488964
2017,15,"dummy","2530530","T.J. McConnell",0.0952304631923457
2017,15,"dummy","4251","Paul George",0.0911220503647226
2017,15,"dummy","3136195","Karl-Anthony Towns",0.0894240359137262
2017,15,"dummy","2488958","Solomon Hill",0.0713962506705849
2017,15,"dummy","3206","Marc Gasol",0.060056402752806
2017,15,"dummy","pair_4015_4251",NA,0.0582562173485577
2017,15,"dummy","4003","Jodie Meeks",0.0516488363860515
2017,15,"dummy","1765","Matt Barnes",0.0477985129171733
2017,15,"dummy","6472","Isaiah Thomas",0.0390187396012148
2017,15,"dummy","6601","Michael Kidd-Gilchrist",0.0368236876637808
2017,15,"dummy","4258","DeMarcus Cousins",0.0364349799660872
2017,15,"dummy","3973","Darren Collison",0.027220329128233
2017,15,"dummy","pair_3995_6583",NA,0.025543050266511
2017,15,"dummy","6477","Jonas Valanciunas",0.0155166294900149
2017,15,"dummy","4250","Luke Babbitt",0.014721982800262
2017,15,"dummy","2489663","Kelly Olynyk",0.00699233854523308
2017,15,"dummy","3243","Nick Young",0.00698711933976251
2017,15,"dummy","2",NA,0.000873895964089961
2017,15,"dummy","3136776","D'Angelo Russell",-0.000299169135910185
2017,15,"dummy","2579321","James Ennis",-0.00172236475531042
2017,15,"dummy","3999","James Johnson",-0.00352569358785009
2017,15,"dummy","2595516","Norman Powell",-0.00372021234997808
2017,15,"dummy","2429","Luol Deng",-0.00648710970598629
2017,15,"dummy","2991018","Yogi Ferrell",-0.0103102663847788
2017,15,"dummy","2982334","T.J. Warren",-0.0121990215908336
2017,15,"dummy","2530276","Tyler Johnson",-0.0144073480039747
2017,15,"dummy","4011","Ricky Rubio",-0.0297227082347946
2017,15,"dummy","3423","Goran Dragic",-0.0336476963729879
2017,15,"dummy","2583639","Elfrid Payton",-0.0424977457767842
2017,15,"dummy","6460","E'Twaun Moore",-0.0598967059049395
2017,15,"dummy","4023","Garrett Temple",-0.0669865756624392
2017,15,"dummy","3445","Courtney Lee",-0.0760441552052964
2017,15,"dummy","3102531","Kristaps Porzingis",-0.0765717135762725
2017,15,"dummy","6583","Anthony Davis",-0.0790621233298608
2017,15,"dummy","2327577","JaMychal Green",-0.0806148027316641
2017,15,"dummy","5",NA,-0.0815862504974716
2017,15,"dummy","3059319","Andrew Wiggins",-0.0878402265358472
2017,15,"dummy","3033","P.J. Tucker",-0.0901966786305439
2017,15,"dummy","2490149","C.J. McCollum",-0.0914663416985687
2017,15,"dummy","2579294","Frank Kaminsky",-0.0959299296043731
2017,15,"dummy","2530572","Langston Galloway",-0.100452903982086
2017,15,"dummy","pair_2439_3194",NA,-0.100664339417668
2017,15,"dummy","pair_2488689_3448",NA,-0.107312346666072
2017,15,"dummy","3978","DeMar DeRozan",-0.109438115397099
2017,15,"dummy","984","Tyson Chandler",-0.117839100365911
2017,15,"dummy","2384","Dwight Howard",-0.118942587747204
2017,15,"dummy","3416","Nicolas Batum",-0.123546860300145
2017,15,"dummy","2798","Deron Williams",-0.123553432307194
2017,15,"dummy","4244","Lance Stephenson",-0.123943281923245
2017,15,"dummy","3986","Taj Gibson",-0.132278334617861
2017,15,"dummy","996","Pau Gasol",-0.132797099651344
2017,15,"dummy","4240","Avery Bradley",-0.138937131519786
2017,15,"dummy","pair_2583639_6478",NA,-0.159605947718883
2017,15,"dummy","3064290","Aaron Gordon",-0.161099351350843
2017,15,"dummy","2528353","Tony Snell",-0.167603514905161
2017,15,"dummy","4015","Jeff Teague",-0.167626966756719
2017,15,"dummy","6468","Iman Shumpert",-0.168516388745093
2017,15,"dummy","pair_2530276_3999",NA,-0.18630085786264
2017,15,"dummy","6617","Austin Rivers",-0.192747098889479
2017,15,"dummy","2991042","Nik Stauskas",-0.202546928206093
2017,15,"dummy","3439","Serge Ibaka",-0.208539946215246
2017,15,"dummy","165","Jamal Crawford",-0.21972054887499
2017,15,"dummy","1975","Carmelo Anthony",-0.228211090421599
2017,15,"dummy","2797","Marvin Williams",-0.237748500571372
2017,15,"dummy","2767","Ersan Ilyasova",-0.243033402015663
2017,15,"dummy","3224","Joakim Noah",-0.243336579182897
2017,15,"dummy","2528588","Doug McDermott",-0.244121593279185
2017,15,"dummy","6433","Kenneth Faried",-0.244273764484644
2017,15,"dummy","3056600","Jabari Parker",-0.25412728274851
2017,15,"dummy","3456","Derrick Rose",-0.267232753054426
2017,15,"dummy","3444","Kosta Koufos",-0.272605470928297
2017,15,"dummy","3032979","Dennis Schroder",-0.272854199850363
2017,15,"dummy","3244","Thaddeus Young",-0.280425289755614
2017,15,"dummy","6578","Harrison Barnes",-0.281931565031833
2017,15,"dummy","2580782","Spencer Dinwiddie",-0.311544027206489
2017,15,"dummy","pair_2531210_6606",NA,-0.312329540044365
2017,15,"dummy","2754","Channing Frye",-0.330197214142271
2017,15,"dummy","2596108","Michael Carter-Williams",-0.33300507091826
2017,15,"dummy","6592","John Henson",-0.3343390099053
2017,15,"dummy","609","Dirk Nowitzki",-0.342607688203828
2017,15,"dummy","3155942","Domantas Sabonis",-0.343358096718784
2017,15,"dummy","2751","Monta Ellis",-0.343514204889396
2017,15,"dummy","2490089","Mike Muscala",-0.357139556475218
2017,15,"dummy","1007","Joe Johnson",-0.365630322405932
2017,15,"dummy","pair_2991042_3032978",NA,-0.368621792167155
2017,15,"dummy","2991280","Nerlens Noel",-0.388545696307361
2017,15,"dummy","6588","Evan Fournier",-0.397104006863738
2017,15,"dummy","3913176","Brandon Ingram",-0.406123844045618
2017,15,"dummy","3414","Omer Asik",-0.426128480930024
2017,15,"dummy","6478","Nikola Vucevic",-0.432698502093872
2017,15,"dummy","2167","Boris Diaw",-0.435653236891544
2017,15,"dummy","2991043","Caris LeVert",-0.449508336530634
2017,15,"dummy","3",NA,-0.454432399364034
2017,15,"dummy","3448","Brook Lopez",-0.462520645125176
2017,15,"dummy","4239","Evan Turner",-0.472202360485914
2017,15,"dummy","2753","Raymond Felton",-0.495696647487562
2017,15,"dummy","2581190","Josh Richardson",-0.503701669825863
2017,15,"dummy","1987","Dwyane Wade",-0.50670013115805
2017,15,"dummy","3102530","Jusuf Nurkic",-0.512953660645245
2017,15,"dummy","2488653","Mason Plumlee",-0.519008240285512
2017,15,"dummy","3276","Anthony Tolliver",-0.523256926936779
2017,15,"dummy","6579","Will Barton",-0.537355048783209
2017,15,"dummy","6585","Andre Drummond",-0.540476427599607
2017,15,"dummy","1",NA,-0.545579764061648
2017,15,"dummy","6466","Chandler Parsons",-0.551567946913436
2017,15,"dummy","4238","Eric Bledsoe",-0.569303450697213
2017,15,"dummy","pair_4032_6578",NA,-0.570983198303938
2017,15,"dummy","3190","Marco Belinelli",-0.571233132645062
2017,15,"dummy","3032978","Dario Saric",-0.58480151125924
2017,15,"dummy","3993","Gerald Henderson",-0.58947867980768
2017,15,"dummy","pair_3195_3206",NA,-0.59646562877315
2017,15,"dummy","3133603","Kelly Oubre",-0.59800127174707
2017,15,"dummy","4259","Ed Davis",-0.607917948693651
2017,15,"dummy","6427","Bismack Biyombo",-0.627844316056926
2017,15,"dummy","6446","Cory Joseph",-0.657997339818369
2017,15,"dummy","3055","J.J. Barea",-0.680660689471494
2017,15,"dummy","2531210","Allen Crabbe",-0.688788623881358
2017,15,"dummy","2528794","Joe Harris",-0.732159910531508
2017,15,"dummy","3554","Omri Casspi",-0.754447976478741
2017,15,"dummy","3194","Wilson Chandler",-0.76158686052193
2017,15,"dummy","2488689","Sean Kilpatrick",-0.775207442825244
2017,15,"dummy","4032","Wesley Matthews",-0.805033061547612
2017,15,"dummy","3025","Sergio Rodriguez",-0.812633044068168
2017,15,"dummy","3064291","Rondae Hollis-Jefferson",-0.81558849199413
2017,15,"dummy","3593","Bojan Bogdanovic",-0.819343745027518
2017,15,"dummy","4298","Timofey Mozgov",-0.820655228462559
2017,15,"dummy","3026","Rajon Rondo",-0.836638083476272
2017,15,"dummy","2528426","Jordan Clarkson",-0.862433638143453
2017,15,"dummy","6454","Shelvin Mack",-0.862599691582948
2017,15,"dummy","2578213","Ben McLemore",-0.86957594980021
2017,15,"dummy","3064440","Zach LaVine",-0.87601689784097
2017,15,"dummy","3209","Jeff Green",-0.876091281093466
2017,15,"dummy","3064514","Julius Randle",-0.877521729591068
2017,15,"dummy","2990984","Buddy Hield",-0.885235092025327
2017,15,"dummy","4299","Jeremy Lin",-0.922392721779273
2017,15,"dummy","2489716","Matthew Dellavedova",-0.931427640912493
2017,15,"dummy","3892818","Emmanuel Mudiay",-0.934202703974326
2017,15,"dummy","2011","Kyle Korver",-0.939743153337642
2017,15,"dummy","4",NA,-0.975355475468116
2017,15,"dummy","3102528","Dante Exum",-0.986443043945085
2017,15,"dummy","2991070","Jerami Grant",-0.989405473387828
2017,15,"dummy","3078286","Troy Williams",-1.0212947413811
2017,15,"dummy","6637","Kent Bazemore",-1.02492552130639
2017,15,"dummy","4270","Trevor Booker",-1.03939027790048
2017,15,"dummy","3187","Arron Afflalo",-1.06905070765704
2017,15,"dummy","3220","Josh McRoberts",-1.1438802929533
2017,15,"dummy","3003","Randy Foye",-1.26964643947738
2017,15,"dummy","6590","Justin Hamilton",-1.31107348642984
2017,15,"dummy","2596107","Alex Len",-1.32263795431873
2017,15,"dummy","3415","D.J. Augustin",-1.32386169873258
2017,15,"dummy","3907487","Marquese Chriss",-1.40173893995999
2017,15,"dummy","3149673","Pascal Siakam",-1.43652359897148
2017,15,"dummy","6443","Reggie Jackson",-1.46998930009512
2017,15,"dummy","pair_3978_6446",NA,-1.67571671567989
2017,15,"dummy","6485","Lance Thomas",-1.75449195656032
2017,15,"dummy","6609","Khris Middleton",-1.90453096224678
2017,15,"dummy","3417","Jerryd Bayless",-2.10330269036326
2017,15,"dummy","6448","Brandon Knight",-2.16402753561538
2017,15,"dummy","3135048","Jahlil Okafor",-2.25102144311562
2017,15,"dummy","2768","Jarrett Jack",-3.2960432492474
2017,20,"dummy","4264","Patrick Patterson",2.08530456028546
2017,20,"dummy","2779","Chris Paul",1.91497408220369
2017,20,"dummy","3438","George Hill",1.7839859831262
2017,20,"dummy","3975","Stephen Curry",1.76036324802889
2017,20,"dummy","2566769","Malcolm Brogdon",1.70836403908626
2017,20,"dummy","pair_3442_3989",NA,1.67260475995118
2017,20,"dummy","pair_3975_6589",NA,1.65292835530438
2017,20,"dummy","2579258","Cody Zeller",1.48830519113932
2017,20,"dummy","3059318","Joel Embiid",1.41312937064741
2017,20,"dummy","6450","Kawhi Leonard",1.37351085636207
2017,20,"dummy","6475","Klay Thompson",1.36088400839211
2017,20,"dummy","2581177","Rodney Hood",1.29266776854534
2017,20,"dummy","6589","Draymond Green",1.29042942039595
2017,20,"dummy","3964","Patrick Beverley",1.27871602154426
2017,20,"dummy","2016","Zaza Pachulia",1.24913195006435
2017,20,"dummy","3431","Eric Gordon",1.19808973430501
2017,20,"dummy","3012","Kyle Lowry",1.17564504710598
2017,20,"dummy","2528210","Tim Hardaway",1.15953325184472
2017,20,"dummy","2439","Jameer Nelson",1.15176348879699
2017,20,"dummy","3449","Kevin Love",1.13596359919149
2017,20,"dummy","1966","LeBron James",1.11645810369559
2017,20,"dummy","pair_4237_6580",NA,1.1083641087611
2017,20,"dummy","3989","Blake Griffin",0.979234445890817
2017,20,"dummy","4305","Ish Smith",0.972122562764433
2017,20,"dummy","3468","Russell Westbrook",0.971755791773309
2017,20,"dummy","6591","Maurice Harkless",0.93214282587806
2017,20,"dummy","pair_1966_6442",NA,0.922747170960407
2017,20,"dummy","pair_2991235_3468",NA,0.898656852056779
2017,20,"dummy","3112335","Nikola Jokic",0.887546650133789
2017,20,"dummy","2769","Amir Johnson",0.881756544199195
2017,20,"dummy","2386","Andre Iguodala",0.865673419509599
2017,20,"dummy","3202","Kevin Durant",0.857380608454999
2017,20,"dummy","3032977","Giannis Antetokounmpo",0.841780184233789
2017,20,"dummy","3988","Danny Green",0.83921235921628
2017,20,"dummy","2326307","Seth Curry",0.817823662480497
2017,20,"dummy","3970","DeMarre Carroll",0.808516224888676
2017,20,"dummy","2983","LaMarcus Aldridge",0.80844465183937
2017,20,"dummy","2527963","Victor Oladipo",0.787465310357974
2017,20,"dummy","6430","Jimmy Butler",0.769231459754771
2017,20,"dummy","2444","J.R. Smith",0.758712381654416
2017,20,"dummy","pair_3032976_4249",NA,0.758165595443136
2017,20,"dummy","2426","Trevor Ariza",0.748419625235226
2017,20,"dummy","3032976","Rudy Gobert",0.694319424002251
2017,20,"dummy","6461","Markieff Morris",0.694303148191126
2017,20,"dummy","3451","Luc Richard",0.688377495550636
2017,20,"dummy","2990992","Marcus Smart",0.677253633861515
2017,20,"dummy","pair_3015_3032979",NA,0.673660890157554
2017,20,"dummy","1017","Zach Randolph",0.66622463258607
2017,20,"dummy","2490620","Robert Covington",0.645011398535339
2017,20,"dummy","3428","Danilo Gallinari",0.631086135809822
2017,20,"dummy","6581","Jae Crowder",0.624910951202781
2017,20,"dummy","6474","Tristan Thompson",0.622258321380472
2017,20,"dummy","3992","James Harden",0.603374342055436
2017,20,"dummy","2758","Marcin Gortat",0.590856124914778
2017,20,"dummy","2534781","Gorgui Dieng",0.587319973117728
2017,20,"dummy","3135047","Justise Winslow",0.586331641518261
2017,20,"dummy","pair_2426_3992",NA,0.573867237154666
2017,20,"dummy","pair_2528353_3032977",NA,0.563347187491612
2017,20,"dummy","pair_3973_4258",NA,0.562794578684938
2017,20,"dummy","2367","Tony Allen",0.562050902881263
2017,20,"dummy","2530596","Andre Roberson",0.561690087132566
2017,20,"dummy","6452","Jon Leuer",0.526016207923444
2017,20,"dummy","pair_2983_6450",NA,0.520101251999616
2017,20,"dummy","pair_2581018_6440",NA,0.508168677011147
2017,20,"dummy","3981","Wayne Ellington",0.499679073425137
2017,20,"dummy","6580","Bradley Beal",0.49117573916689
2017,20,"dummy","3015","Paul Millsap",0.470935243360466
2017,20,"dummy","3024","J.J. Redick",0.467762283440828
2017,20,"dummy","3997","Brandon Jennings",0.461695024564032
2017,20,"dummy","pair_3447_6430",NA,0.450062537830216
2017,20,"dummy","3412","Ryan Anderson",0.449591884192445
2017,20,"dummy","3447","Robin Lopez",0.446212630601159
2017,20,"dummy","4249","Gordon Hayward",0.437562029126805
2017,20,"dummy","6606","Damian Lillard",0.432503563855953
2017,20,"dummy","1015","Tony Parker",0.429145177753349
2017,20,"dummy","6442","Kyrie Irving",0.428162507170392
2017,20,"dummy","3005","Rudy Gay",0.420035761179538
2017,20,"dummy","6462","Marcus Morris",0.409471495068076
2017,20,"dummy","2488826","Rodney McGruder",0.402064066614011
2017,20,"dummy","6440","Tobias Harris",0.370944009165977
2017,20,"dummy","2594922","Otto Porter",0.370563036097149
2017,20,"dummy","3133628","Myles Turner",0.370539759909066
2017,20,"dummy","6479","Kemba Walker",0.365438054421655
2017,20,"dummy","2991235","Steven Adams",0.365002023179801
2017,20,"dummy","pair_2528426_3913176",NA,0.328106384488581
2017,20,"dummy","pair_3136193_4238",NA,0.320588045680147
2017,20,"dummy","3442","DeAndre Jordan",0.318257541865518
2017,20,"dummy","6628","Dion Waiters",0.295374717322441
2017,20,"dummy","2488945","Tim Frazier",0.284248488613827
2017,20,"dummy","2778","C.J. Miles",0.28097285475693
2017,20,"dummy","pair_3059319_3136195",NA,0.279205972996114
2017,20,"dummy","4237","John Wall",0.278696378744567
2017,20,"dummy","pair_3416_6479",NA,0.272345343135829
2017,20,"dummy","2799","Louis Williams",0.265854567273018
2017,20,"dummy","6597","Terrence Jones",0.265532274557538
2017,20,"dummy","4248","Al-Farouq Aminu",0.252824935093785
2017,20,"dummy","3195","Mike Conley",0.245535946635569
2017,20,"dummy","3974","Dante Cunningham",0.238840715921236
2017,20,"dummy","2581018","Kentavious Caldwell-Pope",0.231325984713212
2017,20,"dummy","3995","Jrue Holiday",0.226358045962439
2017,20,"dummy","3213","Al Horford",0.222091594966529
2017,20,"dummy","3136477","Isaiah Whitehead",0.219918711470938
2017,20,"dummy","4262","Hassan Whiteside",0.215289192286876
2017,20,"dummy","2999547","Gary Harris",0.19627301508317
2017,20,"dummy","pair_6472_6581",NA,0.189107816331397
2017,20,"dummy","4257","Derrick Favors",0.165299258921133
2017,20,"dummy","2747","Andrew Bogut",0.163695053877944
2017,20,"dummy","3206","Marc Gasol",0.159204724470203
2017,20,"dummy","3028","Thabo Sefolosha",0.156276135236466
2017,20,"dummy","3136195","Karl-Anthony Towns",0.15272450147424
2017,20,"dummy","pair_1975_3445",NA,0.14217070024526
2017,20,"dummy","2579321","James Ennis",0.139237517230115
2017,20,"dummy","4251","Paul George",0.133034778795953
2017,20,"dummy","2530530","T.J. McConnell",0.114386673698133
2017,20,"dummy","2429","Luol Deng",0.0880796402810124
2017,20,"dummy","4000","Ty Lawson",0.0878982203254131
2017,20,"dummy","pair_4015_4251",NA,0.0859348742470043
2017,20,"dummy","2488958","Solomon Hill",0.0767549747315831
2017,20,"dummy","pair_3995_6583",NA,0.0623934995059911
2017,20,"dummy","3243","Nick Young",0.0509030223929506
2017,20,"dummy","3136776","D'Angelo Russell",0.0471627613089507
2017,20,"dummy","pair_2488689_3448",NA,0.0410131074310671
2017,20,"dummy","6472","Isaiah Thomas",0.033174401163755
2017,20,"dummy","6601","Michael Kidd-Gilchrist",0.0329935578214974
2017,20,"dummy","4258","DeMarcus Cousins",0.0284831261723108
2017,20,"dummy","984","Tyson Chandler",0.0123339540575387
2017,20,"dummy","4011","Ricky Rubio",0.00600022711453255
2017,20,"dummy","3136193","Devin Booker",-0.00280515373372448
2017,20,"dummy","3999","James Johnson",-0.0122765618918174
2017,20,"dummy","1765","Matt Barnes",-0.0173796178509715
2017,20,"dummy","3423","Goran Dragic",-0.0221975878252974
2017,20,"dummy","2327577","JaMychal Green",-0.0247860579327993
2017,20,"dummy","6460","E'Twaun Moore",-0.0291361884085659
2017,20,"dummy","2530276","Tyler Johnson",-0.0363280875959829
2017,20,"dummy","3973","Darren Collison",-0.0410111405296282
2017,20,"dummy","2991018","Yogi Ferrell",-0.0425720813175035
2017,20,"dummy","2583639","Elfrid Payton",-0.0529177443643812
2017,20,"dummy","3102531","Kristaps Porzingis",-0.0621978847788521
2017,20,"dummy","2798","Deron Williams",-0.0663351352815266
2017,20,"dummy","3102529","Clint Capela",-0.0703569454147278
2017,20,"dummy","6583","Anthony Davis",-0.0706164637638746
2017,20,"dummy","3059319","Andrew Wiggins",-0.0734233996691132
2017,20,"dummy","996","Pau Gasol",-0.0847432441026122
2017,20,"dummy","6477","Jonas Valanciunas",-0.107405936571722
2017,20,"dummy","3986","Taj Gibson",-0.109512921425963
2017,20,"dummy","2384","Dwight Howard",-0.112076726911544
2017,20,"dummy","4023","Garrett Temple",-0.116380858691972
2017,20,"dummy","2490149","C.J. McCollum",-0.12104090042494
2017,20,"dummy","3445","Courtney Lee",-0.128643705198528
2017,20,"dummy","3978","DeMar DeRozan",-0.131430832212781
2017,20,"dummy","pair_2439_3194",NA,-0.13247634869984
2017,20,"dummy","4015","Jeff Teague",-0.134038029631415
2017,20,"dummy","pair_2583639_6478",NA,-0.14240832564039
2017,20,"dummy","2528353","Tony Snell",-0.150534781981531
2017,20,"dummy","3416","Nicolas Batum",-0.167154173867004
2017,20,"dummy","3056600","Jabari Parker",-0.177123565490158
2017,20,"dummy","2579294","Frank Kaminsky",-0.181173891056468
2017,20,"dummy","2528588","Doug McDermott",-0.187469030715752
2017,20,"dummy","4240","Avery Bradley",-0.187767735115181
2017,20,"dummy","3064290","Aaron Gordon",-0.189107974140827
2017,20,"dummy","6468","Iman Shumpert",-0.209071440436766
2017,20,"dummy","2982334","T.J. Warren",-0.221859885821973
2017,20,"dummy","3244","Thaddeus Young",-0.224006835110464
2017,20,"dummy","2",NA,-0.227993531993549
2017,20,"dummy","2991042","Nik Stauskas",-0.229343336295558
2017,20,"dummy","pair_2530276_3999",NA,-0.239237902420745
2017,20,"dummy","6617","Austin Rivers",-0.2418141823359
2017,20,"dummy","6433","Kenneth Faried",-0.244786713657702
2017,20,"dummy","3439","Serge Ibaka",-0.24894899815255
2017,20,"dummy","6578","Harrison Barnes",-0.249520289152783
2017,20,"dummy","4",NA,-0.256746455278464
2017,20,"dummy","2767","Ersan Ilyasova",-0.257745791393514
2017,20,"dummy","609","Dirk Nowitzki",-0.276279486131522
2017,20,"dummy","3224","Joakim Noah",-0.284257818167228
2017,20,"dummy","1975","Carmelo Anthony",-0.294650333669307
2017,20,"dummy","3032979","Dennis Schroder",-0.295561953345793
2017,20,"dummy","2596108","Michael Carter-Williams",-0.298770867177351
2017,20,"dummy","2797","Marvin Williams",-0.30036412045067
2017,20,"dummy","165","Jamal Crawford",-0.301406532753756
2017,20,"dummy","2751","Monta Ellis",-0.323138920679673
2017,20,"dummy","3444","Kosta Koufos",-0.346069033841775
2017,20,"dummy","pair_2531210_6606",NA,-0.356637902967432
2017,20,"dummy","3456","Derrick Rose",-0.365534138328777
2017,20,"dummy","3033","P.J. Tucker",-0.403459936693312
2017,20,"dummy","3913176","Brandon Ingram",-0.404399979715139
2017,20,"dummy","1",NA,-0.408667157027495
2017,20,"dummy","pair_2991042_3032978",NA,-0.411574426608876
2017,20,"dummy","5",NA,-0.463598509932449
2017,20,"dummy","1987","Dwyane Wade",-0.485692587346154
2017,20,"dummy","3155942","Domantas Sabonis",-0.491428212953747
2017,20,"dummy","6592","John Henson",-0.502702291100359
2017,20,"dummy","3448","Brook Lopez",-0.51222516735798
2017,20,"dummy","6588","Evan Fournier",-0.521917493484033
2017,20,"dummy","4239","Evan Turner",-0.528237168976269
2017,20,"dummy","2581190","Josh Richardson",-0.529095926248845
2017,20,"dummy","3",NA,-0.554571988827693
2017,20,"dummy","2488653","Mason Plumlee",-0.574637947291286
2017,20,"dummy","6478","Nikola Vucevic",-0.583498538649529
2017,20,"dummy","pair_4032_6578",NA,-0.610898161830989
2017,20,"dummy","6466","Chandler Parsons",-0.611122478988485
2017,20,"dummy","3993","Gerald Henderson",-0.620767840818016
2017,20,"dummy","6579","Will Barton",-0.621627621984019
2017,20,"dummy","6585","Andre Drummond",-0.62359000708164
2017,20,"dummy","3032978","Dario Saric",-0.636365843267336
2017,20,"dummy","pair_3195_3206",NA,-0.6484076645537
2017,20,"dummy","3055","J.J. Barea",-0.670703232886027
2017,20,"dummy","4238","Eric Bledsoe",-0.772522877606531
2017,20,"dummy","2531210","Allen Crabbe",-0.8032692955819
2017,20,"dummy","3194","Wilson Chandler",-0.839210346441181
2017,20,"dummy","4032","Wesley Matthews",-0.86612319192334
2017,20,"dummy","3025","Sergio Rodriguez",-0.871079501041531
2017,20,"dummy","4298","Timofey Mozgov",-0.881532314357388
2017,20,"dummy","3026","Rajon Rondo",-0.915934414620058
2017,20,"dummy","4299","Jeremy Lin",-0.925961531578699
2017,20,"dummy","2528426","Jordan Clarkson",-0.945327952940221
2017,20,"dummy","2489716","Matthew Dellavedova",-0.965414907676919
2017,20,"dummy","3064514","Julius Randle",-0.969795840183543
2017,20,"dummy","2528794","Joe Harris",-0.986183465297253
2017,20,"dummy","2488689","Sean Kilpatrick",-0.998287939592553
2017,20,"dummy","2990984","Buddy Hield",-1.00117456655615
2017,20,"dummy","3593","Bojan Bogdanovic",-1.00894250378972
2017,20,"dummy","3064440","Zach LaVine",-1.03160657449547
2017,20,"dummy","2011","Kyle Korver",-1.0321616956874
2017,20,"dummy","6427","Bismack Biyombo",-1.03784420198119
2017,20,"dummy","3892818","Emmanuel Mudiay",-1.05336256095262
2017,20,"dummy","3064291","Rondae Hollis-Jefferson",-1.12442061849367
2017,20,"dummy","6637","Kent Bazemore",-1.16274660196433
2017,20,"dummy","3187","Arron Afflalo",-1.21868955284131
2017,20,"dummy","4270","Trevor Booker",-1.21897998033311
2017,20,"dummy","6443","Reggie Jackson",-1.69293405649204
2017,20,"dummy","3907487","Marquese Chriss",-1.72145651769169
2017,20,"dummy","pair_3978_6446",NA,-1.85304069283604
2017,20,"dummy","6609","Khris Middleton",-1.92516942313342
2017,20,"dummy","3135048","Jahlil Okafor",-2.54898157154312
2017,25,"dummy","2779","Chris Paul",2.16221928215841
2017,25,"dummy","3975","Stephen Curry",2.10914206588233
2017,25,"dummy","3438","George Hill",1.96798321817187
2017,25,"dummy","pair_3442_3989",NA,1.84961360584851
2017,25,"dummy","pair_3975_6589",NA,1.84219927639542
2017,25,"dummy","2579258","Cody Zeller",1.742149160236
2017,25,"dummy","6475","Klay Thompson",1.67956735644088
2017,25,"dummy","3012","Kyle Lowry",1.63712948497692
2017,25,"dummy","6450","Kawhi Leonard",1.54928783912108
2017,25,"dummy","6589","Draymond Green",1.5125015205204
2017,25,"dummy","2581177","Rodney Hood",1.50141300365278
2017,25,"dummy","3059318","Joel Embiid",1.46143005380117
2017,25,"dummy","3964","Patrick Beverley",1.3687335548054
2017,25,"dummy","3431","Eric Gordon",1.27626543406748
2017,25,"dummy","pair_4237_6580",NA,1.24697530866727
2017,25,"dummy","3449","Kevin Love",1.20315109076008
2017,25,"dummy","3032977","Giannis Antetokounmpo",1.16709393650669
2017,25,"dummy","3112335","Nikola Jokic",1.16000331525903
2017,25,"dummy","1966","LeBron James",1.12788295489577
2017,25,"dummy","3468","Russell Westbrook",1.05012956459301
2017,25,"dummy","3202","Kevin Durant",1.0426079614922
2017,25,"dummy","3989","Blake Griffin",1.03753930141215
2017,25,"dummy","6591","Maurice Harkless",1.00106393796424
2017,25,"dummy","2326307","Seth Curry",0.963370862626208
2017,25,"dummy","pair_1966_6442",NA,0.9614722646051
2017,25,"dummy","pair_2991235_3468",NA,0.945709821126037
2017,25,"dummy","3970","DeMarre Carroll",0.912852163213648
2017,25,"dummy","3988","Danny Green",0.903807625013842
2017,25,"dummy","2983","LaMarcus Aldridge",0.880613726599328
2017,25,"dummy","2444","J.R. Smith",0.876294532222651
2017,25,"dummy","6430","Jimmy Butler",0.872969131337367
2017,25,"dummy","3428","Danilo Gallinari",0.853469149841765
2017,25,"dummy","pair_3032976_4249",NA,0.82298201969488
2017,25,"dummy","pair_3015_3032979",NA,0.811463212468202
2017,25,"dummy","6461","Markieff Morris",0.801451463490693
2017,25,"dummy","2527963","Victor Oladipo",0.791107729402684
2017,25,"dummy","2990992","Marcus Smart",0.777239339418357
2017,25,"dummy","2426","Trevor Ariza",0.76693439780738
2017,25,"dummy","3032976","Rudy Gobert",0.753599949553532
2017,25,"dummy","6581","Jae Crowder",0.752645447341085
2017,25,"dummy","pair_2581018_6440",NA,0.705875713028483
2017,25,"dummy","2367","Tony Allen",0.685218569700503
2017,25,"dummy","2534781","Gorgui Dieng",0.680007424720659
2017,25,"dummy","pair_3973_4258",NA,0.677184762239577
2017,25,"dummy","3015","Paul Millsap",0.662559792394594
2017,25,"dummy","6462","Marcus Morris",0.650166800621763
2017,25,"dummy","2758","Marcin Gortat",0.626260753563016
2017,25,"dummy","3992","James Harden",0.605491075333066
2017,25,"dummy","6474","Tristan Thompson",0.605413872114178
2017,25,"dummy","6440","Tobias Harris",0.602366077859907
2017,25,"dummy","pair_2528353_3032977",NA,0.57901285048168
2017,25,"dummy","3135047","Justise Winslow",0.576815814858971
2017,25,"dummy","3024","J.J. Redick",0.565380293488023
2017,25,"dummy","pair_2426_3992",NA,0.558199281985451
2017,25,"dummy","2530596","Andre Roberson",0.541823265379607
2017,25,"dummy","3447","Robin Lopez",0.521223262618134
2017,25,"dummy","3005","Rudy Gay",0.509395180750067
2017,25,"dummy","pair_2983_6450",NA,0.499023579059305
2017,25,"dummy","6580","Bradley Beal",0.491571526998097
2017,25,"dummy","2581018","Kentavious Caldwell-Pope",0.486678969050432
2017,25,"dummy","pair_3447_6430",NA,0.485362677933327
2017,25,"dummy","4249","Gordon Hayward",0.464178057972791
2017,25,"dummy","3133628","Myles Turner",0.437685613073287
2017,25,"dummy","1015","Tony Parker",0.437324389877816
2017,25,"dummy","6606","Damian Lillard",0.431413331102359
2017,25,"dummy","3412","Ryan Anderson",0.420568870810534
2017,25,"dummy","2594922","Otto Porter",0.416145670670335
2017,25,"dummy","6479","Kemba Walker",0.398149087720533
2017,25,"dummy","3195","Mike Conley",0.39270582509639
2017,25,"dummy","3442","DeAndre Jordan",0.38438024197197
2017,25,"dummy","1",NA,0.371664961033379
2017,25,"dummy","6628","Dion Waiters",0.34587992107507
2017,25,"dummy","6442","Kyrie Irving",0.339100201527363
2017,25,"dummy","2999547","Gary Harris",0.327468701798951
2017,25,"dummy","4262","Hassan Whiteside",0.326296211479557
2017,25,"dummy","2991235","Steven Adams",0.315035080482343
2017,25,"dummy","pair_3059319_3136195",NA,0.312074500527687
2017,25,"dummy","pair_3416_6479",NA,0.28796510026206
2017,25,"dummy","2490620","Robert Covington",0.286073594571274
2017,25,"dummy","3028","Thabo Sefolosha",0.281771014653801
2017,25,"dummy","3995","Jrue Holiday",0.281368359289356
2017,25,"dummy","3206","Marc Gasol",0.278637763163812
2017,25,"dummy","pair_2439_3194",NA,0.270022806792054
2017,25,"dummy","4237","John Wall",0.252816457490255
2017,25,"dummy","3213","Al Horford",0.24920259512001
2017,25,"dummy","pair_6472_6581",NA,0.246918389570235
2017,25,"dummy","pair_3136193_4238",NA,0.243381299436168
2017,25,"dummy","pair_2528426_3913176",NA,0.213313091229227
2017,25,"dummy","pair_1975_3445",NA,0.187184332541051
2017,25,"dummy","3136195","Karl-Anthony Towns",0.165652922325682
2017,25,"dummy","4251","Paul George",0.16491476307084
2017,25,"dummy","4248","Al-Farouq Aminu",0.161836248322681
2017,25,"dummy","2488958","Solomon Hill",0.135874179879895
2017,25,"dummy","6472","Isaiah Thomas",0.109263323612499
2017,25,"dummy","4258","DeMarcus Cousins",0.104394990992339
2017,25,"dummy","pair_4015_4251",NA,0.0892569758144798
2017,25,"dummy","3423","Goran Dragic",0.0755555199274105
2017,25,"dummy","2530276","Tyler Johnson",0.0386872786406687
2017,25,"dummy","6601","Michael Kidd-Gilchrist",0.0360268186681952
2017,25,"dummy","pair_3995_6583",NA,0.0291106131912262
2017,25,"dummy","3978","DeMar DeRozan",0.0244404838978686
2017,25,"dummy","2327577","JaMychal Green",0.0223606136682398
2017,25,"dummy","3102531","Kristaps Porzingis",0.0205410809914981
2017,25,"dummy","4011","Ricky Rubio",0.0186067285703085
2017,25,"dummy","3056600","Jabari Parker",0.00645090670842919
2017,25,"dummy","3243","Nick Young",0.00348054206862609
2017,25,"dummy","6583","Anthony Davis",-0.0274949743184074
2017,25,"dummy","3136776","D'Angelo Russell",-0.0371304267814604
2017,25,"dummy","2429","Luol Deng",-0.0377327733994131
2017,25,"dummy","2384","Dwight Howard",-0.047243212412284
2017,25,"dummy","2528353","Tony Snell",-0.0532434562896137
2017,25,"dummy","3973","Darren Collison",-0.0582890743314267
2017,25,"dummy","2798","Deron Williams",-0.0772013765682017
2017,25,"dummy","3059319","Andrew Wiggins",-0.0963243273049372
2017,25,"dummy","3445","Courtney Lee",-0.105402195212802
2017,25,"dummy","3986","Taj Gibson",-0.120032245279146
2017,25,"dummy","6477","Jonas Valanciunas",-0.122012240626416
2017,25,"dummy","2",NA,-0.123063901505224
2017,25,"dummy","4240","Avery Bradley",-0.125107160606875
2017,25,"dummy","pair_2488689_3448",NA,-0.128035551862265
2017,25,"dummy","984","Tyson Chandler",-0.128196583394679
2017,25,"dummy","3136193","Devin Booker",-0.136997469784055
2017,25,"dummy","4015","Jeff Teague",-0.154044092458677
2017,25,"dummy","2583639","Elfrid Payton",-0.155344056675473
2017,25,"dummy","pair_2583639_6478",NA,-0.155802714874359
2017,25,"dummy","996","Pau Gasol",-0.158347768685313
2017,25,"dummy","pair_2530276_3999",NA,-0.17524959334013
2017,25,"dummy","3416","Nicolas Batum",-0.242611755240732
2017,25,"dummy","4",NA,-0.243416085203483
2017,25,"dummy","6578","Harrison Barnes",-0.2489727882707
2017,25,"dummy","1975","Carmelo Anthony",-0.2761780878427
2017,25,"dummy","3244","Thaddeus Young",-0.292320863657847
2017,25,"dummy","2490149","C.J. McCollum",-0.30692023274332
2017,25,"dummy","3439","Serge Ibaka",-0.31572901504319
2017,25,"dummy","3064290","Aaron Gordon",-0.318983400562077
2017,25,"dummy","2982334","T.J. Warren",-0.323594060232078
2017,25,"dummy","2797","Marvin Williams",-0.33436919902154
2017,25,"dummy","609","Dirk Nowitzki",-0.338569761851904
2017,25,"dummy","3032979","Dennis Schroder",-0.341566500700638
2017,25,"dummy","6617","Austin Rivers",-0.362003295740885
2017,25,"dummy","3456","Derrick Rose",-0.438214403032521
2017,25,"dummy","3033","P.J. Tucker",-0.456018448336783
2017,25,"dummy","2581190","Josh Richardson",-0.54038390209035
2017,25,"dummy","3",NA,-0.542382268876542
2017,25,"dummy","3913176","Brandon Ingram",-0.561725597050594
2017,25,"dummy","1987","Dwyane Wade",-0.570536274947442
2017,25,"dummy","6585","Andre Drummond",-0.586056110682692
2017,25,"dummy","2767","Ersan Ilyasova",-0.601357712307667
2017,25,"dummy","6579","Will Barton",-0.608035414598453
2017,25,"dummy","pair_4032_6578",NA,-0.648360363906104
2017,25,"dummy","6588","Evan Fournier",-0.649461216293275
2017,25,"dummy","6478","Nikola Vucevic",-0.671075658166
2017,25,"dummy","2488653","Mason Plumlee",-0.733603689486646
2017,25,"dummy","pair_2531210_6606",NA,-0.737257953270872
2017,25,"dummy","3448","Brook Lopez",-0.752128903083379
2017,25,"dummy","5",NA,-0.780161522568675
2017,25,"dummy","pair_3195_3206",NA,-0.78121827228619
2017,25,"dummy","3194","Wilson Chandler",-0.867143456243055
2017,25,"dummy","4032","Wesley Matthews",-0.966072730174259
2017,25,"dummy","3026","Rajon Rondo",-1.03086086840777
2017,25,"dummy","4238","Eric Bledsoe",-1.03563385693283
2017,25,"dummy","pair_2991042_3032978",NA,-1.11597192752391
2017,25,"dummy","3064440","Zach LaVine",-1.13880873666166
2017,25,"dummy","3593","Bojan Bogdanovic",-1.19288832796684
2017,25,"dummy","3064514","Julius Randle",-1.21789879958853
2017,25,"dummy","3892818","Emmanuel Mudiay",-1.28724847233068
2017,25,"dummy","2489716","Matthew Dellavedova",-1.30331264301372
2017,25,"dummy","6637","Kent Bazemore",-1.34525231790676
2017,25,"dummy","3187","Arron Afflalo",-1.364392503042
2017,25,"dummy","4299","Jeremy Lin",-1.38028731925831
2017,25,"dummy","4270","Trevor Booker",-1.55512210030856
2017,25,"dummy","pair_3978_6446",NA,-1.79103366170399
2017,25,"dummy","6443","Reggie Jackson",-2.01070974647524
2017,30,"dummy","3438","George Hill",2.13731035393366
2017,30,"dummy","2779","Chris Paul",2.12929077281289
2017,30,"dummy","3975","Stephen Curry",2.05692058104525
2017,30,"dummy","3012","Kyle Lowry",1.85146147440419
2017,30,"dummy","pair_3442_3989",NA,1.84295992662666
2017,30,"dummy","pair_3975_6589",NA,1.79941872644755
2017,30,"dummy","6450","Kawhi Leonard",1.7597181645593
2017,30,"dummy","6475","Klay Thompson",1.63105860332142
2017,30,"dummy","6589","Draymond Green",1.44732292723317
2017,30,"dummy","pair_4237_6580",NA,1.27282440868201
2017,30,"dummy","3449","Kevin Love",1.17242896991357
2017,30,"dummy","2983","LaMarcus Aldridge",1.12907422086663
2017,30,"dummy","1966","LeBron James",1.103118262023
2017,30,"dummy","2426","Trevor Ariza",1.01923956498899
2017,30,"dummy","3032977","Giannis Antetokounmpo",1.01787369866257
2017,30,"dummy","3989","Blake Griffin",1.01090704955213
2017,30,"dummy","3468","Russell Westbrook",0.974993093385921
2017,30,"dummy","3202","Kevin Durant",0.965574283489607
2017,30,"dummy","pair_1966_6442",NA,0.931205008428291
2017,30,"dummy","3032976","Rudy Gobert",0.896865622550514
2017,30,"dummy","pair_2991235_3468",NA,0.87706031952978
2017,30,"dummy","pair_3032976_4249",NA,0.872462113537278
2017,30,"dummy","3992","James Harden",0.863864595315201
2017,30,"dummy","2444","J.R. Smith",0.824553258941486
2017,30,"dummy","6461","Markieff Morris",0.821192011285905
2017,30,"dummy","6581","Jae Crowder",0.793628207778212
2017,30,"dummy","2527963","Victor Oladipo",0.76004171977707
2017,30,"dummy","pair_2426_3992",NA,0.752724494755907
2017,30,"dummy","6430","Jimmy Butler",0.725577130555432
2017,30,"dummy","pair_2581018_6440",NA,0.686222322685083
2017,30,"dummy","pair_2983_6450",NA,0.679628604289138
2017,30,"dummy","3428","Danilo Gallinari",0.653503260732159
2017,30,"dummy","2534781","Gorgui Dieng",0.653222999762652
2017,30,"dummy","3412","Ryan Anderson",0.650080364573152
2017,30,"dummy","pair_3015_3032979",NA,0.639757251475304
2017,30,"dummy","2758","Marcin Gortat",0.633772659101442
2017,30,"dummy","1",NA,0.621694923838025
2017,30,"dummy","6462","Marcus Morris",0.611449045907135
2017,30,"dummy","6440","Tobias Harris",0.548989846643684
2017,30,"dummy","6474","Tristan Thompson",0.546280443101793
2017,30,"dummy","6606","Damian Lillard",0.543062137251001
2017,30,"dummy","pair_3973_4258",NA,0.53252517900693
2017,30,"dummy","3015","Paul Millsap",0.528495882640577
2017,30,"dummy","6479","Kemba Walker",0.525249758628048
2017,30,"dummy","4249","Gordon Hayward",0.519728192215795
2017,30,"dummy","pair_2528353_3032977",NA,0.514189021603506
2017,30,"dummy","3024","J.J. Redick",0.505142574108038
2017,30,"dummy","2530596","Andre Roberson",0.483649289276785
2017,30,"dummy","3195","Mike Conley",0.479226014677572
2017,30,"dummy","3206","Marc Gasol",0.466915046128735
2017,30,"dummy","6580","Bradley Beal",0.466227127021797
2017,30,"dummy","3135047","Justise Winslow",0.464633312134959
2017,30,"dummy","2581018","Kentavious Caldwell-Pope",0.450644726353217
2017,30,"dummy","2",NA,0.437972173998345
2017,30,"dummy","2490620","Robert Covington",0.422813876554115
2017,30,"dummy","2594922","Otto Porter",0.41349695618405
2017,30,"dummy","pair_3416_6479",NA,0.41334362554414
2017,30,"dummy","3133628","Myles Turner",0.390003938870588
2017,30,"dummy","3447","Robin Lopez",0.387284889731267
2017,30,"dummy","pair_3447_6430",NA,0.361731748969432
2017,30,"dummy","2999547","Gary Harris",0.32736574786026
2017,30,"dummy","6628","Dion Waiters",0.326684392065692
2017,30,"dummy","3005","Rudy Gay",0.321959086422324
2017,30,"dummy","3442","DeAndre Jordan",0.31957326204366
2017,30,"dummy","6442","Kyrie Irving",0.302355953972365
2017,30,"dummy","3213","Al Horford",0.289500534732251
2017,30,"dummy","3995","Jrue Holiday",0.278558498265733
2017,30,"dummy","pair_3059319_3136195",NA,0.273075614100058
2017,30,"dummy","4262","Hassan Whiteside",0.254332074334849
2017,30,"dummy","3978","DeMar DeRozan",0.240716406351685
2017,30,"dummy","2991235","Steven Adams",0.234832580130109
2017,30,"dummy","4237","John Wall",0.232480501911808
2017,30,"dummy","pair_6472_6581",NA,0.227511971465365
2017,30,"dummy","6472","Isaiah Thomas",0.226111151254224
2017,30,"dummy","pair_3136193_4238",NA,0.183950819266753
2017,30,"dummy","6601","Michael Kidd-Gilchrist",0.15758313774774
2017,30,"dummy","pair_2439_3194",NA,0.154469250759951
2017,30,"dummy","pair_1975_3445",NA,0.132162810109521
2017,30,"dummy","4251","Paul George",0.125793419182969
2017,30,"dummy","3136195","Karl-Anthony Towns",0.108748997521665
2017,30,"dummy","pair_2528426_3913176",NA,0.0761425311322974
2017,30,"dummy","pair_4015_4251",NA,0.0561312915196758
2017,30,"dummy","3423","Goran Dragic",0.0466740297392458
2017,30,"dummy","6583","Anthony Davis",0.000767694763048648
2017,30,"dummy","pair_3995_6583",NA,9.73458759846091e-05
2017,30,"dummy","4011","Ricky Rubio",-0.0204328743709696
2017,30,"dummy","3102531","Kristaps Porzingis",-0.0214975261251307
2017,30,"dummy","4240","Avery Bradley",-0.0583889176960039
2017,30,"dummy","3416","Nicolas Batum",-0.0997468705438099
2017,30,"dummy","3",NA,-0.112997499011247
2017,30,"dummy","pair_2530276_3999",NA,-0.121670003492822
2017,30,"dummy","4258","DeMarcus Cousins",-0.142022232140855
2017,30,"dummy","6578","Harrison Barnes",-0.144653557885975
2017,30,"dummy","3059319","Andrew Wiggins",-0.15716742124774
2017,30,"dummy","3445","Courtney Lee",-0.161779095556489
2017,30,"dummy","3056600","Jabari Parker",-0.163874239115062
2017,30,"dummy","2798","Deron Williams",-0.172096969450494
2017,30,"dummy","3973","Darren Collison",-0.178814518837438
2017,30,"dummy","2490149","C.J. McCollum",-0.182134227366433
2017,30,"dummy","3136193","Devin Booker",-0.204122983398167
2017,30,"dummy","4015","Jeff Teague",-0.204936825587504
2017,30,"dummy","2797","Marvin Williams",-0.262776605010068
2017,30,"dummy","3244","Thaddeus Young",-0.29897464086339
2017,30,"dummy","2384","Dwight Howard",-0.313112230274222
2017,30,"dummy","pair_2583639_6478",NA,-0.336537429868269
2017,30,"dummy","1975","Carmelo Anthony",-0.337843022594872
2017,30,"dummy","3439","Serge Ibaka",-0.422249985223106
2017,30,"dummy","4",NA,-0.484770820167794
2017,30,"dummy","3032979","Dennis Schroder",-0.520622314718817
2017,30,"dummy","3456","Derrick Rose",-0.532818869619706
2017,30,"dummy","pair_2488689_3448",NA,-0.542354577917528
2017,30,"dummy","pair_4032_6578",NA,-0.605442527229725
2017,30,"dummy","5",NA,-0.608128443600037
2017,30,"dummy","6585","Andre Drummond",-0.60853511828814
2017,30,"dummy","pair_2531210_6606",NA,-0.608556963602535
2017,30,"dummy","pair_3195_3206",NA,-0.704705849998706
2017,30,"dummy","1987","Dwyane Wade",-0.707655766363198
2017,30,"dummy","6588","Evan Fournier",-0.776535909280292
2017,30,"dummy","4032","Wesley Matthews",-0.882878288727086
2017,30,"dummy","pair_2991042_3032978",NA,-0.999968680042668
2017,30,"dummy","3064514","Julius Randle",-1.08389083400193
2017,30,"dummy","4238","Eric Bledsoe",-1.09100421093068
2017,30,"dummy","3064440","Zach LaVine",-1.13438612750528
2017,30,"dummy","3448","Brook Lopez",-1.31730836676223
2017,30,"dummy","pair_3978_6446",NA,-1.66283180070294
2017,30,"dummy","6443","Reggie Jackson",-2.00442762797781
2018,0,"dummy","2990968",NA,43.5129084255096
2018,0,"dummy","2488938",NA,42.3657587756903
2018,0,"dummy","3059306","Johnathan Motley",26.3798814868235
2018,0,"dummy","2991054",NA,19.1191380056407
2018,0,"dummy","3929314",NA,16.4103976204621
2018,0,"dummy","2983727","R.J. Hunter",15.0505497590798
2018,0,"dummy","2991295",NA,13.7854036767687
2018,0,"dummy","3059409","Nigel Hayes",8.94517973030834
2018,0,"dummy","4267","Cole Aldrich",8.02350029324088
2018,0,"dummy","3654",NA,6.6654685121532
2018,0,"dummy","2990969","Georges Niang",6.46701629274825
2018,0,"dummy","2982330","Brice Johnson",5.73410926615162
2018,0,"dummy","2333797",NA,4.75118973011313
2018,0,"dummy","2488826","Rodney McGruder",4.35647913356617
2018,0,"dummy","2531039","Vander Blue",4.18212229977068
2018,0,"dummy","3064308","Jabari Bird",3.9015932852842
2018,0,"dummy","2594818","James Michael",3.6452757029614
2018,0,"dummy","3078576","Derrick White",3.54943887034993
2018,0,"dummy","2184",NA,3.21290701907816
2018,0,"dummy","4249",NA,3.08275572438552
2018,0,"dummy","2991274","Shaquille Harrison",2.6111141151996
2018,0,"dummy","4064727","Josh Magette",2.39166235360533
2018,0,"dummy","3137694","Gian Clavell",2.34632359626569
2018,0,"dummy","3064230","Cameron Payne",2.21125325197709
2018,0,"dummy","2399","Emeka Okafor",2.20818112893862
2018,0,"dummy","2528787","Lorenzo Brown",2.06828347668634
2018,0,"dummy","3059276","Jamel Artis",1.88378822795493
2018,0,"dummy","3134903","Gary Payton",1.6493700615621
2018,0,"dummy","1713","Nene ",1.62554806858158
2018,0,"dummy","2583632","Royce O'Neale",1.59746721948459
2018,0,"dummy","3135046","Tyus Jones",1.51725497547541
2018,0,"dummy","4376","Boban Marjanovic",1.4767524531733
2018,0,"dummy","2578240","Khem Birch",1.45733644116977
2018,0,"dummy","2779","Chris Paul",1.43127813517773
2018,0,"dummy","3934719","OG Anunoby",1.38475291842727
2018,0,"dummy","3059336","Isaiah Taylor",1.34383258113846
2018,0,"dummy","3033","PJ Tucker",1.29979483948686
2018,0,"dummy","2282117","John Holland",1.28835462765166
2018,0,"dummy","3451","Luc Mbah",1.26499742766566
2018,0,"dummy","3134908","Jakob Poeltl",1.26059685810464
2018,0,"dummy","2566748","Marshall Plumlee",1.25397717201521
2018,0,"dummy","2991230","Fred VanVleet",1.23781543929064
2018,0,"dummy","6469","Kyle Singler",1.23770279810929
2018,0,"dummy","3975","Stephen Curry",1.15874600233694
2018,0,"dummy","3155535","Kevon Looney",1.15271739546706
2018,0,"dummy","2393","Shaun Livingston",1.14965239062617
2018,0,"dummy","3137733","Rashad Vaughn",1.13530671745907
2018,0,"dummy","3907497","Dejounte Murray",1.11917584739314
2018,0,"dummy","3064427","Jordan Bell",1.10642111324736
2018,0,"dummy","pair_2527963_3244",NA,1.08430581946065
2018,0,"dummy","3062744","David Nwaba",1.06386513283798
2018,0,"dummy","2490589","Isaiah Canaan",1.05538587094379
2018,0,"dummy","2579476","Jalen Jones",1.04624789967398
2018,0,"dummy","2490620","Robert Covington",1.03368192138404
2018,0,"dummy","2995079","Jacob Wiley",1.00661706258018
2018,0,"dummy","3149673","Pascal Siakam",0.987369971436421
2018,0,"dummy","pair_2490620_3907387",NA,0.977939132782368
2018,0,"dummy","2991039","Glenn Robinson",0.97683516021225
2018,0,"dummy","3059318","Joel Embiid",0.973745278844736
2018,0,"dummy","4269","Nemanja Bjelica",0.971785217926825
2018,0,"dummy","2594922","Otto Porter",0.966347181983018
2018,0,"dummy","3431","Eric Gordon",0.959784626451744
2018,0,"dummy","2580349","Ron Baker",0.931031948828811
2018,0,"dummy","6450","Kawhi Leonard",0.930516339334092
2018,0,"dummy","3213","Al Horford",0.916182241663739
2018,0,"dummy","3064482","Bobby Portis",0.890427814460208
2018,0,"dummy","2579251","Myke Henry",0.888302092087501
2018,0,"dummy","2011","Kyle Korver",0.885141350890835
2018,0,"dummy","2016","Zaza Pachulia",0.873268524450356
2018,0,"dummy","3242","Brandan Wright",0.858480473863239
2018,0,"dummy","2386","Andre Iguodala",0.846200219384907
2018,0,"dummy","2530596","Andre Roberson",0.842084669909648
2018,0,"dummy","3964","Patrick Beverley",0.825890563274738
2018,0,"dummy","3201","Jared Dudley",0.824062471559995
2018,0,"dummy","1978","Nick Collison",0.820456061555625
2018,0,"dummy","6589","Draymond Green",0.820399858559365
2018,0,"dummy","pair_3032977_6609",NA,0.816814184842193
2018,0,"dummy","2991055","Montrezl Harrell",0.813734222395585
2018,0,"dummy","6459","Nikola Mirotic",0.813349731182958
2018,0,"dummy","2382","Devin Harris",0.805938775239584
2018,0,"dummy","3907822","Malik Beasley",0.805365163651973
2018,0,"dummy","3912854","Jawun Evans",0.798774672972866
2018,0,"dummy","6430","Jimmy Butler",0.79520289652288
2018,0,"dummy","2774","Ian Mahinmi",0.785371580014602
2018,0,"dummy","2531367","Dwight Powell",0.769853022726127
2018,0,"dummy","2991184","Sam Dekker",0.743954151356392
2018,0,"dummy","2426","Trevor Ariza",0.743426944164925
2018,0,"dummy","2528327","Kyle Collinsworth",0.735679258450869
2018,0,"dummy","2968361","Raul Neto",0.727272827826624
2018,0,"dummy","2528096","Mike James",0.725969961224978
2018,0,"dummy","3002137","Tyrone Wallace",0.724768229923973
2018,0,"dummy","3936099","Derrick Jones",0.70291250413503
2018,0,"dummy","3136477","Isaiah Whitehead",0.699906315275846
2018,0,"dummy","pair_2594922_6580",NA,0.687437980577683
2018,0,"dummy","6468","Iman Shumpert",0.674981564648863
2018,0,"dummy","3992","James Harden",0.668790915530378
2018,0,"dummy","3032977","Giannis Antetokounmpo",0.666634530178998
2018,0,"dummy","3981","Wayne Ellington",0.663588754553122
2018,0,"dummy","2579258","Cody Zeller",0.661077856412006
2018,0,"dummy","6503","Dwight Buycks",0.659527445841041
2018,0,"dummy","pair_2580782_3970",NA,0.658077311187126
2018,0,"dummy","2968439","Aron Baynes",0.64044260636526
2018,0,"dummy","3136195","Karl-Anthony Towns",0.637001932348712
2018,0,"dummy","3998","Jonas Jerebko",0.630752593351067
2018,0,"dummy","pair_3213_4065648",NA,0.616122761791113
2018,0,"dummy","6601","Michael Kidd-Gilchrist",0.60930338266296
2018,0,"dummy","3138120",NA,0.604442498435149
2018,0,"dummy","3057304",NA,0.602271621017527
2018,0,"dummy","3917376","Jaylen Brown",0.601118009292912
2018,0,"dummy","2528473","Okaro White",0.60086599694166
2018,0,"dummy","4261","Ekpe Udoh",0.600774393991487
2018,0,"dummy","4248","Al-Farouq Aminu",0.591661751153919
2018,0,"dummy","2991235","Steven Adams",0.589875168765653
2018,0,"dummy","pair_2983_4004",NA,0.58920003890042
2018,0,"dummy","2527963","Victor Oladipo",0.581916496371063
2018,0,"dummy","6452","Jon Leuer",0.581004903709405
2018,0,"dummy","2528210","Tim Hardaway",0.57844177877511
2018,0,"dummy","3064447","Delon Wright",0.574316187955665
2018,0,"dummy","6621","Tomas Satoransky",0.562231133713479
2018,0,"dummy","6475","Klay Thompson",0.55933262936714
2018,0,"dummy","2754","Channing Frye",0.553709978523099
2018,0,"dummy","3102529","Clint Capela",0.551312561719883
2018,0,"dummy","pair_3468_4251",NA,0.549124208724014
2018,0,"dummy","2993874","Kyle Anderson",0.547055466143061
2018,0,"dummy","4259","Ed Davis",0.545881338790202
2018,0,"dummy","3062892","Kay Felder",0.540119683331803
2018,0,"dummy","3024","JJ Redick",0.534524219534229
2018,0,"dummy","3102531","Kristaps Porzingis",0.531318164544192
2018,0,"dummy","3986","Taj Gibson",0.522889512693409
2018,0,"dummy","6479","Kemba Walker",0.519563397313456
2018,0,"dummy","pair_3995_6583",NA,0.518402548796232
2018,0,"dummy","3974","Dante Cunningham",0.51280408715035
2018,0,"dummy","6610","Darius Miller",0.509111712506164
2018,0,"dummy","3028","Thabo Sefolosha",0.504127847348429
2018,0,"dummy","6603","Jeremy Lamb",0.500629476019781
2018,0,"dummy","4066335","Kobi Simmons",0.490182044949694
2018,0,"dummy","3202","Kevin Durant",0.489333930232123
2018,0,"dummy","3112335","Nikola Jokic",0.487333740956298
2018,0,"dummy","3983","Tyreke Evans",0.484221873722562
2018,0,"dummy","3012","Kyle Lowry",0.472758944350929
2018,0,"dummy","2177","David West",0.47246361103912
2018,0,"dummy","3032976","Rudy Gobert",0.462843088580044
2018,0,"dummy","2991018","Yogi Ferrell",0.450670852783862
2018,0,"dummy","2581190","Josh Richardson",0.446061695716404
2018,0,"dummy","pair_3033_3992",NA,0.442890153045481
2018,0,"dummy","2999546",NA,0.442400411735827
2018,0,"dummy","4065648","Jayson Tatum",0.44026234743811
2018,0,"dummy","3907387","Ben Simmons",0.436831938148584
2018,0,"dummy","2983","LaMarcus Aldridge",0.434022400746704
2018,0,"dummy","2506","Damien Wilkins",0.431283697198809
2018,0,"dummy","3973","Darren Collison",0.426649293830209
2018,0,"dummy","6606","Damian Lillard",0.424933020259465
2018,0,"dummy","pair_3059319_3986",NA,0.422751165240215
2018,0,"dummy","pair_2581018_3064514",NA,0.418546142397502
2018,0,"dummy","2580913","Dewayne Dedmon",0.40805387464605
2018,0,"dummy","2578239","Pat Connaughton",0.40259439018163
2018,0,"dummy","3988","Danny Green",0.400706452274861
2018,0,"dummy","3893016","Cedi Osman",0.3954232528653
2018,0,"dummy","3995","Jrue Holiday",0.395102765113646
2018,0,"dummy","3936299","Jamal Murray",0.389315389758558
2018,0,"dummy","6442","Kyrie Irving",0.388969408281558
2018,0,"dummy","2580782","Spencer Dinwiddie",0.385053579766802
2018,0,"dummy","6583","Anthony Davis",0.37959487368225
2018,0,"dummy","2768","Jarrett Jack",0.376588195765712
2018,0,"dummy","3439","Serge Ibaka",0.37028710975953
2018,0,"dummy","2488713","Jack Cooley",0.369193542303285
2018,0,"dummy","pair_3112335_3936299",NA,0.36754641887763
2018,0,"dummy","2528353","Tony Snell",0.366369329825813
2018,0,"dummy","2389","Al Jefferson",0.364828413038455
2018,0,"dummy","2580365","Larry Nance",0.363330195478465
2018,0,"dummy","2982349","Tyler Cavanaugh",0.337822789420475
2018,0,"dummy","3913174","Luke Kennard",0.336234504277129
2018,0,"dummy","2596158","Shane Larkin",0.333897412968496
2018,0,"dummy","2999547","Gary Harris",0.333064043232147
2018,0,"dummy","3468","Russell Westbrook",0.332949760083232
2018,0,"dummy","4192","Milos Teodosic",0.330703687163479
2018,0,"dummy","pair_2490149_6606",NA,0.328911082777053
2018,0,"dummy","3244","Thaddeus Young",0.328005039059843
2018,0,"dummy","3059319","Andrew Wiggins",0.326798558987206
2018,0,"dummy","3460","Marreese Speights",0.320240060440546
2018,0,"dummy","2530572","Langston Galloway",0.317913600922529
2018,0,"dummy","2968458","Salah Mejri",0.316247676479391
2018,0,"dummy","2581018","Kentavious Caldwell-Pope",0.314781611748983
2018,0,"dummy","6592","John Henson",0.30464711265821
2018,0,"dummy","3978","DeMar DeRozan",0.303079109838466
2018,0,"dummy","pair_3202_6475",NA,0.299654706284007
2018,0,"dummy","2326015","Willie Reed",0.2979209855034
2018,0,"dummy","3134881","Stanley Johnson",0.27777902461327
2018,0,"dummy","3428","Danilo Gallinari",0.276967749518262
2018,0,"dummy","3276","Anthony Tolliver",0.268995603713866
2018,0,"dummy","4270","Trevor Booker",0.264127207262255
2018,0,"dummy","3113297","Bruno Caboclo",0.262381295143217
2018,0,"dummy","6579","Will Barton",0.256164221680918
2018,0,"dummy","3414","Omer Asik",0.254176038168638
2018,0,"dummy","2799","Lou Williams",0.247250943527225
2018,0,"dummy","3187","Arron Afflalo",0.238555127575482
2018,0,"dummy","3147351",NA,0.237942017747708
2018,0,"dummy","pair_3012_3978",NA,0.228784645642004
2018,0,"dummy","pair_4305_6585",NA,0.224236174982059
2018,0,"dummy","3005","Rudy Gay",0.223344857141311
2018,0,"dummy","6426","Davis Bertans",0.22284367678325
2018,0,"dummy","3064516","Dakari Johnson",0.209523792206449
2018,0,"dummy","2983551","Joel Bolomboy",0.209375663902052
2018,0,"dummy","2990984","Buddy Hield",0.20716995669451
2018,0,"dummy","6619","Terrence Ross",0.201727008944487
2018,0,"dummy","2531364","Josh Huestis",0.200198610657463
2018,0,"dummy","pair_2384_6479",NA,0.197122696957538
2018,0,"dummy","3055","J.J. Barea",0.196505638619003
2018,0,"dummy","6580","Bradley Beal",0.182958078863528
2018,0,"dummy","6576","Quincy Acy",0.181350475468034
2018,0,"dummy","2490089","Mike Muscala",0.181044801945768
2018,0,"dummy","3059315","Frank Mason",0.180843474744721
2018,0,"dummy","pair_3064290_6588",NA,0.17786858971546
2018,0,"dummy","2990992","Marcus Smart",0.169426858204676
2018,0,"dummy","2489785","Ian Clark",0.165654913077382
2018,0,"dummy","3074752","Terry Rozier",0.164039480091723
2018,0,"dummy","3133603","Kelly Oubre",0.163755729962874
2018,0,"dummy","6454","Shelvin Mack",0.157966557233968
2018,0,"dummy","6631","Tyler Zeller",0.157927554059807
2018,0,"dummy","2530780","Shabazz Napier",0.155570124795324
2018,0,"dummy","2528426","Jordan Clarkson",0.152851393860139
2018,0,"dummy","136","Vince Carter",0.151816858227611
2018,0,"dummy","3908809","Donovan Mitchell",0.142151579401759
2018,0,"dummy","4066650","Zach Collins",0.13921376209203
2018,0,"dummy","6477","Jonas Valanciunas",0.136633129070389
2018,0,"dummy","3064290","Aaron Gordon",0.13629187188029
2018,0,"dummy","3448","Brook Lopez",0.128348444767423
2018,0,"dummy","2797","Marvin Williams",0.119446027921676
2018,0,"dummy","3952343",NA,0.118599518891152
2018,0,"dummy","6466","Chandler Parsons",0.108628286560789
2018,0,"dummy","2489663","Kelly Olynyk",0.100319375291812
2018,0,"dummy","4258","DeMarcus Cousins",0.0963578380027569
2018,0,"dummy","1987","Dwyane Wade",0.0853388259560872
2018,0,"dummy","3970","DeMarre Carroll",0.0819153397474855
2018,0,"dummy","4230547","Frank Ntilikina",0.0734676769770689
2018,0,"dummy","2531210","Allen Crabbe",0.0715034466140343
2018,0,"dummy","3064514","Julius Randle",0.0705240907940223
2018,0,"dummy","3064559","Damian Jones",0.0692567944081214
2018,0,"dummy","6443","Reggie Jackson",0.0690644551796158
2018,0,"dummy","4251","Paul George",0.0676919662881
2018,0,"dummy","1975","Carmelo Anthony",0.0552839312714747
2018,0,"dummy","2528794","Joe Harris",0.0543673558977133
2018,0,"dummy","3412","Ryan Anderson",0.0513917061134334
2018,0,"dummy","4237","John Wall",0.0492633791624355
2018,0,"dummy","2960236","Maximilian Kleber",0.0434325533977612
2018,0,"dummy","1966","LeBron James",0.0415915308113208
2018,0,"dummy","3032978","Dario Saric",0.0372349937741895
2018,0,"dummy","4011","Ricky Rubio",0.0361632062477457
2018,0,"dummy","4015","Jeff Teague",0.0349550857860752
2018,0,"dummy","609","Dirk Nowitzki",0.0292798409284774
2018,0,"dummy","2566769","Malcolm Brogdon",0.0284590480263826
2018,0,"dummy","6585","Andre Drummond",0.0243949432720186
2018,0,"dummy","3059316","Wayne Selden",0.0238096269994863
2018,0,"dummy","6609","Khris Middleton",0.0217625528545668
2018,0,"dummy","3102530","Jusuf Nurkic",0.016447936422074
2018,0,"dummy","2488977","Jamil Wilson",0.0148991695517603
2018,0,"dummy","4262","Hassan Whiteside",0.0130830249427194
2018,0,"dummy","2530530","T.J. McConnell",0.00378937341323851
2018,0,"dummy","3155942","Domantas Sabonis",0.00182443639309357
2018,0,"dummy","1",NA,0
2018,0,"dummy","2",NA,0
2018,0,"dummy","2488653","Mason Plumlee",-0.00546746428319981
2018,0,"dummy","3062679","Josh Hart",-0.00693182053861683
2018,0,"dummy","pair_2968436_3908809",NA,-0.0156359000014071
2018,0,"dummy","4305","Ish Smith",-0.0157959932132274
2018,0,"dummy","2451037","Daniel Theis",-0.0183636030527678
2018,0,"dummy","2284101","Justin Holiday",-0.0239336995956002
2018,0,"dummy","3209","Jeff Green",-0.0249223213746079
2018,0,"dummy","2579294","Frank Kaminsky",-0.0255836054493217
2018,0,"dummy","6440","Tobias Harris",-0.0277997294642694
2018,0,"dummy","pair_3423_3999",NA,-0.0302107896193867
2018,0,"dummy","3136196","Trey Lyles",-0.0692640762912389
2018,0,"dummy","3442","DeAndre Jordan",-0.0695959021298977
2018,0,"dummy","2991042","Nik Stauskas",-0.0698230234527838
2018,0,"dummy","3447","Robin Lopez",-0.0758579679640918
2018,0,"dummy","4004","Patty Mills",-0.0758887386176407
2018,0,"dummy","6462","Marcus Morris",-0.0764340516108661
2018,0,"dummy","6615","Kyle O'Quinn",-0.0778058244215483
2018,0,"dummy","3893019","Timothe Luwawu-Cabarrot",-0.0801233752474807
2018,0,"dummy","2806","Jose Calderon",-0.0825503528123229
2018,0,"dummy","3906671","Caleb Swanigan",-0.0911031907108628
2018,0,"dummy","2490149","CJ McCollum",-0.0936773912173687
2018,0,"dummy","2384","Dwight Howard",-0.0991536005859942
2018,0,"dummy","4066421","Lonzo Ball",-0.104536858201297
2018,0,"dummy","2528779","Reggie Bullock",-0.104846721090969
2018,0,"dummy","4017837","Ivica Zubac",-0.113847592334902
2018,0,"dummy","2994526","Bryn Forbes",-0.115301954668746
2018,0,"dummy","3057187","Sterling Brown",-0.11566801173318
2018,0,"dummy","4257","Derrick Favors",-0.1250164631403
2018,0,"dummy","6588","Evan Fournier",-0.132266116453996
2018,0,"dummy","2528588","Doug McDermott",-0.138336516552725
2018,0,"dummy","6637","Kent Bazemore",-0.139048891422182
2018,0,"dummy","6478","Nikola Vucevic",-0.142718446241304
2018,0,"dummy","3135047","Justise Winslow",-0.143420784635052
2018,0,"dummy","3243","Nick Young",-0.146323685384936
2018,0,"dummy","3915560","Tyler Dorsey",-0.151736189195238
2018,0,"dummy","2767","Ersan Ilyasova",-0.154793151847115
2018,0,"dummy","6460","E'Twaun Moore",-0.158572910332242
2018,0,"dummy","2968436","Joe Ingles",-0.162084967669113
2018,0,"dummy","3015","Paul Millsap",-0.17033235643145
2018,0,"dummy","3195","Mike Conley",-0.170727479405101
2018,0,"dummy","2282622",NA,-0.171986115186467
2018,0,"dummy","3423","Goran Dragic",-0.174184634915873
2018,0,"dummy","2489716","Matthew Dellavedova",-0.174972689518642
2018,0,"dummy","3554","Omri Casspi",-0.176963390642771
2018,0,"dummy","pair_1966_2444",NA,-0.183757992032259
2018,0,"dummy","2991149","Damyean Dotson",-0.186875477854962
2018,0,"dummy","984","Tyson Chandler",-0.187529796833325
2018,0,"dummy","2367","Tony Allen",-0.190735081386241
2018,0,"dummy","4238","Eric Bledsoe",-0.192753914583445
2018,0,"dummy","4247","Wesley Johnson",-0.201087023131619
2018,0,"dummy","6461","Markieff Morris",-0.202730158990434
2018,0,"dummy","3194","Wilson Chandler",-0.203411766453132
2018,0,"dummy","2982340","Justin Anderson",-0.205408319495736
2018,0,"dummy","4250","Luke Babbitt",-0.210262779536573
2018,0,"dummy","6429","Alec Burks",-0.225554542072066
2018,0,"dummy","3593","Bojan Bogdanovic",-0.229161139349712
2018,0,"dummy","2991043","Caris LeVert",-0.232329620572645
2018,0,"dummy","3155526","Dillon Brooks",-0.233205909409442
2018,0,"dummy","2489530","Troy Daniels",-0.234093361036392
2018,0,"dummy","3416","Nicolas Batum",-0.235656214168798
2018,0,"dummy","3452","JaVale McGee",-0.237347745703034
2018,0,"dummy","3989","Blake Griffin",-0.237773342160234
2018,0,"dummy","6617","Austin Rivers",-0.237948428020425
2018,0,"dummy","841","Jason Terry",-0.238315489169278
2018,0,"dummy","4299","Jeremy Lin",-0.238669523184304
2018,0,"dummy","2993370","Richaun Holmes",-0.243746682878954
2018,0,"dummy","996","Pau Gasol",-0.244241542267703
2018,0,"dummy","3032980","Lucas Nogueira",-0.24855536828912
2018,0,"dummy","2325499","C.J. Williams",-0.252358708467792
2018,0,"dummy","3913176","Brandon Ingram",-0.255979964715427
2018,0,"dummy","3911666",NA,-0.256658909658129
2018,0,"dummy","4065654","Jonathan Isaac",-0.267894994214179
2018,0,"dummy","3419","Mario Chalmers",-0.272377862918233
2018,0,"dummy","3133628","Myles Turner",-0.272562154231113
2018,0,"dummy","3936296","Skal Labissiere",-0.273538288367178
2018,0,"dummy","2530276","Tyler Johnson",-0.276797656566487
2018,0,"dummy","2439","Jameer Nelson",-0.278258003012564
2018,0,"dummy","2758","Marcin Gortat",-0.281702077008756
2018,0,"dummy","2595516","Norman Powell",-0.284077338964137
2018,0,"dummy","3908845","John Collins",-0.292053544813186
2018,0,"dummy","2444","JR Smith",-0.292335641779813
2018,0,"dummy","6446","Cory Joseph",-0.317633919937906
2018,0,"dummy","pair_2284101_4066336",NA,-0.324763818968808
2018,0,"dummy","2608891","JaKarr Sampson",-0.324950075823805
2018,0,"dummy","3220",NA,-0.328844242574119
2018,0,"dummy","2530923","Alfonzo McKinnie",-0.328882126570441
2018,0,"dummy","3445","Courtney Lee",-0.333701376101387
2018,0,"dummy","6485","Lance Thomas",-0.34312298142482
2018,0,"dummy","2982261","Marcus Georges-Hunt",-0.349701180137598
2018,0,"dummy","4017843","Thon Maker",-0.35164067150709
2018,0,"dummy","3937101","Deyonta Davis",-0.352572310724474
2018,0,"dummy","2769","Amir Johnson",-0.355510033784669
2018,0,"dummy","2753","Raymond Felton",-0.365859223418334
2018,0,"dummy","2991155","Danuel House",-0.369496031330434
2018,0,"dummy","2959753","Joffrey Lauvergne",-0.380456347277344
2018,0,"dummy","4244","Lance Stephenson",-0.38189023112183
2018,0,"dummy","1015","Tony Parker",-0.391976497228212
2018,0,"dummy","pair_2799_3442",NA,-0.400941602715583
2018,0,"dummy","2991070","Jerami Grant",-0.410199850797018
2018,0,"dummy","272","Manu Ginobili",-0.412336413920952
2018,0,"dummy","pair_2991282_3037789",NA,-0.412763083557052
2018,0,"dummy","2991350","Alex Caruso",-0.413294137881842
2018,0,"dummy","2579260","Trey Burke",-0.438273104998169
2018,0,"dummy","2999549","Denzel Valentine",-0.439182988356606
2018,0,"dummy","3064517","Jarell Martin",-0.444797685646402
2018,0,"dummy","3134907","Kyle Kuzma",-0.449179316696677
2018,0,"dummy","2578185","Dorian Finney-Smith",-0.45978561334021
2018,0,"dummy","2990962","Taurean Prince",-0.463312835229272
2018,0,"dummy","pair_3155526_3206",NA,-0.479478713311523
2018,0,"dummy","3064291","Rondae Hollis-Jefferson",-0.491415104840733
2018,0,"dummy","4032","Wesley Matthews",-0.493454138474824
2018,0,"dummy","2778","CJ Miles",-0.494169837812613
2018,0,"dummy","4240","Avery Bradley",-0.494283490022163
2018,0,"dummy","3032979","Dennis Schroder",-0.4979710526618
2018,0,"dummy","3138156","Justin Jackson",-0.499330624414465
2018,0,"dummy","3417","Jerryd Bayless",-0.501144915317042
2018,0,"dummy","3418","Michael Beasley",-0.503544914429199
2018,0,"dummy","4066336","Lauri Markkanen",-0.509531792881943
2018,0,"dummy","2282205","Malcolm Delaney",-0.511869296939083
2018,0,"dummy","2596107","Alex Len",-0.515557125273768
2018,0,"dummy","3449","Kevin Love",-0.529137626853835
2018,0,"dummy","3415","D.J. Augustin",-0.530172210880538
2018,0,"dummy","4385",NA,-0.532398264839853
2018,0,"dummy","pair_2990962_3032979",NA,-0.533220986121338
2018,0,"dummy","6605","Meyers Leonard",-0.533766275251613
2018,0,"dummy","3078284","Noah Vonleh",-0.534011083836067
2018,0,"dummy","2991282","Willie Cauley-Stein",-0.538802761260332
2018,0,"dummy","4023","Garrett Temple",-0.539781749810606
2018,0,"dummy","6474","Tristan Thompson",-0.543069834842616
2018,0,"dummy","2995706","Mario Hezonja",-0.54702867551067
2018,0,"dummy","2583639","Elfrid Payton",-0.555760027304048
2018,0,"dummy","2579321","James Ennis",-0.564548890394655
2018,0,"dummy","6628","Dion Waiters",-0.564591251190104
2018,0,"dummy","4003","Jodie Meeks",-0.565507648002521
2018,0,"dummy","pair_3445_6447",NA,-0.579354448494154
2018,0,"dummy","3999","James Johnson",-0.581366439360079
2018,0,"dummy","2991047","Ryan Arcidiacono",-0.582722122381706
2018,0,"dummy","3136194","Tyler Ulis",-0.583264597058812
2018,0,"dummy","6622","Mike Scott",-0.584276012269192
2018,0,"dummy","pair_4032_6578",NA,-0.597702374606019
2018,0,"dummy","3231","Ramon Sessions",-0.603888163473753
2018,0,"dummy","2761","Gerald Green",-0.610174736892545
2018,0,"dummy","4066261","Bam Adebayo",-0.613775592141953
2018,0,"dummy","2488945","Tim Frazier",-0.616893847537455
2018,0,"dummy","3026","Rajon Rondo",-0.619684190651216
2018,0,"dummy","4239","Evan Turner",-0.62232578325936
2018,0,"dummy","2528693","Torrey Craig",-0.638399299815864
2018,0,"dummy","6433","Kenneth Faried",-0.646679208933001
2018,0,"dummy","3206","Marc Gasol",-0.647597031853519
2018,0,"dummy","2991139","Kris Dunn",-0.652199640043748
2018,0,"dummy","3037789","Bogdan Bogdanovic",-0.659214144175885
2018,0,"dummy","2531047","Jerian Grant",-0.66052676051081
2018,0,"dummy","3934723","Thomas Bryant",-0.662981684081562
2018,0,"dummy","6581","Jae Crowder",-0.663017133649085
2018,0,"dummy","2581177","Rodney Hood",-0.664328712420394
2018,0,"dummy","3064440","Zach LaVine",-0.668199551989137
2018,0,"dummy","2982334","TJ Warren",-0.677277908222218
2018,0,"dummy","3136193","Devin Booker",-0.692796128108397
2018,0,"dummy","3074797","Wesley Iwundu",-0.693224358616378
2018,0,"dummy","2327577","JaMychal Green",-0.698452215374696
2018,0,"dummy","6578","Harrison Barnes",-0.703977779194149
2018,0,"dummy","3062667","DeAndre' Bembry",-0.714280256472856
2018,0,"dummy","3064539","Sindarius Thornwell",-0.714904385055323
2018,0,"dummy","3136776","D'Angelo Russell",-0.720457500671739
2018,0,"dummy","4011991","Dragan Bender",-0.726030140435014
2018,0,"dummy","3907821","Dwayne Bacon",-0.72951982296295
2018,0,"dummy","3929325","Furkan Korkmaz",-0.744743896734491
2018,0,"dummy","2596108","Michael Carter-Williams",-0.753846978013685
2018,0,"dummy","2528393","Tarik Black",-0.758121424020269
2018,0,"dummy","3224","Joakim Noah",-0.761464360378362
2018,0,"dummy","2534781","Gorgui Dieng",-0.764331916672822
2018,0,"dummy","4066297","Josh Jackson",-0.775616723215488
2018,0,"dummy","2531352","Eric Moreland",-0.802153402742125
2018,0,"dummy","6616","Miles Plumlee",-0.813045322623008
2018,0,"dummy","3472","Bobby Brown",-0.839483501304943
2018,0,"dummy","3907386","Antonio Blakeney",-0.847212742010474
2018,0,"dummy","2488689","Sean Kilpatrick",-0.850715886852323
2018,0,"dummy","2581084","Johnny O'Bryant",-0.850964286717722
2018,0,"dummy","6591","Maurice Harkless",-0.855054795536631
2018,0,"dummy","3191","Corey Brewer",-0.856544472332396
2018,0,"dummy","3438","George Hill",-0.861193356627412
2018,0,"dummy","2579466","Jonathon Simmons",-0.886331545870653
2018,0,"dummy","3056600","Jabari Parker",-0.89057096554115
2018,0,"dummy","6447","Enes Kanter",-0.895937171637701
2018,0,"dummy","3906522","Henry Ellenson",-0.899051030634515
2018,0,"dummy","2488911","Brandon Paul",-0.914959622271464
2018,0,"dummy","4066259","De'Aaron Fox",-0.917500580747556
2018,0,"dummy","2995702","Alex Abrines",-0.920789444725376
2018,0,"dummy","4230546","Terrance Ferguson",-0.939783424252617
2018,0,"dummy","4264","Patrick Patterson",-0.946165065919535
2018,0,"dummy","4017846",NA,-0.965804973694848
2018,0,"dummy","2595231","Treveon Graham",-0.979770544492544
2018,0,"dummy","4017844","Guerschon Yabusele",-0.985105737714362
2018,0,"dummy","2528386","Joe Young",-0.987042325337036
2018,0,"dummy","3190","Marco Belinelli",-1.01892965050825
2018,0,"dummy","3064511","Andrew Harrison",-1.02646272856034
2018,0,"dummy","4066328","Jarrett Allen",-1.02676460176474
2018,0,"dummy","3444","Kosta Koufos",-1.03389680451291
2018,0,"dummy","4017839","Juan Hernangomez",-1.03457999845044
2018,0,"dummy","2990972","Andrew White",-1.04583242268391
2018,0,"dummy","3907487","Marquese Chriss",-1.05975210370389
2018,0,"dummy","3078286","Troy Williams",-1.06169661035418
2018,0,"dummy","4065697","Dennis Smith",-1.06312036261567
2018,0,"dummy","3056602","Semi Ojeleye",-1.06746899355233
2018,0,"dummy","165","Jamal Crawford",-1.07706303126724
2018,0,"dummy","3059281","Tyler Ennis",-1.09561601590792
2018,0,"dummy","3137730","Patrick McCaw",-1.10131049211176
2018,0,"dummy","2491079",NA,-1.14066645424914
2018,0,"dummy","1017","Zach Randolph",-1.14522975157945
2018,0,"dummy","2992564","Milton Doyle",-1.1841134422111
2018,0,"dummy","6453","DeAndre Liggins",-1.190785686132
2018,0,"dummy","2580980","Malcolm Miller",-1.26024143696152
2018,0,"dummy","2578259","Darrun Hilliard",-1.28705980035401
2018,0,"dummy","1007","Joe Johnson",-1.31297978906768
2018,0,"dummy","4017838","Ante Zizic",-1.34985804941674
2018,0,"dummy","2747","Andrew Bogut",-1.35438203135229
2018,0,"dummy","4260","Greg Monroe",-1.38375312334965
2018,0,"dummy","6427","Bismack Biyombo",-1.43733263668521
2018,0,"dummy","2578213","Ben McLemore",-1.44986251596419
2018,0,"dummy","3064520","Jordan Mickey",-1.4621982263816
2018,0,"dummy","3892818","Emmanuel Mudiay",-1.47236359132591
2018,0,"dummy","pair_4011991_4066297",NA,-1.49878189363746
2018,0,"dummy","3934663","Malachi Richardson",-1.49911095565695
2018,0,"dummy","2531100","Adreian Payne",-1.50302104859058
2018,0,"dummy","3893023","Paul Zipser",-1.5395879544246
2018,0,"dummy","2999409","Willy Hernangomez",-1.56250758678944
2018,0,"dummy","3456","Derrick Rose",-1.57683833276999
2018,0,"dummy","346",NA,-1.57683837931829
2018,0,"dummy","3917378","Ivan Rabb",-1.59348310374686
2018,0,"dummy","3079021",NA,-1.59490500830935
2018,0,"dummy","3413","Darrell Arthur",-1.60909694599526
2018,0,"dummy","4253","Quincy Pondexter",-1.71631080331428
2018,0,"dummy","2566745","Quinn Cook",-1.75512513109463
2018,0,"dummy","2595229","Briante Weber",-1.76428506158689
2018,0,"dummy","3153165","Chris McCullough",-1.8976676937249
2018,0,"dummy","6472","Isaiah Thomas",-1.96828925243903
2018,0,"dummy","4066262","Malik Monk",-2.10892722166391
2018,0,"dummy","3064509","James Young",-2.12861126482207
2018,0,"dummy","3064237","Antonius Cleveland",-2.14340841415316
2018,0,"dummy","4298","Timofey Mozgov",-2.23850635091093
2018,0,"dummy","3232","Jason Smith",-2.25885183536766
2018,0,"dummy","3062897","Alec Peters",-2.27228541045796
2018,0,"dummy","3192","Aaron Brooks",-2.31805246695796
2018,0,"dummy","4066425","T.J. Leaf",-2.41032141487733
2018,0,"dummy","1006","Richard Jefferson",-2.62381072113819
2018,0,"dummy","3919335","Cheick Diallo",-2.63721044471626
2018,0,"dummy","2993875","Shabazz Muhammad",-2.69442192591724
2018,0,"dummy","2595435","Abdel Nader",-2.70532481833077
2018,0,"dummy","3059273","Demetrius Jackson",-2.72201494353723
2018,0,"dummy","3064560","Luke Kornet",-2.7422814836356
2018,0,"dummy","2991283",NA,-2.74654302563116
2018,0,"dummy","3135048","Jahlil Okafor",-2.88060891040045
2018,0,"dummy","4661",NA,-2.93579221700896
2018,0,"dummy","3059310",NA,-3.00647964374202
2018,0,"dummy","2530750",NA,-3.10366386064096
2018,0,"dummy","4066636","Markelle Fultz",-3.23258193343831
2018,0,"dummy","2982268","Jake Layman",-3.25767355362054
2018,0,"dummy","6543","Julyan Stone",-3.27971080445108
2018,0,"dummy","3113587","Cristiano Felicio",-3.29887628493384
2018,0,"dummy","2991280","Nerlens Noel",-3.61974660344877
2018,0,"dummy","2411",NA,-3.84740620407706
2018,0,"dummy","3056273","Derrick Walton",-4.20379438957725
2018,0,"dummy","3074765","Isaiah Hicks",-4.46123213473828
2018,0,"dummy","2325495",NA,-4.9691277078418
2018,0,"dummy","2982329","Marcus Paige",-5.01993130457268
2018,0,"dummy","3892894","Zhou Qi",-5.0605940703552
2018,0,"dummy","3059262","Davon Reed",-5.10597703974119
2018,0,"dummy","3134880","Kadeem Allen",-5.10761064839802
2018,0,"dummy","2528586","Walter Lemon",-5.11441733288382
2018,0,"dummy","2988387","Charles Cooke",-5.36962984956481
2018,0,"dummy","3136491",NA,-5.37230239653868
2018,0,"dummy","2429",NA,-6.45664216342413
2018,0,"dummy","3001308","Josh Gray",-6.84664643265431
2018,0,"dummy","4066424","Ike Anigbogu",-8.98880203536041
2018,0,"dummy","4243","Jordan Crawford",-9.04493697717072
2018,0,"dummy","4065673","Tony Bradley",-9.70318761026315
2018,0,"dummy","2983512",NA,-9.79306662234612
2018,0,"dummy","2528803",NA,-12.5710984140426
2018,0,"dummy","3057189",NA,-13.0808022071709
2018,0,"dummy","3059286","London Perrantes",-18.1514435427293
2018,5,"dummy","3059409","Nigel Hayes",10.2222529479237
2018,5,"dummy","3654",NA,7.59892717553192
2018,5,"dummy","2531039","Vander Blue",4.74028408876738
2018,5,"dummy","3078576","Derrick White",4.01928260780553
2018,5,"dummy","4249",NA,3.33952202394
2018,5,"dummy","3137694","Gian Clavell",3.26152145006131
2018,5,"dummy","2991274","Shaquille Harrison",3.01965376242033
2018,5,"dummy","4064727","Josh Magette",2.82431231136803
2018,5,"dummy","3064230","Cameron Payne",2.53042806820528
2018,5,"dummy","2399","Emeka Okafor",2.51938775437207
2018,5,"dummy","3059276","Jamel Artis",2.33398550431177
2018,5,"dummy","2528787","Lorenzo Brown",2.33026619579644
2018,5,"dummy","3134903","Gary Payton",1.87208763484634
2018,5,"dummy","3135046","Tyus Jones",1.80050772737325
2018,5,"dummy","1713","Nene ",1.78069835543541
2018,5,"dummy","2583632","Royce O'Neale",1.7768260209171
2018,5,"dummy","2578240","Khem Birch",1.67254933669148
2018,5,"dummy","4376","Boban Marjanovic",1.64808848521443
2018,5,"dummy","3059336","Isaiah Taylor",1.63720578049203
2018,5,"dummy","2779","Chris Paul",1.60605880090087
2018,5,"dummy","3934719","OG Anunoby",1.56505228067845
2018,5,"dummy","3033","PJ Tucker",1.44272330830619
2018,5,"dummy","3134908","Jakob Poeltl",1.40580869535965
2018,5,"dummy","2991230","Fred VanVleet",1.34427703812236
2018,5,"dummy","3451","Luc Mbah",1.3259959260584
2018,5,"dummy","3155535","Kevon Looney",1.29112349704003
2018,5,"dummy","3975","Stephen Curry",1.29087211876613
2018,5,"dummy","2393","Shaun Livingston",1.28343070790975
2018,5,"dummy","3907497","Dejounte Murray",1.2720969769143
2018,5,"dummy","3062744","David Nwaba",1.26379620749537
2018,5,"dummy","3064427","Jordan Bell",1.24363183099753
2018,5,"dummy","2490589","Isaiah Canaan",1.23545804585806
2018,5,"dummy","2566748","Marshall Plumlee",1.2343874118284
2018,5,"dummy","pair_2527963_3244",NA,1.23113629419254
2018,5,"dummy","2991039","Glenn Robinson",1.22798729884889
2018,5,"dummy","3137733","Rashad Vaughn",1.21594300338061
2018,5,"dummy","2579476","Jalen Jones",1.18719330611963
2018,5,"dummy","2490620","Robert Covington",1.1489299348224
2018,5,"dummy","4269","Nemanja Bjelica",1.14355007749992
2018,5,"dummy","2995079","Jacob Wiley",1.13515490899189
2018,5,"dummy","2594922","Otto Porter",1.11674034015521
2018,5,"dummy","2579251","Myke Henry",1.09812561034931
2018,5,"dummy","6450","Kawhi Leonard",1.09270448553141
2018,5,"dummy","3149673","Pascal Siakam",1.08096410866256
2018,5,"dummy","3059318","Joel Embiid",1.07607833128805
2018,5,"dummy","pair_2490620_3907387",NA,1.07420988062285
2018,5,"dummy","3064482","Bobby Portis",1.04994863083635
2018,5,"dummy","2580349","Ron Baker",1.04830847065422
2018,5,"dummy","3213","Al Horford",1.03419103420674
2018,5,"dummy","2011","Kyle Korver",1.03013812380591
2018,5,"dummy","3431","Eric Gordon",1.02762139948175
2018,5,"dummy","3242","Brandan Wright",0.969486993738179
2018,5,"dummy","3201","Jared Dudley",0.967763308694044
2018,5,"dummy","3964","Patrick Beverley",0.947045670503416
2018,5,"dummy","2530596","Andre Roberson",0.944115100163806
2018,5,"dummy","2386","Andre Iguodala",0.943253546017554
2018,5,"dummy","3907822","Malik Beasley",0.941248873850695
2018,5,"dummy","2016","Zaza Pachulia",0.935417131413453
2018,5,"dummy","2991055","Montrezl Harrell",0.933504794945441
2018,5,"dummy","2774","Ian Mahinmi",0.931836621069441
2018,5,"dummy","pair_3032977_6609",NA,0.930761162799957
2018,5,"dummy","3912854","Jawun Evans",0.918578667703771
2018,5,"dummy","3136477","Isaiah Whitehead",0.917462192024166
2018,5,"dummy","3147351",NA,0.911564130321473
2018,5,"dummy","2528327","Kyle Collinsworth",0.906145433616439
2018,5,"dummy","6459","Nikola Mirotic",0.900363890436627
2018,5,"dummy","6589","Draymond Green",0.895958251842926
2018,5,"dummy","2382","Devin Harris",0.879334111084511
2018,5,"dummy","6430","Jimmy Butler",0.879135991577517
2018,5,"dummy","2531367","Dwight Powell",0.870352687626908
2018,5,"dummy","2528096","Mike James",0.867404118531292
2018,5,"dummy","2991184","Sam Dekker",0.858078833255704
2018,5,"dummy","3981","Wayne Ellington",0.806826991896921
2018,5,"dummy","3002137","Tyrone Wallace",0.796909002925822
2018,5,"dummy","3062892","Kay Felder",0.788643477841234
2018,5,"dummy","3936099","Derrick Jones",0.780557511783875
2018,5,"dummy","3032977","Giannis Antetokounmpo",0.777895967234665
2018,5,"dummy","2426","Trevor Ariza",0.777663748419627
2018,5,"dummy","6503","Dwight Buycks",0.773293902330056
2018,5,"dummy","pair_2594922_6580",NA,0.769042555249033
2018,5,"dummy","6468","Iman Shumpert",0.76828660053545
2018,5,"dummy","2579258","Cody Zeller",0.765211758627754
2018,5,"dummy","pair_2580782_3970",NA,0.76488392029479
2018,5,"dummy","2968361","Raul Neto",0.761521260981585
2018,5,"dummy","6452","Jon Leuer",0.748339029781067
2018,5,"dummy","4261","Ekpe Udoh",0.715189561362235
2018,5,"dummy","3992","James Harden",0.70864848055481
2018,5,"dummy","2528210","Tim Hardaway",0.70253758950843
2018,5,"dummy","2528473","Okaro White",0.698181755708183
2018,5,"dummy","3136195","Karl-Anthony Towns",0.694760860620631
2018,5,"dummy","6601","Michael Kidd-Gilchrist",0.693227493075678
2018,5,"dummy","3998","Jonas Jerebko",0.686084269734
2018,5,"dummy","2968439","Aron Baynes",0.685981758692262
2018,5,"dummy","4248","Al-Farouq Aminu",0.685565747158066
2018,5,"dummy","pair_2983_4004",NA,0.670711047263357
2018,5,"dummy","3917376","Jaylen Brown",0.664238688934138
2018,5,"dummy","2991235","Steven Adams",0.663549486107103
2018,5,"dummy","2527963","Victor Oladipo",0.648783753650358
2018,5,"dummy","pair_3213_4065648",NA,0.647600670912066
2018,5,"dummy","3102531","Kristaps Porzingis",0.629214937466283
2018,5,"dummy","4066335","Kobi Simmons",0.627061491820027
2018,5,"dummy","2754","Channing Frye",0.625914391299411
2018,5,"dummy","6621","Tomas Satoransky",0.623653164790811
2018,5,"dummy","4259","Ed Davis",0.614570815585272
2018,5,"dummy","pair_3468_4251",NA,0.613989254448523
2018,5,"dummy","2993874","Kyle Anderson",0.60878490336509
2018,5,"dummy","6479","Kemba Walker",0.602204377897854
2018,5,"dummy","6603","Jeremy Lamb",0.598456684499887
2018,5,"dummy","3983","Tyreke Evans",0.594827915629657
2018,5,"dummy","6475","Klay Thompson",0.593396738079516
2018,5,"dummy","pair_3995_6583",NA,0.58299202191961
2018,5,"dummy","3064447","Delon Wright",0.578981547614791
2018,5,"dummy","3024","JJ Redick",0.574492476931203
2018,5,"dummy","3986","Taj Gibson",0.572500940754253
2018,5,"dummy","3028","Thabo Sefolosha",0.572139428133905
2018,5,"dummy","6610","Darius Miller",0.569539274097865
2018,5,"dummy","3974","Dante Cunningham",0.566920763981235
2018,5,"dummy","2991018","Yogi Ferrell",0.564213886215643
2018,5,"dummy","3112335","Nikola Jokic",0.558648520291382
2018,5,"dummy","3102529","Clint Capela",0.558367154082623
2018,5,"dummy","2581190","Josh Richardson",0.546510561086689
2018,5,"dummy","3032976","Rudy Gobert",0.533200819218944
2018,5,"dummy","3202","Kevin Durant",0.517147755782212
2018,5,"dummy","2580913","Dewayne Dedmon",0.512585851738945
2018,5,"dummy","2177","David West",0.507006522715124
2018,5,"dummy","3012","Kyle Lowry",0.506353556747225
2018,5,"dummy","6606","Damian Lillard",0.49129043716218
2018,5,"dummy","3973","Darren Collison",0.478126100405492
2018,5,"dummy","2983","LaMarcus Aldridge",0.47474672361379
2018,5,"dummy","pair_2581018_3064514",NA,0.474694841461213
2018,5,"dummy","3907387","Ben Simmons",0.46887880035014
2018,5,"dummy","4065648","Jayson Tatum",0.46828596444881
2018,5,"dummy","2768","Jarrett Jack",0.465593211216832
2018,5,"dummy","3995","Jrue Holiday",0.451434220360383
2018,5,"dummy","2389","Al Jefferson",0.444806370833065
2018,5,"dummy","2580365","Larry Nance",0.442854208790988
2018,5,"dummy","pair_3059319_3986",NA,0.439816159677572
2018,5,"dummy","3988","Danny Green",0.43631375621355
2018,5,"dummy","2580782","Spencer Dinwiddie",0.43224167281698
2018,5,"dummy","3893016","Cedi Osman",0.431702024372581
2018,5,"dummy","2578239","Pat Connaughton",0.43139218490284
2018,5,"dummy","3936299","Jamal Murray",0.429375479943976
2018,5,"dummy","6583","Anthony Davis",0.425914383053496
2018,5,"dummy","2982349","Tyler Cavanaugh",0.416871460299419
2018,5,"dummy","3460","Marreese Speights",0.415949283590087
2018,5,"dummy","6442","Kyrie Irving",0.415893400842794
2018,5,"dummy","pair_3033_3992",NA,0.407178205072577
2018,5,"dummy","2528353","Tony Snell",0.403120059738165
2018,5,"dummy","pair_3112335_3936299",NA,0.398884371601247
2018,5,"dummy","3439","Serge Ibaka",0.394377399282269
2018,5,"dummy","pair_2490149_6606",NA,0.392935102570721
2018,5,"dummy","2999547","Gary Harris",0.386181568987752
2018,5,"dummy","2596158","Shane Larkin",0.384494451683791
2018,5,"dummy","2968458","Salah Mejri",0.378333686572154
2018,5,"dummy","3468","Russell Westbrook",0.37223405083518
2018,5,"dummy","2530572","Langston Galloway",0.371637457231236
2018,5,"dummy","2581018","Kentavious Caldwell-Pope",0.364663438827687
2018,5,"dummy","3913174","Luke Kennard",0.359457590473405
2018,5,"dummy","4192","Milos Teodosic",0.350301064054032
2018,5,"dummy","3244","Thaddeus Young",0.349541171962861
2018,5,"dummy","3134881","Stanley Johnson",0.341732104823266
2018,5,"dummy","2326015","Willie Reed",0.339130879532606
2018,5,"dummy","3428","Danilo Gallinari",0.333460664176472
2018,5,"dummy","3059319","Andrew Wiggins",0.329109586236146
2018,5,"dummy","2506","Damien Wilkins",0.328891708029195
2018,5,"dummy","6592","John Henson",0.316565346130152
2018,5,"dummy","3276","Anthony Tolliver",0.306328250195556
2018,5,"dummy","3978","DeMar DeRozan",0.306019629056736
2018,5,"dummy","4270","Trevor Booker",0.30502101217509
2018,5,"dummy","2990984","Buddy Hield",0.294933932201654
2018,5,"dummy","6579","Will Barton",0.294382758518564
2018,5,"dummy","3187","Arron Afflalo",0.293340417492892
2018,5,"dummy","3064516","Dakari Johnson",0.291129034476222
2018,5,"dummy","2531364","Josh Huestis",0.2754881787673
2018,5,"dummy","3113297","Bruno Caboclo",0.273855578843301
2018,5,"dummy","pair_3202_6475",NA,0.271585622060235
2018,5,"dummy","3059315","Frank Mason",0.270384115828768
2018,5,"dummy","2799","Lou Williams",0.270228702481539
2018,5,"dummy","3005","Rudy Gay",0.260200705063849
2018,5,"dummy","pair_4305_6585",NA,0.258101044916782
2018,5,"dummy","3414","Omer Asik",0.245872896788621
2018,5,"dummy","pair_3064290_6588",NA,0.238194645798397
2018,5,"dummy","6619","Terrence Ross",0.233886120097933
2018,5,"dummy","6426","Davis Bertans",0.233356101664934
2018,5,"dummy","2490089","Mike Muscala",0.224090418256791
2018,5,"dummy","6576","Quincy Acy",0.223677251222658
2018,5,"dummy","pair_3012_3978",NA,0.216234868499188
2018,5,"dummy","6454","Shelvin Mack",0.21543098451108
2018,5,"dummy","136","Vince Carter",0.212896871531879
2018,5,"dummy","pair_2384_6479",NA,0.212455236134344
2018,5,"dummy","3133603","Kelly Oubre",0.207970483243438
2018,5,"dummy","2528426","Jordan Clarkson",0.197362535537234
2018,5,"dummy","3064290","Aaron Gordon",0.191712281075844
2018,5,"dummy","3055","J.J. Barea",0.190480875305053
2018,5,"dummy","6580","Bradley Beal",0.187007155947
2018,5,"dummy","3074752","Terry Rozier",0.186832084935459
2018,5,"dummy","3908809","Donovan Mitchell",0.173103728160602
2018,5,"dummy","2530780","Shabazz Napier",0.157517594859682
2018,5,"dummy","2990992","Marcus Smart",0.155713408230523
2018,5,"dummy","2960236","Maximilian Kleber",0.1472561984017
2018,5,"dummy","3448","Brook Lopez",0.13836999150624
2018,5,"dummy","6466","Chandler Parsons",0.134107941493152
2018,5,"dummy","2489785","Ian Clark",0.126056075726062
2018,5,"dummy","6631","Tyler Zeller",0.123038321327987
2018,5,"dummy","2797","Marvin Williams",0.119826444255312
2018,5,"dummy","4230547","Frank Ntilikina",0.115630931456816
2018,5,"dummy","2489663","Kelly Olynyk",0.113898488512399
2018,5,"dummy","4258","DeMarcus Cousins",0.107743278293022
2018,5,"dummy","6477","Jonas Valanciunas",0.105157952602115
2018,5,"dummy","3970","DeMarre Carroll",0.10469272561246
2018,5,"dummy","4066650","Zach Collins",0.10295794252949
2018,5,"dummy","1987","Dwyane Wade",0.0998654084302682
2018,5,"dummy","6443","Reggie Jackson",0.0945822083464592
2018,5,"dummy","1966","LeBron James",0.0912205024313229
2018,5,"dummy","2531210","Allen Crabbe",0.0902565296209984
2018,5,"dummy","3059316","Wayne Selden",0.0864844299306084
2018,5,"dummy","3064514","Julius Randle",0.0859977595703232
2018,5,"dummy","2528794","Joe Harris",0.0771089700276759
2018,5,"dummy","4251","Paul George",0.0547901768241254
2018,5,"dummy","4011","Ricky Rubio",0.0543003560240294
2018,5,"dummy","2488977","Jamil Wilson",0.0407553586705406
2018,5,"dummy","609","Dirk Nowitzki",0.0358359495517794
2018,5,"dummy","4237","John Wall",0.0323328261719598
2018,5,"dummy","3952343",NA,0.0299659371525294
2018,5,"dummy","3102530","Jusuf Nurkic",0.0283432094932154
2018,5,"dummy","1975","Carmelo Anthony",0.0265569637525474
2018,5,"dummy","6585","Andre Drummond",0.0260840829479037
2018,5,"dummy","4262","Hassan Whiteside",0.0198917527279629
2018,5,"dummy","2566769","Malcolm Brogdon",0.018682968694712
2018,5,"dummy","4015","Jeff Teague",0.0165787431693351
2018,5,"dummy","3062679","Josh Hart",0.012456844683059
2018,5,"dummy","2284101","Justin Holiday",0.0103619390720029
2018,5,"dummy","3032978","Dario Saric",0.00359294764454006
2018,5,"dummy","3412","Ryan Anderson",0.00308807166860013
2018,5,"dummy","6609","Khris Middleton",0.000989642687123917
2018,5,"dummy","pair_3423_3999",NA,0.000600072202282949
2018,5,"dummy","2530530","T.J. McConnell",-0.00315569927912275
2018,5,"dummy","3155942","Domantas Sabonis",-0.00607527097141151
2018,5,"dummy","pair_2968436_3908809",NA,-0.0124382036349281
2018,5,"dummy","2488653","Mason Plumlee",-0.0133805575693505
2018,5,"dummy","6440","Tobias Harris",-0.0156763305203304
2018,5,"dummy","4305","Ish Smith",-0.0165134928862082
2018,5,"dummy","2579294","Frank Kaminsky",-0.0187733909141855
2018,5,"dummy","2451037","Daniel Theis",-0.0409642709467668
2018,5,"dummy","3209","Jeff Green",-0.0466411452576846
2018,5,"dummy","3447","Robin Lopez",-0.0484183896484022
2018,5,"dummy","3442","DeAndre Jordan",-0.0691917021556317
2018,5,"dummy","2991042","Nik Stauskas",-0.0694257058182979
2018,5,"dummy","3915560","Tyler Dorsey",-0.0735469916867102
2018,5,"dummy","3136196","Trey Lyles",-0.0945124109837492
2018,5,"dummy","2806","Jose Calderon",-0.09809706084373
2018,5,"dummy","3893019","Timothe Luwawu-Cabarrot",-0.10253299971469
2018,5,"dummy","4250","Luke Babbitt",-0.103711831032768
2018,5,"dummy","6615","Kyle O'Quinn",-0.104736087381551
2018,5,"dummy","4004","Patty Mills",-0.105610517858884
2018,5,"dummy","4017837","Ivica Zubac",-0.111172645402745
2018,5,"dummy","2490149","CJ McCollum",-0.114982813043538
2018,5,"dummy","2528779","Reggie Bullock",-0.120897276943399
2018,5,"dummy","6588","Evan Fournier",-0.121246693574914
2018,5,"dummy","4066421","Lonzo Ball",-0.121784418085594
2018,5,"dummy","4257","Derrick Favors",-0.13122548399207
2018,5,"dummy","6462","Marcus Morris",-0.131353461236563
2018,5,"dummy","2384","Dwight Howard",-0.136335371294946
2018,5,"dummy","6637","Kent Bazemore",-0.136398214443186
2018,5,"dummy","2767","Ersan Ilyasova",-0.140561475333527
2018,5,"dummy","2994526","Bryn Forbes",-0.145050554786035
2018,5,"dummy","6478","Nikola Vucevic",-0.154319010465595
2018,5,"dummy","3195","Mike Conley",-0.157247119319987
2018,5,"dummy","2991149","Damyean Dotson",-0.159935952793284
2018,5,"dummy","pair_1966_2444",NA,-0.160339420624952
2018,5,"dummy","3135047","Justise Winslow",-0.160970584610663
2018,5,"dummy","984","Tyson Chandler",-0.163893563158469
2018,5,"dummy","2528588","Doug McDermott",-0.164075500594062
2018,5,"dummy","3057187","Sterling Brown",-0.168571977756211
2018,5,"dummy","2968436","Joe Ingles",-0.185575187736155
2018,5,"dummy","4299","Jeremy Lin",-0.185714740023411
2018,5,"dummy","3423","Goran Dragic",-0.188136116396233
2018,5,"dummy","2489716","Matthew Dellavedova",-0.196790193618787
2018,5,"dummy","6460","E'Twaun Moore",-0.201517137389381
2018,5,"dummy","2489530","Troy Daniels",-0.21235536724358
2018,5,"dummy","2367","Tony Allen",-0.214433235869776
2018,5,"dummy","3015","Paul Millsap",-0.21690789027769
2018,5,"dummy","2982340","Justin Anderson",-0.223581460244464
2018,5,"dummy","3155526","Dillon Brooks",-0.226189092276725
2018,5,"dummy","2991043","Caris LeVert",-0.228688182411727
2018,5,"dummy","3243","Nick Young",-0.237946686699487
2018,5,"dummy","4238","Eric Bledsoe",-0.23912797368367
2018,5,"dummy","3936296","Skal Labissiere",-0.244597455684238
2018,5,"dummy","4247","Wesley Johnson",-0.247745235040935
2018,5,"dummy","2325499","C.J. Williams",-0.250380917648132
2018,5,"dummy","3194","Wilson Chandler",-0.260887842498575
2018,5,"dummy","3554","Omri Casspi",-0.263109521129818
2018,5,"dummy","6617","Austin Rivers",-0.265407885968289
2018,5,"dummy","6461","Markieff Morris",-0.275492247313013
2018,5,"dummy","3906671","Caleb Swanigan",-0.276305598479581
2018,5,"dummy","841","Jason Terry",-0.279408637262912
2018,5,"dummy","2993370","Richaun Holmes",-0.283262006011067
2018,5,"dummy","4065654","Jonathan Isaac",-0.284878388493919
2018,5,"dummy","3989","Blake Griffin",-0.285959449990651
2018,5,"dummy","3419","Mario Chalmers",-0.290594677486705
2018,5,"dummy","3416","Nicolas Batum",-0.294448683555603
2018,5,"dummy","3908845","John Collins",-0.296023183847218
2018,5,"dummy","3032980","Lucas Nogueira",-0.296753948008737
2018,5,"dummy","3913176","Brandon Ingram",-0.298359084001799
2018,5,"dummy","3593","Bojan Bogdanovic",-0.300847885776137
2018,5,"dummy","6429","Alec Burks",-0.301696071472376
2018,5,"dummy","2444","JR Smith",-0.302214234946411
2018,5,"dummy","996","Pau Gasol",-0.312062163299304
2018,5,"dummy","2530276","Tyler Johnson",-0.313985100991743
2018,5,"dummy","2608891","JaKarr Sampson",-0.317192717201432
2018,5,"dummy","3133628","Myles Turner",-0.332082419714328
2018,5,"dummy","pair_2284101_4066336",NA,-0.334719653650878
2018,5,"dummy","3452","JaVale McGee",-0.349802017704825
2018,5,"dummy","2758","Marcin Gortat",-0.353610302295497
2018,5,"dummy","2439","Jameer Nelson",-0.356538499684359
2018,5,"dummy","6446","Cory Joseph",-0.358564109507773
2018,5,"dummy","3445","Courtney Lee",-0.363707795004637
2018,5,"dummy","2595516","Norman Powell",-0.366591535098101
2018,5,"dummy","2753","Raymond Felton",-0.369500936262707
2018,5,"dummy","6485","Lance Thomas",-0.369668128657525
2018,5,"dummy","2991155","Danuel House",-0.379317576741136
2018,5,"dummy","3937101","Deyonta Davis",-0.382287685262688
2018,5,"dummy","pair_2991282_3037789",NA,-0.40126422043349
2018,5,"dummy","2769","Amir Johnson",-0.410944397735332
2018,5,"dummy","4244","Lance Stephenson",-0.416293621174607
2018,5,"dummy","4017843","Thon Maker",-0.419317455334835
2018,5,"dummy","2959753","Joffrey Lauvergne",-0.43692759347128
2018,5,"dummy","2991070","Jerami Grant",-0.445175963341967
2018,5,"dummy","1015","Tony Parker",-0.454152107441774
2018,5,"dummy","2991350","Alex Caruso",-0.459185443225012
2018,5,"dummy","pair_2799_3442",NA,-0.461273299998477
2018,5,"dummy","2579260","Trey Burke",-0.475197554731717
2018,5,"dummy","272","Manu Ginobili",-0.477140870194749
2018,5,"dummy","2999549","Denzel Valentine",-0.47901504413473
2018,5,"dummy","3064517","Jarell Martin",-0.48042439019357
2018,5,"dummy","2990962","Taurean Prince",-0.503567191116484
2018,5,"dummy","3134907","Kyle Kuzma",-0.504592467525283
2018,5,"dummy","pair_3155526_3206",NA,-0.504845084063472
2018,5,"dummy","3138156","Justin Jackson",-0.512084166093957
2018,5,"dummy","4032","Wesley Matthews",-0.527696565889203
2018,5,"dummy","2578185","Dorian Finney-Smith",-0.53313100435287
2018,5,"dummy","3032979","Dennis Schroder",-0.541369289096778
2018,5,"dummy","4066336","Lauri Markkanen",-0.54715621871933
2018,5,"dummy","4023","Garrett Temple",-0.550021010211439
2018,5,"dummy","3418","Michael Beasley",-0.554253262037617
2018,5,"dummy","2596107","Alex Len",-0.554668550243914
2018,5,"dummy","3064291","Rondae Hollis-Jefferson",-0.560539930746886
2018,5,"dummy","2991282","Willie Cauley-Stein",-0.562134514408459
2018,5,"dummy","4240","Avery Bradley",-0.566713080803482
2018,5,"dummy","2991047","Ryan Arcidiacono",-0.570730592460454
2018,5,"dummy","pair_2990962_3032979",NA,-0.574582381748662
2018,5,"dummy","2995706","Mario Hezonja",-0.575483768428637
2018,5,"dummy","3449","Kevin Love",-0.582727549506522
2018,5,"dummy","3136194","Tyler Ulis",-0.582902982880142
2018,5,"dummy","2282205","Malcolm Delaney",-0.584552540258269
2018,5,"dummy","6474","Tristan Thompson",-0.587099556869518
2018,5,"dummy","3415","D.J. Augustin",-0.589738202296937
2018,5,"dummy","2583639","Elfrid Payton",-0.593074367104412
2018,5,"dummy","3417","Jerryd Bayless",-0.597939029028354
2018,5,"dummy","2579321","James Ennis",-0.608178972018085
2018,5,"dummy","6628","Dion Waiters",-0.620672071650052
2018,5,"dummy","4003","Jodie Meeks",-0.635229704540241
2018,5,"dummy","4385",NA,-0.638215887358591
2018,5,"dummy","pair_4032_6578",NA,-0.639434270205102
2018,5,"dummy","pair_3445_6447",NA,-0.642134345384126
2018,5,"dummy","2778","CJ Miles",-0.655592311969421
2018,5,"dummy","3231","Ramon Sessions",-0.660075436899945
2018,5,"dummy","6622","Mike Scott",-0.66049130134056
2018,5,"dummy","3999","James Johnson",-0.675684274527867
2018,5,"dummy","2488945","Tim Frazier",-0.686380192821552
2018,5,"dummy","4066261","Bam Adebayo",-0.697677846483981
2018,5,"dummy","3037789","Bogdan Bogdanovic",-0.700870912558467
2018,5,"dummy","3206","Marc Gasol",-0.71115871724898
2018,5,"dummy","3064440","Zach LaVine",-0.716553486267606
2018,5,"dummy","2991139","Kris Dunn",-0.720974978018564
2018,5,"dummy","2982334","TJ Warren",-0.732064966960505
2018,5,"dummy","3026","Rajon Rondo",-0.734291628551356
2018,5,"dummy","3078284","Noah Vonleh",-0.734581173963797
2018,5,"dummy","6433","Kenneth Faried",-0.739082123337495
2018,5,"dummy","6581","Jae Crowder",-0.73923754778883
2018,5,"dummy","4239","Evan Turner",-0.740453434562894
2018,5,"dummy","2528693","Torrey Craig",-0.745098764365525
2018,5,"dummy","3136193","Devin Booker",-0.754033681404216
2018,5,"dummy","2327577","JaMychal Green",-0.758600262159153
2018,5,"dummy","2531047","Jerian Grant",-0.759482688257339
2018,5,"dummy","2581177","Rodney Hood",-0.762677708318085
2018,5,"dummy","4011991","Dragan Bender",-0.771909768076825
2018,5,"dummy","3064539","Sindarius Thornwell",-0.776916923821253
2018,5,"dummy","3136776","D'Angelo Russell",-0.78102168627081
2018,5,"dummy","3074797","Wesley Iwundu",-0.781436492959128
2018,5,"dummy","6578","Harrison Barnes",-0.78224136712026
2018,5,"dummy","3907821","Dwayne Bacon",-0.794466498170818
2018,5,"dummy","6605","Meyers Leonard",-0.800670151204144
2018,5,"dummy","4066297","Josh Jackson",-0.801985953756967
2018,5,"dummy","2761","Gerald Green",-0.803695044761945
2018,5,"dummy","3062667","DeAndre' Bembry",-0.84266232320539
2018,5,"dummy","2596108","Michael Carter-Williams",-0.845634255248223
2018,5,"dummy","3907386","Antonio Blakeney",-0.867713817694925
2018,5,"dummy","2581084","Johnny O'Bryant",-0.877187999944398
2018,5,"dummy","2534781","Gorgui Dieng",-0.886563715041446
2018,5,"dummy","6616","Miles Plumlee",-0.909624697503208
2018,5,"dummy","2531352","Eric Moreland",-0.918655080667458
2018,5,"dummy","3438","George Hill",-0.944292909267164
2018,5,"dummy","3191","Corey Brewer",-0.980163412393354
2018,5,"dummy","4066259","De'Aaron Fox",-0.985795602908063
2018,5,"dummy","2579466","Jonathon Simmons",-0.988635751481777
2018,5,"dummy","3056600","Jabari Parker",-0.991687986755417
2018,5,"dummy","4230546","Terrance Ferguson",-1.01022145553969
2018,5,"dummy","4017846",NA,-1.01326880983959
2018,5,"dummy","2528393","Tarik Black",-1.01714520159547
2018,5,"dummy","2995702","Alex Abrines",-1.01826979727015
2018,5,"dummy","6591","Maurice Harkless",-1.02614488391012
2018,5,"dummy","6447","Enes Kanter",-1.03193708724896
2018,5,"dummy","4264","Patrick Patterson",-1.0366385886015
2018,5,"dummy","2488689","Sean Kilpatrick",-1.04303248684273
2018,5,"dummy","2488911","Brandon Paul",-1.08388436754815
2018,5,"dummy","2595231","Treveon Graham",-1.10602884707178
2018,5,"dummy","1",NA,-1.10672874128216
2018,5,"dummy","3064511","Andrew Harrison",-1.13889377368823
2018,5,"dummy","3907487","Marquese Chriss",-1.14620469092437
2018,5,"dummy","3190","Marco Belinelli",-1.16172036498748
2018,5,"dummy","3444","Kosta Koufos",-1.17078765201247
2018,5,"dummy","4017839","Juan Hernangomez",-1.1774532723639
2018,5,"dummy","4065697","Dennis Smith",-1.18047358798261
2018,5,"dummy","4066328","Jarrett Allen",-1.18798442512594
2018,5,"dummy","3059281","Tyler Ennis",-1.23266808297816
2018,5,"dummy","3056602","Semi Ojeleye",-1.23402568055451
2018,5,"dummy","2992564","Milton Doyle",-1.25456410013122
2018,5,"dummy","1017","Zach Randolph",-1.26473046938887
2018,5,"dummy","165","Jamal Crawford",-1.27593177961525
2018,5,"dummy","2528386","Joe Young",-1.282923268341
2018,5,"dummy","2990972","Andrew White",-1.30468142256783
2018,5,"dummy","3137730","Patrick McCaw",-1.31197404707619
2018,5,"dummy","6453","DeAndre Liggins",-1.38443976775117
2018,5,"dummy","2578259","Darrun Hilliard",-1.42525530455179
2018,5,"dummy","3064520","Jordan Mickey",-1.47838274092591
2018,5,"dummy","1007","Joe Johnson",-1.50198315039398
2018,5,"dummy","2747","Andrew Bogut",-1.5397902874122
2018,5,"dummy","4260","Greg Monroe",-1.55427097359491
2018,5,"dummy","6427","Bismack Biyombo",-1.60861535644305
2018,5,"dummy","2531100","Adreian Payne",-1.62082976719606
2018,5,"dummy","3934663","Malachi Richardson",-1.62647929546106
2018,5,"dummy","pair_4011991_4066297",NA,-1.63248312879935
2018,5,"dummy","2578213","Ben McLemore",-1.63580075760248
2018,5,"dummy","3892818","Emmanuel Mudiay",-1.66736992776466
2018,5,"dummy","3079021",NA,-1.73812883082445
2018,5,"dummy","3456","Derrick Rose",-1.74865833299253
2018,5,"dummy","3893023","Paul Zipser",-1.75151719891691
2018,5,"dummy","3917378","Ivan Rabb",-1.75549590748061
2018,5,"dummy","2999409","Willy Hernangomez",-1.77023190589635
2018,5,"dummy","346",NA,-1.79484313314767
2018,5,"dummy","3413","Darrell Arthur",-1.79787540595439
2018,5,"dummy","4253","Quincy Pondexter",-1.92404346023365
2018,5,"dummy","2595229","Briante Weber",-1.98418230041896
2018,5,"dummy","2566745","Quinn Cook",-2.03912363362522
2018,5,"dummy","2",NA,-2.12057633630042
2018,5,"dummy","6472","Isaiah Thomas",-2.194330297006
2018,5,"dummy","3062897","Alec Peters",-2.2363544575653
2018,5,"dummy","4066262","Malik Monk",-2.40739362642006
2018,5,"dummy","3064509","James Young",-2.57075733220033
2018,5,"dummy","3232","Jason Smith",-2.60107077817853
2018,5,"dummy","4298","Timofey Mozgov",-2.61933051309981
2018,5,"dummy","4066425","T.J. Leaf",-2.81733690502444
2018,5,"dummy","1006","Richard Jefferson",-2.93351175553072
2018,5,"dummy","2993875","Shabazz Muhammad",-2.99181267906489
2018,5,"dummy","4661",NA,-3.04351234971266
2018,5,"dummy","3064560","Luke Kornet",-3.05678978807522
2018,5,"dummy","3919335","Cheick Diallo",-3.14121229676652
2018,5,"dummy","2595435","Abdel Nader",-3.15740553775548
2018,5,"dummy","3135048","Jahlil Okafor",-3.25798287286661
2018,5,"dummy","3059310",NA,-3.46869892768344
2018,5,"dummy","2530750",NA,-3.573027461683
2018,5,"dummy","3113587","Cristiano Felicio",-3.74828774488862
2018,5,"dummy","4066636","Markelle Fultz",-3.77035908978669
2018,5,"dummy","2991280","Nerlens Noel",-4.07560700436008
2018,5,"dummy","3056273","Derrick Walton",-4.40967129239873
2018,5,"dummy","3074765","Isaiah Hicks",-4.94273201339802
2018,5,"dummy","3059262","Davon Reed",-5.41152232456498
2018,5,"dummy","2429",NA,-7.30682551022421
2018,5,"dummy","3001308","Josh Gray",-7.69141218532285
2018,5,"dummy","3",NA,-9.02067482342471
2018,5,"dummy","4",NA,-9.87647941072465
2018,5,"dummy","4243","Jordan Crawford",-10.2261924815341
2018,10,"dummy","4249",NA,3.63437142936397
2018,10,"dummy","3064230","Cameron Payne",2.76380744823938
2018,10,"dummy","2399","Emeka Okafor",2.70729975128114
2018,10,"dummy","3134903","Gary Payton",2.16668630504639
2018,10,"dummy","2583632","Royce O'Neale",2.10661117861344
2018,10,"dummy","3135046","Tyus Jones",1.96396499173813
2018,10,"dummy","1713","Nene ",1.9132622806611
2018,10,"dummy","3059336","Isaiah Taylor",1.8795417380135
2018,10,"dummy","2779","Chris Paul",1.78198287585073
2018,10,"dummy","3934719","OG Anunoby",1.74753634712367
2018,10,"dummy","2393","Shaun Livingston",1.63766950060499
2018,10,"dummy","3134908","Jakob Poeltl",1.5604949657276
2018,10,"dummy","2991230","Fred VanVleet",1.53945077287028
2018,10,"dummy","3033","PJ Tucker",1.51475727450878
2018,10,"dummy","3975","Stephen Curry",1.47066022101589
2018,10,"dummy","3062744","David Nwaba",1.47019895101202
2018,10,"dummy","3907497","Dejounte Murray",1.45670829658695
2018,10,"dummy","pair_2527963_3244",NA,1.42863733511649
2018,10,"dummy","2490589","Isaiah Canaan",1.41283983615692
2018,10,"dummy","3451","Luc Mbah",1.39915160530633
2018,10,"dummy","2991039","Glenn Robinson",1.338942708789
2018,10,"dummy","2011","Kyle Korver",1.31945540911555
2018,10,"dummy","3064427","Jordan Bell",1.29385624432139
2018,10,"dummy","2594922","Otto Porter",1.28194001329157
2018,10,"dummy","2490620","Robert Covington",1.27344853289084
2018,10,"dummy","3912854","Jawun Evans",1.25104540757545
2018,10,"dummy","6450","Kawhi Leonard",1.24063761151097
2018,10,"dummy","3149673","Pascal Siakam",1.24008670724773
2018,10,"dummy","3064482","Bobby Portis",1.23436113539111
2018,10,"dummy","2991055","Montrezl Harrell",1.2284977930853
2018,10,"dummy","3059318","Joel Embiid",1.19662113820734
2018,10,"dummy","4269","Nemanja Bjelica",1.18995567050205
2018,10,"dummy","pair_2490620_3907387",NA,1.17271572891396
2018,10,"dummy","3201","Jared Dudley",1.15875339123592
2018,10,"dummy","2579251","Myke Henry",1.13866415396319
2018,10,"dummy","3213","Al Horford",1.13505585275116
2018,10,"dummy","2386","Andre Iguodala",1.11556459328878
2018,10,"dummy","3964","Patrick Beverley",1.10471102932312
2018,10,"dummy","2774","Ian Mahinmi",1.09612155291238
2018,10,"dummy","3431","Eric Gordon",1.09052805891559
2018,10,"dummy","2530596","Andre Roberson",1.06618443627216
2018,10,"dummy","pair_3032977_6609",NA,1.03940343659922
2018,10,"dummy","2531367","Dwight Powell",1.02575943796289
2018,10,"dummy","6503","Dwight Buycks",1.01318266224734
2018,10,"dummy","2528096","Mike James",1.01271212327967
2018,10,"dummy","6589","Draymond Green",0.990316184765084
2018,10,"dummy","6430","Jimmy Butler",0.981872193888097
2018,10,"dummy","2382","Devin Harris",0.954060890334609
2018,10,"dummy","6459","Nikola Mirotic",0.948967127602257
2018,10,"dummy","3002137","Tyrone Wallace",0.93946569720713
2018,10,"dummy","4261","Ekpe Udoh",0.9245667100018
2018,10,"dummy","2016","Zaza Pachulia",0.924534019733935
2018,10,"dummy","6468","Iman Shumpert",0.92344038738367
2018,10,"dummy","2528473","Okaro White",0.92222143644217
2018,10,"dummy","3032977","Giannis Antetokounmpo",0.904534478034191
2018,10,"dummy","3936099","Derrick Jones",0.896756445665286
2018,10,"dummy","3981","Wayne Ellington",0.868894208578519
2018,10,"dummy","pair_2594922_6580",NA,0.868079832984553
2018,10,"dummy","pair_2580782_3970",NA,0.85219136161076
2018,10,"dummy","6452","Jon Leuer",0.844457322904143
2018,10,"dummy","3983","Tyreke Evans",0.83088539528784
2018,10,"dummy","3998","Jonas Jerebko",0.816207213137592
2018,10,"dummy","2426","Trevor Ariza",0.804563155167335
2018,10,"dummy","6601","Michael Kidd-Gilchrist",0.794080850589336
2018,10,"dummy","4248","Al-Farouq Aminu",0.791214700457575
2018,10,"dummy","2528210","Tim Hardaway",0.783326134405955
2018,10,"dummy","3102531","Kristaps Porzingis",0.779807422620718
2018,10,"dummy","3992","James Harden",0.753223416255678
2018,10,"dummy","2579258","Cody Zeller",0.752361910185802
2018,10,"dummy","2991235","Steven Adams",0.743145832654504
2018,10,"dummy","2991018","Yogi Ferrell",0.728424045579135
2018,10,"dummy","pair_2983_4004",NA,0.727740069552483
2018,10,"dummy","2968439","Aron Baynes",0.724822263562975
2018,10,"dummy","2527963","Victor Oladipo",0.722794820193098
2018,10,"dummy","3917376","Jaylen Brown",0.722571664019098
2018,10,"dummy","4259","Ed Davis",0.712474666105711
2018,10,"dummy","6475","Klay Thompson",0.704677788996683
2018,10,"dummy","4066335","Kobi Simmons",0.701717133389434
2018,10,"dummy","3136195","Karl-Anthony Towns",0.699935921857583
2018,10,"dummy","2993874","Kyle Anderson",0.696354891682884
2018,10,"dummy","3028","Thabo Sefolosha",0.694370986481708
2018,10,"dummy","pair_3468_4251",NA,0.692426169507996
2018,10,"dummy","6479","Kemba Walker",0.68519878924672
2018,10,"dummy","6603","Jeremy Lamb",0.660693786210587
2018,10,"dummy","pair_3995_6583",NA,0.65886565270405
2018,10,"dummy","pair_3213_4065648",NA,0.657536452777577
2018,10,"dummy","3112335","Nikola Jokic",0.646326506205809
2018,10,"dummy","2580913","Dewayne Dedmon",0.640551547266573
2018,10,"dummy","2581190","Josh Richardson",0.635709158697298
2018,10,"dummy","3032976","Rudy Gobert",0.629759305429367
2018,10,"dummy","6621","Tomas Satoransky",0.627099118240626
2018,10,"dummy","3064447","Delon Wright",0.611457702929662
2018,10,"dummy","3024","JJ Redick",0.60939955254349
2018,10,"dummy","3974","Dante Cunningham",0.608855520719135
2018,10,"dummy","3986","Taj Gibson",0.603383907750837
2018,10,"dummy","3202","Kevin Durant",0.572944015113115
2018,10,"dummy","3102529","Clint Capela",0.571506166992227
2018,10,"dummy","6610","Darius Miller",0.571497129062035
2018,10,"dummy","3460","Marreese Speights",0.571100894073312
2018,10,"dummy","2768","Jarrett Jack",0.56178786361539
2018,10,"dummy","6606","Damian Lillard",0.561594992625397
2018,10,"dummy","3012","Kyle Lowry",0.545618419834823
2018,10,"dummy","pair_2581018_3064514",NA,0.537608169000855
2018,10,"dummy","3973","Darren Collison",0.533157629043245
2018,10,"dummy","2580365","Larry Nance",0.526466038134819
2018,10,"dummy","2982349","Tyler Cavanaugh",0.514659067853168
2018,10,"dummy","2983","LaMarcus Aldridge",0.513923619344393
2018,10,"dummy","3988","Danny Green",0.511827909195635
2018,10,"dummy","4065648","Jayson Tatum",0.491069656271981
2018,10,"dummy","2578239","Pat Connaughton",0.490433222084654
2018,10,"dummy","6454","Shelvin Mack",0.489945326647613
2018,10,"dummy","3907387","Ben Simmons",0.489071839310552
2018,10,"dummy","3995","Jrue Holiday",0.485937125916381
2018,10,"dummy","2968458","Salah Mejri",0.482004228237853
2018,10,"dummy","6583","Anthony Davis",0.480041051916027
2018,10,"dummy","2580782","Spencer Dinwiddie",0.473539436634232
2018,10,"dummy","4192","Milos Teodosic",0.46977035651187
2018,10,"dummy","2528353","Tony Snell",0.456970674823497
2018,10,"dummy","pair_2490149_6606",NA,0.455185684869845
2018,10,"dummy","pair_3059319_3986",NA,0.452933886893504
2018,10,"dummy","2799","Lou Williams",0.43877092920054
2018,10,"dummy","3936299","Jamal Murray",0.434115849502843
2018,10,"dummy","2530572","Langston Galloway",0.426562862230967
2018,10,"dummy","3439","Serge Ibaka",0.41944670182331
2018,10,"dummy","pair_3112335_3936299",NA,0.416164615586695
2018,10,"dummy","3913174","Luke Kennard",0.414118395883378
2018,10,"dummy","6442","Kyrie Irving",0.414113142798966
2018,10,"dummy","3134881","Stanley Johnson",0.406455056160822
2018,10,"dummy","3244","Thaddeus Young",0.405157335229909
2018,10,"dummy","3468","Russell Westbrook",0.403433968588996
2018,10,"dummy","2999547","Gary Harris",0.402384922951753
2018,10,"dummy","2581018","Kentavious Caldwell-Pope",0.397433434244314
2018,10,"dummy","6426","Davis Bertans",0.37976412206727
2018,10,"dummy","3428","Danilo Gallinari",0.369141648584299
2018,10,"dummy","2990984","Buddy Hield",0.368678989656866
2018,10,"dummy","3059315","Frank Mason",0.366016785999495
2018,10,"dummy","3276","Anthony Tolliver",0.363443835415257
2018,10,"dummy","2531364","Josh Huestis",0.361248900772205
2018,10,"dummy","6579","Will Barton",0.357262857456531
2018,10,"dummy","3059319","Andrew Wiggins",0.355439440043672
2018,10,"dummy","2490089","Mike Muscala",0.331063796906228
2018,10,"dummy","pair_3033_3992",NA,0.328718005051979
2018,10,"dummy","4270","Trevor Booker",0.3286418685211
2018,10,"dummy","6592","John Henson",0.327679856859915
2018,10,"dummy","6466","Chandler Parsons",0.321323433641545
2018,10,"dummy","pair_3064290_6588",NA,0.301595438073896
2018,10,"dummy","pair_4305_6585",NA,0.297228948032555
2018,10,"dummy","3978","DeMar DeRozan",0.292045553437774
2018,10,"dummy","2960236","Maximilian Kleber",0.281283039201352
2018,10,"dummy","6576","Quincy Acy",0.276662753742885
2018,10,"dummy","3005","Rudy Gay",0.261995601876765
2018,10,"dummy","3064290","Aaron Gordon",0.25929584094132
2018,10,"dummy","pair_3202_6475",NA,0.256362270403161
2018,10,"dummy","pair_2384_6479",NA,0.245504838092613
2018,10,"dummy","6619","Terrence Ross",0.240186386407663
2018,10,"dummy","3055","J.J. Barea",0.236639849147521
2018,10,"dummy","136","Vince Carter",0.224043499597749
2018,10,"dummy","1987","Dwyane Wade",0.209343576023865
2018,10,"dummy","3908809","Donovan Mitchell",0.195008008530737
2018,10,"dummy","pair_3012_3978",NA,0.193519537087353
2018,10,"dummy","2528426","Jordan Clarkson",0.191966938544901
2018,10,"dummy","2389","Al Jefferson",0.188901980007679
2018,10,"dummy","3074752","Terry Rozier",0.188447460482228
2018,10,"dummy","6580","Bradley Beal",0.18260794192273
2018,10,"dummy","4230547","Frank Ntilikina",0.179778764258682
2018,10,"dummy","1966","LeBron James",0.177753404338444
2018,10,"dummy","3133603","Kelly Oubre",0.172058868842145
2018,10,"dummy","2530780","Shabazz Napier",0.170284108942207
2018,10,"dummy","2990992","Marcus Smart",0.170036560261417
2018,10,"dummy","3059316","Wayne Selden",0.169121606864586
2018,10,"dummy","3448","Brook Lopez",0.167859334873575
2018,10,"dummy","6631","Tyler Zeller",0.155970195244023
2018,10,"dummy","4258","DeMarcus Cousins",0.140318742274478
2018,10,"dummy","6443","Reggie Jackson",0.118429471504643
2018,10,"dummy","3970","DeMarre Carroll",0.11770310529758
2018,10,"dummy","3064514","Julius Randle",0.11348130245609
2018,10,"dummy","4066650","Zach Collins",0.101729135493473
2018,10,"dummy","2797","Marvin Williams",0.0996831108542343
2018,10,"dummy","2489663","Kelly Olynyk",0.0964861485981438
2018,10,"dummy","2531210","Allen Crabbe",0.0836214473654502
2018,10,"dummy","609","Dirk Nowitzki",0.0806720905714677
2018,10,"dummy","pair_3423_3999",NA,0.0707256840390791
2018,10,"dummy","6477","Jonas Valanciunas",0.0704233470064872
2018,10,"dummy","3209","Jeff Green",0.0629833933517853
2018,10,"dummy","3102530","Jusuf Nurkic",0.0536693928642305
2018,10,"dummy","2566769","Malcolm Brogdon",0.050451839196837
2018,10,"dummy","4251","Paul George",0.0461524322129564
2018,10,"dummy","2284101","Justin Holiday",0.0377163909371693
2018,10,"dummy","4011","Ricky Rubio",0.036778712754621
2018,10,"dummy","2528794","Joe Harris",0.0332000418401098
2018,10,"dummy","6585","Andre Drummond",0.0259118200864565
2018,10,"dummy","2488977","Jamil Wilson",0.000943988816657396
2018,10,"dummy","2488653","Mason Plumlee",-0.000179680347120607
2018,10,"dummy","3062679","Josh Hart",-0.00321529756599939
2018,10,"dummy","1975","Carmelo Anthony",-0.00335677688758893
2018,10,"dummy","4262","Hassan Whiteside",-0.00461036616971677
2018,10,"dummy","6440","Tobias Harris",-0.00973701284101925
2018,10,"dummy","4237","John Wall",-0.0113763920862722
2018,10,"dummy","2806","Jose Calderon",-0.0116274464458909
2018,10,"dummy","3915560","Tyler Dorsey",-0.012586399757947
2018,10,"dummy","6609","Khris Middleton",-0.0164475147432044
2018,10,"dummy","pair_2968436_3908809",NA,-0.0178168549645987
2018,10,"dummy","3447","Robin Lopez",-0.0205954138660676
2018,10,"dummy","2489785","Ian Clark",-0.0277708861166747
2018,10,"dummy","2530530","T.J. McConnell",-0.0299643219584025
2018,10,"dummy","3032978","Dario Saric",-0.0324930708423038
2018,10,"dummy","4305","Ish Smith",-0.0336914525987812
2018,10,"dummy","4015","Jeff Teague",-0.0351439573626429
2018,10,"dummy","6615","Kyle O'Quinn",-0.0355214251281547
2018,10,"dummy","4250","Luke Babbitt",-0.05668542053631
2018,10,"dummy","3195","Mike Conley",-0.0692345732528682
2018,10,"dummy","3155942","Domantas Sabonis",-0.0728019923004513
2018,10,"dummy","3412","Ryan Anderson",-0.0750139796859834
2018,10,"dummy","3442","DeAndre Jordan",-0.08322379227903
2018,10,"dummy","2767","Ersan Ilyasova",-0.0878516361679563
2018,10,"dummy","6588","Evan Fournier",-0.0903449408425787
2018,10,"dummy","4257","Derrick Favors",-0.0972497753790007
2018,10,"dummy","984","Tyson Chandler",-0.0978348243271203
2018,10,"dummy","2528588","Doug McDermott",-0.103683876965221
2018,10,"dummy","3243","Nick Young",-0.107740926820821
2018,10,"dummy","3893019","Timothe Luwawu-Cabarrot",-0.110842398934048
2018,10,"dummy","3057187","Sterling Brown",-0.113539381073518
2018,10,"dummy","4299","Jeremy Lin",-0.115419672321565
2018,10,"dummy","3136196","Trey Lyles",-0.117990487716398
2018,10,"dummy","pair_1966_2444",NA,-0.125569435426321
2018,10,"dummy","2994526","Bryn Forbes",-0.129207123845066
2018,10,"dummy","2528779","Reggie Bullock",-0.13026575938987
2018,10,"dummy","6637","Kent Bazemore",-0.134840574990437
2018,10,"dummy","2490149","CJ McCollum",-0.135350711661941
2018,10,"dummy","2451037","Daniel Theis",-0.138894637649648
2018,10,"dummy","2489716","Matthew Dellavedova",-0.140354108627998
2018,10,"dummy","4066421","Lonzo Ball",-0.141858374498463
2018,10,"dummy","2579294","Frank Kaminsky",-0.15115380030418
2018,10,"dummy","6462","Marcus Morris",-0.152380925176699
2018,10,"dummy","4004","Patty Mills",-0.160445405914224
2018,10,"dummy","3135047","Justise Winslow",-0.163811407214375
2018,10,"dummy","3155526","Dillon Brooks",-0.171747487157861
2018,10,"dummy","2489530","Troy Daniels",-0.172376566580599
2018,10,"dummy","2384","Dwight Howard",-0.173324692444824
2018,10,"dummy","2367","Tony Allen",-0.186120500183433
2018,10,"dummy","3423","Goran Dragic",-0.186943259253649
2018,10,"dummy","2325499","C.J. Williams",-0.195553262778018
2018,10,"dummy","3554","Omri Casspi",-0.200666086786976
2018,10,"dummy","6478","Nikola Vucevic",-0.201214081307104
2018,10,"dummy","2968436","Joe Ingles",-0.205117098647699
2018,10,"dummy","3936296","Skal Labissiere",-0.23249856200124
2018,10,"dummy","4247","Wesley Johnson",-0.2331841557357
2018,10,"dummy","6617","Austin Rivers",-0.245723676189841
2018,10,"dummy","3015","Paul Millsap",-0.253728659943607
2018,10,"dummy","2991043","Caris LeVert",-0.253919868361175
2018,10,"dummy","2982340","Justin Anderson",-0.26653628340038
2018,10,"dummy","3419","Mario Chalmers",-0.267930323944906
2018,10,"dummy","3908845","John Collins",-0.272106017405865
2018,10,"dummy","6460","E'Twaun Moore",-0.275547513170346
2018,10,"dummy","2444","JR Smith",-0.290839676054059
2018,10,"dummy","3194","Wilson Chandler",-0.291994839111795
2018,10,"dummy","4065654","Jonathan Isaac",-0.306497176780397
2018,10,"dummy","2608891","JaKarr Sampson",-0.31285714056818
2018,10,"dummy","6461","Markieff Morris",-0.320075374241991
2018,10,"dummy","6429","Alec Burks",-0.320487045623226
2018,10,"dummy","4238","Eric Bledsoe",-0.323441156721462
2018,10,"dummy","3989","Blake Griffin",-0.34232510107634
2018,10,"dummy","2993370","Richaun Holmes",-0.349512434260743
2018,10,"dummy","pair_2284101_4066336",NA,-0.34998623324721
2018,10,"dummy","3416","Nicolas Batum",-0.350709599285976
2018,10,"dummy","3913176","Brandon Ingram",-0.353382866124017
2018,10,"dummy","2530276","Tyler Johnson",-0.359255839312495
2018,10,"dummy","996","Pau Gasol",-0.362419697848885
2018,10,"dummy","2753","Raymond Felton",-0.378536407933194
2018,10,"dummy","pair_2991282_3037789",NA,-0.38707537796348
2018,10,"dummy","3593","Bojan Bogdanovic",-0.387209969985706
2018,10,"dummy","3133628","Myles Turner",-0.398615941267335
2018,10,"dummy","6485","Lance Thomas",-0.423925750706049
2018,10,"dummy","2758","Marcin Gortat",-0.426080711732904
2018,10,"dummy","2595516","Norman Powell",-0.426216502176846
2018,10,"dummy","4017843","Thon Maker",-0.44150197569155
2018,10,"dummy","2769","Amir Johnson",-0.449250039602912
2018,10,"dummy","3445","Courtney Lee",-0.451759906938941
2018,10,"dummy","2991070","Jerami Grant",-0.474201404747562
2018,10,"dummy","4385",NA,-0.481910073665627
2018,10,"dummy","2439","Jameer Nelson",-0.488408227111348
2018,10,"dummy","2995706","Mario Hezonja",-0.488906585898168
2018,10,"dummy","1",NA,-0.490364487308974
2018,10,"dummy","2999549","Denzel Valentine",-0.501242743314988
2018,10,"dummy","3138156","Justin Jackson",-0.502834243718005
2018,10,"dummy","3415","D.J. Augustin",-0.52589260490121
2018,10,"dummy","pair_3155526_3206",NA,-0.527057313926918
2018,10,"dummy","pair_2799_3442",NA,-0.535291861843989
2018,10,"dummy","3418","Michael Beasley",-0.544273948136237
2018,10,"dummy","6446","Cory Joseph",-0.545172679139212
2018,10,"dummy","3064517","Jarell Martin",-0.546208642891341
2018,10,"dummy","272","Manu Ginobili",-0.551289873052391
2018,10,"dummy","2990962","Taurean Prince",-0.554693845147221
2018,10,"dummy","1015","Tony Parker",-0.567874881062885
2018,10,"dummy","4023","Garrett Temple",-0.574416032470681
2018,10,"dummy","4032","Wesley Matthews",-0.575978952558839
2018,10,"dummy","2991282","Willie Cauley-Stein",-0.588133020802771
2018,10,"dummy","3032979","Dennis Schroder",-0.594480822502799
2018,10,"dummy","3134907","Kyle Kuzma",-0.595044562921571
2018,10,"dummy","4066336","Lauri Markkanen",-0.600290953197052
2018,10,"dummy","2579321","James Ennis",-0.605802025004532
2018,10,"dummy","3136194","Tyler Ulis",-0.606770184617045
2018,10,"dummy","2583639","Elfrid Payton",-0.615648071682221
2018,10,"dummy","4240","Avery Bradley",-0.615648387055022
2018,10,"dummy","3231","Ramon Sessions",-0.619994743178711
2018,10,"dummy","pair_2990962_3032979",NA,-0.622145868188668
2018,10,"dummy","6474","Tristan Thompson",-0.6226630748498
2018,10,"dummy","3064291","Rondae Hollis-Jefferson",-0.62594967462267
2018,10,"dummy","2596107","Alex Len",-0.629355641491566
2018,10,"dummy","3074797","Wesley Iwundu",-0.632449353882006
2018,10,"dummy","6628","Dion Waiters",-0.648046085956337
2018,10,"dummy","4244","Lance Stephenson",-0.65773287324887
2018,10,"dummy","2282205","Malcolm Delaney",-0.658558285119651
2018,10,"dummy","pair_4032_6578",NA,-0.678101194754955
2018,10,"dummy","3449","Kevin Love",-0.68920111930318
2018,10,"dummy","pair_3445_6447",NA,-0.692058596273271
2018,10,"dummy","3417","Jerryd Bayless",-0.716925014259777
2018,10,"dummy","3064539","Sindarius Thornwell",-0.718643367280218
2018,10,"dummy","3999","James Johnson",-0.75723628993148
2018,10,"dummy","3037789","Bogdan Bogdanovic",-0.75916319875198
2018,10,"dummy","2982334","TJ Warren",-0.781056330639542
2018,10,"dummy","3136193","Devin Booker",-0.783894015879828
2018,10,"dummy","3206","Marc Gasol",-0.788695780914304
2018,10,"dummy","6433","Kenneth Faried",-0.793168264062163
2018,10,"dummy","6622","Mike Scott",-0.797424790534928
2018,10,"dummy","6581","Jae Crowder",-0.802537740401204
2018,10,"dummy","2528693","Torrey Craig",-0.806148923702165
2018,10,"dummy","2579260","Trey Burke",-0.806973247206739
2018,10,"dummy","3064440","Zach LaVine",-0.820611683547708
2018,10,"dummy","2991139","Kris Dunn",-0.824041567682404
2018,10,"dummy","4066297","Josh Jackson",-0.828211477613959
2018,10,"dummy","6578","Harrison Barnes",-0.839041526171907
2018,10,"dummy","4011991","Dragan Bender",-0.845315962230922
2018,10,"dummy","2531047","Jerian Grant",-0.845841272421803
2018,10,"dummy","2778","CJ Miles",-0.853050841925833
2018,10,"dummy","2581177","Rodney Hood",-0.85541503739363
2018,10,"dummy","4066261","Bam Adebayo",-0.861213552705372
2018,10,"dummy","2488945","Tim Frazier",-0.86600259659701
2018,10,"dummy","4239","Evan Turner",-0.86708590253563
2018,10,"dummy","3078284","Noah Vonleh",-0.872812553680424
2018,10,"dummy","3062667","DeAndre' Bembry",-0.875084333132156
2018,10,"dummy","2327577","JaMychal Green",-0.88012433710572
2018,10,"dummy","3026","Rajon Rondo",-0.895176908413265
2018,10,"dummy","4003","Jodie Meeks",-0.89519960037428
2018,10,"dummy","3136776","D'Angelo Russell",-0.962429129268842
2018,10,"dummy","2",NA,-0.984383289322779
2018,10,"dummy","3056600","Jabari Parker",-0.995136286290537
2018,10,"dummy","6616","Miles Plumlee",-0.997918030176277
2018,10,"dummy","3907386","Antonio Blakeney",-1.00257539576305
2018,10,"dummy","2596108","Michael Carter-Williams",-1.00337874241139
2018,10,"dummy","3438","George Hill",-1.00593954476938
2018,10,"dummy","4066259","De'Aaron Fox",-1.04653690205887
2018,10,"dummy","2579466","Jonathon Simmons",-1.0672809707325
2018,10,"dummy","2534781","Gorgui Dieng",-1.11993890038111
2018,10,"dummy","2761","Gerald Green",-1.12547928091257
2018,10,"dummy","4230546","Terrance Ferguson",-1.12628814592485
2018,10,"dummy","2995702","Alex Abrines",-1.1330934884114
2018,10,"dummy","4264","Patrick Patterson",-1.1540531832375
2018,10,"dummy","6447","Enes Kanter",-1.16055894577535
2018,10,"dummy","6591","Maurice Harkless",-1.16256699453459
2018,10,"dummy","3907821","Dwayne Bacon",-1.17287278900632
2018,10,"dummy","3907487","Marquese Chriss",-1.25024828180754
2018,10,"dummy","4066328","Jarrett Allen",-1.26570847461271
2018,10,"dummy","3064511","Andrew Harrison",-1.28111235531574
2018,10,"dummy","4065697","Dennis Smith",-1.29219687001671
2018,10,"dummy","3190","Marco Belinelli",-1.31066924007085
2018,10,"dummy","3444","Kosta Koufos",-1.31842375831885
2018,10,"dummy","3137730","Patrick McCaw",-1.36417266045983
2018,10,"dummy","3059281","Tyler Ennis",-1.37880555736246
2018,10,"dummy","2595231","Treveon Graham",-1.38517820092625
2018,10,"dummy","1017","Zach Randolph",-1.3862486665169
2018,10,"dummy","2990972","Andrew White",-1.5100241060492
2018,10,"dummy","3056602","Semi Ojeleye",-1.52322315557044
2018,10,"dummy","6453","DeAndre Liggins",-1.59910412593895
2018,10,"dummy","165","Jamal Crawford",-1.62767747808018
2018,10,"dummy","1007","Joe Johnson",-1.67176959877253
2018,10,"dummy","4260","Greg Monroe",-1.7377891392981
2018,10,"dummy","pair_4011991_4066297",NA,-1.74443244579321
2018,10,"dummy","3934663","Malachi Richardson",-1.74808683534791
2018,10,"dummy","6427","Bismack Biyombo",-1.81079228369022
2018,10,"dummy","2578213","Ben McLemore",-1.82981838082325
2018,10,"dummy","3892818","Emmanuel Mudiay",-1.90376106936638
2018,10,"dummy","3",NA,-1.90947812739602
2018,10,"dummy","3456","Derrick Rose",-1.93497311909112
2018,10,"dummy","3893023","Paul Zipser",-1.93562235035169
2018,10,"dummy","3064520","Jordan Mickey",-2.08848744818739
2018,10,"dummy","6472","Isaiah Thomas",-2.46989218881092
2018,10,"dummy","4298","Timofey Mozgov",-2.86412502954997
2018,10,"dummy","4",NA,-3.51986442343755
2018,10,"dummy","3113587","Cristiano Felicio",-4.23509143201851
2018,10,"dummy","4066636","Markelle Fultz",-4.29099322355706
2018,10,"dummy","2991280","Nerlens Noel",-4.5615619115902
2018,10,"dummy","5",NA,-5.91237978035591
2018,10,"dummy","2429",NA,-8.1644683544218
2018,10,"dummy","3001308","Josh Gray",-9.43468411686375
2018,10,"dummy","4243","Jordan Crawford",-11.7683071395
2018,15,"dummy","2399","Emeka Okafor",2.50432612045304
2018,15,"dummy","3934719","OG Anunoby",1.76002980450522
2018,15,"dummy","2779","Chris Paul",1.74371232755952
2018,15,"dummy","3149673","Pascal Siakam",1.66909995007058
2018,15,"dummy","3033","PJ Tucker",1.54928931222258
2018,15,"dummy","3451","Luc Mbah",1.43249355966519
2018,15,"dummy","3907497","Dejounte Murray",1.41007513817202
2018,15,"dummy","3975","Stephen Curry",1.39815164381529
2018,15,"dummy","2490589","Isaiah Canaan",1.38785577154015
2018,15,"dummy","pair_2527963_3244",NA,1.36189430428699
2018,15,"dummy","2490620","Robert Covington",1.21713576319307
2018,15,"dummy","2011","Kyle Korver",1.21156848102589
2018,15,"dummy","2386","Andre Iguodala",1.19093082013516
2018,15,"dummy","2594922","Otto Porter",1.18772135953077
2018,15,"dummy","pair_2490620_3907387",NA,1.15263694323716
2018,15,"dummy","3059318","Joel Embiid",1.15151917596639
2018,15,"dummy","6450","Kawhi Leonard",1.14745868822858
2018,15,"dummy","3431","Eric Gordon",1.14586965104191
2018,15,"dummy","2531367","Dwight Powell",1.11638225378325
2018,15,"dummy","2528096","Mike James",1.10260864126022
2018,15,"dummy","3064447","Delon Wright",1.09922205799224
2018,15,"dummy","3213","Al Horford",1.06054488644627
2018,15,"dummy","3062744","David Nwaba",1.05474349945659
2018,15,"dummy","2530596","Andre Roberson",1.02458529162816
2018,15,"dummy","6589","Draymond Green",1.01236287471688
2018,15,"dummy","pair_3032977_6609",NA,1.00749533671147
2018,15,"dummy","3964","Patrick Beverley",0.996131955944555
2018,15,"dummy","3002137","Tyrone Wallace",0.989639393429222
2018,15,"dummy","6430","Jimmy Butler",0.98607789302249
2018,15,"dummy","3064482","Bobby Portis",0.95888640270824
2018,15,"dummy","3998","Jonas Jerebko",0.952964559484971
2018,15,"dummy","6459","Nikola Mirotic",0.921926269226562
2018,15,"dummy","2016","Zaza Pachulia",0.90355912449745
2018,15,"dummy","6468","Iman Shumpert",0.897883460680745
2018,15,"dummy","pair_2594922_6580",NA,0.832584893040301
2018,15,"dummy","pair_2580782_3970",NA,0.830224632962558
2018,15,"dummy","3992","James Harden",0.822650256255372
2018,15,"dummy","3032977","Giannis Antetokounmpo",0.819426011259002
2018,15,"dummy","2426","Trevor Ariza",0.81503642918802
2018,15,"dummy","3028","Thabo Sefolosha",0.807163080333242
2018,15,"dummy","6601","Michael Kidd-Gilchrist",0.789653521815554
2018,15,"dummy","3981","Wayne Ellington",0.777595209707986
2018,15,"dummy","6475","Klay Thompson",0.751601618912614
2018,15,"dummy","4248","Al-Farouq Aminu",0.740398727101453
2018,15,"dummy","3102531","Kristaps Porzingis",0.738770673274425
2018,15,"dummy","3136195","Karl-Anthony Towns",0.737936597698049
2018,15,"dummy","2528210","Tim Hardaway",0.736623085772012
2018,15,"dummy","2991018","Yogi Ferrell",0.713163377339953
2018,15,"dummy","3983","Tyreke Evans",0.710183776973567
2018,15,"dummy","4259","Ed Davis",0.702098795495247
2018,15,"dummy","2527963","Victor Oladipo",0.701168098307766
2018,15,"dummy","pair_2983_4004",NA,0.698105704155666
2018,15,"dummy","2993874","Kyle Anderson",0.688592962240495
2018,15,"dummy","3032976","Rudy Gobert",0.679977483954451
2018,15,"dummy","pair_3213_4065648",NA,0.673344510113909
2018,15,"dummy","3917376","Jaylen Brown",0.671619486804443
2018,15,"dummy","pair_3468_4251",NA,0.670465239096641
2018,15,"dummy","2991235","Steven Adams",0.668774208772841
2018,15,"dummy","2580913","Dewayne Dedmon",0.662172682203428
2018,15,"dummy","2968439","Aron Baynes",0.659127837704728
2018,15,"dummy","3974","Dante Cunningham",0.634649854031778
2018,15,"dummy","pair_3995_6583",NA,0.629803660687567
2018,15,"dummy","3202","Kevin Durant",0.629369740019919
2018,15,"dummy","6479","Kemba Walker",0.622993503994446
2018,15,"dummy","3012","Kyle Lowry",0.615629831543294
2018,15,"dummy","3986","Taj Gibson",0.615267018077637
2018,15,"dummy","6621","Tomas Satoransky",0.609858596832334
2018,15,"dummy","3112335","Nikola Jokic",0.602792261682017
2018,15,"dummy","3024","JJ Redick",0.56855602463538
2018,15,"dummy","2581190","Josh Richardson",0.567075133580484
2018,15,"dummy","3276","Anthony Tolliver",0.55860354914946
2018,15,"dummy","2799","Lou Williams",0.555484036146916
2018,15,"dummy","2768","Jarrett Jack",0.528637121934666
2018,15,"dummy","4192","Milos Teodosic",0.525599713690295
2018,15,"dummy","3988","Danny Green",0.522467524502302
2018,15,"dummy","pair_3059319_3986",NA,0.519514911460851
2018,15,"dummy","2983","LaMarcus Aldridge",0.517043228832163
2018,15,"dummy","pair_2581018_3064514",NA,0.510295046573851
2018,15,"dummy","6606","Damian Lillard",0.504549756665246
2018,15,"dummy","3973","Darren Collison",0.503180151842243
2018,15,"dummy","6610","Darius Miller",0.496423886345937
2018,15,"dummy","pair_3033_3992",NA,0.481614562853492
2018,15,"dummy","3102529","Clint Capela",0.477185401721327
2018,15,"dummy","3907387","Ben Simmons",0.476442324982101
2018,15,"dummy","2580365","Larry Nance",0.474581643739837
2018,15,"dummy","2578239","Pat Connaughton",0.474191812375545
2018,15,"dummy","4065648","Jayson Tatum",0.466253979352802
2018,15,"dummy","6603","Jeremy Lamb",0.462496378406042
2018,15,"dummy","4",NA,0.455458361157284
2018,15,"dummy","6583","Anthony Davis",0.451156495971046
2018,15,"dummy","6454","Shelvin Mack",0.447483796926926
2018,15,"dummy","3134881","Stanley Johnson",0.446316943266639
2018,15,"dummy","3995","Jrue Holiday",0.438211373130668
2018,15,"dummy","3439","Serge Ibaka",0.436484627002001
2018,15,"dummy","2580782","Spencer Dinwiddie",0.422581985427676
2018,15,"dummy","2528353","Tony Snell",0.421012959256477
2018,15,"dummy","pair_3112335_3936299",NA,0.420036184228366
2018,15,"dummy","3059319","Andrew Wiggins",0.404447940258951
2018,15,"dummy","3936299","Jamal Murray",0.404252732174214
2018,15,"dummy","pair_2490149_6606",NA,0.401337050340756
2018,15,"dummy","3978","DeMar DeRozan",0.393892660194535
2018,15,"dummy","3244","Thaddeus Young",0.393717141761826
2018,15,"dummy","2581018","Kentavious Caldwell-Pope",0.391736242807723
2018,15,"dummy","6442","Kyrie Irving",0.38702598530336
2018,15,"dummy","2999547","Gary Harris",0.380182215965508
2018,15,"dummy","6592","John Henson",0.361281597779573
2018,15,"dummy","3468","Russell Westbrook",0.360201045836347
2018,15,"dummy","3055","J.J. Barea",0.348408333546092
2018,15,"dummy","2990984","Buddy Hield",0.347493330976809
2018,15,"dummy","3428","Danilo Gallinari",0.345777189296776
2018,15,"dummy","pair_3202_6475",NA,0.327922192949779
2018,15,"dummy","6619","Terrence Ross",0.31418726400429
2018,15,"dummy","2960236","Maximilian Kleber",0.307227626937171
2018,15,"dummy","6579","Will Barton",0.300681496190139
2018,15,"dummy","6466","Chandler Parsons",0.296067969034077
2018,15,"dummy","136","Vince Carter",0.277510021109719
2018,15,"dummy","4270","Trevor Booker",0.276586638974643
2018,15,"dummy","pair_3064290_6588",NA,0.267663616906065
2018,15,"dummy","pair_4305_6585",NA,0.252527622460958
2018,15,"dummy","3908809","Donovan Mitchell",0.234503425223739
2018,15,"dummy","pair_3012_3978",NA,0.226654029665009
2018,15,"dummy","3064290","Aaron Gordon",0.219633950076245
2018,15,"dummy","3005","Rudy Gay",0.209707632650742
2018,15,"dummy","6576","Quincy Acy",0.205640861752192
2018,15,"dummy","pair_2384_6479",NA,0.20216237341653
2018,15,"dummy","3448","Brook Lopez",0.194922010244086
2018,15,"dummy","6580","Bradley Beal",0.189648560192493
2018,15,"dummy","6631","Tyler Zeller",0.179203232741133
2018,15,"dummy","2530780","Shabazz Napier",0.175636866487552
2018,15,"dummy","2528426","Jordan Clarkson",0.169331132570039
2018,15,"dummy","1987","Dwyane Wade",0.166118334631689
2018,15,"dummy","4230547","Frank Ntilikina",0.151098476598023
2018,15,"dummy","1966","LeBron James",0.125292515764699
2018,15,"dummy","4258","DeMarcus Cousins",0.12209161649224
2018,15,"dummy","2488977","Jamil Wilson",0.117035587890944
2018,15,"dummy","4011","Ricky Rubio",0.113370324881832
2018,15,"dummy","6443","Reggie Jackson",0.107594311139199
2018,15,"dummy","2990992","Marcus Smart",0.107557203422288
2018,15,"dummy","2489663","Kelly Olynyk",0.105743792084511
2018,15,"dummy","609","Dirk Nowitzki",0.0937075806277594
2018,15,"dummy","2797","Marvin Williams",0.0932176740586218
2018,15,"dummy","2531210","Allen Crabbe",0.0803702200587465
2018,15,"dummy","3074752","Terry Rozier",0.0766315954632092
2018,15,"dummy","3970","DeMarre Carroll",0.0728979825121804
2018,15,"dummy","3133603","Kelly Oubre",0.0683463345467381
2018,15,"dummy","6585","Andre Drummond",0.0676200697839129
2018,15,"dummy","4262","Hassan Whiteside",0.0493978381573029
2018,15,"dummy","3064514","Julius Randle",0.048548767989067
2018,15,"dummy","3209","Jeff Green",0.0379003699643241
2018,15,"dummy","2488653","Mason Plumlee",0.0362620591420716
2018,15,"dummy","3195","Mike Conley",0.0348216814326828
2018,15,"dummy","3447","Robin Lopez",0.0345658697031672
2018,15,"dummy","3102530","Jusuf Nurkic",0.0339445721902146
2018,15,"dummy","6477","Jonas Valanciunas",0.0307008329380963
2018,15,"dummy","4305","Ish Smith",0.0298387782775849
2018,15,"dummy","3412","Ryan Anderson",0.0252273762861562
2018,15,"dummy","pair_3423_3999",NA,0.0180699167499705
2018,15,"dummy","6440","Tobias Harris",0.0179468783124093
2018,15,"dummy","4237","John Wall",0.0077179447922751
2018,15,"dummy","2284101","Justin Holiday",-0.00101559690298859
2018,15,"dummy","1975","Carmelo Anthony",-0.00338610371948879
2018,15,"dummy","3059316","Wayne Selden",-0.00437058619942752
2018,15,"dummy","2806","Jose Calderon",-0.0150898660179916
2018,15,"dummy","6609","Khris Middleton",-0.0234465616971436
2018,15,"dummy","3062679","Josh Hart",-0.0240988169039462
2018,15,"dummy","2325499","C.J. Williams",-0.0260475136531041
2018,15,"dummy","3032978","Dario Saric",-0.0280540299880549
2018,15,"dummy","4251","Paul George",-0.0328804956759825
2018,15,"dummy","2528794","Joe Harris",-0.0358620835370232
2018,15,"dummy","pair_2968436_3908809",NA,-0.0491204853732527
2018,15,"dummy","3155942","Domantas Sabonis",-0.0494319309296145
2018,15,"dummy","6637","Kent Bazemore",-0.0535852630030737
2018,15,"dummy","4257","Derrick Favors",-0.0578335197748994
2018,15,"dummy","2566769","Malcolm Brogdon",-0.0589488811332936
2018,15,"dummy","2530530","T.J. McConnell",-0.0646615635251042
2018,15,"dummy","2994526","Bryn Forbes",-0.0654627496107687
2018,15,"dummy","984","Tyson Chandler",-0.0794064004004534
2018,15,"dummy","2767","Ersan Ilyasova",-0.0849700603475872
2018,15,"dummy","6588","Evan Fournier",-0.085264121089967
2018,15,"dummy","3442","DeAndre Jordan",-0.0865591860245563
2018,15,"dummy","2528779","Reggie Bullock",-0.0921379343144333
2018,15,"dummy","3908845","John Collins",-0.0998868797886207
2018,15,"dummy","4004","Patty Mills",-0.103630702137181
2018,15,"dummy","2528588","Doug McDermott",-0.113134626322701
2018,15,"dummy","4066421","Lonzo Ball",-0.119593005203497
2018,15,"dummy","4247","Wesley Johnson",-0.121182929314215
2018,15,"dummy","3135047","Justise Winslow",-0.121908439885639
2018,15,"dummy","4015","Jeff Teague",-0.133275060065777
2018,15,"dummy","2490149","CJ McCollum",-0.137797193115971
2018,15,"dummy","pair_1966_2444",NA,-0.152681350800388
2018,15,"dummy","3136196","Trey Lyles",-0.153317948910107
2018,15,"dummy","6462","Marcus Morris",-0.153809691904975
2018,15,"dummy","2968436","Joe Ingles",-0.156158153670753
2018,15,"dummy","3015","Paul Millsap",-0.15822155676207
2018,15,"dummy","3155526","Dillon Brooks",-0.167654360070549
2018,15,"dummy","2489716","Matthew Dellavedova",-0.168273910102703
2018,15,"dummy","3423","Goran Dragic",-0.180619537570697
2018,15,"dummy","2489530","Troy Daniels",-0.191494896367225
2018,15,"dummy","6478","Nikola Vucevic",-0.195764727515689
2018,15,"dummy","2384","Dwight Howard",-0.207881025898421
2018,15,"dummy","6617","Austin Rivers",-0.234759546010077
2018,15,"dummy","3194","Wilson Chandler",-0.246466427379283
2018,15,"dummy","6460","E'Twaun Moore",-0.25753900687305
2018,15,"dummy","3936296","Skal Labissiere",-0.261746197870826
2018,15,"dummy","3419","Mario Chalmers",-0.263880151610969
2018,15,"dummy","4238","Eric Bledsoe",-0.265916460028825
2018,15,"dummy","pair_2284101_4066336",NA,-0.281505860026936
2018,15,"dummy","1",NA,-0.284798911164739
2018,15,"dummy","3989","Blake Griffin",-0.290333248213237
2018,15,"dummy","2444","JR Smith",-0.291199678057074
2018,15,"dummy","996","Pau Gasol",-0.291414569932771
2018,15,"dummy","6461","Markieff Morris",-0.301905815977163
2018,15,"dummy","3913176","Brandon Ingram",-0.327925626888993
2018,15,"dummy","3416","Nicolas Batum",-0.332321865065811
2018,15,"dummy","3593","Bojan Bogdanovic",-0.339824017528636
2018,15,"dummy","2530276","Tyler Johnson",-0.352258262163194
2018,15,"dummy","pair_2991282_3037789",NA,-0.369199240035879
2018,15,"dummy","4299","Jeremy Lin",-0.370089962867453
2018,15,"dummy","3133628","Myles Turner",-0.37040813599302
2018,15,"dummy","2282205","Malcolm Delaney",-0.399918902782984
2018,15,"dummy","2991043","Caris LeVert",-0.40101401713048
2018,15,"dummy","2579294","Frank Kaminsky",-0.418912671686318
2018,15,"dummy","2439","Jameer Nelson",-0.419015307754938
2018,15,"dummy","3445","Courtney Lee",-0.420341339073632
2018,15,"dummy","2",NA,-0.42589716652938
2018,15,"dummy","2990962","Taurean Prince",-0.437889075911289
2018,15,"dummy","6485","Lance Thomas",-0.444803788473296
2018,15,"dummy","2758","Marcin Gortat",-0.446054975993238
2018,15,"dummy","1015","Tony Parker",-0.448139761315543
2018,15,"dummy","2995706","Mario Hezonja",-0.477753690625324
2018,15,"dummy","4017843","Thon Maker",-0.499629205903537
2018,15,"dummy","pair_2799_3442",NA,-0.499735753529977
2018,15,"dummy","pair_3155526_3206",NA,-0.51090803910376
2018,15,"dummy","272","Manu Ginobili",-0.515115539837245
2018,15,"dummy","3415","D.J. Augustin",-0.515975252550583
2018,15,"dummy","6446","Cory Joseph",-0.521612111522703
2018,15,"dummy","3064517","Jarell Martin",-0.525023840626246
2018,15,"dummy","3138156","Justin Jackson",-0.526493606778954
2018,15,"dummy","3418","Michael Beasley",-0.530945833001808
2018,15,"dummy","3136194","Tyler Ulis",-0.532586747070616
2018,15,"dummy","2991282","Willie Cauley-Stein",-0.544518639800104
2018,15,"dummy","4240","Avery Bradley",-0.563977016792789
2018,15,"dummy","3032979","Dennis Schroder",-0.567065156177143
2018,15,"dummy","6474","Tristan Thompson",-0.572344410867362
2018,15,"dummy","4023","Garrett Temple",-0.572508941801288
2018,15,"dummy","3134907","Kyle Kuzma",-0.580381195803272
2018,15,"dummy","4032","Wesley Matthews",-0.590134418072541
2018,15,"dummy","2583639","Elfrid Payton",-0.611196791738291
2018,15,"dummy","pair_2990962_3032979",NA,-0.617836067663946
2018,15,"dummy","4066336","Lauri Markkanen",-0.627883391811664
2018,15,"dummy","4244","Lance Stephenson",-0.634835058690204
2018,15,"dummy","3",NA,-0.636618016863237
2018,15,"dummy","2579321","James Ennis",-0.637607454701374
2018,15,"dummy","2999549","Denzel Valentine",-0.640428669093386
2018,15,"dummy","3449","Kevin Love",-0.646046011024287
2018,15,"dummy","2596107","Alex Len",-0.651168165744897
2018,15,"dummy","6628","Dion Waiters",-0.654618011495219
2018,15,"dummy","pair_3445_6447",NA,-0.656201643451139
2018,15,"dummy","2581177","Rodney Hood",-0.659180401574689
2018,15,"dummy","3064291","Rondae Hollis-Jefferson",-0.673060285660846
2018,15,"dummy","3417","Jerryd Bayless",-0.682025231960611
2018,15,"dummy","2991070","Jerami Grant",-0.699243278494757
2018,15,"dummy","3999","James Johnson",-0.70279751994434
2018,15,"dummy","pair_4032_6578",NA,-0.715646056450363
2018,15,"dummy","3136193","Devin Booker",-0.720398439704137
2018,15,"dummy","3037789","Bogdan Bogdanovic",-0.740772107747278
2018,15,"dummy","6581","Jae Crowder",-0.743608252952997
2018,15,"dummy","3206","Marc Gasol",-0.749837509778893
2018,15,"dummy","2982334","TJ Warren",-0.764990419070029
2018,15,"dummy","4066261","Bam Adebayo",-0.80373084060642
2018,15,"dummy","4239","Evan Turner",-0.8195073912148
2018,15,"dummy","3026","Rajon Rondo",-0.82809474069309
2018,15,"dummy","6578","Harrison Barnes",-0.838737240191936
2018,15,"dummy","4066297","Josh Jackson",-0.851411816459647
2018,15,"dummy","2327577","JaMychal Green",-0.874081020185823
2018,15,"dummy","4011991","Dragan Bender",-0.875529239506218
2018,15,"dummy","3064440","Zach LaVine",-0.912066357924878
2018,15,"dummy","6616","Miles Plumlee",-0.923874735516452
2018,15,"dummy","3438","George Hill",-0.925081390466221
2018,15,"dummy","2761","Gerald Green",-0.962991925091426
2018,15,"dummy","2991139","Kris Dunn",-0.986571113302193
2018,15,"dummy","2579466","Jonathon Simmons",-0.995349480010005
2018,15,"dummy","3056600","Jabari Parker",-1.00507311216319
2018,15,"dummy","4066259","De'Aaron Fox",-1.04150204140175
2018,15,"dummy","6591","Maurice Harkless",-1.04742436889601
2018,15,"dummy","2531047","Jerian Grant",-1.04761787271487
2018,15,"dummy","6447","Enes Kanter",-1.08371511795268
2018,15,"dummy","3136776","D'Angelo Russell",-1.08873198086747
2018,15,"dummy","3190","Marco Belinelli",-1.10264897670957
2018,15,"dummy","4066328","Jarrett Allen",-1.12125257148549
2018,15,"dummy","3444","Kosta Koufos",-1.21673315227721
2018,15,"dummy","3064511","Andrew Harrison",-1.22072742790427
2018,15,"dummy","4065697","Dennis Smith",-1.25276551755735
2018,15,"dummy","1017","Zach Randolph",-1.2931304062781
2018,15,"dummy","3907487","Marquese Chriss",-1.32617674178587
2018,15,"dummy","1007","Joe Johnson",-1.38791667295707
2018,15,"dummy","5",NA,-1.49658178399301
2018,15,"dummy","4260","Greg Monroe",-1.56533825681561
2018,15,"dummy","6427","Bismack Biyombo",-1.69625949717755
2018,15,"dummy","pair_4011991_4066297",NA,-1.73987659494886
2018,15,"dummy","3892818","Emmanuel Mudiay",-1.83015949101734
2018,15,"dummy","3456","Derrick Rose",-1.87949965441739
2018,15,"dummy","6472","Isaiah Thomas",-2.38035655973423
2018,15,"dummy","4066636","Markelle Fultz",-4.0948260198425
2018,15,"dummy","2429",NA,-7.71151224326254
2018,20,"dummy","3934719","OG Anunoby",1.92524821680497
2018,20,"dummy","2779","Chris Paul",1.77734176623569
2018,20,"dummy","3033","PJ Tucker",1.57358157473651
2018,20,"dummy","3975","Stephen Curry",1.5582809842088
2018,20,"dummy","pair_2527963_3244",NA,1.46030397369045
2018,20,"dummy","3451","Luc Mbah",1.45612842492036
2018,20,"dummy","2594922","Otto Porter",1.31143659206364
2018,20,"dummy","6459","Nikola Mirotic",1.29014931787963
2018,20,"dummy","2490620","Robert Covington",1.27267055011497
2018,20,"dummy","pair_2490620_3907387",NA,1.20815764513594
2018,20,"dummy","3059318","Joel Embiid",1.20574957896557
2018,20,"dummy","3964","Patrick Beverley",1.19159629457949
2018,20,"dummy","2386","Andre Iguodala",1.18500483036628
2018,20,"dummy","3213","Al Horford",1.16933004226324
2018,20,"dummy","3431","Eric Gordon",1.16228855478062
2018,20,"dummy","6450","Kawhi Leonard",1.14588258366971
2018,20,"dummy","6589","Draymond Green",1.10315690076705
2018,20,"dummy","2530596","Andre Roberson",1.09617779648812
2018,20,"dummy","pair_3032977_6609",NA,1.08202152785027
2018,20,"dummy","3002137","Tyrone Wallace",1.04729289004792
2018,20,"dummy","6430","Jimmy Butler",1.02383324133698
2018,20,"dummy","2991018","Yogi Ferrell",0.959679036455326
2018,20,"dummy","pair_2594922_6580",NA,0.928858865643365
2018,20,"dummy","2993874","Kyle Anderson",0.889565859318851
2018,20,"dummy","pair_2580782_3970",NA,0.881029336579191
2018,20,"dummy","6601","Michael Kidd-Gilchrist",0.859764584061377
2018,20,"dummy","6475","Klay Thompson",0.820912369979507
2018,20,"dummy","3992","James Harden",0.81787497466273
2018,20,"dummy","2426","Trevor Ariza",0.810757369879695
2018,20,"dummy","3032977","Giannis Antetokounmpo",0.807492394013134
2018,20,"dummy","4248","Al-Farouq Aminu",0.802415840957215
2018,20,"dummy","3102531","Kristaps Porzingis",0.778602351490167
2018,20,"dummy","3917376","Jaylen Brown",0.769180792431597
2018,20,"dummy","3136195","Karl-Anthony Towns",0.768251457115027
2018,20,"dummy","3981","Wayne Ellington",0.759459045041514
2018,20,"dummy","3012","Kyle Lowry",0.749914173348616
2018,20,"dummy","pair_3213_4065648",NA,0.747525145135427
2018,20,"dummy","3032976","Rudy Gobert",0.73887383525128
2018,20,"dummy","2527963","Victor Oladipo",0.737179273567593
2018,20,"dummy","3983","Tyreke Evans",0.732436882581302
2018,20,"dummy","2580913","Dewayne Dedmon",0.719985022317771
2018,20,"dummy","2528210","Tim Hardaway",0.704566691407787
2018,20,"dummy","pair_3995_6583",NA,0.699574328770115
2018,20,"dummy","3988","Danny Green",0.69437500591166
2018,20,"dummy","2991235","Steven Adams",0.691989670048969
2018,20,"dummy","pair_3468_4251",NA,0.683963654440445
2018,20,"dummy","pair_2983_4004",NA,0.676859159540516
2018,20,"dummy","2983","LaMarcus Aldridge",0.674100582282941
2018,20,"dummy","3202","Kevin Durant",0.658964181532405
2018,20,"dummy","6479","Kemba Walker",0.639730516550297
2018,20,"dummy","5",NA,0.62111760885223
2018,20,"dummy","3986","Taj Gibson",0.611785243098093
2018,20,"dummy","3978","DeMar DeRozan",0.597899827983001
2018,20,"dummy","3112335","Nikola Jokic",0.589526914227195
2018,20,"dummy","4192","Milos Teodosic",0.582640268444182
2018,20,"dummy","2799","Lou Williams",0.572395097167652
2018,20,"dummy","pair_2581018_3064514",NA,0.570031988365216
2018,20,"dummy","6606","Damian Lillard",0.565034206954171
2018,20,"dummy","2580365","Larry Nance",0.564422819278785
2018,20,"dummy","3995","Jrue Holiday",0.558647074892984
2018,20,"dummy","2581190","Josh Richardson",0.557744016519354
2018,20,"dummy","3024","JJ Redick",0.556603155464338
2018,20,"dummy","4065648","Jayson Tatum",0.550972139156252
2018,20,"dummy","6583","Anthony Davis",0.541645996943848
2018,20,"dummy","3134881","Stanley Johnson",0.535823025335685
2018,20,"dummy","2768","Jarrett Jack",0.535565530305566
2018,20,"dummy","pair_3059319_3986",NA,0.504597980692573
2018,20,"dummy","3973","Darren Collison",0.501881670763227
2018,20,"dummy","pair_3112335_3936299",NA,0.481415058519978
2018,20,"dummy","2580782","Spencer Dinwiddie",0.480377850706057
2018,20,"dummy","6442","Kyrie Irving",0.471026889037966
2018,20,"dummy","3102529","Clint Capela",0.467729988094021
2018,20,"dummy","pair_3033_3992",NA,0.459916865576365
2018,20,"dummy","3936299","Jamal Murray",0.457719918782155
2018,20,"dummy","2581018","Kentavious Caldwell-Pope",0.442359731022101
2018,20,"dummy","2528353","Tony Snell",0.438874897049601
2018,20,"dummy","3907387","Ben Simmons",0.431235717839769
2018,20,"dummy","3439","Serge Ibaka",0.427325933323807
2018,20,"dummy","3428","Danilo Gallinari",0.404734950033796
2018,20,"dummy","3059319","Andrew Wiggins",0.404690958737544
2018,20,"dummy","6592","John Henson",0.391000946000818
2018,20,"dummy","3244","Thaddeus Young",0.375219696192967
2018,20,"dummy","pair_3202_6475",NA,0.368405567263626
2018,20,"dummy","6603","Jeremy Lamb",0.35950915591856
2018,20,"dummy","2999547","Gary Harris",0.341440006342268
2018,20,"dummy","609","Dirk Nowitzki",0.338215108259579
2018,20,"dummy","pair_4305_6585",NA,0.337059346588789
2018,20,"dummy","pair_2490149_6606",NA,0.336819372339917
2018,20,"dummy","1966","LeBron James",0.305318666132442
2018,20,"dummy","3468","Russell Westbrook",0.30401800396529
2018,20,"dummy","3908809","Donovan Mitchell",0.300018500625257
2018,20,"dummy","pair_3064290_6588",NA,0.268234166332379
2018,20,"dummy","6619","Terrence Ross",0.265397718578885
2018,20,"dummy","pair_3012_3978",NA,0.248204645798911
2018,20,"dummy","2990984","Buddy Hield",0.22097170756538
2018,20,"dummy","6580","Bradley Beal",0.219401077108389
2018,20,"dummy","pair_2384_6479",NA,0.212882336949146
2018,20,"dummy","2990992","Marcus Smart",0.175913185908826
2018,20,"dummy","3064290","Aaron Gordon",0.171748238624266
2018,20,"dummy","4258","DeMarcus Cousins",0.163216356100619
2018,20,"dummy","6443","Reggie Jackson",0.15918627256264
2018,20,"dummy","3448","Brook Lopez",0.158181812107123
2018,20,"dummy","4011","Ricky Rubio",0.153315129474912
2018,20,"dummy","3133603","Kelly Oubre",0.153139603479135
2018,20,"dummy","6579","Will Barton",0.151472073752438
2018,20,"dummy","4305","Ish Smith",0.137628141330225
2018,20,"dummy","2489663","Kelly Olynyk",0.1238635408649
2018,20,"dummy","6585","Andre Drummond",0.109309788997831
2018,20,"dummy","2797","Marvin Williams",0.107907558876239
2018,20,"dummy","3064514","Julius Randle",0.0968815584431747
2018,20,"dummy","2531210","Allen Crabbe",0.0952802142264503
2018,20,"dummy","2488977","Jamil Wilson",0.0947758503150581
2018,20,"dummy","4262","Hassan Whiteside",0.0938484395901367
2018,20,"dummy","2284101","Justin Holiday",0.0852847565934379
2018,20,"dummy","984","Tyson Chandler",0.0552357872226835
2018,20,"dummy","3970","DeMarre Carroll",0.051579673822879
2018,20,"dummy","3447","Robin Lopez",0.0456766582443326
2018,20,"dummy","6440","Tobias Harris",0.0173818167999115
2018,20,"dummy","3195","Mike Conley",0.0113909512199384
2018,20,"dummy","pair_3423_3999",NA,0.00660849290534781
2018,20,"dummy","pair_2968436_3908809",NA,-0.00933088693097832
2018,20,"dummy","4237","John Wall",-0.0194787664674433
2018,20,"dummy","3412","Ryan Anderson",-0.0361094106317518
2018,20,"dummy","6477","Jonas Valanciunas",-0.0417814318333485
2018,20,"dummy","4257","Derrick Favors",-0.0505868349745547
2018,20,"dummy","2528794","Joe Harris",-0.0533596840860038
2018,20,"dummy","1975","Carmelo Anthony",-0.0546462779728094
2018,20,"dummy","2528779","Reggie Bullock",-0.0636310707687053
2018,20,"dummy","3102530","Jusuf Nurkic",-0.0847511760290224
2018,20,"dummy","3442","DeAndre Jordan",-0.0868081374213426
2018,20,"dummy","6478","Nikola Vucevic",-0.0909099763308262
2018,20,"dummy","2490149","CJ McCollum",-0.093634913056485
2018,20,"dummy","6637","Kent Bazemore",-0.109800980241924
2018,20,"dummy","6609","Khris Middleton",-0.110116918715857
2018,20,"dummy","1",NA,-0.110850323655372
2018,20,"dummy","2530530","T.J. McConnell",-0.126773105662304
2018,20,"dummy","3",NA,-0.128063732987335
2018,20,"dummy","3155942","Domantas Sabonis",-0.133048909794359
2018,20,"dummy","2968436","Joe Ingles",-0.133617395361683
2018,20,"dummy","2488653","Mason Plumlee",-0.133951140650616
2018,20,"dummy","4251","Paul George",-0.134976600360627
2018,20,"dummy","4004","Patty Mills",-0.142497692026685
2018,20,"dummy","4066421","Lonzo Ball",-0.143831364600605
2018,20,"dummy","3032978","Dario Saric",-0.150533057815979
2018,20,"dummy","pair_1966_2444",NA,-0.151383294111905
2018,20,"dummy","3135047","Justise Winslow",-0.155251727407936
2018,20,"dummy","996","Pau Gasol",-0.156528085481618
2018,20,"dummy","4247","Wesley Johnson",-0.164557195966035
2018,20,"dummy","2566769","Malcolm Brogdon",-0.164908177529131
2018,20,"dummy","6462","Marcus Morris",-0.171190363296543
2018,20,"dummy","4015","Jeff Teague",-0.171378389288919
2018,20,"dummy","3155526","Dillon Brooks",-0.182409151610499
2018,20,"dummy","2767","Ersan Ilyasova",-0.196298098208395
2018,20,"dummy","6460","E'Twaun Moore",-0.202479065432445
2018,20,"dummy","4299","Jeremy Lin",-0.206248488835619
2018,20,"dummy","3423","Goran Dragic",-0.239654956297743
2018,20,"dummy","2384","Dwight Howard",-0.246909754105407
2018,20,"dummy","6588","Evan Fournier",-0.255194966383931
2018,20,"dummy","2444","JR Smith",-0.256808940242047
2018,20,"dummy","3015","Paul Millsap",-0.283202358496736
2018,20,"dummy","6617","Austin Rivers",-0.284454111382912
2018,20,"dummy","6461","Markieff Morris",-0.288908958981295
2018,20,"dummy","3989","Blake Griffin",-0.303094182752657
2018,20,"dummy","pair_2284101_4066336",NA,-0.320077256030001
2018,20,"dummy","3194","Wilson Chandler",-0.323757426559156
2018,20,"dummy","4238","Eric Bledsoe",-0.339146885606436
2018,20,"dummy","3913176","Brandon Ingram",-0.348222693990634
2018,20,"dummy","2530276","Tyler Johnson",-0.358821092338585
2018,20,"dummy","pair_2991282_3037789",NA,-0.364791379490053
2018,20,"dummy","3593","Bojan Bogdanovic",-0.383130704287384
2018,20,"dummy","3416","Nicolas Batum",-0.390784398060372
2018,20,"dummy","2",NA,-0.39504013406869
2018,20,"dummy","3133628","Myles Turner",-0.44905525055212
2018,20,"dummy","6474","Tristan Thompson",-0.460735339911066
2018,20,"dummy","2991043","Caris LeVert",-0.473487404859729
2018,20,"dummy","2758","Marcin Gortat",-0.476821062925527
2018,20,"dummy","4",NA,-0.47777152452763
2018,20,"dummy","4032","Wesley Matthews",-0.509465699657925
2018,20,"dummy","pair_3155526_3206",NA,-0.510994682524191
2018,20,"dummy","2990962","Taurean Prince",-0.519809574799494
2018,20,"dummy","3445","Courtney Lee",-0.520951198416901
2018,20,"dummy","pair_2799_3442",NA,-0.571770451777161
2018,20,"dummy","2991282","Willie Cauley-Stein",-0.573075775902466
2018,20,"dummy","2999549","Denzel Valentine",-0.582577662926443
2018,20,"dummy","3134907","Kyle Kuzma",-0.584087578875186
2018,20,"dummy","1015","Tony Parker",-0.593900743013495
2018,20,"dummy","4240","Avery Bradley",-0.600181491039437
2018,20,"dummy","4066336","Lauri Markkanen",-0.615504036117738
2018,20,"dummy","4023","Garrett Temple",-0.617765400940238
2018,20,"dummy","3032979","Dennis Schroder",-0.619839694469499
2018,20,"dummy","3449","Kevin Love",-0.623790401700496
2018,20,"dummy","3136194","Tyler Ulis",-0.64638291509607
2018,20,"dummy","pair_2990962_3032979",NA,-0.655603259701437
2018,20,"dummy","3136193","Devin Booker",-0.690482388472843
2018,20,"dummy","6446","Cory Joseph",-0.697216966318497
2018,20,"dummy","pair_4032_6578",NA,-0.707023657373904
2018,20,"dummy","2581177","Rodney Hood",-0.709892192793108
2018,20,"dummy","3064440","Zach LaVine",-0.717005737398005
2018,20,"dummy","2579321","James Ennis",-0.728482930814881
2018,20,"dummy","pair_3445_6447",NA,-0.730232301359711
2018,20,"dummy","6581","Jae Crowder",-0.731987662313734
2018,20,"dummy","3064291","Rondae Hollis-Jefferson",-0.733770063274851
2018,20,"dummy","2982334","TJ Warren",-0.736270883587451
2018,20,"dummy","4239","Evan Turner",-0.739046580936041
2018,20,"dummy","6628","Dion Waiters",-0.755058654504379
2018,20,"dummy","3999","James Johnson",-0.774440060218044
2018,20,"dummy","3417","Jerryd Bayless",-0.779837038943048
2018,20,"dummy","2583639","Elfrid Payton",-0.790938012134556
2018,20,"dummy","3026","Rajon Rondo",-0.799314146838724
2018,20,"dummy","6578","Harrison Barnes",-0.81143257522824
2018,20,"dummy","3206","Marc Gasol",-0.815946663092091
2018,20,"dummy","4011991","Dragan Bender",-0.838915189211753
2018,20,"dummy","2531047","Jerian Grant",-0.860291690522892
2018,20,"dummy","4066297","Josh Jackson",-0.863867106259641
2018,20,"dummy","3037789","Bogdan Bogdanovic",-0.888741541852444
2018,20,"dummy","2327577","JaMychal Green",-0.893255737931876
2018,20,"dummy","2991139","Kris Dunn",-0.930099093895426
2018,20,"dummy","3438","George Hill",-1.02598727128312
2018,20,"dummy","4066259","De'Aaron Fox",-1.17026602904679
2018,20,"dummy","3136776","D'Angelo Russell",-1.1857302000237
2018,20,"dummy","6447","Enes Kanter",-1.22973281050243
2018,20,"dummy","4065697","Dennis Smith",-1.23046765157199
2018,20,"dummy","3190","Marco Belinelli",-1.24980479169366
2018,20,"dummy","2579466","Jonathon Simmons",-1.31746915371964
2018,20,"dummy","3064511","Andrew Harrison",-1.33608436309541
2018,20,"dummy","3907487","Marquese Chriss",-1.34063326228459
2018,20,"dummy","1017","Zach Randolph",-1.36855387950647
2018,20,"dummy","4260","Greg Monroe",-1.51625149197789
2018,20,"dummy","pair_4011991_4066297",NA,-1.80806708924571
2018,20,"dummy","6472","Isaiah Thomas",-2.52001382754293
2018,25,"dummy","2779","Chris Paul",2.19316949882184
2018,25,"dummy","3975","Stephen Curry",1.77399594001417
2018,25,"dummy","pair_2527963_3244",NA,1.63051740533583
2018,25,"dummy","3431","Eric Gordon",1.59768919008513
2018,25,"dummy","2594922","Otto Porter",1.4963017625033
2018,25,"dummy","2490620","Robert Covington",1.35398562446803
2018,25,"dummy","pair_2490620_3907387",NA,1.30562061967028
2018,25,"dummy","3964","Patrick Beverley",1.29851125088003
2018,25,"dummy","6589","Draymond Green",1.2889703818777
2018,25,"dummy","3059318","Joel Embiid",1.28176743091477
2018,25,"dummy","3213","Al Horford",1.27868927582037
2018,25,"dummy","2530596","Andre Roberson",1.24453578465417
2018,25,"dummy","pair_3033_3992",NA,1.22851210080622
2018,25,"dummy","3992","James Harden",1.20188518122916
2018,25,"dummy","pair_3032977_6609",NA,1.18027286789524
2018,25,"dummy","6430","Jimmy Butler",1.14249681121445
2018,25,"dummy","2991018","Yogi Ferrell",1.10445996833513
2018,25,"dummy","3002137","Tyrone Wallace",1.09381049444605
2018,25,"dummy","pair_2594922_6580",NA,1.04192143842244
2018,25,"dummy","3012","Kyle Lowry",1.02205579377029
2018,25,"dummy","pair_2580782_3970",NA,1.00682356721954
2018,25,"dummy","6475","Klay Thompson",0.997054456484405
2018,25,"dummy","2993874","Kyle Anderson",0.987333297415316
2018,25,"dummy","6601","Michael Kidd-Gilchrist",0.9554014977855
2018,25,"dummy","2426","Trevor Ariza",0.934343762217345
2018,25,"dummy","3102531","Kristaps Porzingis",0.895844565675627
2018,25,"dummy","2528210","Tim Hardaway",0.859195325292768
2018,25,"dummy","3032977","Giannis Antetokounmpo",0.855105928903488
2018,25,"dummy","3978","DeMar DeRozan",0.840294229071126
2018,25,"dummy","3136195","Karl-Anthony Towns",0.832383467653085
2018,25,"dummy","4248","Al-Farouq Aminu",0.828063178263425
2018,25,"dummy","3917376","Jaylen Brown",0.823824904218371
2018,25,"dummy","pair_3995_6583",NA,0.799959669897762
2018,25,"dummy","3032976","Rudy Gobert",0.79422749026085
2018,25,"dummy","2581190","Josh Richardson",0.770056868916191
2018,25,"dummy","6479","Kemba Walker",0.768486640660337
2018,25,"dummy","2580913","Dewayne Dedmon",0.767848115898709
2018,25,"dummy","pair_3468_4251",NA,0.764338070013495
2018,25,"dummy","3202","Kevin Durant",0.760734858991548
2018,25,"dummy","2991235","Steven Adams",0.754330713128581
2018,25,"dummy","pair_3213_4065648",NA,0.750867789374172
2018,25,"dummy","3988","Danny Green",0.745328035315385
2018,25,"dummy","2983","LaMarcus Aldridge",0.744124920018049
2018,25,"dummy","3983","Tyreke Evans",0.740711545801094
2018,25,"dummy","2527963","Victor Oladipo",0.739504554005716
2018,25,"dummy","pair_2983_4004",NA,0.725650563736738
2018,25,"dummy","pair_2581018_3064514",NA,0.684269376967563
2018,25,"dummy","4192","Milos Teodosic",0.673354377418446
2018,25,"dummy","3995","Jrue Holiday",0.663794607761236
2018,25,"dummy","3112335","Nikola Jokic",0.657525434524896
2018,25,"dummy","3439","Serge Ibaka",0.652110449591914
2018,25,"dummy","3986","Taj Gibson",0.650275103522056
2018,25,"dummy","6583","Anthony Davis",0.646370901061239
2018,25,"dummy","3134881","Stanley Johnson",0.64030251303203
2018,25,"dummy","2799","Lou Williams",0.638635020040038
2018,25,"dummy","2581018","Kentavious Caldwell-Pope",0.635978626478363
2018,25,"dummy","3102529","Clint Capela",0.624008333376929
2018,25,"dummy","2768","Jarrett Jack",0.594627939678752
2018,25,"dummy","6606","Damian Lillard",0.568574691990745
2018,25,"dummy","4065648","Jayson Tatum",0.557128416281214
2018,25,"dummy","3973","Darren Collison",0.54137866034908
2018,25,"dummy","3024","JJ Redick",0.534001123513729
2018,25,"dummy","pair_3059319_3986",NA,0.528913595568061
2018,25,"dummy","2580782","Spencer Dinwiddie",0.526132146487516
2018,25,"dummy","pair_3112335_3936299",NA,0.498073101478257
2018,25,"dummy","3936299","Jamal Murray",0.490268524947257
2018,25,"dummy","2528353","Tony Snell",0.465256258575816
2018,25,"dummy","3428","Danilo Gallinari",0.461982003722684
2018,25,"dummy","6592","John Henson",0.448043207583332
2018,25,"dummy","6442","Kyrie Irving",0.447237816380745
2018,25,"dummy","pair_4305_6585",NA,0.428503826162231
2018,25,"dummy","pair_3012_3978",NA,0.425319638422063
2018,25,"dummy","3059319","Andrew Wiggins",0.410686790375537
2018,25,"dummy","2999547","Gary Harris",0.379482799477708
2018,25,"dummy","3907387","Ben Simmons",0.378895375227182
2018,25,"dummy","1966","LeBron James",0.37634912354493
2018,25,"dummy","6619","Terrence Ross",0.363025843647475
2018,25,"dummy","3244","Thaddeus Young",0.345085148801065
2018,25,"dummy","pair_2490149_6606",NA,0.342766453701057
2018,25,"dummy","3908809","Donovan Mitchell",0.32698826954815
2018,25,"dummy","pair_3064290_6588",NA,0.323360795979568
2018,25,"dummy","1",NA,0.322294052748672
2018,25,"dummy","3468","Russell Westbrook",0.316659231994077
2018,25,"dummy","pair_3202_6475",NA,0.307022038024315
2018,25,"dummy","6580","Bradley Beal",0.283723551971567
2018,25,"dummy","pair_2384_6479",NA,0.262206915916065
2018,25,"dummy","3064290","Aaron Gordon",0.230896729568679
2018,25,"dummy","6443","Reggie Jackson",0.205728928091664
2018,25,"dummy","6477","Jonas Valanciunas",0.174661608663038
2018,25,"dummy","6579","Will Barton",0.153929582571783
2018,25,"dummy","2284101","Justin Holiday",0.15233971661248
2018,25,"dummy","2990992","Marcus Smart",0.149186778828876
2018,25,"dummy","6585","Andre Drummond",0.14725527596969
2018,25,"dummy","2797","Marvin Williams",0.128033941311803
2018,25,"dummy","4258","DeMarcus Cousins",0.125927862283964
2018,25,"dummy","4262","Hassan Whiteside",0.103986833120738
2018,25,"dummy","4011","Ricky Rubio",0.101668906098004
2018,25,"dummy","3447","Robin Lopez",0.0678737383686174
2018,25,"dummy","6440","Tobias Harris",0.0609525370197263
2018,25,"dummy","2531210","Allen Crabbe",0.0523856287510642
2018,25,"dummy","pair_3423_3999",NA,0.0457522146661704
2018,25,"dummy","4066421","Lonzo Ball",-0.0131328456429827
2018,25,"dummy","pair_2968436_3908809",NA,-0.0196136239586361
2018,25,"dummy","6478","Nikola Vucevic",-0.028829196452576
2018,25,"dummy","4237","John Wall",-0.0289246563965024
2018,25,"dummy","3412","Ryan Anderson",-0.0445783051280123
2018,25,"dummy","3970","DeMarre Carroll",-0.0507503708053249
2018,25,"dummy","3442","DeAndre Jordan",-0.0558975531076469
2018,25,"dummy","4",NA,-0.06425568107444
2018,25,"dummy","2528779","Reggie Bullock",-0.0711258087984077
2018,25,"dummy","4257","Derrick Favors",-0.110677914187878
2018,25,"dummy","1975","Carmelo Anthony",-0.115558876401916
2018,25,"dummy","984","Tyson Chandler",-0.125113680046351
2018,25,"dummy","6637","Kent Bazemore",-0.142837752769891
2018,25,"dummy","6609","Khris Middleton",-0.149353302079465
2018,25,"dummy","3102530","Jusuf Nurkic",-0.16474731481159
2018,25,"dummy","pair_1966_2444",NA,-0.168808840175483
2018,25,"dummy","3195","Mike Conley",-0.168907015985989
2018,25,"dummy","2566769","Malcolm Brogdon",-0.180188769492558
2018,25,"dummy","4251","Paul George",-0.197886715116253
2018,25,"dummy","2968436","Joe Ingles",-0.197918591462551
2018,25,"dummy","2490149","CJ McCollum",-0.198741051833953
2018,25,"dummy","2530276","Tyler Johnson",-0.20499469977745
2018,25,"dummy","996","Pau Gasol",-0.207241920668675
2018,25,"dummy","3423","Goran Dragic",-0.208065237434785
2018,25,"dummy","5",NA,-0.212952015917667
2018,25,"dummy","3913176","Brandon Ingram",-0.226941411128224
2018,25,"dummy","6460","E'Twaun Moore",-0.233379843837743
2018,25,"dummy","3015","Paul Millsap",-0.233822211092817
2018,25,"dummy","3032978","Dario Saric",-0.240111357081823
2018,25,"dummy","6588","Evan Fournier",-0.240715245473772
2018,25,"dummy","3155526","Dillon Brooks",-0.2586986030028
2018,25,"dummy","4015","Jeff Teague",-0.258700688718976
2018,25,"dummy","2767","Ersan Ilyasova",-0.25950540825421
2018,25,"dummy","2384","Dwight Howard",-0.260941504601833
2018,25,"dummy","6617","Austin Rivers",-0.293106131044412
2018,25,"dummy","2444","JR Smith",-0.29563624940183
2018,25,"dummy","pair_2991282_3037789",NA,-0.330808827803347
2018,25,"dummy","4299","Jeremy Lin",-0.343431851071131
2018,25,"dummy","3",NA,-0.34782244700094
2018,25,"dummy","6461","Markieff Morris",-0.352825897899905
2018,25,"dummy","pair_2284101_4066336",NA,-0.361868549294156
2018,25,"dummy","3194","Wilson Chandler",-0.367181829426157
2018,25,"dummy","4238","Eric Bledsoe",-0.412468134240898
2018,25,"dummy","3989","Blake Griffin",-0.415525563000501
2018,25,"dummy","4032","Wesley Matthews",-0.456687402917766
2018,25,"dummy","3416","Nicolas Batum",-0.462823740302065
2018,25,"dummy","2",NA,-0.462843015023095
2018,25,"dummy","3593","Bojan Bogdanovic",-0.524872937287598
2018,25,"dummy","2991282","Willie Cauley-Stein",-0.562369848908776
2018,25,"dummy","pair_3155526_3206",NA,-0.564596611174662
2018,25,"dummy","3133628","Myles Turner",-0.571103400155006
2018,25,"dummy","2758","Marcin Gortat",-0.572397368981226
2018,25,"dummy","3134907","Kyle Kuzma",-0.57677591007916
2018,25,"dummy","3445","Courtney Lee",-0.58805014280459
2018,25,"dummy","2999549","Denzel Valentine",-0.634361294700041
2018,25,"dummy","4240","Avery Bradley",-0.640004605442243
2018,25,"dummy","2990962","Taurean Prince",-0.652153333954136
2018,25,"dummy","pair_2799_3442",NA,-0.662970076675977
2018,25,"dummy","3449","Kevin Love",-0.689533342074299
2018,25,"dummy","pair_4032_6578",NA,-0.691426936007574
2018,25,"dummy","4066336","Lauri Markkanen",-0.694502985925578
2018,25,"dummy","3999","James Johnson",-0.71813523109163
2018,25,"dummy","pair_2990962_3032979",NA,-0.720015960735502
2018,25,"dummy","3032979","Dennis Schroder",-0.750962654175846
2018,25,"dummy","pair_3445_6447",NA,-0.775680712546106
2018,25,"dummy","6628","Dion Waiters",-0.780490079688666
2018,25,"dummy","6578","Harrison Barnes",-0.806633074847145
2018,25,"dummy","3064440","Zach LaVine",-0.824208651394117
2018,25,"dummy","6581","Jae Crowder",-0.826952526025876
2018,25,"dummy","3026","Rajon Rondo",-0.859817918690937
2018,25,"dummy","2991139","Kris Dunn",-0.864648231007904
2018,25,"dummy","2583639","Elfrid Payton",-0.872770694690249
2018,25,"dummy","3064291","Rondae Hollis-Jefferson",-0.915933322827724
2018,25,"dummy","3037789","Bogdan Bogdanovic",-0.929266005768755
2018,25,"dummy","3206","Marc Gasol",-1.06576742939673
2018,25,"dummy","3136193","Devin Booker",-1.06754093383178
2018,25,"dummy","3438","George Hill",-1.07644459231655
2018,25,"dummy","2327577","JaMychal Green",-1.12416483864808
2018,25,"dummy","2982334","TJ Warren",-1.21037768375439
2018,25,"dummy","4066259","De'Aaron Fox",-1.24678881284563
2018,25,"dummy","4065697","Dennis Smith",-1.26356444110762
2018,25,"dummy","6447","Enes Kanter",-1.37186812202164
2018,25,"dummy","2579466","Jonathon Simmons",-1.44440921610534
2018,25,"dummy","1017","Zach Randolph",-1.47281983918135
2018,25,"dummy","pair_4011991_4066297",NA,-2.69453627263452
2018,25,"dummy","6472","Isaiah Thomas",-2.9017399065318
2018,30,"dummy","2779","Chris Paul",2.70627278683105
2018,30,"dummy","3975","Stephen Curry",1.91839323937856
2018,30,"dummy","pair_2527963_3244",NA,1.8689088935655
2018,30,"dummy","3992","James Harden",1.66473016893832
2018,30,"dummy","2594922","Otto Porter",1.59406924567524
2018,30,"dummy","pair_3033_3992",NA,1.47811863808728
2018,30,"dummy","pair_3032977_6609",NA,1.4583469806459
2018,30,"dummy","2490620","Robert Covington",1.45107662819072
2018,30,"dummy","3213","Al Horford",1.41841146117471
2018,30,"dummy","pair_2490620_3907387",NA,1.39317550906366
2018,30,"dummy","2426","Trevor Ariza",1.36890871666078
2018,30,"dummy","3059318","Joel Embiid",1.34087556520344
2018,30,"dummy","pair_2580782_3970",NA,1.33485829442083
2018,30,"dummy","6589","Draymond Green",1.33359309509292
2018,30,"dummy","2983","LaMarcus Aldridge",1.31326264736027
2018,30,"dummy","6430","Jimmy Butler",1.26811534870391
2018,30,"dummy","3964","Patrick Beverley",1.23049445714274
2018,30,"dummy","3012","Kyle Lowry",1.13930438521347
2018,30,"dummy","3032977","Giannis Antetokounmpo",1.09147656555533
2018,30,"dummy","pair_2983_4004",NA,1.05500785946847
2018,30,"dummy","6479","Kemba Walker",1.04531271988347
2018,30,"dummy","6475","Klay Thompson",1.04179519572199
2018,30,"dummy","pair_2594922_6580",NA,1.03157216629796
2018,30,"dummy","3102531","Kristaps Porzingis",0.991409976468667
2018,30,"dummy","3978","DeMar DeRozan",0.971567687489069
2018,30,"dummy","3136195","Karl-Anthony Towns",0.927598536366267
2018,30,"dummy","2991235","Steven Adams",0.912408649374789
2018,30,"dummy","pair_3468_4251",NA,0.901666956035589
2018,30,"dummy","4248","Al-Farouq Aminu",0.894386932504753
2018,30,"dummy","3917376","Jaylen Brown",0.870582752369224
2018,30,"dummy","2528210","Tim Hardaway",0.860196101416617
2018,30,"dummy","2581190","Josh Richardson",0.836935696916531
2018,30,"dummy","3032976","Rudy Gobert",0.833525855165617
2018,30,"dummy","2527963","Victor Oladipo",0.78166170618278
2018,30,"dummy","3202","Kevin Durant",0.754020183944724
2018,30,"dummy","pair_3995_6583",NA,0.751581331284991
2018,30,"dummy","pair_3213_4065648",NA,0.750103040776513
2018,30,"dummy","3112335","Nikola Jokic",0.741702706809975
2018,30,"dummy","pair_2581018_3064514",NA,0.740668497056911
2018,30,"dummy","3986","Taj Gibson",0.702731817290487
2018,30,"dummy","3439","Serge Ibaka",0.679214040691774
2018,30,"dummy","pair_4305_6585",NA,0.659926596974217
2018,30,"dummy","6606","Damian Lillard",0.654678867430831
2018,30,"dummy","3995","Jrue Holiday",0.648397778785497
2018,30,"dummy","3428","Danilo Gallinari",0.610192701624465
2018,30,"dummy","2581018","Kentavious Caldwell-Pope",0.60974038915662
2018,30,"dummy","1",NA,0.609224344153568
2018,30,"dummy","3973","Darren Collison",0.607509523452174
2018,30,"dummy","6583","Anthony Davis",0.580138826055866
2018,30,"dummy","3024","JJ Redick",0.566706372456524
2018,30,"dummy","pair_3059319_3986",NA,0.565347185284129
2018,30,"dummy","3936299","Jamal Murray",0.547417946216145
2018,30,"dummy","pair_3112335_3936299",NA,0.542845125750068
2018,30,"dummy","4065648","Jayson Tatum",0.528010344362564
2018,30,"dummy","6442","Kyrie Irving",0.453908261283689
2018,30,"dummy","pair_2384_6479",NA,0.451188213933205
2018,30,"dummy","2999547","Gary Harris",0.430007965086034
2018,30,"dummy","3059319","Andrew Wiggins",0.421081073915373
2018,30,"dummy","3468","Russell Westbrook",0.417477240302658
2018,30,"dummy","pair_3012_3978",NA,0.41746410158566
2018,30,"dummy","3908809","Donovan Mitchell",0.388939241984695
2018,30,"dummy","pair_2490149_6606",NA,0.373630401482533
2018,30,"dummy","3244","Thaddeus Young",0.319663492530213
2018,30,"dummy","3907387","Ben Simmons",0.307286314735369
2018,30,"dummy","6443","Reggie Jackson",0.298126445598898
2018,30,"dummy","pair_3064290_6588",NA,0.295273459904628
2018,30,"dummy","6585","Andre Drummond",0.273506317867636
2018,30,"dummy","2",NA,0.267735629599757
2018,30,"dummy","1966","LeBron James",0.228299439569356
2018,30,"dummy","pair_3202_6475",NA,0.20779100953409
2018,30,"dummy","6580","Bradley Beal",0.175297147663014
2018,30,"dummy","3442","DeAndre Jordan",0.160466117429972
2018,30,"dummy","6440","Tobias Harris",0.1495526155051
2018,30,"dummy","3064290","Aaron Gordon",0.125068579464795
2018,30,"dummy","2284101","Justin Holiday",0.116976039394392
2018,30,"dummy","4258","DeMarcus Cousins",0.0473397562427297
2018,30,"dummy","2531210","Allen Crabbe",0.0429139977025904
2018,30,"dummy","pair_2968436_3908809",NA,-0.0267424733021009
2018,30,"dummy","3447","Robin Lopez",-0.0278203848419504
2018,30,"dummy","1975","Carmelo Anthony",-0.0304403156115867
2018,30,"dummy","6609","Khris Middleton",-0.084474664032923
2018,30,"dummy","pair_3423_3999",NA,-0.0929699550846012
2018,30,"dummy","3989","Blake Griffin",-0.102496686989907
2018,30,"dummy","3195","Mike Conley",-0.105260476632006
2018,30,"dummy","3970","DeMarre Carroll",-0.125539842330996
2018,30,"dummy","4066421","Lonzo Ball",-0.144488905197106
2018,30,"dummy","2384","Dwight Howard",-0.155045652379303
2018,30,"dummy","3423","Goran Dragic",-0.213039167781028
2018,30,"dummy","4",NA,-0.21771317596793
2018,30,"dummy","2968436","Joe Ingles",-0.219122045354481
2018,30,"dummy","6478","Nikola Vucevic",-0.231836079687548
2018,30,"dummy","4251","Paul George",-0.233910148218355
2018,30,"dummy","3",NA,-0.245972686816381
2018,30,"dummy","2490149","CJ McCollum",-0.250410373974747
2018,30,"dummy","4237","John Wall",-0.25081791148422
2018,30,"dummy","6617","Austin Rivers",-0.26052807597195
2018,30,"dummy","3015","Paul Millsap",-0.263936168179465
2018,30,"dummy","4032","Wesley Matthews",-0.298295493463311
2018,30,"dummy","3416","Nicolas Batum",-0.332005880859206
2018,30,"dummy","4015","Jeff Teague",-0.338907116291793
2018,30,"dummy","4238","Eric Bledsoe",-0.344642841459534
2018,30,"dummy","3913176","Brandon Ingram",-0.378364394758146
2018,30,"dummy","3032978","Dario Saric",-0.38766158159977
2018,30,"dummy","pair_2799_3442",NA,-0.391805668938027
2018,30,"dummy","pair_1966_2444",NA,-0.39924026419669
2018,30,"dummy","6460","E'Twaun Moore",-0.430750308796939
2018,30,"dummy","6588","Evan Fournier",-0.432114512657157
2018,30,"dummy","pair_2284101_4066336",NA,-0.492745675829248
2018,30,"dummy","3194","Wilson Chandler",-0.499066450803132
2018,30,"dummy","2444","JR Smith",-0.528689424420467
2018,30,"dummy","2990962","Taurean Prince",-0.58172462083503
2018,30,"dummy","pair_4032_6578",NA,-0.592365583193269
2018,30,"dummy","5",NA,-0.600560375187945
2018,30,"dummy","pair_2990962_3032979",NA,-0.612631512314202
2018,30,"dummy","3032979","Dennis Schroder",-0.668444814499538
2018,30,"dummy","3593","Bojan Bogdanovic",-0.669616029188841
2018,30,"dummy","3445","Courtney Lee",-0.692082377565268
2018,30,"dummy","pair_3155526_3206",NA,-0.696257454992356
2018,30,"dummy","3133628","Myles Turner",-0.699943954550874
2018,30,"dummy","6578","Harrison Barnes",-0.709733494743018
2018,30,"dummy","4240","Avery Bradley",-0.760350733692881
2018,30,"dummy","3449","Kevin Love",-0.918866394020746
2018,30,"dummy","4066336","Lauri Markkanen",-0.931864851666246
2018,30,"dummy","6628","Dion Waiters",-1.01406790582564
2018,30,"dummy","2991139","Kris Dunn",-1.10112357960792
2018,30,"dummy","pair_3445_6447",NA,-1.12325350225744
2018,30,"dummy","3136193","Devin Booker",-1.14759220884024
2018,30,"dummy","2583639","Elfrid Payton",-1.18149365065585
2018,30,"dummy","3206","Marc Gasol",-1.21643521071206
2018,30,"dummy","2982334","TJ Warren",-1.30228621491474
2018,30,"dummy","4065697","Dennis Smith",-1.32342402854209
2018,30,"dummy","pair_2991282_3037789",NA,-1.48025223903585
2018,30,"dummy","pair_4011991_4066297",NA,-2.85921697291569
2019,0,"dummy","3074765","Isaiah Hicks",18.197703516816
2019,0,"dummy","2528473",NA,11.1763220320703
2019,0,"dummy","3074743",NA,9.1443907547277
2019,0,"dummy","4416645","Tahjere Mccall",7.50630653019047
2019,0,"dummy","3059262",NA,7.46106200867677
2019,0,"dummy","2982249","Amile Jefferson",4.93425944207543
2019,0,"dummy","3134903",NA,4.47167284524992
2019,0,"dummy","1579",NA,4.34493439022975
2019,0,"dummy","3136479",NA,3.82532908181565
2019,0,"dummy","3952343","Jaylen Morris",3.79376889705651
2019,0,"dummy","3138256",NA,3.49771276357531
2019,0,"dummy","4277842",NA,3.29983438817191
2019,0,"dummy","4066424",NA,3.26888066516587
2019,0,"dummy","4066243","Daryl Macon",2.92696747540311
2019,0,"dummy","2579492","Julian Washburn",2.74904389917022
2019,0,"dummy","3451","Luc Mbah",2.73482740756388
2019,0,"dummy","3913546",NA,2.51122332662074
2019,0,"dummy","4236300","Mitchell Creek",2.32360293628623
2019,0,"dummy","3136779","Keita Bates-Diop",2.18684944856397
2019,0,"dummy","3907385","Brandon Sampson",2.16715777864918
2019,0,"dummy","2027",NA,2.15048750850578
2019,0,"dummy","3057198","Brandon Goodwin",2.06380640840209
2019,0,"dummy","4415554",NA,2.01215747262729
2019,0,"dummy","2990968","Naz Mitrou-Long",1.94588227221518
2019,0,"dummy","3137798","Devin Robinson",1.94080988636863
2019,0,"dummy","2429","Luol Deng",1.68588618828973
2019,0,"dummy","2968361","Raul Neto",1.61035704671137
2019,0,"dummy","425",NA,1.5455758822615
2019,0,"dummy","6576","Quincy Acy",1.23948908165702
2019,0,"dummy","2489693","Ryan Broekhoff",1.15671660680946
2019,0,"dummy","2184","Udonis Haslem",1.12110328165538
2019,0,"dummy","6594","John Jenkins",1.12052424451601
2019,0,"dummy","2579326",NA,1.04629331465675
2019,0,"dummy","4066335",NA,1.01149838938117
2019,0,"dummy","3936296","Skal Labissiere",1.00705354116993
2019,0,"dummy","2386","Andre Iguodala",0.943299831231333
2019,0,"dummy","4192","Milos Teodosic",0.93594169563936
2019,0,"dummy","3934673","Donte DiVincenzo",0.92736966741841
2019,0,"dummy","3059358","Deonte Burton",0.927183304235208
2019,0,"dummy","2968439","Aron Baynes",0.91453307320034
2019,0,"dummy","6507","Brad Wanamaker",0.906290632960172
2019,0,"dummy","3056602","Semi Ojeleye",0.897382030689601
2019,0,"dummy","4251","Paul George",0.888058099588843
2019,0,"dummy","3149673","Pascal Siakam",0.87400635393911
2019,0,"dummy","2578213","Ben McLemore",0.839502410405489
2019,0,"dummy","4278508","Troy Brown",0.80426951313854
2019,0,"dummy","3015","Paul Millsap",0.792302076785486
2019,0,"dummy","pair_3448_6609",NA,0.774184227375718
2019,0,"dummy","pair_3012_3149673",NA,0.767715301892649
2019,0,"dummy","3202","Kevin Durant",0.766117939443182
2019,0,"dummy","2488653","Mason Plumlee",0.761084393499606
2019,0,"dummy","2578240","Khem Birch",0.755748585928152
2019,0,"dummy","2991155","Danuel House",0.74738539614091
2019,0,"dummy","2968436","Joe Ingles",0.745753245839051
2019,0,"dummy","6442","Kyrie Irving",0.741013707197628
2019,0,"dummy","3975","Stephen Curry",0.736847264490791
2019,0,"dummy","2960236","Maximilian Kleber",0.735482308646766
2019,0,"dummy","2999547","Gary Harris",0.729705000601702
2019,0,"dummy","3914285","Drew Eubanks",0.725994393364231
2019,0,"dummy","3448","Brook Lopez",0.718739944200092
2019,0,"dummy","2282117",NA,0.70764277871826
2019,0,"dummy","2566769","Malcolm Brogdon",0.707397412441726
2019,0,"dummy","2578239","Pat Connaughton",0.696948447724065
2019,0,"dummy","6589","Draymond Green",0.688970405915548
2019,0,"dummy","2991235","Steven Adams",0.667625166228004
2019,0,"dummy","4259","Ed Davis",0.658200321876657
2019,0,"dummy","3915560","Tyler Dorsey",0.656922823037579
2019,0,"dummy","3102530","Jusuf Nurkic",0.653352649725147
2019,0,"dummy","3133838","Yuta Watanabe",0.65316202759926
2019,0,"dummy","3423","Goran Dragic",0.647355131642867
2019,0,"dummy","pair_4248_6606",NA,0.642990496697423
2019,0,"dummy","pair_3024_3907387",NA,0.636962306600613
2019,0,"dummy","3028","Thabo Sefolosha",0.636679548560698
2019,0,"dummy","3988","Danny Green",0.630118893588206
2019,0,"dummy","3135047","Justise Winslow",0.629538629333043
2019,0,"dummy","3059318","Joel Embiid",0.626230335902609
2019,0,"dummy","4248","Al-Farouq Aminu",0.61974838178051
2019,0,"dummy","2583639","Elfrid Payton",0.618614627966443
2019,0,"dummy","3194","Wilson Chandler",0.614867132459805
2019,0,"dummy","3032977","Giannis Antetokounmpo",0.610746424219222
2019,0,"dummy","2451037","Daniel Theis",0.608056045921065
2019,0,"dummy","2761","Gerald Green",0.603296455671019
2019,0,"dummy","pair_2799_2991055",NA,0.603018532450758
2019,0,"dummy","3970","DeMarre Carroll",0.601821658904132
2019,0,"dummy","4066425","T.J. Leaf",0.59759765876889
2019,0,"dummy","pair_3415_6478",NA,0.581595937232711
2019,0,"dummy","pair_3032976_3908809",NA,0.578213822835423
2019,0,"dummy","pair_2990992_4065648",NA,0.570875874937071
2019,0,"dummy","6426","Davis Bertans",0.56743701926857
2019,0,"dummy","2767","Ersan Ilyasova",0.557730255907854
2019,0,"dummy","6579","Will Barton",0.539764330098399
2019,0,"dummy","3062744","David Nwaba",0.532908838177159
2019,0,"dummy","pair_3155942_6446",NA,0.531713992290804
2019,0,"dummy","4222252","Isaiah Hartenstein",0.530919568241607
2019,0,"dummy","3024","JJ Redick",0.53020510750454
2019,0,"dummy","3113297","Bruno Caboclo",0.527958063537574
2019,0,"dummy","6609","Khris Middleton",0.526243285264671
2019,0,"dummy","3064517","Jarell Martin",0.524910361077299
2019,0,"dummy","3155535","Kevon Looney",0.524250962594065
2019,0,"dummy","pair_3202_6475",NA,0.523170469035527
2019,0,"dummy","3995","Jrue Holiday",0.520222065494015
2019,0,"dummy","6606","Damian Lillard",0.519272160631606
2019,0,"dummy","2528353","Tony Snell",0.517070191270163
2019,0,"dummy","3078576","Derrick White",0.516400890335131
2019,0,"dummy","pair_2991235_3468",NA,0.514374044902775
2019,0,"dummy","6430","Jimmy Butler",0.513766112673619
2019,0,"dummy","3929325","Furkan Korkmaz",0.511152269172991
2019,0,"dummy","3012","Kyle Lowry",0.505927222539955
2019,0,"dummy","3439","Serge Ibaka",0.505054522536814
2019,0,"dummy","2982240","Jaron Blossomgame",0.503870135923692
2019,0,"dummy","6583","Anthony Davis",0.497025186013623
2019,0,"dummy","3554","Omri Casspi",0.486847874507244
2019,0,"dummy","3213","Al Horford",0.484426569833928
2019,0,"dummy","2779","Chris Paul",0.483415849295925
2019,0,"dummy","4305","Ish Smith",0.477053429321874
2019,0,"dummy","2991230","Fred VanVleet",0.471689481441477
2019,0,"dummy","2490149","CJ McCollum",0.460224332413607
2019,0,"dummy","2982268","Jake Layman",0.455039046704965
2019,0,"dummy","pair_3064514_3995",NA,0.449695320805337
2019,0,"dummy","2991350","Alex Caruso",0.440493245941625
2019,0,"dummy","1713","Nene Hilario",0.435215229525185
2019,0,"dummy","4017837","Ivica Zubac",0.426384434084838
2019,0,"dummy","2753","Raymond Felton",0.421392256440989
2019,0,"dummy","2991070","Jerami Grant",0.418112329876433
2019,0,"dummy","3444","Kosta Koufos",0.417778407685788
2019,0,"dummy","3157465","Duncan Robinson",0.416096962145956
2019,0,"dummy","2488945","Tim Frazier",0.415976098864092
2019,0,"dummy","2990992","Marcus Smart",0.413550863619848
2019,0,"dummy","4238","Eric Bledsoe",0.406155491447638
2019,0,"dummy","2799","Lou Williams",0.395282315299229
2019,0,"dummy","pair_3989_6585",NA,0.394560846090181
2019,0,"dummy","4004","Patty Mills",0.392968965064104
2019,0,"dummy","pair_1966_3134907",NA,0.392763402159071
2019,0,"dummy","3112335","Nikola Jokic",0.390911924504248
2019,0,"dummy","3907822","Malik Beasley",0.388093427773468
2019,0,"dummy","1966","LeBron James",0.379776870900227
2019,0,"dummy","2489563",NA,0.375782338798466
2019,0,"dummy","3032976","Rudy Gobert",0.374574553386752
2019,0,"dummy","6475","Klay Thompson",0.366420070775115
2019,0,"dummy","2579476","Jalen Jones",0.359021561022027
2019,0,"dummy","4065648","Jayson Tatum",0.35646625098251
2019,0,"dummy","4230546","Terrance Ferguson",0.355474656949756
2019,0,"dummy","3906522","Henry Ellenson",0.355163510000303
2019,0,"dummy","3908809","Donovan Mitchell",0.347711357582914
2019,0,"dummy","3983","Tyreke Evans",0.3428848717334
2019,0,"dummy","6622","Mike Scott",0.341312683178483
2019,0,"dummy","4011","Ricky Rubio",0.336168124728737
2019,0,"dummy","6459","Nikola Mirotic",0.334474564098059
2019,0,"dummy","6591","Maurice Harkless",0.327590633726724
2019,0,"dummy","3468","Russell Westbrook",0.322410387928085
2019,0,"dummy","pair_2528794_4066328",NA,0.312887813082249
2019,0,"dummy","2594922","Otto Porter",0.310787529820967
2019,0,"dummy","2581190","Josh Richardson",0.309190354723966
2019,0,"dummy","3134880","Kadeem Allen",0.306655580749193
2019,0,"dummy","3059310","Monte Morris",0.302047309613782
2019,0,"dummy","6478","Nikola Vucevic",0.297787627544425
2019,0,"dummy","pair_3112335_3936299",NA,0.296720777572851
2019,0,"dummy","3438","George Hill",0.2964285858011
2019,0,"dummy","2595592","Jordan Loyd",0.293275812595508
2019,0,"dummy","3907387","Ben Simmons",0.29224032129177
2019,0,"dummy","3064447","Delon Wright",0.291494607395882
2019,0,"dummy","6446","Cory Joseph",0.290017962946255
2019,0,"dummy","3002137","Tyrone Wallace",0.289707459356549
2019,0,"dummy","3155942","Domantas Sabonis",0.285650118218057
2019,0,"dummy","2530572","Langston Galloway",0.283833538098486
2019,0,"dummy","3206","Marc Gasol",0.272814360791861
2019,0,"dummy","2530780","Shabazz Napier",0.270376077965069
2019,0,"dummy","3936294","Isaiah Briscoe",0.268162230707611
2019,0,"dummy","3936099","Derrick Jones",0.247626439713685
2019,0,"dummy","3062679","Josh Hart",0.243941975945024
2019,0,"dummy","2774","Ian Mahinmi",0.242403477576603
2019,0,"dummy","6450","Kawhi Leonard",0.241213047412882
2019,0,"dummy","2528588","Doug McDermott",0.24007842414635
2019,0,"dummy","3136195","Karl-Anthony Towns",0.237803726054668
2019,0,"dummy","6462","Marcus Morris",0.227210593994143
2019,0,"dummy","2531367","Dwight Powell",0.223219961714111
2019,0,"dummy","4269","Nemanja Bjelica",0.215817327669683
2019,0,"dummy","3964","Patrick Beverley",0.213162941127494
2019,0,"dummy","3431","Eric Gordon",0.209519835512296
2019,0,"dummy","3973","Darren Collison",0.208670488007689
2019,0,"dummy","3934663","Malachi Richardson",0.201945165372683
2019,0,"dummy","3135046","Tyus Jones",0.200298432761937
2019,0,"dummy","3914044","Landry Shamet",0.200084748535573
2019,0,"dummy","3059319","Andrew Wiggins",0.195101087609272
2019,0,"dummy","6603","Jeremy Lamb",0.194732018336422
2019,0,"dummy","3055","J.J. Barea",0.189177794510257
2019,0,"dummy","4066636","Markelle Fultz",0.189173927885338
2019,0,"dummy","pair_3059319_3136195",NA,0.182503528134726
2019,0,"dummy","2489530","Troy Daniels",0.177477920704638
2019,0,"dummy","3102528","Dante Exum",0.177126708942502
2019,0,"dummy","2531797","Jordan McRae",0.176495697794646
2019,0,"dummy","2580898","Chasson Randle",0.176233287972356
2019,0,"dummy","3908845","John Collins",0.175217216516646
2019,0,"dummy","pair_3033_3992",NA,0.174917591778587
2019,0,"dummy","4277848","Marvin Bagley",0.174323216922094
2019,0,"dummy","3936299","Jamal Murray",0.173492808240123
2019,0,"dummy","3456","Derrick Rose",0.172054357574795
2019,0,"dummy","pair_3206_4023",NA,0.170970264175425
2019,0,"dummy","4257","Derrick Favors",0.17078051066128
2019,0,"dummy","3064559","Damian Jones",0.167629319277739
2019,0,"dummy","pair_3064440_4066336",NA,0.167084106135908
2019,0,"dummy","4249","Gordon Hayward",0.159568020386273
2019,0,"dummy","4015","Jeff Teague",0.158792737434373
2019,0,"dummy","3244","Thaddeus Young",0.157793396646763
2019,0,"dummy","4017839","Juan Hernangomez",0.157279619181664
2019,0,"dummy","4351852","Mitchell Robinson",0.154360471003952
2019,0,"dummy","2326307","Seth Curry",0.15415002670225
2019,0,"dummy","3136491","D.J. Wilson",0.153112239535259
2019,0,"dummy","2530530","T.J. McConnell",0.150985333125856
2019,0,"dummy","2579258","Cody Zeller",0.149029757943057
2019,0,"dummy","4411934","Emanuel Terry",0.148995906662211
2019,0,"dummy","2578185","Dorian Finney-Smith",0.147289372619564
2019,0,"dummy","3005","Rudy Gay",0.145871349261788
2019,0,"dummy","6581","Jae Crowder",0.14571534703491
2019,0,"dummy","2579321","James Ennis",0.143672101600184
2019,0,"dummy","3033","PJ Tucker",0.140541905274205
2019,0,"dummy","4066259","De'Aaron Fox",0.136947687211171
2019,0,"dummy","3132042","Gary Clark",0.135718315629184
2019,0,"dummy","3998","Jonas Jerebko",0.135302968341137
2019,0,"dummy","2490089","Mike Muscala",0.135138320840824
2019,0,"dummy","4262","Hassan Whiteside",0.131566669172409
2019,0,"dummy","3190","Marco Belinelli",0.131142448797408
2019,0,"dummy","2991055","Montrezl Harrell",0.1292822578848
2019,0,"dummy","pair_2990984_4066259",NA,0.126042234309425
2019,0,"dummy","3415","D.J. Augustin",0.123340212580791
2019,0,"dummy","3195","Mike Conley",0.119701271489655
2019,0,"dummy","6585","Andre Drummond",0.102205226068099
2019,0,"dummy","4017844","Guerschon Yabusele",0.0985845084176571
2019,0,"dummy","3133628","Myles Turner",0.0981028274956007
2019,0,"dummy","3912334","Khyri Thomas",0.097935151657087
2019,0,"dummy","6477","Jonas Valanciunas",0.0956920574338085
2019,0,"dummy","3445","Courtney Lee",0.092675528307402
2019,0,"dummy","4066372","Kevin Huerter",0.0923108060699573
2019,0,"dummy","2489716","Matthew Dellavedova",0.0907349118463472
2019,0,"dummy","2991282","Willie Cauley-Stein",0.0878089328694813
2019,0,"dummy","4065663","Josh Okogie",0.0801861362903311
2019,0,"dummy","3032979","Dennis Schroder",0.079921158538128
2019,0,"dummy","3986","Taj Gibson",0.0789773156198481
2019,0,"dummy","3059306","Johnathan Motley",0.0776876473252327
2019,0,"dummy","3209","Jeff Green",0.0742744525119858
2019,0,"dummy","2528693","Torrey Craig",0.0678192472509686
2019,0,"dummy","3064290","Aaron Gordon",0.0655528159359088
2019,0,"dummy","pair_3416_6479",NA,0.0645796049771515
2019,0,"dummy","2527963","Victor Oladipo",0.0639743785283232
2019,0,"dummy","3416","Nicolas Batum",0.0628590386917351
2019,0,"dummy","pair_3209_6580",NA,0.0625499463320008
2019,0,"dummy","6433","Kenneth Faried",0.0603482990203557
2019,0,"dummy","3934719","OG Anunoby",0.0587270886605881
2019,0,"dummy","2991184","Sam Dekker",0.0575700223516678
2019,0,"dummy","2993874","Kyle Anderson",0.0552399255899997
2019,0,"dummy","6440","Tobias Harris",0.0546963622608184
2019,0,"dummy","6428","MarShon Brooks",0.0523483879700518
2019,0,"dummy","984","Tyson Chandler",0.050871000456625
2019,0,"dummy","2595516","Norman Powell",0.0500836155963024
2019,0,"dummy","3913176","Brandon Ingram",0.0493974549681781
2019,0,"dummy","2995702","Alex Abrines",0.048822618957672
2019,0,"dummy","4065670","Bruce Brown",0.0483763410243016
2019,0,"dummy","3447","Robin Lopez",0.0457652870466948
2019,0,"dummy","6617","Austin Rivers",0.0448450841617856
2019,0,"dummy","2011","Kyle Korver",0.0445384429345228
2019,0,"dummy","2531210","Allen Crabbe",0.0411175108308239
2019,0,"dummy","4239","Evan Turner",0.0409065780367732
2019,0,"dummy","3147657","Mikal Bridges",0.0368045920072938
2019,0,"dummy","3102529","Clint Capela",0.0348385417640299
2019,0,"dummy","6479","Kemba Walker",0.0318394138575481
2019,0,"dummy","pair_3908845_4277905",NA,0.0304975796057677
2019,0,"dummy","4066328","Jarrett Allen",0.0277280647860448
2019,0,"dummy","2528779","Reggie Bullock",0.0198517537988131
2019,0,"dummy","6610","Darius Miller",0.0192130304120794
2019,0,"dummy","3922230","Aaron Holiday",0.0168243757255842
2019,0,"dummy","3064291","Rondae Hollis-Jefferson",0.0136546559195637
2019,0,"dummy","2990984","Buddy Hield",0.0108441281668888
2019,0,"dummy","3919335","Cheick Diallo",0.00799750699116858
2019,0,"dummy","2595231","Treveon Graham",0.00782765159334432
2019,0,"dummy","3134908","Jakob Poeltl",0.00449376612360478
2019,0,"dummy","2528794","Joe Harris",0.00438389879297739
2019,0,"dummy","3992","James Harden",0.00410049212732898
2019,0,"dummy","3074797","Wesley Iwundu",0.00287385009389954
2019,0,"dummy","4065654","Jonathan Isaac",0.00213366625728555
2019,0,"dummy","3934672","Jalen Brunson",0.00147949541769975
2019,0,"dummy","1",NA,0
2019,0,"dummy","2",NA,0
2019,0,"dummy","3907821","Dwayne Bacon",-0.00660508020496433
2019,0,"dummy","4376","Boban Marjanovic",-0.00867881525490136
2019,0,"dummy","2991280","Nerlens Noel",-0.0112708064345028
2019,0,"dummy","3064560","Luke Kornet",-0.0117634229408193
2019,0,"dummy","2490620","Robert Covington",-0.0139570488017681
2019,0,"dummy","3428","Danilo Gallinari",-0.0157341803304992
2019,0,"dummy","3917376","Jaylen Brown",-0.0158871105683434
2019,0,"dummy","3064539","Sindarius Thornwell",-0.0177907833255506
2019,0,"dummy","4066383","Miles Bridges",-0.023076158290755
2019,0,"dummy","3593","Bojan Bogdanovic",-0.034435111274645
2019,0,"dummy","3981","Wayne Ellington",-0.0372797250285126
2019,0,"dummy","3134907","Kyle Kuzma",-0.0387587068879664
2019,0,"dummy","3155533","Jonah Bolden",-0.0543246421582027
2019,0,"dummy","2596107","Alex Len",-0.0595510453519525
2019,0,"dummy","3026","Rajon Rondo",-0.0634430524501447
2019,0,"dummy","3133626","Kenrich Williams",-0.064399841699317
2019,0,"dummy","3989","Blake Griffin",-0.0655630357013838
2019,0,"dummy","3945274","Luka Doncic",-0.0659892630282754
2019,0,"dummy","6443","Reggie Jackson",-0.0697434212900505
2019,0,"dummy","6468","Iman Shumpert",-0.0720882281866939
2019,0,"dummy","2983","LaMarcus Aldridge",-0.0737798863422319
2019,0,"dummy","4355392",NA,-0.0755211618530201
2019,0,"dummy","6592","John Henson",-0.0820779805919391
2019,0,"dummy","3201","Jared Dudley",-0.084161105334261
2019,0,"dummy","2581018","Kentavious Caldwell-Pope",-0.0913893033939214
2019,0,"dummy","pair_2983_3978",NA,-0.0938073026300204
2019,0,"dummy","4299","Jeremy Lin",-0.10477184673497
2019,0,"dummy","4066336","Lauri Markkanen",-0.105964463308844
2019,0,"dummy","6578","Harrison Barnes",-0.106498715217561
2019,0,"dummy","3442","DeAndre Jordan",-0.108337794093408
2019,0,"dummy","2991018","Yogi Ferrell",-0.10884711743037
2019,0,"dummy","3136776","D'Angelo Russell",-0.112072886483806
2019,0,"dummy","3064514","Julius Randle",-0.11226548958741
2019,0,"dummy","2489663","Kelly Olynyk",-0.116602688988167
2019,0,"dummy","4240","Avery Bradley",-0.117530400455963
2019,0,"dummy","6460","E'Twaun Moore",-0.118767267560977
2019,0,"dummy","2488958","Solomon Hill",-0.119489604339617
2019,0,"dummy","4023","Garrett Temple",-0.124136873095275
2019,0,"dummy","2797","Marvin Williams",-0.124815196034793
2019,0,"dummy","4230548","Rodions Kurucs",-0.131347467111894
2019,0,"dummy","3062667","DeAndre' Bembry",-0.135449299025642
2019,0,"dummy","2991047","Ryan Arcidiacono",-0.139505147165812
2019,0,"dummy","2393","Shaun Livingston",-0.139607899792407
2019,0,"dummy","6580","Bradley Beal",-0.141765025332427
2019,0,"dummy","4230550","Elie Okobo",-0.14616985866686
2019,0,"dummy","6588","Evan Fournier",-0.148542687741422
2019,0,"dummy","3136196","Trey Lyles",-0.155906860264907
2019,0,"dummy","2991283","Alex Poythress",-0.156358835433225
2019,0,"dummy","4066261","Bam Adebayo",-0.157535729799148
2019,0,"dummy","4011991","Dragan Bender",-0.165272568701152
2019,0,"dummy","3037789","Bogdan Bogdanovic",-0.179645713840188
2019,0,"dummy","2991149","Damyean Dotson",-0.182263307776549
2019,0,"dummy","pair_3945274_6578",NA,-0.184921539750592
2019,0,"dummy","2444","JR Smith",-0.186881128698197
2019,0,"dummy","6621","Tomas Satoransky",-0.194352798676871
2019,0,"dummy","2993370","Richaun Holmes",-0.19499322282437
2019,0,"dummy","4277961","Jaren Jackson",-0.206872399158608
2019,0,"dummy","3276","Anthony Tolliver",-0.2073391984931
2019,0,"dummy","3418","Michael Beasley",-0.209684788361616
2019,0,"dummy","4066421","Lonzo Ball",-0.210101470929039
2019,0,"dummy","3138156","Justin Jackson",-0.210138025871275
2019,0,"dummy","2580913","Dewayne Dedmon",-0.218130084267292
2019,0,"dummy","2488826","Rodney McGruder",-0.219091299312409
2019,0,"dummy","3032978","Dario Saric",-0.221529908024304
2019,0,"dummy","3978","DeMar DeRozan",-0.221607709198375
2019,0,"dummy","3191","Corey Brewer",-0.221693787522773
2019,0,"dummy","3155526","Dillon Brooks",-0.231708956666334
2019,0,"dummy","2530276","Tyler Johnson",-0.235061214248261
2019,0,"dummy","4230547","Frank Ntilikina",-0.241501475377133
2019,0,"dummy","3224","Joakim Noah",-0.242865153750507
2019,0,"dummy","2994526","Bryn Forbes",-0.246153847124082
2019,0,"dummy","3064440","Zach LaVine",-0.258200124798826
2019,0,"dummy","4017838","Ante Zizic",-0.262561380330132
2019,0,"dummy","6601","Michael Kidd-Gilchrist",-0.26307101583575
2019,0,"dummy","pair_2528210_3078284",NA,-0.264619819695342
2019,0,"dummy","4032","Wesley Matthews",-0.269974479931642
2019,0,"dummy","2016","Zaza Pachulia",-0.270046550293604
2019,0,"dummy","3059430",NA,-0.286838176521711
2019,0,"dummy","2583632","Royce O'Neale",-0.29163821347808
2019,0,"dummy","3074752","Terry Rozier",-0.292131304773026
2019,0,"dummy","4278073","Shai Gilgeous-Alexander",-0.300186845326446
2019,0,"dummy","3138154","Theo Pinson",-0.305604623710111
2019,0,"dummy","4065651","Frank Jackson",-0.305761278556583
2019,0,"dummy","4277905","Trae Young",-0.314331783885046
2019,0,"dummy","2579260","Trey Burke",-0.314945938245514
2019,0,"dummy","2995706","Mario Hezonja",-0.322909016150485
2019,0,"dummy","4080610","Hamidou Diallo",-0.334895666676321
2019,0,"dummy","1987","Dwyane Wade",-0.335948409621585
2019,0,"dummy","pair_1987_4066261",NA,-0.337057112376173
2019,0,"dummy","6466","Chandler Parsons",-0.338313524517602
2019,0,"dummy","3056600","Jabari Parker",-0.350284442611297
2019,0,"dummy","3133843","Jared Terrell",-0.351656419468834
2019,0,"dummy","4066262","Malik Monk",-0.35894160540913
2019,0,"dummy","3999","James Johnson",-0.361688667368824
2019,0,"dummy","2426","Trevor Ariza",-0.362566050129232
2019,0,"dummy","4066650","Zach Collins",-0.364063347872157
2019,0,"dummy","4237","John Wall",-0.365526436127698
2019,0,"dummy","2528210","Tim Hardaway",-0.373304672878824
2019,0,"dummy","2534781","Gorgui Dieng",-0.377694205202007
2019,0,"dummy","6619","Terrence Ross",-0.384803294668198
2019,0,"dummy","3149010","Chandler Hutchison",-0.387477839046012
2019,0,"dummy","3078286","Troy Williams",-0.39384542150471
2019,0,"dummy","996","Pau Gasol",-0.396181310728975
2019,0,"dummy","1015","Tony Parker",-0.396920189693656
2019,0,"dummy","3449","Kevin Love",-0.4006578550002
2019,0,"dummy","2580782","Spencer Dinwiddie",-0.404700724435614
2019,0,"dummy","3917378","Ivan Rabb",-0.417368988093543
2019,0,"dummy","3064427","Jordan Bell",-0.427355236917059
2019,0,"dummy","4264","Patrick Patterson",-0.429641679341889
2019,0,"dummy","6628","Dion Waiters",-0.430801768268197
2019,0,"dummy","2489785","Ian Clark",-0.43416312582454
2019,0,"dummy","3452","JaVale McGee",-0.437045209251002
2019,0,"dummy","3064511","Andrew Harrison",-0.43793522498231
2019,0,"dummy","4065697","Dennis Smith",-0.448168067275082
2019,0,"dummy","4244","Lance Stephenson",-0.449020523370707
2019,0,"dummy","3064482","Bobby Portis",-0.453187363968263
2019,0,"dummy","3913174","Luke Kennard",-0.454684766747094
2019,0,"dummy","3134881","Stanley Johnson",-0.45687939438192
2019,0,"dummy","3133602","Sviatoslav Mykhailiuk",-0.457951917123142
2019,0,"dummy","2580349","Ron Baker",-0.462231888395625
2019,0,"dummy","2991274","Shaquille Harrison",-0.466282489515146
2019,0,"dummy","2778","CJ Miles",-0.467830307663806
2019,0,"dummy","2528426","Jordan Clarkson",-0.470122480316509
2019,0,"dummy","6605","Meyers Leonard",-0.47051713461285
2019,0,"dummy","4017843","Thon Maker",-0.473213948197021
2019,0,"dummy","2382","Devin Harris",-0.484522137201508
2019,0,"dummy","3059316","Wayne Selden",-0.486740719181806
2019,0,"dummy","2991139","Kris Dunn",-0.487365925566679
2019,0,"dummy","2968458","Salah Mejri",-0.489161667572454
2019,0,"dummy","3135048","Jahlil Okafor",-0.491816932814121
2019,0,"dummy","3893019","Timothe Luwawu-Cabarrot",-0.494106286473605
2019,0,"dummy","3078284","Noah Vonleh",-0.496482343808752
2019,0,"dummy","4278077","Jarred Vanderbilt",-0.496845773637238
2019,0,"dummy","3934723","Thomas Bryant",-0.498261158653567
2019,0,"dummy","3974","Dante Cunningham",-0.498806435506873
2019,0,"dummy","3057187","Sterling Brown",-0.504206213950309
2019,0,"dummy","3133603","Kelly Oubre",-0.506784949608489
2019,0,"dummy","2284101","Justin Holiday",-0.51309447234665
2019,0,"dummy","2528787","Lorenzo Brown",-0.519444669730084
2019,0,"dummy","6427","Bismack Biyombo",-0.520088063522548
2019,0,"dummy","2580365","Larry Nance",-0.521107146285136
2019,0,"dummy","2581177","Rodney Hood",-0.537004130097983
2019,0,"dummy","3892818","Emmanuel Mudiay",-0.547552465212193
2019,0,"dummy","4066297","Josh Jackson",-0.55477498557988
2019,0,"dummy","2490589","Isaiah Canaan",-0.556483125591057
2019,0,"dummy","6615","Kyle O'Quinn",-0.562436721314616
2019,0,"dummy","pair_3136193_4278129",NA,-0.572107168124814
2019,0,"dummy","2982334","TJ Warren",-0.573031514879932
2019,0,"dummy","4258","DeMarcus Cousins",-0.574392620225021
2019,0,"dummy","2530923","Alfonzo McKinnie",-0.587560463370002
2019,0,"dummy","6461","Markieff Morris",-0.592987284363452
2019,0,"dummy","6429","Alec Burks",-0.596933403912053
2019,0,"dummy","4278129","Deandre Ayton",-0.598146541662994
2019,0,"dummy","3133635","Jevon Carter",-0.604294989936231
2019,0,"dummy","4065649","Harry Giles",-0.612532198448985
2019,0,"dummy","2758","Marcin Gortat",-0.613403012778236
2019,0,"dummy","3136193","Devin Booker",-0.646863825934321
2019,0,"dummy","609","Dirk Nowitzki",-0.660029929957168
2019,0,"dummy","4253","Quincy Pondexter",-0.674079083258239
2019,0,"dummy","4003",NA,-0.676193669765293
2019,0,"dummy","2579466","Jonathon Simmons",-0.678192273078453
2019,0,"dummy","6447","Enes Kanter",-0.687230346641573
2019,0,"dummy","3907525","Allonzo Trier",-0.705620499318242
2019,0,"dummy","2999409","Willy Hernangomez",-0.709076815225675
2019,0,"dummy","2991039","Glenn Robinson",-0.71811584810438
2019,0,"dummy","2327577","JaMychal Green",-0.72037873141698
2019,0,"dummy","2982340","Justin Anderson",-0.724812292229627
2019,0,"dummy","2991043","Caris LeVert",-0.73931517537236
2019,0,"dummy","1975","Carmelo Anthony",-0.75459686763137
2019,0,"dummy","3915195","Shake Milton",-0.759365823311906
2019,0,"dummy","6454","Shelvin Mack",-0.774055971937166
2019,0,"dummy","6637","Kent Bazemore",-0.78574799115804
2019,0,"dummy","3943606","Jerome Robinson",-0.791270307121839
2019,0,"dummy","6472","Isaiah Thomas",-0.805601869337317
2019,0,"dummy","136","Vince Carter",-0.809627183487305
2019,0,"dummy","4260","Greg Monroe",-0.82268503505598
2019,0,"dummy","6448","Brandon Knight",-0.832095027812694
2019,0,"dummy","2531047","Jerian Grant",-0.839240268454327
2019,0,"dummy","3059315","Frank Mason",-0.839776913507129
2019,0,"dummy","2384","Dwight Howard",-0.839880686070526
2019,0,"dummy","6474","Tristan Thompson",-0.843811087994071
2019,0,"dummy","3893016","Cedi Osman",-0.863325989104079
2019,0,"dummy","2579294","Frank Kaminsky",-0.883008745319278
2019,0,"dummy","2769","Amir Johnson",-0.892935096543628
2019,0,"dummy","4277847","Wendell Carter",-0.914856392278999
2019,0,"dummy","4277811","Collin Sexton",-0.917462020580872
2019,0,"dummy","2990962","Taurean Prince",-0.918516594671903
2019,0,"dummy","3133601","Devonte' Graham",-0.932956319848766
2019,0,"dummy","2566745","Quinn Cook",-0.933345088009753
2019,0,"dummy","3147351","Daniel Hamilton",-0.93594435122914
2019,0,"dummy","4066436","De'Anthony Melton",-0.960439748956106
2019,0,"dummy","pair_3893016_4277811",NA,-1.00025035987854
2019,0,"dummy","3137730","Patrick McCaw",-1.0032923706713
2019,0,"dummy","3064230","Cameron Payne",-1.02222378852048
2019,0,"dummy","4065836","Omari Spellman",-1.03258116045145
2019,0,"dummy","165","Jamal Crawford",-1.06435670303546
2019,0,"dummy","2595209","Damion Lee",-1.08380548332688
2019,0,"dummy","3133874","Jaylen Adams",-1.10332168749446
2019,0,"dummy","4247","Wesley Johnson",-1.10338869168026
2019,0,"dummy","2990969","Georges Niang",-1.12487142626062
2019,0,"dummy","6485","Lance Thomas",-1.15642148141732
2019,0,"dummy","6616","Miles Plumlee",-1.16541276077865
2019,0,"dummy","2326411","James Nunnally",-1.17453436544965
2019,0,"dummy","6452","Jon Leuer",-1.20485158678173
2019,0,"dummy","3914283","Chimezie Metu",-1.20833452184982
2019,0,"dummy","3136989",NA,-1.23719813840055
2019,0,"dummy","4278075","Kevin Knox",-1.24186924687604
2019,0,"dummy","3243",NA,-1.3423518064763
2019,0,"dummy","4261","Ekpe Udoh",-1.39418290887619
2019,0,"dummy","3908807","Deng Adel",-1.39778474251595
2019,0,"dummy","4066211","Robert Williams",-1.47299544446589
2019,0,"dummy","3155536","Thomas Welsh",-1.47486781994987
2019,0,"dummy","4067045","Alize Johnson",-1.47831704822395
2019,0,"dummy","2595435","Abdel Nader",-1.48462080248507
2019,0,"dummy","3654",NA,-1.50104775279243
2019,0,"dummy","4277919","Mohamed Bamba",-1.51782039192227
2019,0,"dummy","3232","Jason Smith",-1.52565035166255
2019,0,"dummy","2991042","Nik Stauskas",-1.52569077089239
2019,0,"dummy","3135045","Grayson Allen",-1.58389090452126
2019,0,"dummy","2806","Jose Calderon",-1.60762079267179
2019,0,"dummy","3113587","Cristiano Felicio",-1.61452194879956
2019,0,"dummy","3934621",NA,-1.62017098122747
2019,0,"dummy","3412","Ryan Anderson",-1.63930270343421
2019,0,"dummy","3136485","Edmond Sumner",-1.65520055802969
2019,0,"dummy","3058254","Christian Wood",-1.6587093982606
2019,0,"dummy","3907386","Antonio Blakeney",-1.78176998968492
2019,0,"dummy","3948153","Chris Boucher",-1.81736162190579
2019,0,"dummy","3417","Jerryd Bayless",-1.84646005917894
2019,0,"dummy","3907487","Marquese Chriss",-1.97457125581596
2019,0,"dummy","3906671","Caleb Swanigan",-2.08569133025207
2019,0,"dummy","3934662","Tyler Lydon",-2.14934376334273
2019,0,"dummy","3064528","Johnathan Williams",-2.16804208127827
2019,0,"dummy","4348697","Isaac Bonga",-2.21018932495023
2019,0,"dummy","3150844","Moritz Wagner",-2.22130474380058
2019,0,"dummy","3912854",NA,-2.24182751653976
2019,0,"dummy","4351851","Anfernee Simons",-2.30626307138263
2019,0,"dummy","2754","Channing Frye",-2.35204754908479
2019,0,"dummy","4066334","Rawle Alkins",-2.41629032636357
2019,0,"dummy","4348696","Dzanan Musa",-2.50784541220544
2019,0,"dummy","2282734","Kalin Lucas",-2.55518102956678
2019,0,"dummy","4291678","Haywood Highsmith",-2.82267250188936
2019,0,"dummy","2596108","Michael Carter-Williams",-2.82539823623031
2019,0,"dummy","3059273","Demetrius Jackson",-2.86889699691743
2019,0,"dummy","4277890","Lonnie Walker",-2.96883456086658
2019,0,"dummy","2579279",NA,-3.24593810459457
2019,0,"dummy","4412474","Mitchell Creek",-3.39825490142389
2019,0,"dummy","4277843","Gary Trent",-3.58880607247962
2019,0,"dummy","2531352",NA,-3.65115717529462
2019,0,"dummy","2325499","C.J. Williams",-3.74236489067077
2019,0,"dummy","3136696","Wade Baldwin",-3.85372699863605
2019,0,"dummy","3934670","Marcus Derrickson",-4.0604011321363
2019,0,"dummy","3064320",NA,-4.24337747342331
2019,0,"dummy","3923250","PJ Dozier",-4.36719522433881
2019,0,"dummy","3058269",NA,-4.94796223842485
2019,0,"dummy","2982349",NA,-4.95541846337875
2019,0,"dummy","4415789",NA,-5.17940228655546
2019,0,"dummy","4771",NA,-5.82818564153736
2019,0,"dummy","3136483",NA,-6.25236634757522
2019,0,"dummy","4412182",NA,-6.51635094852914
2019,0,"dummy","4065673","Tony Bradley",-6.79016698477106
2019,0,"dummy","339",NA,-6.97009220914374
2019,0,"dummy","2580980","Malcolm Miller",-7.67736067668165
2019,0,"dummy","3138192","Bonzie Colson",-15.2537575146851
2019,0,"dummy","6597","Terrence Jones",-23.929811507704
2019,5,"dummy","4416645","Tahjere Mccall",9.90813312376832
2019,5,"dummy","1579",NA,5.72537213827613
2019,5,"dummy","3952343","Jaylen Morris",5.35057916629785
2019,5,"dummy","3136479",NA,5.20943310079374
2019,5,"dummy","2579492","Julian Washburn",3.64011796361306
2019,5,"dummy","3451","Luc Mbah",3.57109114640166
2019,5,"dummy","4236300","Mitchell Creek",3.19522029130848
2019,5,"dummy","3136779","Keita Bates-Diop",3.09983073079344
2019,5,"dummy","3907385","Brandon Sampson",2.93175035831322
2019,5,"dummy","3",NA,2.92724689103121
2019,5,"dummy","2027",NA,2.86270054191854
2019,5,"dummy","4415554",NA,2.69265640587743
2019,5,"dummy","3137798","Devin Robinson",2.53809714863672
2019,5,"dummy","2429","Luol Deng",2.34799343956755
2019,5,"dummy","2968361","Raul Neto",2.1199178943947
2019,5,"dummy","425",NA,2.02718713060532
2019,5,"dummy","6576","Quincy Acy",1.72614324619177
2019,5,"dummy","2489693","Ryan Broekhoff",1.5427701631451
2019,5,"dummy","6594","John Jenkins",1.43507588693047
2019,5,"dummy","3936296","Skal Labissiere",1.40729663773773
2019,5,"dummy","2386","Andre Iguodala",1.21038457725151
2019,5,"dummy","3056602","Semi Ojeleye",1.1902287363603
2019,5,"dummy","6507","Brad Wanamaker",1.18074739968991
2019,5,"dummy","3059358","Deonte Burton",1.16730321889355
2019,5,"dummy","2968439","Aron Baynes",1.15828513035693
2019,5,"dummy","4251","Paul George",1.15621315474444
2019,5,"dummy","4192","Milos Teodosic",1.15290550067827
2019,5,"dummy","4278508","Troy Brown",1.15071321414063
2019,5,"dummy","3934673","Donte DiVincenzo",1.1347647419925
2019,5,"dummy","3149673","Pascal Siakam",1.10514957256456
2019,5,"dummy","2578213","Ben McLemore",1.10186713450138
2019,5,"dummy","2578240","Khem Birch",1.03726269308624
2019,5,"dummy","3015","Paul Millsap",1.00559962258023
2019,5,"dummy","2488653","Mason Plumlee",0.993581648989017
2019,5,"dummy","2991155","Danuel House",0.989403457514725
2019,5,"dummy","2960236","Maximilian Kleber",0.974476186319652
2019,5,"dummy","2968436","Joe Ingles",0.969313879292161
2019,5,"dummy","3202","Kevin Durant",0.967859357656512
2019,5,"dummy","6442","Kyrie Irving",0.962292073336074
2019,5,"dummy","pair_3448_6609",NA,0.938864358607145
2019,5,"dummy","3915560","Tyler Dorsey",0.927232109151165
2019,5,"dummy","pair_3012_3149673",NA,0.917645783677452
2019,5,"dummy","3975","Stephen Curry",0.911871347702207
2019,5,"dummy","3064517","Jarell Martin",0.910757213515785
2019,5,"dummy","3133838","Yuta Watanabe",0.90515915765434
2019,5,"dummy","2999547","Gary Harris",0.902441394031703
2019,5,"dummy","3135047","Justise Winslow",0.874372136491192
2019,5,"dummy","3423","Goran Dragic",0.873078546712248
2019,5,"dummy","3448","Brook Lopez",0.864961229223852
2019,5,"dummy","4259","Ed Davis",0.864015667654112
2019,5,"dummy","2566769","Malcolm Brogdon",0.861524233897522
2019,5,"dummy","3062744","David Nwaba",0.854313245936009
2019,5,"dummy","6589","Draymond Green",0.853111422675289
2019,5,"dummy","2991235","Steven Adams",0.829093417379715
2019,5,"dummy","2578239","Pat Connaughton",0.827292179684881
2019,5,"dummy","3028","Thabo Sefolosha",0.811030027716306
2019,5,"dummy","2761","Gerald Green",0.795215429511227
2019,5,"dummy","2583639","Elfrid Payton",0.791559518511998
2019,5,"dummy","4066425","T.J. Leaf",0.790853960805343
2019,5,"dummy","3102530","Jusuf Nurkic",0.79000542831981
2019,5,"dummy","pair_3415_6478",NA,0.78886383462906
2019,5,"dummy","pair_3024_3907387",NA,0.780859439724786
2019,5,"dummy","2982240","Jaron Blossomgame",0.776974944537115
2019,5,"dummy","3970","DeMarre Carroll",0.775888673280583
2019,5,"dummy","pair_4248_6606",NA,0.773204610563722
2019,5,"dummy","pair_2799_2991055",NA,0.772551476470566
2019,5,"dummy","3059318","Joel Embiid",0.769730858258271
2019,5,"dummy","2451037","Daniel Theis",0.765402624066592
2019,5,"dummy","3988","Danny Green",0.7548458359121
2019,5,"dummy","6426","Davis Bertans",0.752223745043117
2019,5,"dummy","4248","Al-Farouq Aminu",0.747769008285203
2019,5,"dummy","3554","Omri Casspi",0.745923991085057
2019,5,"dummy","pair_3032976_3908809",NA,0.725682304354837
2019,5,"dummy","3032977","Giannis Antetokounmpo",0.721553572274712
2019,5,"dummy","3194","Wilson Chandler",0.719883149889579
2019,5,"dummy","3995","Jrue Holiday",0.71142960062874
2019,5,"dummy","3078576","Derrick White",0.710608164646941
2019,5,"dummy","4222252","Isaiah Hartenstein",0.698985331875309
2019,5,"dummy","pair_2990992_4065648",NA,0.698109767726174
2019,5,"dummy","3113297","Bruno Caboclo",0.694097436794726
2019,5,"dummy","2767","Ersan Ilyasova",0.664287501610376
2019,5,"dummy","6583","Anthony Davis",0.653586348759268
2019,5,"dummy","pair_3155942_6446",NA,0.648487329048775
2019,5,"dummy","6579","Will Barton",0.64753904179435
2019,5,"dummy","3929325","Furkan Korkmaz",0.641977139582036
2019,5,"dummy","4305","Ish Smith",0.641838344881175
2019,5,"dummy","6430","Jimmy Butler",0.638217613158853
2019,5,"dummy","3024","JJ Redick",0.630815354819542
2019,5,"dummy","3155535","Kevon Looney",0.627048321055903
2019,5,"dummy","6606","Damian Lillard",0.626196837412292
2019,5,"dummy","2779","Chris Paul",0.622914802927219
2019,5,"dummy","3213","Al Horford",0.610247054138368
2019,5,"dummy","6609","Khris Middleton",0.608118135692389
2019,5,"dummy","4017837","Ivica Zubac",0.601560532361287
2019,5,"dummy","pair_2991235_3468",NA,0.600222904472168
2019,5,"dummy","2528353","Tony Snell",0.596719401767572
2019,5,"dummy","pair_3202_6475",NA,0.588324470639304
2019,5,"dummy","3439","Serge Ibaka",0.583518506967904
2019,5,"dummy","pair_3064514_3995",NA,0.582322462396781
2019,5,"dummy","3012","Kyle Lowry",0.581950804860689
2019,5,"dummy","2579476","Jalen Jones",0.575293761529257
2019,5,"dummy","3157465","Duncan Robinson",0.568525711894695
2019,5,"dummy","2991230","Fred VanVleet",0.559739012020486
2019,5,"dummy","3444","Kosta Koufos",0.557424659876824
2019,5,"dummy","pair_3989_6585",NA,0.554893748963696
2019,5,"dummy","2490149","CJ McCollum",0.550912697163925
2019,5,"dummy","2488945","Tim Frazier",0.544252676505655
2019,5,"dummy","pair_1966_3134907",NA,0.538552037278581
2019,5,"dummy","4004","Patty Mills",0.533201791076235
2019,5,"dummy","1966","LeBron James",0.5298155638276
2019,5,"dummy","1713","Nene Hilario",0.529794513417777
2019,5,"dummy","2753","Raymond Felton",0.515971204168465
2019,5,"dummy","2982268","Jake Layman",0.512125026754867
2019,5,"dummy","3906522","Henry Ellenson",0.505564843282998
2019,5,"dummy","3134880","Kadeem Allen",0.496955294954268
2019,5,"dummy","2799","Lou Williams",0.489699546414646
2019,5,"dummy","2990992","Marcus Smart",0.487437871984215
2019,5,"dummy","2594922","Otto Porter",0.475614790116359
2019,5,"dummy","pair_2528794_4066328",NA,0.469682570606012
2019,5,"dummy","2991070","Jerami Grant",0.466677107037465
2019,5,"dummy","3112335","Nikola Jokic",0.465898729430554
2019,5,"dummy","3907822","Malik Beasley",0.460927305443904
2019,5,"dummy","3032976","Rudy Gobert",0.451556828766857
2019,5,"dummy","4238","Eric Bledsoe",0.444389139523465
2019,5,"dummy","2581190","Josh Richardson",0.435814155663549
2019,5,"dummy","6459","Nikola Mirotic",0.429070948232419
2019,5,"dummy","2530572","Langston Galloway",0.428972954554978
2019,5,"dummy","3936294","Isaiah Briscoe",0.427524680290152
2019,5,"dummy","4065648","Jayson Tatum",0.41955912160713
2019,5,"dummy","6622","Mike Scott",0.412600404195987
2019,5,"dummy","3908809","Donovan Mitchell",0.410108469138483
2019,5,"dummy","3438","George Hill",0.410061390637431
2019,5,"dummy","6475","Klay Thompson",0.406775773599378
2019,5,"dummy","3002137","Tyrone Wallace",0.405405759459052
2019,5,"dummy","3206","Marc Gasol",0.404144875861093
2019,5,"dummy","4011","Ricky Rubio",0.403455525568123
2019,5,"dummy","3983","Tyreke Evans",0.402316559379217
2019,5,"dummy","6478","Nikola Vucevic",0.40073376132763
2019,5,"dummy","4230546","Terrance Ferguson",0.393865654578564
2019,5,"dummy","3064447","Delon Wright",0.390191966545871
2019,5,"dummy","6591","Maurice Harkless",0.362120165215993
2019,5,"dummy","3468","Russell Westbrook",0.345355609431998
2019,5,"dummy","3936099","Derrick Jones",0.343936943154982
2019,5,"dummy","3059310","Monte Morris",0.340247003967734
2019,5,"dummy","3062679","Josh Hart",0.340007868373983
2019,5,"dummy","pair_3112335_3936299",NA,0.336788405427901
2019,5,"dummy","2531797","Jordan McRae",0.330204657333711
2019,5,"dummy","6446","Cory Joseph",0.32785567972679
2019,5,"dummy","3907387","Ben Simmons",0.326015533460677
2019,5,"dummy","3136195","Karl-Anthony Towns",0.3184707951015
2019,5,"dummy","2489530","Troy Daniels",0.317002087174962
2019,5,"dummy","2530780","Shabazz Napier",0.316270484001618
2019,5,"dummy","3155942","Domantas Sabonis",0.311479871589856
2019,5,"dummy","2774","Ian Mahinmi",0.305864846177012
2019,5,"dummy","3908845","John Collins",0.302146783182051
2019,5,"dummy","4269","Nemanja Bjelica",0.298193641534085
2019,5,"dummy","3964","Patrick Beverley",0.296440282926591
2019,5,"dummy","6603","Jeremy Lamb",0.291505523077744
2019,5,"dummy","pair_3064440_4066336",NA,0.290373610019994
2019,5,"dummy","3973","Darren Collison",0.277950369433393
2019,5,"dummy","4277848","Marvin Bagley",0.273234731804193
2019,5,"dummy","4351852","Mitchell Robinson",0.2715570231688
2019,5,"dummy","2326307","Seth Curry",0.271127938691107
2019,5,"dummy","3059319","Andrew Wiggins",0.271018122412938
2019,5,"dummy","2531367","Dwight Powell",0.26618751763836
2019,5,"dummy","3431","Eric Gordon",0.264939685196885
2019,5,"dummy","pair_3206_4023",NA,0.260353731416692
2019,5,"dummy","3135046","Tyus Jones",0.255331156087571
2019,5,"dummy","6462","Marcus Morris",0.244524546270348
2019,5,"dummy","2528588","Doug McDermott",0.243497761176051
2019,5,"dummy","3914044","Landry Shamet",0.239812765345239
2019,5,"dummy","pair_3059319_3136195",NA,0.23849149090963
2019,5,"dummy","4411934","Emanuel Terry",0.238472484128737
2019,5,"dummy","3059306","Johnathan Motley",0.232767389398361
2019,5,"dummy","pair_3033_3992",NA,0.231963105504575
2019,5,"dummy","6450","Kawhi Leonard",0.230133349266886
2019,5,"dummy","3005","Rudy Gay",0.222822373021138
2019,5,"dummy","3055","J.J. Barea",0.220656867137358
2019,5,"dummy","3456","Derrick Rose",0.215601724373068
2019,5,"dummy","2580898","Chasson Randle",0.210351081759788
2019,5,"dummy","2579258","Cody Zeller",0.199735255425698
2019,5,"dummy","3102528","Dante Exum",0.19937166969829
2019,5,"dummy","4066636","Markelle Fultz",0.197189460375778
2019,5,"dummy","2578185","Dorian Finney-Smith",0.194868798318155
2019,5,"dummy","4015","Jeff Teague",0.193612482618433
2019,5,"dummy","4066259","De'Aaron Fox",0.193570945428123
2019,5,"dummy","3445","Courtney Lee",0.193350919292583
2019,5,"dummy","3244","Thaddeus Young",0.19297613681498
2019,5,"dummy","2489716","Matthew Dellavedova",0.191620235276955
2019,5,"dummy","4066372","Kevin Huerter",0.191159606020143
2019,5,"dummy","3195","Mike Conley",0.183365669266736
2019,5,"dummy","3033","PJ Tucker",0.180643305035391
2019,5,"dummy","3147657","Mikal Bridges",0.175791094578441
2019,5,"dummy","pair_2990984_4066259",NA,0.173935602330016
2019,5,"dummy","2579321","James Ennis",0.166145922569441
2019,5,"dummy","4249","Gordon Hayward",0.165154611890979
2019,5,"dummy","4257","Derrick Favors",0.165097699664392
2019,5,"dummy","4017839","Juan Hernangomez",0.16481299274941
2019,5,"dummy","4262","Hassan Whiteside",0.163916734399369
2019,5,"dummy","3132042","Gary Clark",0.162534410311861
2019,5,"dummy","3064559","Damian Jones",0.158147459617571
2019,5,"dummy","3936299","Jamal Murray",0.153735251955198
2019,5,"dummy","2530530","T.J. McConnell",0.153609240817672
2019,5,"dummy","3190","Marco Belinelli",0.151016014592297
2019,5,"dummy","3912334","Khyri Thomas",0.146986812979809
2019,5,"dummy","3209","Jeff Green",0.146401515979084
2019,5,"dummy","6585","Andre Drummond",0.14599386705333
2019,5,"dummy","3415","D.J. Augustin",0.145302585886452
2019,5,"dummy","6581","Jae Crowder",0.144494847949231
2019,5,"dummy","2490089","Mike Muscala",0.138963680963974
2019,5,"dummy","pair_3209_6580",NA,0.136098139505986
2019,5,"dummy","4065663","Josh Okogie",0.135435360528137
2019,5,"dummy","3998","Jonas Jerebko",0.133747025346317
2019,5,"dummy","2991055","Montrezl Harrell",0.132834893203116
2019,5,"dummy","3447","Robin Lopez",0.132747987786442
2019,5,"dummy","2991282","Willie Cauley-Stein",0.130611117926373
2019,5,"dummy","3064560","Luke Kornet",0.120109137742447
2019,5,"dummy","3133628","Myles Turner",0.11690430002268
2019,5,"dummy","6428","MarShon Brooks",0.114380933107501
2019,5,"dummy","3064290","Aaron Gordon",0.110107076643531
2019,5,"dummy","3416","Nicolas Batum",0.108917063659446
2019,5,"dummy","2991184","Sam Dekker",0.107594443914484
2019,5,"dummy","pair_3416_6479",NA,0.0996937870883491
2019,5,"dummy","3136491","D.J. Wilson",0.0990357182779766
2019,5,"dummy","pair_3908845_4277905",NA,0.0978990713012614
2019,5,"dummy","6440","Tobias Harris",0.0949358389699428
2019,5,"dummy","3986","Taj Gibson",0.0944364343379872
2019,5,"dummy","2993874","Kyle Anderson",0.0915686766862682
2019,5,"dummy","4065670","Bruce Brown",0.0850294828308904
2019,5,"dummy","3913176","Brandon Ingram",0.0843807528098075
2019,5,"dummy","4239","Evan Turner",0.0802514393795825
2019,5,"dummy","984","Tyson Chandler",0.0786436995182571
2019,5,"dummy","4066328","Jarrett Allen",0.0694337344778472
2019,5,"dummy","6477","Jonas Valanciunas",0.0668216997437331
2019,5,"dummy","6479","Kemba Walker",0.0650820100162778
2019,5,"dummy","2595516","Norman Powell",0.0624234406797843
2019,5,"dummy","3907821","Dwayne Bacon",0.0623105066351352
2019,5,"dummy","3032979","Dennis Schroder",0.0621192332768135
2019,5,"dummy","2527963","Victor Oladipo",0.0619411176006355
2019,5,"dummy","6433","Kenneth Faried",0.0618493436066783
2019,5,"dummy","6617","Austin Rivers",0.0586005196299935
2019,5,"dummy","2531210","Allen Crabbe",0.0504028480682714
2019,5,"dummy","4355392",NA,0.0481166295295949
2019,5,"dummy","2011","Kyle Korver",0.0377285894252969
2019,5,"dummy","3934719","OG Anunoby",0.0361181647959929
2019,5,"dummy","2528779","Reggie Bullock",0.0318491919830765
2019,5,"dummy","2990984","Buddy Hield",0.024537723229388
2019,5,"dummy","4066383","Miles Bridges",0.021152664112553
2019,5,"dummy","3102529","Clint Capela",0.0197806597993919
2019,5,"dummy","3428","Danilo Gallinari",0.0197141273260724
2019,5,"dummy","2596107","Alex Len",0.0188868701095786
2019,5,"dummy","2595231","Treveon Graham",0.0184925524208611
2019,5,"dummy","2528794","Joe Harris",0.0179729646360313
2019,5,"dummy","2528693","Torrey Craig",0.0176415745147851
2019,5,"dummy","2995702","Alex Abrines",0.017611839636071
2019,5,"dummy","4065654","Jonathan Isaac",0.0166247501983244
2019,5,"dummy","3922230","Aaron Holiday",0.0162135431204313
2019,5,"dummy","3919335","Cheick Diallo",0.00704001903713278
2019,5,"dummy","3064291","Rondae Hollis-Jefferson",0.00470666379780074
2019,5,"dummy","2991280","Nerlens Noel",0.00260016853629521
2019,5,"dummy","4",NA,0
2019,5,"dummy","4376","Boban Marjanovic",-0.000861913972019218
2019,5,"dummy","6610","Darius Miller",-0.00293007807010162
2019,5,"dummy","3074797","Wesley Iwundu",-0.0120804917799195
2019,5,"dummy","3934672","Jalen Brunson",-0.0185067463977047
2019,5,"dummy","3992","James Harden",-0.0261251197822238
2019,5,"dummy","2490620","Robert Covington",-0.0331397019414282
2019,5,"dummy","3134908","Jakob Poeltl",-0.0417433401121724
2019,5,"dummy","3945274","Luka Doncic",-0.0478863282675505
2019,5,"dummy","3134907","Kyle Kuzma",-0.0483123875441739
2019,5,"dummy","3593","Bojan Bogdanovic",-0.0711686459302369
2019,5,"dummy","3026","Rajon Rondo",-0.0733622497312598
2019,5,"dummy","3981","Wayne Ellington",-0.0750990699333643
2019,5,"dummy","3917376","Jaylen Brown",-0.0767871361832465
2019,5,"dummy","3133626","Kenrich Williams",-0.0770812848530572
2019,5,"dummy","4066336","Lauri Markkanen",-0.0781607520788682
2019,5,"dummy","2991047","Ryan Arcidiacono",-0.0803410031738283
2019,5,"dummy","3155533","Jonah Bolden",-0.0806245287551262
2019,5,"dummy","2983","LaMarcus Aldridge",-0.0807859795365029
2019,5,"dummy","4299","Jeremy Lin",-0.0809729878526765
2019,5,"dummy","3989","Blake Griffin",-0.0826358721257863
2019,5,"dummy","3442","DeAndre Jordan",-0.0843325910360873
2019,5,"dummy","6578","Harrison Barnes",-0.091182935540818
2019,5,"dummy","pair_2983_3978",NA,-0.0921417940683491
2019,5,"dummy","6443","Reggie Jackson",-0.0945743425157577
2019,5,"dummy","4230550","Elie Okobo",-0.107249593395695
2019,5,"dummy","3062667","DeAndre' Bembry",-0.111328882681154
2019,5,"dummy","2581018","Kentavious Caldwell-Pope",-0.112437189380891
2019,5,"dummy","6468","Iman Shumpert",-0.114717134085327
2019,5,"dummy","4011991","Dragan Bender",-0.119441745022547
2019,5,"dummy","4240","Avery Bradley",-0.120683442906328
2019,5,"dummy","3201","Jared Dudley",-0.121267122087721
2019,5,"dummy","2991018","Yogi Ferrell",-0.129248958208176
2019,5,"dummy","2991149","Damyean Dotson",-0.135160269239561
2019,5,"dummy","6580","Bradley Beal",-0.139965539248079
2019,5,"dummy","4023","Garrett Temple",-0.148134107186879
2019,5,"dummy","2489663","Kelly Olynyk",-0.160804596908094
2019,5,"dummy","3136776","D'Angelo Russell",-0.16346063732196
2019,5,"dummy","2797","Marvin Williams",-0.163470706578566
2019,5,"dummy","2993370","Richaun Holmes",-0.167727645036695
2019,5,"dummy","2488958","Solomon Hill",-0.179999976601877
2019,5,"dummy","2991283","Alex Poythress",-0.180976698628643
2019,5,"dummy","2444","JR Smith",-0.182418707407347
2019,5,"dummy","6460","E'Twaun Moore",-0.188664192560866
2019,5,"dummy","pair_3945274_6578",NA,-0.189983480535261
2019,5,"dummy","4066261","Bam Adebayo",-0.201017431267666
2019,5,"dummy","4230548","Rodions Kurucs",-0.203681494201757
2019,5,"dummy","pair_2528210_3078284",NA,-0.207035407014523
2019,5,"dummy","3064514","Julius Randle",-0.211511256147086
2019,5,"dummy","6588","Evan Fournier",-0.22280532068504
2019,5,"dummy","2393","Shaun Livingston",-0.22895468089264
2019,5,"dummy","3037789","Bogdan Bogdanovic",-0.232335100242032
2019,5,"dummy","4230547","Frank Ntilikina",-0.241454827736385
2019,5,"dummy","2580913","Dewayne Dedmon",-0.24160084438913
2019,5,"dummy","6621","Tomas Satoransky",-0.242068991379921
2019,5,"dummy","4017838","Ante Zizic",-0.256520095879989
2019,5,"dummy","3064440","Zach LaVine",-0.259328107802413
2019,5,"dummy","4277961","Jaren Jackson",-0.264616377716357
2019,5,"dummy","6592","John Henson",-0.268116068118706
2019,5,"dummy","3136196","Trey Lyles",-0.270403333923532
2019,5,"dummy","3138156","Justin Jackson",-0.276029379833912
2019,5,"dummy","3224","Joakim Noah",-0.279009000868924
2019,5,"dummy","3276","Anthony Tolliver",-0.282819904531059
2019,5,"dummy","3418","Michael Beasley",-0.284862932817751
2019,5,"dummy","3133843","Jared Terrell",-0.289856280397118
2019,5,"dummy","4066421","Lonzo Ball",-0.290909690925756
2019,5,"dummy","3978","DeMar DeRozan",-0.293094674632071
2019,5,"dummy","3191","Corey Brewer",-0.302965010267302
2019,5,"dummy","6601","Michael Kidd-Gilchrist",-0.308875103494764
2019,5,"dummy","3155526","Dillon Brooks",-0.311588674322157
2019,5,"dummy","2016","Zaza Pachulia",-0.313530385828694
2019,5,"dummy","2488826","Rodney McGruder",-0.315972607745584
2019,5,"dummy","3032978","Dario Saric",-0.318583726196533
2019,5,"dummy","2530276","Tyler Johnson",-0.319506138902349
2019,5,"dummy","2579260","Trey Burke",-0.327206770516985
2019,5,"dummy","2994526","Bryn Forbes",-0.328993945030608
2019,5,"dummy","4032","Wesley Matthews",-0.32909373893905
2019,5,"dummy","2995706","Mario Hezonja",-0.334319260460189
2019,5,"dummy","3056600","Jabari Parker",-0.345224004159955
2019,5,"dummy","4277905","Trae Young",-0.357800565443865
2019,5,"dummy","2528210","Tim Hardaway",-0.388881782380056
2019,5,"dummy","4278073","Shai Gilgeous-Alexander",-0.390012322807334
2019,5,"dummy","3149010","Chandler Hutchison",-0.410005718999495
2019,5,"dummy","4065651","Frank Jackson",-0.413451608893847
2019,5,"dummy","2426","Trevor Ariza",-0.418478482195952
2019,5,"dummy","2583632","Royce O'Neale",-0.421202369623662
2019,5,"dummy","4237","John Wall",-0.431137905180382
2019,5,"dummy","3449","Kevin Love",-0.431230028394663
2019,5,"dummy","pair_1987_4066261",NA,-0.437719398042487
2019,5,"dummy","4080610","Hamidou Diallo",-0.446030281165467
2019,5,"dummy","1987","Dwyane Wade",-0.447916900686771
2019,5,"dummy","3074752","Terry Rozier",-0.449010097111397
2019,5,"dummy","4066262","Malik Monk",-0.456513864518516
2019,5,"dummy","6466","Chandler Parsons",-0.470295423020405
2019,5,"dummy","3999","James Johnson",-0.475933960037961
2019,5,"dummy","2534781","Gorgui Dieng",-0.478452584447762
2019,5,"dummy","4066650","Zach Collins",-0.479157091561602
2019,5,"dummy","6619","Terrence Ross",-0.484142549204842
2019,5,"dummy","3138154","Theo Pinson",-0.490589543355925
2019,5,"dummy","1015","Tony Parker",-0.498374572813794
2019,5,"dummy","3078286","Troy Williams",-0.520060553236437
2019,5,"dummy","2991274","Shaquille Harrison",-0.52491527915472
2019,5,"dummy","996","Pau Gasol",-0.536227621178697
2019,5,"dummy","2528426","Jordan Clarkson",-0.545774974231059
2019,5,"dummy","3913174","Luke Kennard",-0.552203864548143
2019,5,"dummy","3078284","Noah Vonleh",-0.553589745223525
2019,5,"dummy","3064482","Bobby Portis",-0.555278458776528
2019,5,"dummy","4065697","Dennis Smith",-0.562014636663854
2019,5,"dummy","6628","Dion Waiters",-0.567573784711509
2019,5,"dummy","3064511","Andrew Harrison",-0.575615284217165
2019,5,"dummy","2580782","Spencer Dinwiddie",-0.581429400466066
2019,5,"dummy","3452","JaVale McGee",-0.587895893527625
2019,5,"dummy","3917378","Ivan Rabb",-0.589184819192259
2019,5,"dummy","2581177","Rodney Hood",-0.58936209189088
2019,5,"dummy","4244","Lance Stephenson",-0.590211041956799
2019,5,"dummy","2580365","Larry Nance",-0.591745684386088
2019,5,"dummy","2489785","Ian Clark",-0.595281150067489
2019,5,"dummy","4264","Patrick Patterson",-0.598486796540181
2019,5,"dummy","3134881","Stanley Johnson",-0.599408035926196
2019,5,"dummy","3059316","Wayne Selden",-0.602940067882305
2019,5,"dummy","3064427","Jordan Bell",-0.606271846797772
2019,5,"dummy","2284101","Justin Holiday",-0.606784178470012
2019,5,"dummy","3892818","Emmanuel Mudiay",-0.60720281036872
2019,5,"dummy","3893019","Timothe Luwawu-Cabarrot",-0.60962342667461
2019,5,"dummy","2991139","Kris Dunn",-0.614018553230851
2019,5,"dummy","3133602","Sviatoslav Mykhailiuk",-0.616694553052543
2019,5,"dummy","2580349","Ron Baker",-0.620628223462201
2019,5,"dummy","3133603","Kelly Oubre",-0.62642962689248
2019,5,"dummy","pair_3136193_4278129",NA,-0.629663633590156
2019,5,"dummy","3934723","Thomas Bryant",-0.634567527436134
2019,5,"dummy","6605","Meyers Leonard",-0.634601973697968
2019,5,"dummy","3135048","Jahlil Okafor",-0.646119761591597
2019,5,"dummy","2490589","Isaiah Canaan",-0.650560282313952
2019,5,"dummy","4066297","Josh Jackson",-0.652033865919715
2019,5,"dummy","2982334","TJ Warren",-0.654467376997231
2019,5,"dummy","3974","Dante Cunningham",-0.664933009974003
2019,5,"dummy","2778","CJ Miles",-0.665574257482317
2019,5,"dummy","2528787","Lorenzo Brown",-0.675385835734576
2019,5,"dummy","4278129","Deandre Ayton",-0.677003161281699
2019,5,"dummy","6429","Alec Burks",-0.685883330243481
2019,5,"dummy","2382","Devin Harris",-0.690779964436611
2019,5,"dummy","2968458","Salah Mejri",-0.691056386263568
2019,5,"dummy","6427","Bismack Biyombo",-0.700725623995554
2019,5,"dummy","4017843","Thon Maker",-0.719855863403288
2019,5,"dummy","6615","Kyle O'Quinn",-0.726844669409953
2019,5,"dummy","6461","Markieff Morris",-0.747592411654873
2019,5,"dummy","3136193","Devin Booker",-0.754679472536162
2019,5,"dummy","3057187","Sterling Brown",-0.765212010155593
2019,5,"dummy","2758","Marcin Gortat",-0.767380362932405
2019,5,"dummy","3133635","Jevon Carter",-0.769662667681536
2019,5,"dummy","4065649","Harry Giles",-0.803081771214343
2019,5,"dummy","6447","Enes Kanter",-0.821526751787237
2019,5,"dummy","2579466","Jonathon Simmons",-0.841526477109998
2019,5,"dummy","609","Dirk Nowitzki",-0.84290040196589
2019,5,"dummy","4258","DeMarcus Cousins",-0.845950465152874
2019,5,"dummy","2530923","Alfonzo McKinnie",-0.848496943905805
2019,5,"dummy","3907525","Allonzo Trier",-0.884116062813007
2019,5,"dummy","2999409","Willy Hernangomez",-0.928692216655058
2019,5,"dummy","2982340","Justin Anderson",-0.937975684219683
2019,5,"dummy","2327577","JaMychal Green",-0.938888381805209
2019,5,"dummy","1975","Carmelo Anthony",-0.970728341367983
2019,5,"dummy","2991039","Glenn Robinson",-0.978537649208202
2019,5,"dummy","6474","Tristan Thompson",-0.98177948085743
2019,5,"dummy","3915195","Shake Milton",-0.982111400456381
2019,5,"dummy","2991043","Caris LeVert",-1.00257320707962
2019,5,"dummy","6637","Kent Bazemore",-1.0044897048707
2019,5,"dummy","3893016","Cedi Osman",-1.00659556539929
2019,5,"dummy","2531047","Jerian Grant",-1.00949751033587
2019,5,"dummy","6454","Shelvin Mack",-1.01284596891367
2019,5,"dummy","136","Vince Carter",-1.02741693803758
2019,5,"dummy","2384","Dwight Howard",-1.05965611379646
2019,5,"dummy","4277811","Collin Sexton",-1.08111053275315
2019,5,"dummy","6448","Brandon Knight",-1.09993010720472
2019,5,"dummy","4277847","Wendell Carter",-1.11591406123889
2019,5,"dummy","4260","Greg Monroe",-1.11605634889073
2019,5,"dummy","3943606","Jerome Robinson",-1.13513328193889
2019,5,"dummy","3059315","Frank Mason",-1.13771990276622
2019,5,"dummy","2",NA,-1.14099876974017
2019,5,"dummy","pair_3893016_4277811",NA,-1.15151528632699
2019,5,"dummy","2990962","Taurean Prince",-1.17835381795874
2019,5,"dummy","2579294","Frank Kaminsky",-1.19332346537289
2019,5,"dummy","4066436","De'Anthony Melton",-1.19881301857215
2019,5,"dummy","6472","Isaiah Thomas",-1.20013855432729
2019,5,"dummy","2769","Amir Johnson",-1.21658374596046
2019,5,"dummy","3147351","Daniel Hamilton",-1.23260732265892
2019,5,"dummy","3133601","Devonte' Graham",-1.23961880656084
2019,5,"dummy","3064230","Cameron Payne",-1.26131626989438
2019,5,"dummy","4003",NA,-1.28177272737654
2019,5,"dummy","4065836","Omari Spellman",-1.30653233940819
2019,5,"dummy","2566745","Quinn Cook",-1.30778558365372
2019,5,"dummy","3133874","Jaylen Adams",-1.37378731156805
2019,5,"dummy","165","Jamal Crawford",-1.37405972186689
2019,5,"dummy","3137730","Patrick McCaw",-1.39791989695101
2019,5,"dummy","2595209","Damion Lee",-1.43787680452471
2019,5,"dummy","6485","Lance Thomas",-1.45780303641082
2019,5,"dummy","4247","Wesley Johnson",-1.49008457803507
2019,5,"dummy","6616","Miles Plumlee",-1.49305865066913
2019,5,"dummy","2990969","Georges Niang",-1.51083461959185
2019,5,"dummy","6452","Jon Leuer",-1.5221302434849
2019,5,"dummy","1",NA,-1.55543857121165
2019,5,"dummy","4278075","Kevin Knox",-1.59730160179116
2019,5,"dummy","3908807","Deng Adel",-1.87280330941964
2019,5,"dummy","3654",NA,-1.88263452634264
2019,5,"dummy","4277919","Mohamed Bamba",-1.9653443316658
2019,5,"dummy","4066211","Robert Williams",-1.99975749421262
2019,5,"dummy","3232","Jason Smith",-2.00486055891984
2019,5,"dummy","2595435","Abdel Nader",-2.00700790685979
2019,5,"dummy","3113587","Cristiano Felicio",-2.03372411821765
2019,5,"dummy","2991042","Nik Stauskas",-2.0400219767813
2019,5,"dummy","3412","Ryan Anderson",-2.0885647488803
2019,5,"dummy","3135045","Grayson Allen",-2.11981888144432
2019,5,"dummy","2806","Jose Calderon",-2.12324160151388
2019,5,"dummy","3243",NA,-2.13070443448118
2019,5,"dummy","3136485","Edmond Sumner",-2.17956178403435
2019,5,"dummy","3907386","Antonio Blakeney",-2.29672278900777
2019,5,"dummy","3417","Jerryd Bayless",-2.47016994042566
2019,5,"dummy","3907487","Marquese Chriss",-2.57038611763342
2019,5,"dummy","3064528","Johnathan Williams",-2.88318772817806
2019,5,"dummy","3912854",NA,-2.96111179818002
2019,5,"dummy","3150844","Moritz Wagner",-3.01617956899269
2019,5,"dummy","2754","Channing Frye",-3.02039019721558
2019,5,"dummy","3906671","Caleb Swanigan",-3.18668503855407
2019,5,"dummy","3059273","Demetrius Jackson",-3.59370885723551
2019,5,"dummy","2596108","Michael Carter-Williams",-3.69499545932264
2019,5,"dummy","4277890","Lonnie Walker",-3.99437786599715
2019,5,"dummy","2325499","C.J. Williams",-4.91258482419206
2019,5,"dummy","3058269",NA,-6.59899994077668
2019,5,"dummy","4771",NA,-7.65822848334458
2019,5,"dummy","3136483",NA,-8.13398900977993
2019,5,"dummy","4412182",NA,-8.71144508145343
2019,5,"dummy","339",NA,-9.00797369831737
2019,5,"dummy","4065673","Tony Bradley",-9.04348244209415
2019,10,"dummy","1579",NA,6.08572620756986
2019,10,"dummy","2579492","Julian Washburn",3.94074000996163
2019,10,"dummy","3451","Luc Mbah",3.88627214253279
2019,10,"dummy","2429","Luol Deng",2.59499734003713
2019,10,"dummy","2968439","Aron Baynes",1.28125082462317
2019,10,"dummy","2386","Andre Iguodala",1.28085810683521
2019,10,"dummy","3934673","Donte DiVincenzo",1.24359243000735
2019,10,"dummy","4251","Paul George",1.23189732280558
2019,10,"dummy","3149673","Pascal Siakam",1.1526931724151
2019,10,"dummy","2960236","Maximilian Kleber",1.13254754134049
2019,10,"dummy","3015","Paul Millsap",1.06904709441442
2019,10,"dummy","2968436","Joe Ingles",1.06232838733528
2019,10,"dummy","2488653","Mason Plumlee",1.05362552328903
2019,10,"dummy","3202","Kevin Durant",1.0391654588038
2019,10,"dummy","6442","Kyrie Irving",1.01122457919698
2019,10,"dummy","2991155","Danuel House",1.01053456901289
2019,10,"dummy","pair_3448_6609",NA,0.979450263336042
2019,10,"dummy","2999547","Gary Harris",0.967989351591473
2019,10,"dummy","3975","Stephen Curry",0.962656642404345
2019,10,"dummy","pair_3012_3149673",NA,0.958693821724445
2019,10,"dummy","2451037","Daniel Theis",0.957252368644363
2019,10,"dummy","3135047","Justise Winslow",0.940973943273441
2019,10,"dummy","3423","Goran Dragic",0.940496127023358
2019,10,"dummy","4259","Ed Davis",0.912439735512843
2019,10,"dummy","3448","Brook Lopez",0.906683276215017
2019,10,"dummy","6589","Draymond Green",0.889880796537292
2019,10,"dummy","2583639","Elfrid Payton",0.882574359759609
2019,10,"dummy","2566769","Malcolm Brogdon",0.87347439551557
2019,10,"dummy","2991235","Steven Adams",0.87294276746654
2019,10,"dummy","pair_2799_2991055",NA,0.858921533888661
2019,10,"dummy","3062744","David Nwaba",0.853772635062596
2019,10,"dummy","3554","Omri Casspi",0.845065738729011
2019,10,"dummy","pair_3415_6478",NA,0.827571249645865
2019,10,"dummy","pair_3024_3907387",NA,0.824988922797201
2019,10,"dummy","2761","Gerald Green",0.823898960054528
2019,10,"dummy","3059318","Joel Embiid",0.823290395314587
2019,10,"dummy","5",NA,0.82074698349559
2019,10,"dummy","2578239","Pat Connaughton",0.820076250339414
2019,10,"dummy","3970","DeMarre Carroll",0.816151238552415
2019,10,"dummy","pair_4248_6606",NA,0.81446364212104
2019,10,"dummy","3102530","Jusuf Nurkic",0.813185085004072
2019,10,"dummy","6426","Davis Bertans",0.802193339313397
2019,10,"dummy","3113297","Bruno Caboclo",0.79813984745073
2019,10,"dummy","3906522","Henry Ellenson",0.795793213616599
2019,10,"dummy","4248","Al-Farouq Aminu",0.788463960412145
2019,10,"dummy","3988","Danny Green",0.78552049749998
2019,10,"dummy","pair_3032976_3908809",NA,0.776015858838853
2019,10,"dummy","3194","Wilson Chandler",0.771992009163713
2019,10,"dummy","3995","Jrue Holiday",0.77025144108644
2019,10,"dummy","2982240","Jaron Blossomgame",0.767381141116157
2019,10,"dummy","3078576","Derrick White",0.761954931502055
2019,10,"dummy","3032977","Giannis Antetokounmpo",0.740690572708053
2019,10,"dummy","pair_2990992_4065648",NA,0.718106904900165
2019,10,"dummy","pair_3155942_6446",NA,0.713838996202005
2019,10,"dummy","6579","Will Barton",0.705498936102011
2019,10,"dummy","2779","Chris Paul",0.70510546776484
2019,10,"dummy","6583","Anthony Davis",0.700042564849727
2019,10,"dummy","3213","Al Horford",0.676617528284963
2019,10,"dummy","4305","Ish Smith",0.67524760509509
2019,10,"dummy","6606","Damian Lillard",0.664535445664662
2019,10,"dummy","6430","Jimmy Butler",0.661352327807368
2019,10,"dummy","3155535","Kevon Looney",0.653800017822174
2019,10,"dummy","3024","JJ Redick",0.653295411315771
2019,10,"dummy","2767","Ersan Ilyasova",0.653125712655467
2019,10,"dummy","3134880","Kadeem Allen",0.633047776051053
2019,10,"dummy","4017837","Ivica Zubac",0.632663882463602
2019,10,"dummy","2488945","Tim Frazier",0.631986731082437
2019,10,"dummy","pair_3202_6475",NA,0.62998571068064
2019,10,"dummy","pair_2991235_3468",NA,0.624068272907806
2019,10,"dummy","6609","Khris Middleton",0.619857878241949
2019,10,"dummy","pair_3989_6585",NA,0.617193199086225
2019,10,"dummy","pair_3064514_3995",NA,0.613886521220811
2019,10,"dummy","3439","Serge Ibaka",0.607240612253201
2019,10,"dummy","3929325","Furkan Korkmaz",0.590137787256609
2019,10,"dummy","2528353","Tony Snell",0.584033021669657
2019,10,"dummy","3012","Kyle Lowry",0.583044092577881
2019,10,"dummy","pair_1966_3134907",NA,0.576749281064075
2019,10,"dummy","2490149","CJ McCollum",0.571788185418923
2019,10,"dummy","2991230","Fred VanVleet",0.568090281589177
2019,10,"dummy","1966","LeBron James",0.567620197166159
2019,10,"dummy","2799","Lou Williams",0.55350178718964
2019,10,"dummy","1713","Nene Hilario",0.548518705681242
2019,10,"dummy","4004","Patty Mills",0.545504825834187
2019,10,"dummy","6622","Mike Scott",0.525593541944279
2019,10,"dummy","pair_2528794_4066328",NA,0.521358414669285
2019,10,"dummy","2982268","Jake Layman",0.508895414795605
2019,10,"dummy","2594922","Otto Porter",0.502128819660547
2019,10,"dummy","2990992","Marcus Smart",0.494602869133113
2019,10,"dummy","3032976","Rudy Gobert",0.492926672486558
2019,10,"dummy","3112335","Nikola Jokic",0.489758663753605
2019,10,"dummy","2581190","Josh Richardson",0.48658498202349
2019,10,"dummy","3907822","Malik Beasley",0.465765762242608
2019,10,"dummy","2991070","Jerami Grant",0.45648599238718
2019,10,"dummy","3983","Tyreke Evans",0.454245457611467
2019,10,"dummy","3908809","Donovan Mitchell",0.450214137004328
2019,10,"dummy","6459","Nikola Mirotic",0.44476368779986
2019,10,"dummy","2530572","Langston Galloway",0.44268466229467
2019,10,"dummy","4065648","Jayson Tatum",0.442252374675247
2019,10,"dummy","3206","Marc Gasol",0.441870454953508
2019,10,"dummy","4238","Eric Bledsoe",0.430105027271611
2019,10,"dummy","3438","George Hill",0.426908375993392
2019,10,"dummy","6475","Klay Thompson",0.42101549093829
2019,10,"dummy","6478","Nikola Vucevic",0.419910409205841
2019,10,"dummy","4011","Ricky Rubio",0.409745037564193
2019,10,"dummy","4230546","Terrance Ferguson",0.405068297632451
2019,10,"dummy","3062679","Josh Hart",0.376978538528603
2019,10,"dummy","3936099","Derrick Jones",0.375117542460585
2019,10,"dummy","6591","Maurice Harkless",0.371586306050809
2019,10,"dummy","2489530","Troy Daniels",0.366775948374293
2019,10,"dummy","6446","Cory Joseph",0.365640545219265
2019,10,"dummy","2580898","Chasson Randle",0.362329619711649
2019,10,"dummy","3064447","Delon Wright",0.352254078308775
2019,10,"dummy","2774","Ian Mahinmi",0.350021796993419
2019,10,"dummy","3468","Russell Westbrook",0.349508651703612
2019,10,"dummy","4351852","Mitchell Robinson",0.347856914513445
2019,10,"dummy","pair_3112335_3936299",NA,0.347278895366114
2019,10,"dummy","3908845","John Collins",0.346535582382787
2019,10,"dummy","2530780","Shabazz Napier",0.346215454014143
2019,10,"dummy","3964","Patrick Beverley",0.34298773325936
2019,10,"dummy","2531367","Dwight Powell",0.339461591988574
2019,10,"dummy","3155942","Domantas Sabonis",0.335671602235897
2019,10,"dummy","pair_3064440_4066336",NA,0.33287259962647
2019,10,"dummy","3907387","Ben Simmons",0.331787172541504
2019,10,"dummy","3136195","Karl-Anthony Towns",0.330584658566122
2019,10,"dummy","3059310","Monte Morris",0.328328568908335
2019,10,"dummy","4269","Nemanja Bjelica",0.325201743026226
2019,10,"dummy","6603","Jeremy Lamb",0.318346923802915
2019,10,"dummy","3135046","Tyus Jones",0.303447603023974
2019,10,"dummy","pair_3206_4023",NA,0.289720737170616
2019,10,"dummy","2528588","Doug McDermott",0.289423768678732
2019,10,"dummy","3973","Darren Collison",0.289054858593019
2019,10,"dummy","3431","Eric Gordon",0.281596508301102
2019,10,"dummy","4277848","Marvin Bagley",0.281108212651126
2019,10,"dummy","2326307","Seth Curry",0.280926797995557
2019,10,"dummy","3059319","Andrew Wiggins",0.278843435928653
2019,10,"dummy","3102528","Dante Exum",0.267252214461925
2019,10,"dummy","4257","Derrick Favors",0.24680239610083
2019,10,"dummy","pair_3059319_3136195",NA,0.24484752910777
2019,10,"dummy","3147657","Mikal Bridges",0.24184063330084
2019,10,"dummy","pair_3033_3992",NA,0.238344889554709
2019,10,"dummy","3456","Derrick Rose",0.236129930491629
2019,10,"dummy","3005","Rudy Gay",0.232803789872765
2019,10,"dummy","4066259","De'Aaron Fox",0.231219181062235
2019,10,"dummy","3064560","Luke Kornet",0.231186214403317
2019,10,"dummy","2578185","Dorian Finney-Smith",0.23051817008497
2019,10,"dummy","2579258","Cody Zeller",0.228207826655124
2019,10,"dummy","6450","Kawhi Leonard",0.227091976436862
2019,10,"dummy","3055","J.J. Barea",0.22047014705935
2019,10,"dummy","6462","Marcus Morris",0.217883581183243
2019,10,"dummy","3195","Mike Conley",0.215804660798515
2019,10,"dummy","3244","Thaddeus Young",0.213458204785174
2019,10,"dummy","4066372","Kevin Huerter",0.21280727910993
2019,10,"dummy","4015","Jeff Teague",0.210201322289244
2019,10,"dummy","2991184","Sam Dekker",0.208189386331857
2019,10,"dummy","3914044","Landry Shamet",0.201187568411389
2019,10,"dummy","4249","Gordon Hayward",0.200543320275847
2019,10,"dummy","pair_2990984_4066259",NA,0.198350133775657
2019,10,"dummy","3447","Robin Lopez",0.187774648008157
2019,10,"dummy","4262","Hassan Whiteside",0.187159064022446
2019,10,"dummy","4066636","Markelle Fultz",0.186179625251632
2019,10,"dummy","6428","MarShon Brooks",0.184009343728191
2019,10,"dummy","3033","PJ Tucker",0.175516464227297
2019,10,"dummy","3064290","Aaron Gordon",0.171282487738958
2019,10,"dummy","2991055","Montrezl Harrell",0.165913735499094
2019,10,"dummy","3209","Jeff Green",0.164819873925833
2019,10,"dummy","6585","Andre Drummond",0.163096504634497
2019,10,"dummy","6581","Jae Crowder",0.161997145995836
2019,10,"dummy","4017839","Juan Hernangomez",0.154260021663713
2019,10,"dummy","pair_3209_6580",NA,0.151719210570076
2019,10,"dummy","3074797","Wesley Iwundu",0.14709551618058
2019,10,"dummy","4065663","Josh Okogie",0.145793119526688
2019,10,"dummy","3936299","Jamal Murray",0.141291488799161
2019,10,"dummy","3064559","Damian Jones",0.137868354596112
2019,10,"dummy","2579321","James Ennis",0.136801137952977
2019,10,"dummy","3190","Marco Belinelli",0.135639587060592
2019,10,"dummy","2991282","Willie Cauley-Stein",0.135347903397689
2019,10,"dummy","2489716","Matthew Dellavedova",0.133686394953743
2019,10,"dummy","2530530","T.J. McConnell",0.131715530731945
2019,10,"dummy","3415","D.J. Augustin",0.129017034386094
2019,10,"dummy","2993874","Kyle Anderson",0.119573067355913
2019,10,"dummy","pair_3908845_4277905",NA,0.119052987153765
2019,10,"dummy","pair_3416_6479",NA,0.11385730236211
2019,10,"dummy","3416","Nicolas Batum",0.11335816425088
2019,10,"dummy","3998","Jonas Jerebko",0.11293265189989
2019,10,"dummy","3133628","Myles Turner",0.111814468567899
2019,10,"dummy","2011","Kyle Korver",0.111522444252179
2019,10,"dummy","3913176","Brandon Ingram",0.104070353410596
2019,10,"dummy","6440","Tobias Harris",0.103211381180306
2019,10,"dummy","3986","Taj Gibson",0.100321544944269
2019,10,"dummy","2490089","Mike Muscala",0.0976381429468731
2019,10,"dummy","4239","Evan Turner",0.0906569954157901
2019,10,"dummy","984","Tyson Chandler",0.0854841887988939
2019,10,"dummy","4066328","Jarrett Allen",0.0845823685158223
2019,10,"dummy","3136491","D.J. Wilson",0.083497331800834
2019,10,"dummy","6479","Kemba Walker",0.0797691478079725
2019,10,"dummy","3934672","Jalen Brunson",0.0766795639049998
2019,10,"dummy","3132042","Gary Clark",0.0762617937951748
2019,10,"dummy","4065670","Bruce Brown",0.0740569070200119
2019,10,"dummy","6477","Jonas Valanciunas",0.0644885792711484
2019,10,"dummy","6433","Kenneth Faried",0.0622877182330408
2019,10,"dummy","2527963","Victor Oladipo",0.0619034501848077
2019,10,"dummy","2531210","Allen Crabbe",0.061334114127805
2019,10,"dummy","6617","Austin Rivers",0.0503626183621253
2019,10,"dummy","2528779","Reggie Bullock",0.0486703289559347
2019,10,"dummy","2995702","Alex Abrines",0.045441296136146
2019,10,"dummy","2596107","Alex Len",0.0438566935426344
2019,10,"dummy","2990984","Buddy Hield",0.0436165571967073
2019,10,"dummy","3428","Danilo Gallinari",0.0368787021951925
2019,10,"dummy","3064291","Rondae Hollis-Jefferson",0.0309097507055383
2019,10,"dummy","2528794","Joe Harris",0.0277875642238417
2019,10,"dummy","2595231","Treveon Graham",0.0204588914835825
2019,10,"dummy","4065654","Jonathan Isaac",0.0189264989429341
2019,10,"dummy","3102529","Clint Capela",0.0117233250298386
2019,10,"dummy","6610","Darius Miller",-0.00170413131471282
2019,10,"dummy","4376","Boban Marjanovic",-0.00574844702346319
2019,10,"dummy","3032979","Dennis Schroder",-0.00589000149190137
2019,10,"dummy","2528693","Torrey Craig",-0.00951345521641117
2019,10,"dummy","4066383","Miles Bridges",-0.0192802619712661
2019,10,"dummy","3133626","Kenrich Williams",-0.0223554722111949
2019,10,"dummy","3934719","OG Anunoby",-0.0235032909756398
2019,10,"dummy","4230550","Elie Okobo",-0.0284128946361975
2019,10,"dummy","2991280","Nerlens Noel",-0.0284580358389872
2019,10,"dummy","3992","James Harden",-0.0318024857342163
2019,10,"dummy","2991018","Yogi Ferrell",-0.0364439981781149
2019,10,"dummy","2595516","Norman Powell",-0.042434124498766
2019,10,"dummy","3917376","Jaylen Brown",-0.0439479166942787
2019,10,"dummy","2490620","Robert Covington",-0.0516658919029495
2019,10,"dummy","3945274","Luka Doncic",-0.0566719213507565
2019,10,"dummy","3134907","Kyle Kuzma",-0.060466139724326
2019,10,"dummy","4066336","Lauri Markkanen",-0.0641188553885571
2019,10,"dummy","3026","Rajon Rondo",-0.0664214149076009
2019,10,"dummy","3442","DeAndre Jordan",-0.0723553652259015
2019,10,"dummy","pair_2983_3978",NA,-0.0731141003380452
2019,10,"dummy","4011991","Dragan Bender",-0.0732935224898686
2019,10,"dummy","6578","Harrison Barnes",-0.0816074902218295
2019,10,"dummy","4299","Jeremy Lin",-0.0832439692494429
2019,10,"dummy","2983","LaMarcus Aldridge",-0.0846397114324108
2019,10,"dummy","3593","Bojan Bogdanovic",-0.0866609448306582
2019,10,"dummy","3134908","Jakob Poeltl",-0.0902769325980667
2019,10,"dummy","3989","Blake Griffin",-0.0907782414232132
2019,10,"dummy","2991047","Ryan Arcidiacono",-0.0946418074734145
2019,10,"dummy","6443","Reggie Jackson",-0.0965439974702455
2019,10,"dummy","3981","Wayne Ellington",-0.108610872811587
2019,10,"dummy","3201","Jared Dudley",-0.118950229648628
2019,10,"dummy","6468","Iman Shumpert",-0.121387521126183
2019,10,"dummy","3062667","DeAndre' Bembry",-0.12261165848761
2019,10,"dummy","2991149","Damyean Dotson",-0.128893041938398
2019,10,"dummy","4240","Avery Bradley",-0.129389954270516
2019,10,"dummy","4023","Garrett Temple",-0.144355911047771
2019,10,"dummy","6580","Bradley Beal",-0.147221154464979
2019,10,"dummy","2488958","Solomon Hill",-0.147984901106382
2019,10,"dummy","2581018","Kentavious Caldwell-Pope",-0.156242397425797
2019,10,"dummy","2993370","Richaun Holmes",-0.16523836593038
2019,10,"dummy","2991283","Alex Poythress",-0.169092730675551
2019,10,"dummy","2797","Marvin Williams",-0.176626645214817
2019,10,"dummy","3155533","Jonah Bolden",-0.18053233059361
2019,10,"dummy","3136776","D'Angelo Russell",-0.18117669982741
2019,10,"dummy","2489663","Kelly Olynyk",-0.181614629728997
2019,10,"dummy","4017838","Ante Zizic",-0.182365091047443
2019,10,"dummy","pair_3945274_6578",NA,-0.193912723884213
2019,10,"dummy","pair_2528210_3078284",NA,-0.194346545627236
2019,10,"dummy","6460","E'Twaun Moore",-0.195369509913115
2019,10,"dummy","2444","JR Smith",-0.196890578687824
2019,10,"dummy","4230548","Rodions Kurucs",-0.204735879681261
2019,10,"dummy","6588","Evan Fournier",-0.207632074528576
2019,10,"dummy","4066261","Bam Adebayo",-0.211441649250413
2019,10,"dummy","3037789","Bogdan Bogdanovic",-0.229063282119295
2019,10,"dummy","3064514","Julius Randle",-0.23239142622592
2019,10,"dummy","2580913","Dewayne Dedmon",-0.233713949941432
2019,10,"dummy","4230547","Frank Ntilikina",-0.233739470960563
2019,10,"dummy","6621","Tomas Satoransky",-0.242565568832492
2019,10,"dummy","3155526","Dillon Brooks",-0.247963845641574
2019,10,"dummy","3138156","Justin Jackson",-0.252333310249023
2019,10,"dummy","4277961","Jaren Jackson",-0.259414518846732
2019,10,"dummy","3191","Corey Brewer",-0.277027008487949
2019,10,"dummy","6592","John Henson",-0.279046790784177
2019,10,"dummy","3224","Joakim Noah",-0.282412054381979
2019,10,"dummy","3064440","Zach LaVine",-0.283213586222588
2019,10,"dummy","2393","Shaun Livingston",-0.284828727314088
2019,10,"dummy","2579260","Trey Burke",-0.306387801415582
2019,10,"dummy","4066421","Lonzo Ball",-0.311951956758829
2019,10,"dummy","3978","DeMar DeRozan",-0.312331264611619
2019,10,"dummy","3276","Anthony Tolliver",-0.313392017941373
2019,10,"dummy","3136196","Trey Lyles",-0.32807594884646
2019,10,"dummy","4",NA,-0.331891881604944
2019,10,"dummy","2995706","Mario Hezonja",-0.336830167709994
2019,10,"dummy","2488826","Rodney McGruder",-0.339331585208996
2019,10,"dummy","2016","Zaza Pachulia",-0.342280484901563
2019,10,"dummy","3056600","Jabari Parker",-0.34372869264099
2019,10,"dummy","6601","Michael Kidd-Gilchrist",-0.348865660312098
2019,10,"dummy","2530276","Tyler Johnson",-0.353757372994911
2019,10,"dummy","4032","Wesley Matthews",-0.35449524288073
2019,10,"dummy","4277905","Trae Young",-0.360181345039363
2019,10,"dummy","3032978","Dario Saric",-0.361704230398766
2019,10,"dummy","2994526","Bryn Forbes",-0.367092742559433
2019,10,"dummy","6619","Terrence Ross",-0.377198699245251
2019,10,"dummy","4278073","Shai Gilgeous-Alexander",-0.393063646997163
2019,10,"dummy","4065651","Frank Jackson",-0.398824793676605
2019,10,"dummy","3",NA,-0.406742577521777
2019,10,"dummy","3449","Kevin Love",-0.411432219970422
2019,10,"dummy","2528210","Tim Hardaway",-0.416735106147
2019,10,"dummy","6466","Chandler Parsons",-0.42482651665387
2019,10,"dummy","2426","Trevor Ariza",-0.440329732224904
2019,10,"dummy","4237","John Wall",-0.442787751398752
2019,10,"dummy","pair_1987_4066261",NA,-0.458374268088965
2019,10,"dummy","3149010","Chandler Hutchison",-0.461785709655658
2019,10,"dummy","2583632","Royce O'Neale",-0.468348280605332
2019,10,"dummy","3138154","Theo Pinson",-0.479278927055806
2019,10,"dummy","3074752","Terry Rozier",-0.483532745510666
2019,10,"dummy","1987","Dwyane Wade",-0.487722483714491
2019,10,"dummy","4066262","Malik Monk",-0.502414882968978
2019,10,"dummy","3999","James Johnson",-0.503975090368492
2019,10,"dummy","3064482","Bobby Portis",-0.520262165592584
2019,10,"dummy","3917378","Ivan Rabb",-0.52822124987474
2019,10,"dummy","3078284","Noah Vonleh",-0.53715526930901
2019,10,"dummy","1015","Tony Parker",-0.550256183307141
2019,10,"dummy","2534781","Gorgui Dieng",-0.558612148711382
2019,10,"dummy","4066650","Zach Collins",-0.564534451217547
2019,10,"dummy","4065697","Dennis Smith",-0.573547794205686
2019,10,"dummy","6628","Dion Waiters",-0.584160228540158
2019,10,"dummy","3892818","Emmanuel Mudiay",-0.597246686019416
2019,10,"dummy","2991274","Shaquille Harrison",-0.597678780825591
2019,10,"dummy","3934723","Thomas Bryant",-0.609878918701235
2019,10,"dummy","2581177","Rodney Hood",-0.616213399653297
2019,10,"dummy","996","Pau Gasol",-0.617798906868501
2019,10,"dummy","3913174","Luke Kennard",-0.618164504976323
2019,10,"dummy","3452","JaVale McGee",-0.625230143978214
2019,10,"dummy","pair_3136193_4278129",NA,-0.629237946207499
2019,10,"dummy","2991139","Kris Dunn",-0.631960590632602
2019,10,"dummy","2284101","Justin Holiday",-0.636024183869588
2019,10,"dummy","6605","Meyers Leonard",-0.640369952843056
2019,10,"dummy","2580782","Spencer Dinwiddie",-0.642509646106732
2019,10,"dummy","3134881","Stanley Johnson",-0.646903062442227
2019,10,"dummy","3133603","Kelly Oubre",-0.647403434650206
2019,10,"dummy","2580365","Larry Nance",-0.649162908394644
2019,10,"dummy","2528426","Jordan Clarkson",-0.649348022063431
2019,10,"dummy","3059316","Wayne Selden",-0.650582152187277
2019,10,"dummy","1",NA,-0.662919998006813
2019,10,"dummy","4066297","Josh Jackson",-0.671597439178944
2019,10,"dummy","2",NA,-0.672660869248908
2019,10,"dummy","2982334","TJ Warren",-0.684334261348349
2019,10,"dummy","4264","Patrick Patterson",-0.685763413120288
2019,10,"dummy","3064427","Jordan Bell",-0.68746458728528
2019,10,"dummy","2490589","Isaiah Canaan",-0.68831809109204
2019,10,"dummy","4244","Lance Stephenson",-0.700399907487721
2019,10,"dummy","4278129","Deandre Ayton",-0.711054980027389
2019,10,"dummy","3135048","Jahlil Okafor",-0.725346142302855
2019,10,"dummy","2778","CJ Miles",-0.736144146604963
2019,10,"dummy","3133635","Jevon Carter",-0.743330776675449
2019,10,"dummy","3136193","Devin Booker",-0.754021743923678
2019,10,"dummy","6429","Alec Burks",-0.757789239229644
2019,10,"dummy","3974","Dante Cunningham",-0.758227579272002
2019,10,"dummy","6427","Bismack Biyombo",-0.774341887681711
2019,10,"dummy","2382","Devin Harris",-0.782922929927093
2019,10,"dummy","6461","Markieff Morris",-0.811964491717047
2019,10,"dummy","2758","Marcin Gortat",-0.815368964483301
2019,10,"dummy","4065649","Harry Giles",-0.857987565301797
2019,10,"dummy","6447","Enes Kanter",-0.862466286565758
2019,10,"dummy","2579466","Jonathon Simmons",-0.871352912720499
2019,10,"dummy","3057187","Sterling Brown",-0.873513636946497
2019,10,"dummy","3907525","Allonzo Trier",-0.90197394840808
2019,10,"dummy","4258","DeMarcus Cousins",-0.928396137319501
2019,10,"dummy","2530923","Alfonzo McKinnie",-0.93962944583972
2019,10,"dummy","2999409","Willy Hernangomez",-0.956718863730108
2019,10,"dummy","2531047","Jerian Grant",-0.995359015331251
2019,10,"dummy","6474","Tristan Thompson",-1.00609123480711
2019,10,"dummy","2327577","JaMychal Green",-1.01259923120104
2019,10,"dummy","2991043","Caris LeVert",-1.04194630893111
2019,10,"dummy","6454","Shelvin Mack",-1.0545350295341
2019,10,"dummy","2991039","Glenn Robinson",-1.06783348775314
2019,10,"dummy","3893016","Cedi Osman",-1.07278324453575
2019,10,"dummy","6637","Kent Bazemore",-1.0749813254537
2019,10,"dummy","136","Vince Carter",-1.07727518237066
2019,10,"dummy","2384","Dwight Howard",-1.1079985558281
2019,10,"dummy","4277847","Wendell Carter",-1.15708814331041
2019,10,"dummy","4277811","Collin Sexton",-1.15840025034923
2019,10,"dummy","1975","Carmelo Anthony",-1.1886713698805
2019,10,"dummy","pair_3893016_4277811",NA,-1.1988829031883
2019,10,"dummy","6448","Brandon Knight",-1.24063144289427
2019,10,"dummy","4066436","De'Anthony Melton",-1.25042785950195
2019,10,"dummy","2990962","Taurean Prince",-1.25993328634579
2019,10,"dummy","3147351","Daniel Hamilton",-1.283277606742
2019,10,"dummy","3064230","Cameron Payne",-1.36041404388861
2019,10,"dummy","6472","Isaiah Thomas",-1.36731175675622
2019,10,"dummy","4065836","Omari Spellman",-1.37787428167808
2019,10,"dummy","3133601","Devonte' Graham",-1.42866184955009
2019,10,"dummy","2566745","Quinn Cook",-1.45267032586844
2019,10,"dummy","165","Jamal Crawford",-1.45306981505156
2019,10,"dummy","6485","Lance Thomas",-1.52812562604327
2019,10,"dummy","4247","Wesley Johnson",-1.59977760525919
2019,10,"dummy","4278075","Kevin Knox",-1.68149841753241
2019,10,"dummy","4277919","Mohamed Bamba",-2.07418186663761
2019,10,"dummy","3908807","Deng Adel",-2.14208279992791
2019,10,"dummy","3412","Ryan Anderson",-2.20068423417528
2019,10,"dummy","2991042","Nik Stauskas",-2.28436740653695
2019,10,"dummy","2806","Jose Calderon",-2.34812322297751
2019,10,"dummy","3907386","Antonio Blakeney",-2.57545102453048
2019,10,"dummy","3417","Jerryd Bayless",-2.65901907987594
2019,10,"dummy","3064528","Johnathan Williams",-3.09898503497359
2019,10,"dummy","4412182",NA,-9.26769854102624
2019,10,"dummy","339",NA,-9.54632634686775
2019,15,"dummy","2579492","Julian Washburn",4.09101408557951
2019,15,"dummy","4251","Paul George",1.31709556796896
2019,15,"dummy","2386","Andre Iguodala",1.29789675240338
2019,15,"dummy","2960236","Maximilian Kleber",1.26939283520736
2019,15,"dummy","3149673","Pascal Siakam",1.2474761762274
2019,15,"dummy","3970","DeMarre Carroll",1.15613282736021
2019,15,"dummy","2968436","Joe Ingles",1.15310891464929
2019,15,"dummy","3015","Paul Millsap",1.15045150075223
2019,15,"dummy","6442","Kyrie Irving",1.13285369181631
2019,15,"dummy","2488653","Mason Plumlee",1.130640287035
2019,15,"dummy","2566769","Malcolm Brogdon",1.10727844091231
2019,15,"dummy","2991155","Danuel House",1.08285933480449
2019,15,"dummy","3423","Goran Dragic",1.03995177167504
2019,15,"dummy","3135047","Justise Winslow",1.03975404068325
2019,15,"dummy","3202","Kevin Durant",1.03702370556267
2019,15,"dummy","2999547","Gary Harris",1.03403205708925
2019,15,"dummy","3975","Stephen Curry",1.02925926280829
2019,15,"dummy","3448","Brook Lopez",1.01915349709725
2019,15,"dummy","pair_3012_3149673",NA,1.01338325741882
2019,15,"dummy","pair_3448_6609",NA,1.00393391903106
2019,15,"dummy","pair_2799_2991055",NA,0.984615482248842
2019,15,"dummy","pair_3415_6478",NA,0.9754045726889
2019,15,"dummy","2583639","Elfrid Payton",0.961907259708141
2019,15,"dummy","6589","Draymond Green",0.938521632428686
2019,15,"dummy","3032977","Giannis Antetokounmpo",0.937629983835592
2019,15,"dummy","3059318","Joel Embiid",0.923154280411839
2019,15,"dummy","2991235","Steven Adams",0.905906907961141
2019,15,"dummy","2761","Gerald Green",0.905202187709012
2019,15,"dummy","6426","Davis Bertans",0.880826310541302
2019,15,"dummy","3102530","Jusuf Nurkic",0.879118385865036
2019,15,"dummy","pair_3024_3907387",NA,0.878810585807692
2019,15,"dummy","3062744","David Nwaba",0.875659942082863
2019,15,"dummy","3113297","Bruno Caboclo",0.855676842224699
2019,15,"dummy","3194","Wilson Chandler",0.852954642138149
2019,15,"dummy","pair_4248_6606",NA,0.851996878301121
2019,15,"dummy","3078576","Derrick White",0.83509385852147
2019,15,"dummy","pair_3032976_3908809",NA,0.830402497154477
2019,15,"dummy","3988","Danny Green",0.826930412053043
2019,15,"dummy","4248","Al-Farouq Aminu",0.823826312084611
2019,15,"dummy","pair_3155942_6446",NA,0.816799181714369
2019,15,"dummy","2779","Chris Paul",0.798151684799857
2019,15,"dummy","pair_2990992_4065648",NA,0.798002935622259
2019,15,"dummy","3995","Jrue Holiday",0.787833747790855
2019,15,"dummy","3134880","Kadeem Allen",0.775430153021248
2019,15,"dummy","3024","JJ Redick",0.730401528865101
2019,15,"dummy","3906522","Henry Ellenson",0.717416320479987
2019,15,"dummy","6579","Will Barton",0.714567447492708
2019,15,"dummy","6609","Khris Middleton",0.714376088024733
2019,15,"dummy","6583","Anthony Davis",0.694127833469454
2019,15,"dummy","6430","Jimmy Butler",0.690860119684616
2019,15,"dummy","6606","Damian Lillard",0.682654527019637
2019,15,"dummy","2799","Lou Williams",0.676234507237766
2019,15,"dummy","2488945","Tim Frazier",0.673082039903537
2019,15,"dummy","4305","Ish Smith",0.664050625346373
2019,15,"dummy","3439","Serge Ibaka",0.658926552530663
2019,15,"dummy","pair_2991235_3468",NA,0.657731141605096
2019,15,"dummy","4017837","Ivica Zubac",0.65304941798154
2019,15,"dummy","pair_3202_6475",NA,0.649453862756843
2019,15,"dummy","pair_3064514_3995",NA,0.649302465365081
2019,15,"dummy","pair_3989_6585",NA,0.647992886584872
2019,15,"dummy","pair_1966_3134907",NA,0.638445704838949
2019,15,"dummy","2594922","Otto Porter",0.628451363796015
2019,15,"dummy","3213","Al Horford",0.625212201707662
2019,15,"dummy","1966","LeBron James",0.619719110493625
2019,15,"dummy","2991230","Fred VanVleet",0.618319077305087
2019,15,"dummy","3155535","Kevon Looney",0.614587223151104
2019,15,"dummy","4004","Patty Mills",0.605243982635674
2019,15,"dummy","3012","Kyle Lowry",0.596727818038948
2019,15,"dummy","2990992","Marcus Smart",0.587700251132497
2019,15,"dummy","2490149","CJ McCollum",0.569768585148661
2019,15,"dummy","2581190","Josh Richardson",0.559904514180672
2019,15,"dummy","3438","George Hill",0.553608448701448
2019,15,"dummy","4238","Eric Bledsoe",0.535519877473677
2019,15,"dummy","3983","Tyreke Evans",0.529226181873256
2019,15,"dummy","3032976","Rudy Gobert",0.528104352110119
2019,15,"dummy","4065648","Jayson Tatum",0.527249617852723
2019,15,"dummy","3112335","Nikola Jokic",0.514367008511611
2019,15,"dummy","3206","Marc Gasol",0.512651013436229
2019,15,"dummy","6478","Nikola Vucevic",0.498358284455201
2019,15,"dummy","2982268","Jake Layman",0.496535439902733
2019,15,"dummy","3907822","Malik Beasley",0.495655643500841
2019,15,"dummy","pair_2528794_4066328",NA,0.494595681068587
2019,15,"dummy","2991070","Jerami Grant",0.490732437857665
2019,15,"dummy","3908809","Donovan Mitchell",0.488302576831832
2019,15,"dummy","6446","Cory Joseph",0.441248623000663
2019,15,"dummy","6459","Nikola Mirotic",0.436394773630773
2019,15,"dummy","3062679","Josh Hart",0.417077198796406
2019,15,"dummy","4011","Ricky Rubio",0.415154581149093
2019,15,"dummy","4230546","Terrance Ferguson",0.411517738090736
2019,15,"dummy","3136195","Karl-Anthony Towns",0.402725337103251
2019,15,"dummy","3155942","Domantas Sabonis",0.399454624505657
2019,15,"dummy","pair_3064440_4066336",NA,0.394012449124433
2019,15,"dummy","4351852","Mitchell Robinson",0.391309803254729
2019,15,"dummy","6475","Klay Thompson",0.389854559668542
2019,15,"dummy","3964","Patrick Beverley",0.388406607566316
2019,15,"dummy","6591","Maurice Harkless",0.378341538266993
2019,15,"dummy","4269","Nemanja Bjelica",0.377258941636442
2019,15,"dummy","3907387","Ben Simmons",0.372193714065571
2019,15,"dummy","3908845","John Collins",0.371156648836286
2019,15,"dummy","3468","Russell Westbrook",0.362708223893451
2019,15,"dummy","pair_3112335_3936299",NA,0.362206880352357
2019,15,"dummy","4249","Gordon Hayward",0.356813494949455
2019,15,"dummy","6603","Jeremy Lamb",0.34447149306955
2019,15,"dummy","3135046","Tyus Jones",0.333225732367835
2019,15,"dummy","3059310","Monte Morris",0.327044370343448
2019,15,"dummy","3059319","Andrew Wiggins",0.325536348639629
2019,15,"dummy","pair_3206_4023",NA,0.324778932819469
2019,15,"dummy","3973","Darren Collison",0.324713250602728
2019,15,"dummy","3431","Eric Gordon",0.313643237649867
2019,15,"dummy","6462","Marcus Morris",0.307269899403415
2019,15,"dummy","3456","Derrick Rose",0.298141355168352
2019,15,"dummy","4257","Derrick Favors",0.294644004257936
2019,15,"dummy","3055","J.J. Barea",0.291730007506972
2019,15,"dummy","4015","Jeff Teague",0.284017477495873
2019,15,"dummy","3064560","Luke Kornet",0.282464791038132
2019,15,"dummy","3147657","Mikal Bridges",0.27234663438853
2019,15,"dummy","pair_3059319_3136195",NA,0.271542709286607
2019,15,"dummy","3195","Mike Conley",0.271537886094437
2019,15,"dummy","2530572","Langston Galloway",0.271463331407426
2019,15,"dummy","3005","Rudy Gay",0.269298939706317
2019,15,"dummy","2578185","Dorian Finney-Smith",0.269296797456014
2019,15,"dummy","4277848","Marvin Bagley",0.265760124982946
2019,15,"dummy","2579258","Cody Zeller",0.258951625314202
2019,15,"dummy","pair_3033_3992",NA,0.258011139407199
2019,15,"dummy","3244","Thaddeus Young",0.252693032337358
2019,15,"dummy","4066259","De'Aaron Fox",0.249387432827065
2019,15,"dummy","2531210","Allen Crabbe",0.246657357403089
2019,15,"dummy","6450","Kawhi Leonard",0.246153328312903
2019,15,"dummy","4066636","Markelle Fultz",0.237296711723907
2019,15,"dummy","2991055","Montrezl Harrell",0.233128982097629
2019,15,"dummy","3209","Jeff Green",0.232715377092338
2019,15,"dummy","3914044","Landry Shamet",0.228355554976003
2019,15,"dummy","3136491","D.J. Wilson",0.215890582822226
2019,15,"dummy","4262","Hassan Whiteside",0.21529623899457
2019,15,"dummy","pair_2990984_4066259",NA,0.214976272052363
2019,15,"dummy","6581","Jae Crowder",0.214616473666828
2019,15,"dummy","4065663","Josh Okogie",0.20131835186679
2019,15,"dummy","4066372","Kevin Huerter",0.193899230296178
2019,15,"dummy","3033","PJ Tucker",0.187946732694533
2019,15,"dummy","2530530","T.J. McConnell",0.187227524684164
2019,15,"dummy","pair_3209_6580",NA,0.180378631579262
2019,15,"dummy","3415","D.J. Augustin",0.176806200962
2019,15,"dummy","2991282","Willie Cauley-Stein",0.174762565971709
2019,15,"dummy","2579321","James Ennis",0.168862723076943
2019,15,"dummy","6440","Tobias Harris",0.167645463272668
2019,15,"dummy","3064291","Rondae Hollis-Jefferson",0.166990921857066
2019,15,"dummy","4017839","Juan Hernangomez",0.155853711438228
2019,15,"dummy","3936299","Jamal Murray",0.154825486238209
2019,15,"dummy","3190","Marco Belinelli",0.147227662199935
2019,15,"dummy","pair_3908845_4277905",NA,0.145507131173606
2019,15,"dummy","2595231","Treveon Graham",0.14328949357717
2019,15,"dummy","2993874","Kyle Anderson",0.141090057349298
2019,15,"dummy","3913176","Brandon Ingram",0.139861721256013
2019,15,"dummy","3986","Taj Gibson",0.135728508102864
2019,15,"dummy","3133628","Myles Turner",0.12876097513196
2019,15,"dummy","pair_3416_6479",NA,0.12716221377394
2019,15,"dummy","3934672","Jalen Brunson",0.123238408820198
2019,15,"dummy","2490089","Mike Muscala",0.121098866225938
2019,15,"dummy","6617","Austin Rivers",0.109286599433909
2019,15,"dummy","6477","Jonas Valanciunas",0.106135487640221
2019,15,"dummy","3416","Nicolas Batum",0.100763499216556
2019,15,"dummy","6585","Andre Drummond",0.0950073736301749
2019,15,"dummy","3917376","Jaylen Brown",0.0909824219998601
2019,15,"dummy","3064290","Aaron Gordon",0.0733067764661181
2019,15,"dummy","2528794","Joe Harris",0.0717563513408326
2019,15,"dummy","3074797","Wesley Iwundu",0.0708016412876811
2019,15,"dummy","6433","Kenneth Faried",0.0691847482183976
2019,15,"dummy","2527963","Victor Oladipo",0.0631815857993232
2019,15,"dummy","6479","Kemba Walker",0.0618474218635986
2019,15,"dummy","3447","Robin Lopez",0.0479311634821645
2019,15,"dummy","4066328","Jarrett Allen",0.0324275616343901
2019,15,"dummy","3428","Danilo Gallinari",0.0291967889557772
2019,15,"dummy","2990984","Buddy Hield",0.028735946666814
2019,15,"dummy","4230550","Elie Okobo",0.019397520495722
2019,15,"dummy","3201","Jared Dudley",0.00375075061496898
2019,15,"dummy","6610","Darius Miller",-0.0006025454716455
2019,15,"dummy","3102529","Clint Capela",-0.00226177431719767
2019,15,"dummy","4065670","Bruce Brown",-0.00230730954547214
2019,15,"dummy","3064559","Damian Jones",-0.00656625736429321
2019,15,"dummy","2528779","Reggie Bullock",-0.00782180028949042
2019,15,"dummy","3934719","OG Anunoby",-0.0126414501614634
2019,15,"dummy","2596107","Alex Len",-0.0250916335940146
2019,15,"dummy","4065654","Jonathan Isaac",-0.0252633515011905
2019,15,"dummy","3992","James Harden",-0.0326067484609427
2019,15,"dummy","2528693","Torrey Craig",-0.034058563121932
2019,15,"dummy","3945274","Luka Doncic",-0.0380817120342
2019,15,"dummy","3032979","Dennis Schroder",-0.051694915984256
2019,15,"dummy","3134907","Kyle Kuzma",-0.0709496684016481
2019,15,"dummy","3442","DeAndre Jordan",-0.0715223092751523
2019,15,"dummy","pair_2983_3978",NA,-0.0760047996222752
2019,15,"dummy","3136776","D'Angelo Russell",-0.0813180936745111
2019,15,"dummy","4066336","Lauri Markkanen",-0.082823305929627
2019,15,"dummy","2444","JR Smith",-0.083578066624166
2019,15,"dummy","3026","Rajon Rondo",-0.0848478318159876
2019,15,"dummy","3981","Wayne Ellington",-0.085233881350455
2019,15,"dummy","6578","Harrison Barnes",-0.085686430260319
2019,15,"dummy","3133626","Kenrich Williams",-0.0900456903087506
2019,15,"dummy","2983","LaMarcus Aldridge",-0.0903051479983875
2019,15,"dummy","3593","Bojan Bogdanovic",-0.0918487209052567
2019,15,"dummy","2490620","Robert Covington",-0.102445174888509
2019,15,"dummy","6580","Bradley Beal",-0.103307085311561
2019,15,"dummy","2991149","Damyean Dotson",-0.104336589956557
2019,15,"dummy","4230548","Rodions Kurucs",-0.108373428481881
2019,15,"dummy","6443","Reggie Jackson",-0.109823991330709
2019,15,"dummy","4240","Avery Bradley",-0.114759812745756
2019,15,"dummy","4017838","Ante Zizic",-0.118603604037149
2019,15,"dummy","2489663","Kelly Olynyk",-0.136848768590362
2019,15,"dummy","6468","Iman Shumpert",-0.138083084694511
2019,15,"dummy","4023","Garrett Temple",-0.147473064696681
2019,15,"dummy","4239","Evan Turner",-0.152048806459565
2019,15,"dummy","pair_2528210_3078284",NA,-0.165679310725846
2019,15,"dummy","4299","Jeremy Lin",-0.168375194390398
2019,15,"dummy","2581018","Kentavious Caldwell-Pope",-0.172927511866011
2019,15,"dummy","3062667","DeAndre' Bembry",-0.17513609278352
2019,15,"dummy","3989","Blake Griffin",-0.17546755326903
2019,15,"dummy","2488958","Solomon Hill",-0.176732112247066
2019,15,"dummy","4066261","Bam Adebayo",-0.179767390203489
2019,15,"dummy","pair_3945274_6578",NA,-0.186474562723774
2019,15,"dummy","6621","Tomas Satoransky",-0.194398780775864
2019,15,"dummy","3155526","Dillon Brooks",-0.203962764353819
2019,15,"dummy","4230547","Frank Ntilikina",-0.211919963803549
2019,15,"dummy","2797","Marvin Williams",-0.229078137515564
2019,15,"dummy","2991047","Ryan Arcidiacono",-0.241937620338889
2019,15,"dummy","2580913","Dewayne Dedmon",-0.243368881211606
2019,15,"dummy","3037789","Bogdan Bogdanovic",-0.244366590969064
2019,15,"dummy","2579260","Trey Burke",-0.248637790035318
2019,15,"dummy","4277961","Jaren Jackson",-0.254821499848326
2019,15,"dummy","6588","Evan Fournier",-0.275803944774882
2019,15,"dummy","1",NA,-0.282923599420835
2019,15,"dummy","3064514","Julius Randle",-0.28374161334023
2019,15,"dummy","3064440","Zach LaVine",-0.286143514938256
2019,15,"dummy","6460","E'Twaun Moore",-0.286952142395062
2019,15,"dummy","3032978","Dario Saric",-0.297515231896313
2019,15,"dummy","3074752","Terry Rozier",-0.317734429495502
2019,15,"dummy","2995706","Mario Hezonja",-0.321714333206363
2019,15,"dummy","2530276","Tyler Johnson",-0.327064058508919
2019,15,"dummy","2488826","Rodney McGruder",-0.329337508944495
2019,15,"dummy","3978","DeMar DeRozan",-0.333804118819064
2019,15,"dummy","4278073","Shai Gilgeous-Alexander",-0.335950274828837
2019,15,"dummy","4066421","Lonzo Ball",-0.336954737062915
2019,15,"dummy","4032","Wesley Matthews",-0.344481901072996
2019,15,"dummy","6466","Chandler Parsons",-0.383415297092436
2019,15,"dummy","2994526","Bryn Forbes",-0.383716014354389
2019,15,"dummy","4277905","Trae Young",-0.412601893487894
2019,15,"dummy","2528210","Tim Hardaway",-0.41350791071064
2019,15,"dummy","2426","Trevor Ariza",-0.416516844197904
2019,15,"dummy","3191","Corey Brewer",-0.425719839435018
2019,15,"dummy","pair_1987_4066261",NA,-0.427659153006897
2019,15,"dummy","4237","John Wall",-0.435584221353778
2019,15,"dummy","1987","Dwyane Wade",-0.451004928850836
2019,15,"dummy","3056600","Jabari Parker",-0.473938170602133
2019,15,"dummy","4",NA,-0.474925771004189
2019,15,"dummy","2583632","Royce O'Neale",-0.496450647506965
2019,15,"dummy","6601","Michael Kidd-Gilchrist",-0.512928920734426
2019,15,"dummy","2580782","Spencer Dinwiddie",-0.513051493298836
2019,15,"dummy","2",NA,-0.531381149387009
2019,15,"dummy","3449","Kevin Love",-0.541921962930224
2019,15,"dummy","3078284","Noah Vonleh",-0.546930341223412
2019,15,"dummy","3999","James Johnson",-0.568781348058657
2019,15,"dummy","3892818","Emmanuel Mudiay",-0.582737167448839
2019,15,"dummy","4065697","Dennis Smith",-0.583486919188684
2019,15,"dummy","2490589","Isaiah Canaan",-0.587072644182777
2019,15,"dummy","2528426","Jordan Clarkson",-0.595061575575757
2019,15,"dummy","2581177","Rodney Hood",-0.600427150224708
2019,15,"dummy","3064482","Bobby Portis",-0.619048653686993
2019,15,"dummy","6628","Dion Waiters",-0.619554243980308
2019,15,"dummy","pair_3136193_4278129",NA,-0.626958566657806
2019,15,"dummy","3934723","Thomas Bryant",-0.63241040977164
2019,15,"dummy","6619","Terrence Ross",-0.67083828980349
2019,15,"dummy","3149010","Chandler Hutchison",-0.673642884403013
2019,15,"dummy","2991139","Kris Dunn",-0.676997348461727
2019,15,"dummy","2580365","Larry Nance",-0.679724839095607
2019,15,"dummy","3452","JaVale McGee",-0.68325472839742
2019,15,"dummy","2284101","Justin Holiday",-0.693549159120005
2019,15,"dummy","3133603","Kelly Oubre",-0.693811417732351
2019,15,"dummy","2982334","TJ Warren",-0.709517846784094
2019,15,"dummy","4066297","Josh Jackson",-0.727210311768202
2019,15,"dummy","4278129","Deandre Ayton",-0.735491114019289
2019,15,"dummy","6429","Alec Burks",-0.759830027275861
2019,15,"dummy","3135048","Jahlil Okafor",-0.76742515395459
2019,15,"dummy","3136193","Devin Booker",-0.798540508138029
2019,15,"dummy","6461","Markieff Morris",-0.813732379192779
2019,15,"dummy","6427","Bismack Biyombo",-0.816480281156383
2019,15,"dummy","3",NA,-0.837191816302246
2019,15,"dummy","3913174","Luke Kennard",-0.868199925365479
2019,15,"dummy","6447","Enes Kanter",-0.873143981215426
2019,15,"dummy","2758","Marcin Gortat",-0.874685331130396
2019,15,"dummy","3907525","Allonzo Trier",-0.963738031082199
2019,15,"dummy","6474","Tristan Thompson",-0.991577398040064
2019,15,"dummy","2327577","JaMychal Green",-1.03459091428424
2019,15,"dummy","2991043","Caris LeVert",-1.04695258704545
2019,15,"dummy","6454","Shelvin Mack",-1.05460557794907
2019,15,"dummy","4258","DeMarcus Cousins",-1.06201710529164
2019,15,"dummy","3893016","Cedi Osman",-1.10050297674871
2019,15,"dummy","6637","Kent Bazemore",-1.15494865682829
2019,15,"dummy","2384","Dwight Howard",-1.19329974821153
2019,15,"dummy","5",NA,-1.19681329771284
2019,15,"dummy","2579466","Jonathon Simmons",-1.2080553264588
2019,15,"dummy","4277847","Wendell Carter",-1.2169344395697
2019,15,"dummy","4277811","Collin Sexton",-1.23741080744376
2019,15,"dummy","4066436","De'Anthony Melton",-1.24750411777697
2019,15,"dummy","pair_3893016_4277811",NA,-1.26305219044897
2019,15,"dummy","1975","Carmelo Anthony",-1.32447813909838
2019,15,"dummy","2990962","Taurean Prince",-1.32801816086863
2019,15,"dummy","4065836","Omari Spellman",-1.44399431413721
2019,15,"dummy","3064230","Cameron Payne",-1.48104017122213
2019,15,"dummy","6485","Lance Thomas",-1.59446042555979
2019,15,"dummy","4278075","Kevin Knox",-1.76661389584491
2019,15,"dummy","3412","Ryan Anderson",-2.2728799992414
2019,15,"dummy","3417","Jerryd Bayless",-2.62077534093815
2019,20,"dummy","4251","Paul George",1.46819902296097
2019,20,"dummy","3149673","Pascal Siakam",1.37467477487106
2019,20,"dummy","2991155","Danuel House",1.37341473370486
2019,20,"dummy","2968436","Joe Ingles",1.31425267826727
2019,20,"dummy","6442","Kyrie Irving",1.27988810585887
2019,20,"dummy","3202","Kevin Durant",1.2767053891396
2019,20,"dummy","3015","Paul Millsap",1.27464086352516
2019,20,"dummy","2566769","Malcolm Brogdon",1.22813983306247
2019,20,"dummy","3135047","Justise Winslow",1.22689702572235
2019,20,"dummy","2999547","Gary Harris",1.20473556042214
2019,20,"dummy","3975","Stephen Curry",1.19221507838177
2019,20,"dummy","3423","Goran Dragic",1.17996839745304
2019,20,"dummy","pair_3415_6478",NA,1.14029082110594
2019,20,"dummy","3448","Brook Lopez",1.12023613805394
2019,20,"dummy","pair_2799_2991055",NA,1.10397135155039
2019,20,"dummy","pair_3012_3149673",NA,1.09592799655154
2019,20,"dummy","6589","Draymond Green",1.09565337119086
2019,20,"dummy","pair_3448_6609",NA,1.08895149514365
2019,20,"dummy","3059318","Joel Embiid",1.08261323229918
2019,20,"dummy","3078576","Derrick White",1.06385204294483
2019,20,"dummy","3032977","Giannis Antetokounmpo",1.0206249953176
2019,20,"dummy","2583639","Elfrid Payton",1.01945956402386
2019,20,"dummy","3102530","Jusuf Nurkic",1.01318993753
2019,20,"dummy","2779","Chris Paul",1.00772358486162
2019,20,"dummy","pair_3155942_6446",NA,0.99905541672319
2019,20,"dummy","2991235","Steven Adams",0.981999986003819
2019,20,"dummy","3194","Wilson Chandler",0.962051595751987
2019,20,"dummy","pair_4248_6606",NA,0.949976369650028
2019,20,"dummy","6579","Will Barton",0.942339191516397
2019,20,"dummy","pair_3024_3907387",NA,0.934957161302677
2019,20,"dummy","4248","Al-Farouq Aminu",0.920521798791632
2019,20,"dummy","pair_3032976_3908809",NA,0.912438216879829
2019,20,"dummy","3988","Danny Green",0.907292067071411
2019,20,"dummy","4004","Patty Mills",0.899869987940709
2019,20,"dummy","3995","Jrue Holiday",0.898124232701024
2019,20,"dummy","pair_2990992_4065648",NA,0.845391671721594
2019,20,"dummy","6583","Anthony Davis",0.842515277538773
2019,20,"dummy","6430","Jimmy Butler",0.831530877147047
2019,20,"dummy","3024","JJ Redick",0.811467526887591
2019,20,"dummy","pair_3989_6585",NA,0.772369644289254
2019,20,"dummy","6609","Khris Middleton",0.77129412120759
2019,20,"dummy","6606","Damian Lillard",0.761846974842473
2019,20,"dummy","pair_3202_6475",NA,0.758881621206731
2019,20,"dummy","pair_3064514_3995",NA,0.7561901842027
2019,20,"dummy","pair_1966_3134907",NA,0.752223164307458
2019,20,"dummy","2594922","Otto Porter",0.743933472148743
2019,20,"dummy","2799","Lou Williams",0.733676606764852
2019,20,"dummy","3155535","Kevon Looney",0.732781311548385
2019,20,"dummy","1966","LeBron James",0.719068890549379
2019,20,"dummy","pair_2991235_3468",NA,0.693073111429688
2019,20,"dummy","3439","Serge Ibaka",0.686179816912686
2019,20,"dummy","3907822","Malik Beasley",0.673848146452805
2019,20,"dummy","3213","Al Horford",0.669735361839821
2019,20,"dummy","2991230","Fred VanVleet",0.66818759935555
2019,20,"dummy","2581190","Josh Richardson",0.656506755054477
2019,20,"dummy","2490149","CJ McCollum",0.643298513435146
2019,20,"dummy","3012","Kyle Lowry",0.634632003063945
2019,20,"dummy","pair_2528794_4066328",NA,0.610521384883195
2019,20,"dummy","2990992","Marcus Smart",0.603937755227029
2019,20,"dummy","3112335","Nikola Jokic",0.569985284251493
2019,20,"dummy","6478","Nikola Vucevic",0.557124286147438
2019,20,"dummy","6459","Nikola Mirotic",0.551467979643885
2019,20,"dummy","4238","Eric Bledsoe",0.550354278145863
2019,20,"dummy","3032976","Rudy Gobert",0.547494168587177
2019,20,"dummy","3059310","Monte Morris",0.543785000170203
2019,20,"dummy","4065648","Jayson Tatum",0.541082447688913
2019,20,"dummy","6446","Cory Joseph",0.539568200482578
2019,20,"dummy","pair_3064440_4066336",NA,0.521675765172704
2019,20,"dummy","3062679","Josh Hart",0.51473846782735
2019,20,"dummy","2578185","Dorian Finney-Smith",0.511710094509077
2019,20,"dummy","2991070","Jerami Grant",0.500590137147612
2019,20,"dummy","3155942","Domantas Sabonis",0.500476008134007
2019,20,"dummy","3908845","John Collins",0.496230758820064
2019,20,"dummy","3206","Marc Gasol",0.493120238951531
2019,20,"dummy","3908809","Donovan Mitchell",0.491854312661604
2019,20,"dummy","6475","Klay Thompson",0.472243374009516
2019,20,"dummy","3964","Patrick Beverley",0.444897883988092
2019,20,"dummy","4011","Ricky Rubio",0.443238833642564
2019,20,"dummy","3431","Eric Gordon",0.435507970612302
2019,20,"dummy","4269","Nemanja Bjelica",0.435107844151384
2019,20,"dummy","3907387","Ben Simmons",0.430211897173808
2019,20,"dummy","3136195","Karl-Anthony Towns",0.423606144192708
2019,20,"dummy","4230546","Terrance Ferguson",0.403881016720194
2019,20,"dummy","pair_3112335_3936299",NA,0.393680574554323
2019,20,"dummy","3973","Darren Collison",0.390744887840132
2019,20,"dummy","3147657","Mikal Bridges",0.381309185637603
2019,20,"dummy","4066636","Markelle Fultz",0.375498272846225
2019,20,"dummy","4249","Gordon Hayward",0.359944614987385
2019,20,"dummy","6603","Jeremy Lamb",0.353093957320926
2019,20,"dummy","pair_3033_3992",NA,0.350670769761805
2019,20,"dummy","6591","Maurice Harkless",0.347748254869579
2019,20,"dummy","3468","Russell Westbrook",0.346312437070327
2019,20,"dummy","4015","Jeff Teague",0.346064553733526
2019,20,"dummy","3005","Rudy Gay",0.344273845691587
2019,20,"dummy","3195","Mike Conley",0.343667057428048
2019,20,"dummy","3456","Derrick Rose",0.337431777044513
2019,20,"dummy","2579258","Cody Zeller",0.334833270742966
2019,20,"dummy","3244","Thaddeus Young",0.328889041769595
2019,20,"dummy","pair_3206_4023",NA,0.322179471660166
2019,20,"dummy","3059319","Andrew Wiggins",0.318249154215388
2019,20,"dummy","2531210","Allen Crabbe",0.312474374179505
2019,20,"dummy","4017839","Juan Hernangomez",0.304621884954121
2019,20,"dummy","3209","Jeff Green",0.294299160907703
2019,20,"dummy","6462","Marcus Morris",0.291053733645414
2019,20,"dummy","4066259","De'Aaron Fox",0.285987512233874
2019,20,"dummy","4277848","Marvin Bagley",0.279157359944036
2019,20,"dummy","4257","Derrick Favors",0.275328852420012
2019,20,"dummy","3033","PJ Tucker",0.271394537352209
2019,20,"dummy","3936299","Jamal Murray",0.261495053405515
2019,20,"dummy","pair_3059319_3136195",NA,0.257518402368531
2019,20,"dummy","4262","Hassan Whiteside",0.251424741675755
2019,20,"dummy","3064291","Rondae Hollis-Jefferson",0.24455864154289
2019,20,"dummy","pair_2990984_4066259",NA,0.243552193534695
2019,20,"dummy","6617","Austin Rivers",0.242497180496833
2019,20,"dummy","2991055","Montrezl Harrell",0.238324920399877
2019,20,"dummy","pair_3209_6580",NA,0.238163844053919
2019,20,"dummy","pair_3908845_4277905",NA,0.228290211496
2019,20,"dummy","2595231","Treveon Graham",0.217596371387476
2019,20,"dummy","2991282","Willie Cauley-Stein",0.212533138751929
2019,20,"dummy","6450","Kawhi Leonard",0.207730540133907
2019,20,"dummy","3913176","Brandon Ingram",0.204730777779228
2019,20,"dummy","6581","Jae Crowder",0.190450670676314
2019,20,"dummy","4066372","Kevin Huerter",0.182011120105355
2019,20,"dummy","3133628","Myles Turner",0.180975297895214
2019,20,"dummy","3415","D.J. Augustin",0.173266444828471
2019,20,"dummy","2528794","Joe Harris",0.130631565663656
2019,20,"dummy","pair_3416_6479",NA,0.122931364658788
2019,20,"dummy","6585","Andre Drummond",0.122486887060652
2019,20,"dummy","6440","Tobias Harris",0.118900434069773
2019,20,"dummy","4065663","Josh Okogie",0.112530831632038
2019,20,"dummy","4066328","Jarrett Allen",0.0806062933686864
2019,20,"dummy","3945274","Luka Doncic",0.0783731758308945
2019,20,"dummy","2993874","Kyle Anderson",0.0778781229155351
2019,20,"dummy","3986","Taj Gibson",0.067465739114814
2019,20,"dummy","3416","Nicolas Batum",0.055937162107033
2019,20,"dummy","3102529","Clint Capela",0.0503692365849947
2019,20,"dummy","3917376","Jaylen Brown",0.0455364821562668
2019,20,"dummy","3992","James Harden",0.0452847137837789
2019,20,"dummy","2527963","Victor Oladipo",0.0413395599632458
2019,20,"dummy","3428","Danilo Gallinari",0.0380179934815103
2019,20,"dummy","3136776","D'Angelo Russell",0.0371111114035868
2019,20,"dummy","2528693","Torrey Craig",0.0291468267950148
2019,20,"dummy","2990984","Buddy Hield",0.027705522656503
2019,20,"dummy","3064290","Aaron Gordon",0.0249271124515475
2019,20,"dummy","3442","DeAndre Jordan",0.0180308524487811
2019,20,"dummy","4065670","Bruce Brown",0.00968299222019555
2019,20,"dummy","6479","Kemba Walker",0.00938390029360176
2019,20,"dummy","2528779","Reggie Bullock",0.000378919952415337
2019,20,"dummy","6578","Harrison Barnes",-0.0151029911318983
2019,20,"dummy","6610","Darius Miller",-0.0154689654316068
2019,20,"dummy","2983","LaMarcus Aldridge",-0.016979534178942
2019,20,"dummy","2490620","Robert Covington",-0.0391393919776421
2019,20,"dummy","pair_2983_3978",NA,-0.04310442038562
2019,20,"dummy","3026","Rajon Rondo",-0.0523559896026041
2019,20,"dummy","4065654","Jonathan Isaac",-0.0525527715720289
2019,20,"dummy","3134907","Kyle Kuzma",-0.0544507122929113
2019,20,"dummy","4230548","Rodions Kurucs",-0.0646446958669768
2019,20,"dummy","pair_2528210_3078284",NA,-0.0844091649520305
2019,20,"dummy","4066336","Lauri Markkanen",-0.087635243436206
2019,20,"dummy","6580","Bradley Beal",-0.0944983429323345
2019,20,"dummy","3593","Bojan Bogdanovic",-0.0986784297474401
2019,20,"dummy","3981","Wayne Ellington",-0.109465780991915
2019,20,"dummy","3133626","Kenrich Williams",-0.135027956762487
2019,20,"dummy","2991149","Damyean Dotson",-0.139042940648269
2019,20,"dummy","3032979","Dennis Schroder",-0.147013268993783
2019,20,"dummy","6468","Iman Shumpert",-0.149489147621544
2019,20,"dummy","pair_3945274_6578",NA,-0.15023546583644
2019,20,"dummy","6443","Reggie Jackson",-0.154534485965468
2019,20,"dummy","4240","Avery Bradley",-0.175642580509748
2019,20,"dummy","3989","Blake Griffin",-0.198775456187933
2019,20,"dummy","1",NA,-0.217756427822674
2019,20,"dummy","6621","Tomas Satoransky",-0.219737547245041
2019,20,"dummy","2991047","Ryan Arcidiacono",-0.257424115963347
2019,20,"dummy","2580913","Dewayne Dedmon",-0.269112118801306
2019,20,"dummy","4277961","Jaren Jackson",-0.282779902900116
2019,20,"dummy","3062667","DeAndre' Bembry",-0.289665149509933
2019,20,"dummy","3037789","Bogdan Bogdanovic",-0.292061935433086
2019,20,"dummy","4023","Garrett Temple",-0.294678740751309
2019,20,"dummy","4032","Wesley Matthews",-0.296787122752009
2019,20,"dummy","3",NA,-0.300268393465764
2019,20,"dummy","2797","Marvin Williams",-0.305808693302979
2019,20,"dummy","3978","DeMar DeRozan",-0.310374117990177
2019,20,"dummy","3064514","Julius Randle",-0.32557763286897
2019,20,"dummy","6588","Evan Fournier",-0.341076144097301
2019,20,"dummy","3064440","Zach LaVine",-0.354852309626215
2019,20,"dummy","2530276","Tyler Johnson",-0.356514933499735
2019,20,"dummy","2994526","Bryn Forbes",-0.369356437518983
2019,20,"dummy","6460","E'Twaun Moore",-0.370646392092668
2019,20,"dummy","4066421","Lonzo Ball",-0.378407597349797
2019,20,"dummy","2",NA,-0.380046017793455
2019,20,"dummy","2488826","Rodney McGruder",-0.385254199994991
2019,20,"dummy","4278073","Shai Gilgeous-Alexander",-0.408480684128586
2019,20,"dummy","3032978","Dario Saric",-0.410447879271338
2019,20,"dummy","2528210","Tim Hardaway",-0.413169125573471
2019,20,"dummy","2580782","Spencer Dinwiddie",-0.420589454044412
2019,20,"dummy","pair_1987_4066261",NA,-0.432789262499428
2019,20,"dummy","3449","Kevin Love",-0.440239277288366
2019,20,"dummy","4237","John Wall",-0.458544936686337
2019,20,"dummy","1987","Dwyane Wade",-0.469608989920602
2019,20,"dummy","4277905","Trae Young",-0.47571106109261
2019,20,"dummy","2426","Trevor Ariza",-0.49541486382692
2019,20,"dummy","2581177","Rodney Hood",-0.529614424245303
2019,20,"dummy","4",NA,-0.549732685117449
2019,20,"dummy","3056600","Jabari Parker",-0.584739120747201
2019,20,"dummy","3078284","Noah Vonleh",-0.586466672984672
2019,20,"dummy","3892818","Emmanuel Mudiay",-0.588795185965932
2019,20,"dummy","2528426","Jordan Clarkson",-0.634539619044144
2019,20,"dummy","3999","James Johnson",-0.645516554358692
2019,20,"dummy","pair_3136193_4278129",NA,-0.671980370715401
2019,20,"dummy","2580365","Larry Nance",-0.676545811748657
2019,20,"dummy","4065697","Dennis Smith",-0.689890729674278
2019,20,"dummy","2982334","TJ Warren",-0.696035461293865
2019,20,"dummy","6628","Dion Waiters",-0.713608315327853
2019,20,"dummy","5",NA,-0.72861062720986
2019,20,"dummy","3934723","Thomas Bryant",-0.729310656128935
2019,20,"dummy","3064482","Bobby Portis",-0.733158895745293
2019,20,"dummy","2991139","Kris Dunn",-0.743734039198636
2019,20,"dummy","3133603","Kelly Oubre",-0.759017095498372
2019,20,"dummy","2284101","Justin Holiday",-0.771232542821083
2019,20,"dummy","2490589","Isaiah Canaan",-0.78784273889864
2019,20,"dummy","4066297","Josh Jackson",-0.795642246255382
2019,20,"dummy","3452","JaVale McGee",-0.801863950587693
2019,20,"dummy","6429","Alec Burks",-0.822140583244678
2019,20,"dummy","4278129","Deandre Ayton",-0.825021155987141
2019,20,"dummy","6619","Terrence Ross",-0.888906636647669
2019,20,"dummy","3136193","Devin Booker",-0.894540371434287
2019,20,"dummy","6461","Markieff Morris",-0.94194360981681
2019,20,"dummy","6474","Tristan Thompson",-0.979328872501999
2019,20,"dummy","6447","Enes Kanter",-1.08745151665983
2019,20,"dummy","3893016","Cedi Osman",-1.13183459718901
2019,20,"dummy","2991043","Caris LeVert",-1.18721764997138
2019,20,"dummy","4258","DeMarcus Cousins",-1.24354026171063
2019,20,"dummy","4277811","Collin Sexton",-1.3131482699874
2019,20,"dummy","pair_3893016_4277811",NA,-1.31516572368712
2019,20,"dummy","2384","Dwight Howard",-1.31907682482483
2019,20,"dummy","4066436","De'Anthony Melton",-1.35960416242837
2019,20,"dummy","1975","Carmelo Anthony",-1.36434582770683
2019,20,"dummy","6637","Kent Bazemore",-1.36779970934165
2019,20,"dummy","4277847","Wendell Carter",-1.44356217166766
2019,20,"dummy","2990962","Taurean Prince",-1.54610695564652
2019,20,"dummy","4278075","Kevin Knox",-2.02723215104754
2019,25,"dummy","pair_2799_2991055",NA,2.09748558946532
2019,25,"dummy","4251","Paul George",2.07658858952911
2019,25,"dummy","pair_3155942_6446",NA,2.04422388475587
2019,25,"dummy","2968436","Joe Ingles",1.92606485692425
2019,25,"dummy","6442","Kyrie Irving",1.89507444567587
2019,25,"dummy","3149673","Pascal Siakam",1.87863117195671
2019,25,"dummy","3202","Kevin Durant",1.87806983784415
2019,25,"dummy","3015","Paul Millsap",1.80528699818439
2019,25,"dummy","pair_3415_6478",NA,1.74371445947521
2019,25,"dummy","3135047","Justise Winslow",1.70851340113114
2019,25,"dummy","3423","Goran Dragic",1.70539598171868
2019,25,"dummy","2566769","Malcolm Brogdon",1.62053250701562
2019,25,"dummy","3975","Stephen Curry",1.60228333754098
2019,25,"dummy","2999547","Gary Harris",1.58688535230421
2019,25,"dummy","3059318","Joel Embiid",1.46241915626049
2019,25,"dummy","6579","Will Barton",1.38092714511326
2019,25,"dummy","2779","Chris Paul",1.36783202535642
2019,25,"dummy","3448","Brook Lopez",1.35825836679894
2019,25,"dummy","2583639","Elfrid Payton",1.3541469482713
2019,25,"dummy","3995","Jrue Holiday",1.32253453913407
2019,25,"dummy","pair_3012_3149673",NA,1.29029938212159
2019,25,"dummy","3102530","Jusuf Nurkic",1.27917495969351
2019,25,"dummy","3032977","Giannis Antetokounmpo",1.27834704792235
2019,25,"dummy","pair_3448_6609",NA,1.27534056647108
2019,25,"dummy","2991235","Steven Adams",1.26358274706358
2019,25,"dummy","6589","Draymond Green",1.23455785079898
2019,25,"dummy","pair_3032976_3908809",NA,1.23265816987967
2019,25,"dummy","pair_3989_6585",NA,1.20871046656767
2019,25,"dummy","6583","Anthony Davis",1.20674287447848
2019,25,"dummy","pair_4248_6606",NA,1.15323671186498
2019,25,"dummy","6430","Jimmy Butler",1.1365210205286
2019,25,"dummy","4248","Al-Farouq Aminu",1.12502873187951
2019,25,"dummy","2594922","Otto Porter",1.11843820821799
2019,25,"dummy","3988","Danny Green",1.10149150471498
2019,25,"dummy","3194","Wilson Chandler",1.09959353594115
2019,25,"dummy","pair_3024_3907387",NA,1.085291079315
2019,25,"dummy","pair_3064514_3995",NA,1.06459950628199
2019,25,"dummy","1966","LeBron James",1.04909810874294
2019,25,"dummy","pair_2528794_4066328",NA,1.03053672180686
2019,25,"dummy","pair_1966_3134907",NA,1.02014726298776
2019,25,"dummy","3112335","Nikola Jokic",0.998351551342836
2019,25,"dummy","pair_2990992_4065648",NA,0.992334205743371
2019,25,"dummy","3024","JJ Redick",0.980009051377131
2019,25,"dummy","pair_3064440_4066336",NA,0.949094902906962
2019,25,"dummy","6606","Damian Lillard",0.941287774279574
2019,25,"dummy","3213","Al Horford",0.913154226573531
2019,25,"dummy","6609","Khris Middleton",0.892742687211333
2019,25,"dummy","2581190","Josh Richardson",0.875537477979058
2019,25,"dummy","3908845","John Collins",0.872826410808904
2019,25,"dummy","pair_3202_6475",NA,0.843766703985682
2019,25,"dummy","3964","Patrick Beverley",0.822561518201394
2019,25,"dummy","2991230","Fred VanVleet",0.804885207636905
2019,25,"dummy","3439","Serge Ibaka",0.803534462601122
2019,25,"dummy","pair_2991235_3468",NA,0.79070900344994
2019,25,"dummy","2990992","Marcus Smart",0.763509075234358
2019,25,"dummy","3206","Marc Gasol",0.751596321026558
2019,25,"dummy","6478","Nikola Vucevic",0.74978198978233
2019,25,"dummy","3005","Rudy Gay",0.740301981091222
2019,25,"dummy","4065648","Jayson Tatum",0.736737910084385
2019,25,"dummy","2490149","CJ McCollum",0.725828615687744
2019,25,"dummy","6459","Nikola Mirotic",0.721062384990585
2019,25,"dummy","3032976","Rudy Gobert",0.65847551519291
2019,25,"dummy","3973","Darren Collison",0.648875941918066
2019,25,"dummy","3012","Kyle Lowry",0.64189466383477
2019,25,"dummy","3136195","Karl-Anthony Towns",0.626896574237764
2019,25,"dummy","3908809","Donovan Mitchell",0.620252069988282
2019,25,"dummy","3431","Eric Gordon",0.599488781982042
2019,25,"dummy","3147657","Mikal Bridges",0.580892237776844
2019,25,"dummy","3195","Mike Conley",0.569463448683183
2019,25,"dummy","4066259","De'Aaron Fox",0.558998118462593
2019,25,"dummy","4238","Eric Bledsoe",0.558844274951056
2019,25,"dummy","3244","Thaddeus Young",0.549561344535407
2019,25,"dummy","6603","Jeremy Lamb",0.549458943095706
2019,25,"dummy","pair_3033_3992",NA,0.549135755295578
2019,25,"dummy","pair_3112335_3936299",NA,0.51784730244695
2019,25,"dummy","2579258","Cody Zeller",0.514621086509391
2019,25,"dummy","pair_3206_4023",NA,0.509677544894647
2019,25,"dummy","2991070","Jerami Grant",0.508903594100761
2019,25,"dummy","4011","Ricky Rubio",0.507569338774418
2019,25,"dummy","6475","Klay Thompson",0.484177758362208
2019,25,"dummy","3907387","Ben Simmons",0.480246981238279
2019,25,"dummy","4015","Jeff Teague",0.471936963792623
2019,25,"dummy","3936299","Jamal Murray",0.470004996410568
2019,25,"dummy","3059319","Andrew Wiggins",0.443724921541895
2019,25,"dummy","3033","PJ Tucker",0.437886228210864
2019,25,"dummy","3209","Jeff Green",0.421561365320207
2019,25,"dummy","2991282","Willie Cauley-Stein",0.417128131889324
2019,25,"dummy","pair_2990984_4066259",NA,0.39249777146049
2019,25,"dummy","3913176","Brandon Ingram",0.376435728997203
2019,25,"dummy","4230546","Terrance Ferguson",0.374674259686758
2019,25,"dummy","3456","Derrick Rose",0.371546436729149
2019,25,"dummy","pair_3908845_4277905",NA,0.355371772214388
2019,25,"dummy","pair_3209_6580",NA,0.348122977720478
2019,25,"dummy","2983","LaMarcus Aldridge",0.346466569700539
2019,25,"dummy","4066372","Kevin Huerter",0.342359709692572
2019,25,"dummy","3945274","Luka Doncic",0.326786691814859
2019,25,"dummy","1",NA,0.312773827551092
2019,25,"dummy","pair_3059319_3136195",NA,0.308641394187842
2019,25,"dummy","3133628","Myles Turner",0.3023031595918
2019,25,"dummy","4066328","Jarrett Allen",0.291645325541475
2019,25,"dummy","6462","Marcus Morris",0.27757087031632
2019,25,"dummy","3468","Russell Westbrook",0.277558408710145
2019,25,"dummy","2528794","Joe Harris",0.275503281153212
2019,25,"dummy","6440","Tobias Harris",0.268755649327074
2019,25,"dummy","3136776","D'Angelo Russell",0.24301568629429
2019,25,"dummy","3442","DeAndre Jordan",0.239941380272903
2019,25,"dummy","pair_3416_6479",NA,0.200230196155135
2019,25,"dummy","2990984","Buddy Hield",0.185164177667345
2019,25,"dummy","6585","Andre Drummond",0.166129400815158
2019,25,"dummy","3102529","Clint Capela",0.157235742315385
2019,25,"dummy","3428","Danilo Gallinari",0.149994928536179
2019,25,"dummy","4262","Hassan Whiteside",0.147114526279167
2019,25,"dummy","2527963","Victor Oladipo",0.135783895696949
2019,25,"dummy","pair_2983_3978",NA,0.132067658897648
2019,25,"dummy","3992","James Harden",0.123166881239981
2019,25,"dummy","3416","Nicolas Batum",0.110268340143874
2019,25,"dummy","6578","Harrison Barnes",0.108675004164651
2019,25,"dummy","3986","Taj Gibson",0.108569480385052
2019,25,"dummy","3415","D.J. Augustin",0.0963255658729631
2019,25,"dummy","2993874","Kyle Anderson",0.0933570832900415
2019,25,"dummy","pair_2528210_3078284",NA,0.0654678680426254
2019,25,"dummy","6479","Kemba Walker",0.0444249443576449
2019,25,"dummy","6450","Kawhi Leonard",0.0348935725218782
2019,25,"dummy","4066336","Lauri Markkanen",-0.0142634464548108
2019,25,"dummy","3134907","Kyle Kuzma",-0.0222826735981853
2019,25,"dummy","2528779","Reggie Bullock",-0.0953685332320018
2019,25,"dummy","3064290","Aaron Gordon",-0.0989138824143165
2019,25,"dummy","3593","Bojan Bogdanovic",-0.0997560081180646
2019,25,"dummy","2490620","Robert Covington",-0.125837537372719
2019,25,"dummy","4065654","Jonathan Isaac",-0.170508649490522
2019,25,"dummy","4240","Avery Bradley",-0.192563957532715
2019,25,"dummy","3978","DeMar DeRozan",-0.196527371941097
2019,25,"dummy","6443","Reggie Jackson",-0.20735373661616
2019,25,"dummy","pair_3945274_6578",NA,-0.209276090582501
2019,25,"dummy","6580","Bradley Beal",-0.227290088452629
2019,25,"dummy","4",NA,-0.229828144296531
2019,25,"dummy","6468","Iman Shumpert",-0.236811499108118
2019,25,"dummy","5",NA,-0.238826722979336
2019,25,"dummy","3037789","Bogdan Bogdanovic",-0.259554938343658
2019,25,"dummy","3989","Blake Griffin",-0.292848264964018
2019,25,"dummy","3449","Kevin Love",-0.342591427334539
2019,25,"dummy","2994526","Bryn Forbes",-0.348827722615015
2019,25,"dummy","4277961","Jaren Jackson",-0.36740673676389
2019,25,"dummy","4032","Wesley Matthews",-0.369727369927107
2019,25,"dummy","3064440","Zach LaVine",-0.39077044530648
2019,25,"dummy","2528210","Tim Hardaway",-0.408379110557271
2019,25,"dummy","3032979","Dennis Schroder",-0.412737172926236
2019,25,"dummy","2797","Marvin Williams",-0.462750870567386
2019,25,"dummy","2",NA,-0.477388281959903
2019,25,"dummy","4023","Garrett Temple",-0.488231592756237
2019,25,"dummy","4277905","Trae Young",-0.520829763332285
2019,25,"dummy","2581177","Rodney Hood",-0.529452543729216
2019,25,"dummy","4278073","Shai Gilgeous-Alexander",-0.540947853490897
2019,25,"dummy","4066421","Lonzo Ball",-0.559450280283706
2019,25,"dummy","3064514","Julius Randle",-0.635172374100938
2019,25,"dummy","3078284","Noah Vonleh",-0.64042328889267
2019,25,"dummy","2426","Trevor Ariza",-0.650631294229151
2019,25,"dummy","6588","Evan Fournier",-0.652513302637255
2019,25,"dummy","3892818","Emmanuel Mudiay",-0.695414427709164
2019,25,"dummy","pair_3136193_4278129",NA,-0.733598370826996
2019,25,"dummy","6460","E'Twaun Moore",-0.736490545820306
2019,25,"dummy","2488826","Rodney McGruder",-0.754806965577052
2019,25,"dummy","4237","John Wall",-0.80917594104849
2019,25,"dummy","3",NA,-0.826143851547702
2019,25,"dummy","4065697","Dennis Smith",-0.841413609711861
2019,25,"dummy","2284101","Justin Holiday",-0.920337112423673
2019,25,"dummy","pair_1987_4066261",NA,-0.930482072835514
2019,25,"dummy","2982334","TJ Warren",-1.03693644384396
2019,25,"dummy","2991139","Kris Dunn",-1.06730168181916
2019,25,"dummy","6474","Tristan Thompson",-1.12850291629339
2019,25,"dummy","4278129","Deandre Ayton",-1.18375447133637
2019,25,"dummy","3136193","Devin Booker",-1.26617069898395
2019,25,"dummy","3893016","Cedi Osman",-1.44627318494554
2019,25,"dummy","pair_3893016_4277811",NA,-1.50537504536459
2019,25,"dummy","2991043","Caris LeVert",-1.73775117709434
2019,25,"dummy","6637","Kent Bazemore",-1.79157250962628
2019,25,"dummy","4277811","Collin Sexton",-1.8278521621269
2019,25,"dummy","4277847","Wendell Carter",-1.87192978497765
2019,25,"dummy","2384","Dwight Howard",-1.91976580951343
2019,25,"dummy","1975","Carmelo Anthony",-2.02204582747123
2019,25,"dummy","2990962","Taurean Prince",-2.08611020258534
2019,25,"dummy","4278075","Kevin Knox",-2.73675254838127
2019,30,"dummy","6442","Kyrie Irving",3.07408771897816
2019,30,"dummy","pair_2799_2991055",NA,2.80172734107358
2019,30,"dummy","3149673","Pascal Siakam",2.55916200900301
2019,30,"dummy","pair_3155942_6446",NA,2.55814421490972
2019,30,"dummy","4251","Paul George",2.48860325643932
2019,30,"dummy","3112335","Nikola Jokic",2.33708861173162
2019,30,"dummy","3202","Kevin Durant",2.279489602124
2019,30,"dummy","2968436","Joe Ingles",2.27618133401746
2019,30,"dummy","pair_3415_6478",NA,2.27103093269839
2019,30,"dummy","3135047","Justise Winslow",2.24259985705596
2019,30,"dummy","3059318","Joel Embiid",2.1126765872807
2019,30,"dummy","pair_2990992_4065648",NA,1.8825303050094
2019,30,"dummy","pair_3024_3907387",NA,1.8613956215946
2019,30,"dummy","3032977","Giannis Antetokounmpo",1.80532848325761
2019,30,"dummy","3448","Brook Lopez",1.6478509910098
2019,30,"dummy","3975","Stephen Curry",1.61577750990908
2019,30,"dummy","3995","Jrue Holiday",1.61002145702159
2019,30,"dummy","pair_3989_6585",NA,1.57692297100856
2019,30,"dummy","2779","Chris Paul",1.55629829022697
2019,30,"dummy","6430","Jimmy Butler",1.48006883374299
2019,30,"dummy","pair_2528794_4066328",NA,1.45806867927314
2019,30,"dummy","2991235","Steven Adams",1.42722764537527
2019,30,"dummy","2583639","Elfrid Payton",1.41859777272042
2019,30,"dummy","pair_3448_6609",NA,1.38584398112177
2019,30,"dummy","6583","Anthony Davis",1.35300465566805
2019,30,"dummy","3988","Danny Green",1.34840877284078
2019,30,"dummy","2581190","Josh Richardson",1.32139781473431
2019,30,"dummy","pair_3032976_3908809",NA,1.31460336617708
2019,30,"dummy","3102530","Jusuf Nurkic",1.3049925353882
2019,30,"dummy","1",NA,1.28946069997262
2019,30,"dummy","pair_3012_3149673",NA,1.28456331945211
2019,30,"dummy","4065648","Jayson Tatum",1.27768993598096
2019,30,"dummy","pair_3064440_4066336",NA,1.25635999139954
2019,30,"dummy","1966","LeBron James",1.20587062565504
2019,30,"dummy","3936299","Jamal Murray",1.18485792699524
2019,30,"dummy","pair_4248_6606",NA,1.16669676553288
2019,30,"dummy","6589","Draymond Green",1.14589790214818
2019,30,"dummy","4248","Al-Farouq Aminu",1.12103465043133
2019,30,"dummy","pair_1966_3134907",NA,1.06047361462337
2019,30,"dummy","3908845","John Collins",1.03406342446603
2019,30,"dummy","6609","Khris Middleton",1.01227264065614
2019,30,"dummy","pair_3112335_3936299",NA,1.00885458213884
2019,30,"dummy","4066259","De'Aaron Fox",0.991262982444757
2019,30,"dummy","3206","Marc Gasol",0.95582787069307
2019,30,"dummy","pair_3064514_3995",NA,0.926512078281843
2019,30,"dummy","pair_3209_6580",NA,0.912240338843808
2019,30,"dummy","6606","Damian Lillard",0.895007338014839
2019,30,"dummy","6478","Nikola Vucevic",0.844021597372517
2019,30,"dummy","3136195","Karl-Anthony Towns",0.838481507200781
2019,30,"dummy","2",NA,0.792046315747636
2019,30,"dummy","3973","Darren Collison",0.714391653467874
2019,30,"dummy","2983","LaMarcus Aldridge",0.69820424615051
2019,30,"dummy","pair_2991235_3468",NA,0.690515281003423
2019,30,"dummy","pair_3202_6475",NA,0.683741218090245
2019,30,"dummy","6603","Jeremy Lamb",0.674945098025147
2019,30,"dummy","pair_2990984_4066259",NA,0.670855297072558
2019,30,"dummy","3244","Thaddeus Young",0.664521391630524
2019,30,"dummy","3012","Kyle Lowry",0.650407096703885
2019,30,"dummy","3907387","Ben Simmons",0.630660226773536
2019,30,"dummy","pair_3033_3992",NA,0.629387719796861
2019,30,"dummy","3059319","Andrew Wiggins",0.616606282705197
2019,30,"dummy","2490149","CJ McCollum",0.57796437043051
2019,30,"dummy","3945274","Luka Doncic",0.57430839205183
2019,30,"dummy","3195","Mike Conley",0.568837404369073
2019,30,"dummy","pair_3206_4023",NA,0.554948751570406
2019,30,"dummy","3913176","Brandon Ingram",0.536484499742738
2019,30,"dummy","3431","Eric Gordon",0.478474512781175
2019,30,"dummy","3908809","Donovan Mitchell",0.475114892628133
2019,30,"dummy","3032976","Rudy Gobert",0.473581935570904
2019,30,"dummy","pair_3908845_4277905",NA,0.469950210074917
2019,30,"dummy","6440","Tobias Harris",0.460788117019774
2019,30,"dummy","4238","Eric Bledsoe",0.425916863798435
2019,30,"dummy","4015","Jeff Teague",0.423537655494758
2019,30,"dummy","2528794","Joe Harris",0.370873048985987
2019,30,"dummy","2990984","Buddy Hield",0.362125398506019
2019,30,"dummy","pair_2983_3978",NA,0.352144366452722
2019,30,"dummy","3136776","D'Angelo Russell",0.309471063004277
2019,30,"dummy","3133628","Myles Turner",0.309467643812694
2019,30,"dummy","3033","PJ Tucker",0.299914123787776
2019,30,"dummy","6475","Klay Thompson",0.288264738670668
2019,30,"dummy","3428","Danilo Gallinari",0.274060293674619
2019,30,"dummy","2991070","Jerami Grant",0.265499419248311
2019,30,"dummy","4011","Ricky Rubio",0.202275837484853
2019,30,"dummy","3442","DeAndre Jordan",0.194128827663836
2019,30,"dummy","pair_3059319_3136195",NA,0.162677231807346
2019,30,"dummy","pair_3416_6479",NA,0.131850460133778
2019,30,"dummy","2527963","Victor Oladipo",0.124955848540816
2019,30,"dummy","6580","Bradley Beal",0.107256225765626
2019,30,"dummy","6585","Andre Drummond",0.101653455774927
2019,30,"dummy","6578","Harrison Barnes",0.0980421126609622
2019,30,"dummy","6479","Kemba Walker",0.0957896351762447
2019,30,"dummy","3416","Nicolas Batum",0.0699217018165015
2019,30,"dummy","6450","Kawhi Leonard",0.0205182692645325
2019,30,"dummy","3468","Russell Westbrook",-0.0172633855747923
2019,30,"dummy","3992","James Harden",-0.0402870861834694
2019,30,"dummy","3978","DeMar DeRozan",-0.0661476627807316
2019,30,"dummy","3102529","Clint Capela",-0.0894670810854306
2019,30,"dummy","4066336","Lauri Markkanen",-0.143947386337062
2019,30,"dummy","3415","D.J. Augustin",-0.186622170649144
2019,30,"dummy","2528779","Reggie Bullock",-0.241180210803401
2019,30,"dummy","pair_3945274_6578",NA,-0.246876505681456
2019,30,"dummy","4240","Avery Bradley",-0.249362670022363
2019,30,"dummy","3064290","Aaron Gordon",-0.261530862959263
2019,30,"dummy","3593","Bojan Bogdanovic",-0.292398544020963
2019,30,"dummy","3134907","Kyle Kuzma",-0.296679681869702
2019,30,"dummy","2490620","Robert Covington",-0.305919669932249
2019,30,"dummy","5",NA,-0.361055327174884
2019,30,"dummy","6443","Reggie Jackson",-0.40391112327132
2019,30,"dummy","4032","Wesley Matthews",-0.410906523853776
2019,30,"dummy","pair_2528210_3078284",NA,-0.448386189662427
2019,30,"dummy","3",NA,-0.529642510541203
2019,30,"dummy","pair_3136193_4278129",NA,-0.539873864130294
2019,30,"dummy","3989","Blake Griffin",-0.562032553112658
2019,30,"dummy","2426","Trevor Ariza",-0.677794025862258
2019,30,"dummy","3064440","Zach LaVine",-0.703698204918566
2019,30,"dummy","4",NA,-0.712710733008403
2019,30,"dummy","4237","John Wall",-0.744413506114062
2019,30,"dummy","4023","Garrett Temple",-0.817315686328305
2019,30,"dummy","2528210","Tim Hardaway",-0.887365745843253
2019,30,"dummy","4066421","Lonzo Ball",-0.912676859030565
2019,30,"dummy","2982334","TJ Warren",-1.05378761889279
2019,30,"dummy","6588","Evan Fournier",-1.14365274992618
2019,30,"dummy","4278129","Deandre Ayton",-1.22036337229009
2019,30,"dummy","4065697","Dennis Smith",-1.23970714535302
2019,30,"dummy","6474","Tristan Thompson",-1.27497848178232
2019,30,"dummy","4277905","Trae Young",-1.29192762539609
2019,30,"dummy","pair_1987_4066261",NA,-1.3355913064184
2019,30,"dummy","3136193","Devin Booker",-1.44748418218243
2019,30,"dummy","2284101","Justin Holiday",-1.47082111414833
2019,30,"dummy","3893016","Cedi Osman",-1.56005705233285
2019,30,"dummy","2991139","Kris Dunn",-1.56814577227042
2019,30,"dummy","pair_3893016_4277811",NA,-1.67285163673791
2019,30,"dummy","4277811","Collin Sexton",-2.07368292815625
