"season","min_minutes","model","player_id","player_name","coefficient"
2005,0,"dummy","2222",NA,7.49710352903198
2005,0,"dummy","2404","Justin Reed",7.16704801745958
2005,0,"dummy","2431","Andre Emmett",7.166025491533
2005,0,"dummy","316","Donnell Harvey",2.20774418847072
2005,0,"dummy","2212","Josh Davis",1.52468461513002
2005,0,"dummy","2498","Geno Carlisle",1.19587572923992
2005,0,"dummy","272","Emmanuel Ginobili",1.19548601407616
2005,0,"dummy","130","Brian Cardinal",1.08660446207859
2005,0,"dummy","285","Adrian Griffin",0.972788690178362
2005,0,"dummy","1016","Vladimir Radmanovic",0.938012033289946
2005,0,"dummy","215","Tim Duncan",0.925328234891049
2005,0,"dummy","598","Radoslav Nesterovic",0.924706673163433
2005,0,"dummy","525","Jelani McCoy",0.924534867209761
2005,0,"dummy","88","Shawn Bradley",0.923534493581916
2005,0,"dummy","592","Steve Nash",0.884798293443703
2005,0,"dummy","151","Mateen Cleaves",0.855625744602588
2005,0,"dummy","2408","Ha Seung-Jin",0.841176810559821
2005,0,"dummy","2449","Jackson Vroman",0.80243374777717
2005,0,"dummy","2448","Beno Udrih",0.762975197695619
2005,0,"dummy","339","Fred Hoiberg",0.730459311866285
2005,0,"dummy","pair_136_429",NA,0.712531989376326
2005,0,"dummy","205","Vlade Divac",0.692891710451257
2005,0,"dummy","434","Andrei Kirilenko",0.686671436206659
2005,0,"dummy","2006","Josh Howard",0.680523144501598
2005,0,"dummy","248","Danny Fortson",0.67458330726056
2005,0,"dummy","2509","Andre Barrett",0.666594842422753
2005,0,"dummy","496","Mark Madsen",0.656886378932872
2005,0,"dummy","2419","Anderson Varejao",0.650938397872824
2005,0,"dummy","976","Shane Battier",0.632701478515067
2005,0,"dummy","883","Rasheed Wallace",0.624838758518793
2005,0,"dummy","2466","Jared Reiner",0.614161804374488
2005,0,"dummy","1998","Brian Cook",0.599495484112377
2005,0,"dummy","pair_1007_510",NA,0.598646244001701
2005,0,"dummy","181","Erick Dampier",0.590909195077766
2005,0,"dummy","703","Quentin Richardson",0.58081445439901
2005,0,"dummy","510","Shawn Marion",0.570125819278049
2005,0,"dummy","347","Robert Horry",0.535907821449198
2005,0,"dummy","1966","LeBron James",0.534358787610747
2005,0,"dummy","pair_959_976",NA,0.532296850827739
2005,0,"dummy","1715","Casey Jacobsen",0.531522305795119
2005,0,"dummy","609","Dirk Nowitzki",0.529327231895177
2005,0,"dummy","664","Scot Pollard",0.525184409512278
2005,0,"dummy","1727","Amare Stoudemire",0.521511050454718
2005,0,"dummy","pair_242_609",NA,0.510845795717847
2005,0,"dummy","556","Brad Miller",0.496898593860484
2005,0,"dummy","885","Ben Wallace",0.494549562023551
2005,0,"dummy","183","Antonio Daniels",0.494052623732103
2005,0,"dummy","1765","Matt Barnes",0.480165313046893
2005,0,"dummy","pair_1015_83",NA,0.475125464181439
2005,0,"dummy","1978","Nick Collison",0.470037733167292
2005,0,"dummy","362","Zydrunas Ilgauskas",0.469958458116517
2005,0,"dummy","614","Shaquille O'Neal",0.468890401319473
2005,0,"dummy","446","Toni Kukoc",0.466867996748986
2005,0,"dummy","pair_1966_535",NA,0.448294580433015
2005,0,"dummy","273","Gordan Giricek",0.447558520057644
2005,0,"dummy","2446","Pape Sow",0.44343344788253
2005,0,"dummy","189","Antonio Davis",0.435774925970121
2005,0,"dummy","829","Stromile Swift",0.426623297420194
2005,0,"dummy","2367","Tony Allen",0.424899466781416
2005,0,"dummy","1007","Joe Johnson",0.424827707856506
2005,0,"dummy","1027","Earl Watson",0.423497580462524
2005,0,"dummy","406","Damon Jones",0.408552613896525
2005,0,"dummy","429","Jason Kidd",0.401653600350045
2005,0,"dummy","407","Jumaine Jones",0.397607379571991
2005,0,"dummy","2214","Ronald Dupree",0.392955144282713
2005,0,"dummy","879","Jake Voskuhl",0.370822200356959
2005,0,"dummy","83","Bruce Bowen",0.370805078272379
2005,0,"dummy","882","Samaki Walker",0.368877085135084
2005,0,"dummy","2184","Udonis Haslem",0.368009860718098
2005,0,"dummy","1784","Darius Songaila",0.36364842973727
2005,0,"dummy","586","Lamond Murray",0.361252140813532
2005,0,"dummy","42","Brent Barry",0.36042570224107
2005,0,"dummy","2165","Marcus Banks",0.3598116419074
2005,0,"dummy","294","Richard Hamilton",0.357065619595735
2005,0,"dummy","2522","Keith McLeod",0.346869249110034
2005,0,"dummy","1724","Tayshaun Prince",0.344630792216638
2005,0,"dummy","1024","Jamaal Tinsley",0.344409808686759
2005,0,"dummy","242","Michael Finley",0.34069037830219
2005,0,"dummy","2016","Zaza Pachulia",0.338807577498833
2005,0,"dummy","802","Jerry Stackhouse",0.338377957766899
2005,0,"dummy","1775","Mario Kasun",0.337318129742615
2005,0,"dummy","pair_1724_63",NA,0.32959195566111
2005,0,"dummy","1011","Raul Lopez",0.329242551933327
2005,0,"dummy","pair_385_974",NA,0.327693743635974
2005,0,"dummy","378","Stephen Jackson",0.327048881150337
2005,0,"dummy","662","Paul Pierce",0.324579228231634
2005,0,"dummy","996","Pau Gasol",0.313623471553876
2005,0,"dummy","984","Tyson Chandler",0.312294619143497
2005,0,"dummy","848","John Thomas",0.311207652954526
2005,0,"dummy","825","Bob Sura",0.294677645974103
2005,0,"dummy","987","Jason Collins",0.294117526276973
2005,0,"dummy","1015","Tony Parker",0.292139854664691
2005,0,"dummy","841","Jason Terry",0.291920083709108
2005,0,"dummy","250","Jeff Foster",0.289216337116329
2005,0,"dummy","2494","Billy Thomas",0.286684672111542
2005,0,"dummy","9","Ray Allen",0.28472427134169
2005,0,"dummy","1022","Bobby Simmons",0.282072487276437
2005,0,"dummy","pair_261_831",NA,0.280457969612235
2005,0,"dummy","1828","Reggie Evans",0.277052843691867
2005,0,"dummy","512","Donyell Marshall",0.272053049895559
2005,0,"dummy","1719","Nenad Krstic",0.270230223336539
2005,0,"dummy","111","Greg Buckner",0.267749225123974
2005,0,"dummy","61","Mike Bibby",0.266208923666016
2005,0,"dummy","558","Mike Miller",0.265053157627166
2005,0,"dummy","402","Eddie Jones",0.264533920136295
2005,0,"dummy","552","Reggie Miller",0.263705881180385
2005,0,"dummy","41","Jon Barry",0.262289846816121
2005,0,"dummy","630","Scott Padgett",0.25980487157457
2005,0,"dummy","pair_1975_557",NA,0.259294029934126
2005,0,"dummy","63","Chauncey Billups",0.256241044530023
2005,0,"dummy","535","Jeff McInnis",0.251701510624784
2005,0,"dummy","349","Allan Houston",0.250749829973412
2005,0,"dummy","992","DeSagana Diop",0.245572959684158
2005,0,"dummy","1717","Jared Jeffries",0.244596815815629
2005,0,"dummy","818","Rod Strickland",0.241471760754156
2005,0,"dummy","2422","Delonte West",0.23699224462696
2005,0,"dummy","138","Sam Cassell",0.236341060963841
2005,0,"dummy","831","Wally Szczerbiak",0.236050443476557
2005,0,"dummy","469","Rashard Lewis",0.234283512500176
2005,0,"dummy","1730","Jiri Welsch",0.227772650465304
2005,0,"dummy","398","Dermarr Johnson",0.22292222331565
2005,0,"dummy","1977","Chris Bosh",0.222732933985984
2005,0,"dummy","557","Andre Miller",0.219946256162181
2005,0,"dummy","514","Darrick Martin",0.216176957766505
2005,0,"dummy","974","Gilbert Arenas",0.213421755372778
2005,0,"dummy","1002","Steve Hunter",0.208415631888856
2005,0,"dummy","110","Kobe Bryant",0.206735517152637
2005,0,"dummy","353","Troy Hudson",0.205577849653445
2005,0,"dummy","781","Steve Smith",0.204958516576848
2005,0,"dummy","857","Robert Traylor",0.204429125517781
2005,0,"dummy","997","Eddie Griffin",0.196604885338898
2005,0,"dummy","2454",NA,0.19622564362362
2005,0,"dummy","1711","Drew Gooden",0.194997616223869
2005,0,"dummy","588","Dikembe Mutombo",0.194650304314107
2005,0,"dummy","682","Joel Przybilla",0.191457549957592
2005,0,"dummy","2429","Luol Deng",0.190506702013765
2005,0,"dummy","25","Ron Artest",0.177556772882456
2005,0,"dummy","376","Bobby Jackson",0.174577353232962
2005,0,"dummy","601","Ira Newble",0.171850831334994
2005,0,"dummy","988","Jarron Collins",0.170486444623181
2005,0,"dummy","532","Tracy McGrady",0.166256776908442
2005,0,"dummy","387","Marko Jaric",0.164885569962593
2005,0,"dummy","1000","Brendan Haywood",0.164762147855223
2005,0,"dummy","221","Obinna Ekezie",0.164525795940892
2005,0,"dummy","137","Anthony Carter",0.162349604552199
2005,0,"dummy","566","Cuttino Mobley",0.159754166445734
2005,0,"dummy","1703","Carlos Boozer",0.147515659269161
2005,0,"dummy","pair_469_9",NA,0.146681133703826
2005,0,"dummy","2172","Aleksandar Pavlovic",0.144181943224098
2005,0,"dummy","2381","Ben Gordon",0.141642759503641
2005,0,"dummy","1913","Mike Wilks",0.132698267277343
2005,0,"dummy","194","Baron Davis",0.129344419443037
2005,0,"dummy","522","Walter McCarty",0.126802645037222
2005,0,"dummy","2011","Kyle Korver",0.123883383363403
2005,0,"dummy","385","Antawn Jamison",0.119385929856899
2005,0,"dummy","pair_193_662",NA,0.113830129414511
2005,0,"dummy","509","Stephon Marbury",0.113275470212172
2005,0,"dummy","1710","Dan Gadzuric",0.11064529913654
2005,0,"dummy","1767","Rasual Butler",0.108681909557344
2005,0,"dummy","pair_509_846",NA,0.105312840767598
2005,0,"dummy","1987","Dwyane Wade",0.100541816461509
2005,0,"dummy","196","Andrew DeClercq",0.0999125180396165
2005,0,"dummy","372","Jimmy Jackson",0.0989004706868415
2005,0,"dummy","269","Kendall Gill",0.0969851736218545
2005,0,"dummy","2394","Kevin Martin",0.094428006930139
2005,0,"dummy","687","Theo Ratliff",0.091758162252652
2005,0,"dummy","1981","Kirk Hinrich",0.0914949268153437
2005,0,"dummy","1051","Mike James",0.0909392851781876
2005,0,"dummy","139","Kelvin Cato",0.0882080036562404
2005,0,"dummy","2389","Al Jefferson",0.0873529083901211
2005,0,"dummy","896","Clarence Weatherspoon",0.0830459696239313
2005,0,"dummy","pair_2384_255",NA,0.0818023157987267
2005,0,"dummy","820","Erick Strickland",0.0781083171028291
2005,0,"dummy","796","Eric Snow",0.0761188838342863
2005,0,"dummy","136","Vince Carter",0.075535442293879
2005,0,"dummy","515","Kenyon Martin",0.0706844697066857
2005,0,"dummy","2174","Zoran Planinic",0.0674522856918775
2005,0,"dummy","2178","Maurice Williams",0.0644731827275009
2005,0,"dummy","849","Kenny Thomas",0.0553392379116723
2005,0,"dummy","2383","David Harrison",0.0532838649250653
2005,0,"dummy","2421","Sasha Vujacic",0.0513459972982893
2005,0,"dummy","498","Jamaal Magloire",0.0510888717939045
2005,0,"dummy","91","Elton Brand",0.0497062392929997
2005,0,"dummy","356","Larry Hughes",0.0420765398825722
2005,0,"dummy","2377","Chris Duhon",0.0413736558840762
2005,0,"dummy","pair_2011_366",NA,0.0398255394178935
2005,0,"dummy","453","Christian Laettner",0.0322719461294281
2005,0,"dummy","813","Predrag Stojakovic",0.0270390440929087
2005,0,"dummy","2200","Marquis Daniels",0.0270370716953504
2005,0,"dummy","17","Shandon Anderson",0.0260151814624147
2005,0,"dummy","1014","Mehmet Okur",0.0252000225445702
2005,0,"dummy","pair_1981_984",NA,0.0191679926030856
2005,0,"dummy","187","Dale Davis",0.0164291834724148
2005,0,"dummy","933","Jason Williams",0.00679213332459822
2005,0,"dummy","pair_110_26",NA,0.00609384872210639
2005,0,"dummy","632","Milt Palacio",0.00463728629814372
2005,0,"dummy","1",NA,0
2005,0,"dummy","2",NA,0
2005,0,"dummy","868","Nick Van",-0.00232252690675589
2005,0,"dummy","991","Samuel Dalembert",-0.00503222023559715
2005,0,"dummy","2368","Rafael Araujo",-0.00574042255292924
2005,0,"dummy","261","Kevin Garnett",-0.00600745473613979
2005,0,"dummy","862","Hidayet Turkoglu",-0.00799251179425077
2005,0,"dummy","pair_1987_402",NA,-0.00927291161196248
2005,0,"dummy","207","Michael Doleac",-0.0185925030279132
2005,0,"dummy","70","Mark Blount",-0.0192838816988777
2005,0,"dummy","742","Bryon Russell",-0.0215906061606908
2005,0,"dummy","147","Doug Christie",-0.0218512272596972
2005,0,"dummy","24","Darrell Armstrong",-0.0218661866052212
2005,0,"dummy","307","Othella Harrington",-0.0250472463161053
2005,0,"dummy","518","Desmond Mason",-0.0257563868330399
2005,0,"dummy","591","Eduardo Najera",-0.026895899770756
2005,0,"dummy","2386","Andre Iguodala",-0.0289019178599301
2005,0,"dummy","336","Grant Hill",-0.0318760010733106
2005,0,"dummy","1135","Chris Andersen",-0.0321730357176157
2005,0,"dummy","pair_11_1977",NA,-0.0327334428275675
2005,0,"dummy","959","Lorenzen Wright",-0.0345710930707483
2005,0,"dummy","837","Maurice Taylor",-0.0369023167182531
2005,0,"dummy","2426","Trevor Ariza",-0.0387601086522145
2005,0,"dummy","692","Michael Redd",-0.0426545504783534
2005,0,"dummy","2175","Mike Sweetney",-0.0458331726091506
2005,0,"dummy","454","Raef LaFrentz",-0.0482849798388941
2005,0,"dummy","2372","Lionel Chalmers",-0.0489654793605139
2005,0,"dummy","1057","Tierre Brown",-0.0497116640700852
2005,0,"dummy","738","Jalen Rose",-0.0497518937417846
2005,0,"dummy","530","Antonio McDyess",-0.0535565514713068
2005,0,"dummy","377","Marc Jackson",-0.0587428851585674
2005,0,"dummy","638","Ruben Patterson",-0.0593835639906065
2005,0,"dummy","209","Keyon Dooling",-0.0666823282843933
2005,0,"dummy","739","Malik Rose",-0.0790492758556328
2005,0,"dummy","309","Lucious Harris",-0.0793469981294996
2005,0,"dummy","656","Morris Peterson",-0.088714020641066
2005,0,"dummy","1704","Curtis Borchardt",-0.0899350418367645
2005,0,"dummy","255","Steve Francis",-0.0921847830134039
2005,0,"dummy","351","Juwan Howard",-0.0938272418183442
2005,0,"dummy","2373","Josh Childress",-0.0941172386127092
2005,0,"dummy","pair_518_692",NA,-0.0961479484182738
2005,0,"dummy","1709","Melvin Ely",-0.096248155565436
2005,0,"dummy","pair_61_813",NA,-0.0998556866688304
2005,0,"dummy","930","Jerome Williams",-0.101424556661511
2005,0,"dummy","1997","Zarko Cabarkapa",-0.101456377299278
2005,0,"dummy","125","Marcus Camby",-0.101730195430936
2005,0,"dummy","26","Chucky Atkins",-0.105816564265479
2005,0,"dummy","897","Chris Webber",-0.106619877789454
2005,0,"dummy","393","Ervin Johnson",-0.109821335900834
2005,0,"dummy","1982","Chris Kaman",-0.116287356740049
2005,0,"dummy","904","David Wesley",-0.1166622140778
2005,0,"dummy","pair_167_1718",NA,-0.117787139934236
2005,0,"dummy","788","Joe Smith",-0.118268099817289
2005,0,"dummy","846","Kurt Thomas",-0.118350073384906
2005,0,"dummy","280","Brian Grant",-0.118843051936533
2005,0,"dummy","302","Penny Hardaway",-0.120673315947776
2005,0,"dummy","2387","Royal Ivey",-0.12444689290527
2005,0,"dummy","2382","Devin Harris",-0.127051764138112
2005,0,"dummy","pair_1722_532",NA,-0.127739331755195
2005,0,"dummy","575","Mikki Moore",-0.127923081782059
2005,0,"dummy","150","Speedy Claxton",-0.134189982190408
2005,0,"dummy","1985","Luke Ridnour",-0.138222475474512
2005,0,"dummy","1975","Carmelo Anthony",-0.139697942263073
2005,0,"dummy","234","Francisco Elson",-0.142550930559471
2005,0,"dummy","800","Latrell Sprewell",-0.145748032324666
2005,0,"dummy","pair_497_91",NA,-0.147074406511045
2005,0,"dummy","84","Ryan Bowen",-0.147388105949466
2005,0,"dummy","1995","Keith Bogans",-0.147849660859908
2005,0,"dummy","pair_638_817",NA,-0.15050521032219
2005,0,"dummy","621","Michael Olowokandi",-0.151306954493236
2005,0,"dummy","383","Jerome James",-0.152135757956442
2005,0,"dummy","911","Jahidi White",-0.155253685805132
2005,0,"dummy","936","Corliss Williamson",-0.157965594357712
2005,0,"dummy","1026","Gerald Wallace",-0.159415096782249
2005,0,"dummy","1858","Devin Brown",-0.164797137850068
2005,0,"dummy","2417","Sebastian Telfair",-0.168599673921511
2005,0,"dummy","620","Kevin Ollie",-0.169304525969585
2005,0,"dummy","622","Greg Ostertag",-0.16992444808518
2005,0,"dummy","165","Jamal Crawford",-0.170549161924442
2005,0,"dummy","869","Keith Van",-0.172242084660338
2005,0,"dummy","1783","Tamar Slay",-0.175512241269831
2005,0,"dummy","741","Michael Ruffin",-0.182509689475998
2005,0,"dummy","87","Earl Boykins",-0.183118767365075
2005,0,"dummy","1731","Chris Wilcox",-0.184829753769594
2005,0,"dummy","671","James Posey",-0.187048998720072
2005,0,"dummy","1708","Mike Dunleavy",-0.189115716199771
2005,0,"dummy","254","Adonal Foyle",-0.190789192721605
2005,0,"dummy","617","Lamar Odom",-0.191083810195698
2005,0,"dummy","10","Malik Allen",-0.192043805464249
2005,0,"dummy","497","Corey Maggette",-0.193915097464414
2005,0,"dummy","27","Stacey Augmon",-0.194598680562558
2005,0,"dummy","366","Allen Iverson",-0.19809407890424
2005,0,"dummy","212","Predrag Drobnjak",-0.206964447738073
2005,0,"dummy","2439","Jameer Nelson",-0.207021543377962
2005,0,"dummy","pair_2399_440",NA,-0.208240066074687
2005,0,"dummy","640","Gary Payton",-0.208548473116549
2005,0,"dummy","193","Ricky Davis",-0.21235941700818
2005,0,"dummy","1712","Marcus Haislip",-0.215032579690511
2005,0,"dummy","1017","Zach Randolph",-0.225544688694311
2005,0,"dummy","817","Damon Stoudamire",-0.231847757234371
2005,0,"dummy","888","Charlie Ward",-0.23238516230232
2005,0,"dummy","990","Eddy Curry",-0.232530546971587
2005,0,"dummy","2009","James Jones",-0.237585673803841
2005,0,"dummy","1018","Jason Richardson",-0.240402830425787
2005,0,"dummy","615","Jermaine O'Neal",-0.242474547720013
2005,0,"dummy","1980","Jarvis Hayes",-0.243413226636355
2005,0,"dummy","1723","Bostjan Nachbar",-0.243508346020106
2005,0,"dummy","793","Jabari Smith",-0.246830885180234
2005,0,"dummy","1999","Carlos Delfino",-0.249623353456464
2005,0,"dummy","11","Rafer Alston",-0.254920566364277
2005,0,"dummy","1718","Fred Jones",-0.256274226489101
2005,0,"dummy","440","Brevin Knight",-0.257264229641557
2005,0,"dummy","690","Zeljko Rebraca",-0.258490889756535
2005,0,"dummy","2384","Dwight Howard",-0.258632361440553
2005,0,"dummy","99","P.J. Brown",-0.259814226166197
2005,0,"dummy","3","Shareef Abdur-Rahim",-0.261438438649094
2005,0,"dummy","847","Tim Thomas",-0.262445491842686
2005,0,"dummy","1021","Brian Scalabrine",-0.26712142153629
2005,0,"dummy","550","Darius Miles",-0.267951219975344
2005,0,"dummy","1705","Caron Butler",-0.270466417870065
2005,0,"dummy","1722","Yao Ming",-0.271403062270729
2005,0,"dummy","2428","Antonio Burks",-0.271899006979165
2005,0,"dummy","901","Bonzi Wells",-0.273973570366431
2005,0,"dummy","2010","Jason Kapono",-0.282505376298686
2005,0,"dummy","264","Pat Garrity",-0.283337871472726
2005,0,"dummy","1707","Juan Dixon",-0.294820376837838
2005,0,"dummy","1713","Nene Hilario",-0.296458197986899
2005,0,"dummy","851","Etan Thomas",-0.297864965939547
2005,0,"dummy","543","Stanislav Medvedenko",-0.321185801893485
2005,0,"dummy","2393","Shaun Livingston",-0.325844540259064
2005,0,"dummy","246","Derek Fisher",-0.326045129431018
2005,0,"dummy","45","Tony Battie",-0.328249868175063
2005,0,"dummy","779","Brian Skinner",-0.33636036965691
2005,0,"dummy","998","Trenton Hassell",-0.336936479104825
2005,0,"dummy","49","Raja Bell",-0.339955007852946
2005,0,"dummy","1780","Jamal Sampson",-0.345935196777079
2005,0,"dummy","2435","Viktor Khryapa",-0.356398461557781
2005,0,"dummy","1996","Matt Bonner",-0.359257629067468
2005,0,"dummy","306","Matt Harpring",-0.360292650705163
2005,0,"dummy","106","Rick Brunson",-0.362595075475117
2005,0,"dummy","2380","Matt Freije",-0.367111723310946
2005,0,"dummy","979","Michael Bradley",-0.36819713711722
2005,0,"dummy","2411","Josh Smith",-0.372919531828342
2005,0,"dummy","2432","Luis Flores",-0.379324540658502
2005,0,"dummy","359","Lindsey Hunter",-0.382486332831377
2005,0,"dummy","144","Calbert Cheaney",-0.382917024841669
2005,0,"dummy","568","Nazr Mohammed",-0.384829317029027
2005,0,"dummy","590","Lee Nailon",-0.385584607133171
2005,0,"dummy","674","Vitaly Potapenko",-0.396875872823183
2005,0,"dummy","2188","Quinton Ross",-0.397368718243809
2005,0,"dummy","491","George Lynch",-0.407408975313952
2005,0,"dummy","2008","Dahntay Jones",-0.407912296244863
2005,0,"dummy","808","DeShawn Stevenson",-0.408645552050048
2005,0,"dummy","167","Austin Croshere",-0.409454506866959
2005,0,"dummy","2169","Maciej Lampe",-0.433233515023594
2005,0,"dummy","608","Moochie Norris",-0.434610044065074
2005,0,"dummy","1006","Richard Jefferson",-0.4374346661
2005,0,"dummy","18","Derek Anderson",-0.441353904803096
2005,0,"dummy","114","Rodney Buford",-0.44167017841618
2005,0,"dummy","660","Eric Piatkowski",-0.442032671506766
2005,0,"dummy","549","Chris Mihm",-0.443053645763201
2005,0,"dummy","220","Howard Eisley",-0.447644249354134
2005,0,"dummy","519","Tony Massenburg",-0.448008283150882
2005,0,"dummy","15","Kenny Anderson",-0.454531916860665
2005,0,"dummy","1994","Steve Blake",-0.455227594971318
2005,0,"dummy","929","Eric Williams",-0.475796276137969
2005,0,"dummy","1031","Maurice Evans",-0.476059109095912
2005,0,"dummy","1706","Dan Dickau",-0.47756924568917
2005,0,"dummy","2399","Emeka Okafor",-0.481356370239166
2005,0,"dummy","2166","Leandro Barbosa",-0.495826093211695
2005,0,"dummy","874","Jacque Vaughn",-0.49768065958132
2005,0,"dummy","247","Marcus Fizer",-0.499865772313887
2005,0,"dummy","308","Al Harrington",-0.506160422861473
2005,0,"dummy","767","Ansu Sesay",-0.51997600139769
2005,0,"dummy","270","Eddie Gill",-0.525799971464867
2005,0,"dummy","396","Anthony Johnson",-0.533890614849054
2005,0,"dummy","58","Travis Best",-0.540104959820084
2005,0,"dummy","322","Alan Henderson",-0.546368276519374
2005,0,"dummy","2456","Andres Nocioni",-0.562026453428473
2005,0,"dummy","198","Tony Delk",-0.575825781673944
2005,0,"dummy","94","Primoz Brezec",-0.585315339304099
2005,0,"dummy","2015","Travis Outlaw",-0.589567325366033
2005,0,"dummy","2409","Donta Smith",-0.592902370678794
2005,0,"dummy","1714","Ryan Humphrey",-0.597019940194744
2005,0,"dummy","pair_1013_1018",NA,-0.598234065349222
2005,0,"dummy","2004","Willie Green",-0.598847903161678
2005,0,"dummy","pair_1014_306",NA,-0.603967157954253
2005,0,"dummy","2018","Kendrick Perkins",-0.607881073101145
2005,0,"dummy","729","Rodney Rogers",-0.610609088905343
2005,0,"dummy","1028","Rodney White",-0.619463146940334
2005,0,"dummy","1013","Troy Murphy",-0.621158857118952
2005,0,"dummy","655","Wesley Person",-0.623935895865733
2005,0,"dummy","546","Ron Mercer",-0.625386846956318
2005,0,"dummy","77","Calvin Booth",-0.628836844955459
2005,0,"dummy","539","Aaron McKie",-0.643309825543385
2005,0,"dummy","pair_590_99",NA,-0.645715034681407
2005,0,"dummy","312","Jason Hart",-0.653287002782883
2005,0,"dummy","2445","Kirk Snyder",-0.65382944905017
2005,0,"dummy","1725","Kareem Rush",-0.658072900760071
2005,0,"dummy","1777","Ronald Murray",-0.67404121316515
2005,0,"dummy","1821","Jannero Pargo",-0.67863571951558
2005,0,"dummy","881","Antoine Walker",-0.680907520010278
2005,0,"dummy","2173","Mickael Pietrus",-0.681765486403697
2005,0,"dummy","1055","Carlos Arroyo",-0.697963541459448
2005,0,"dummy","1875","Richie Frahm",-0.698346719685129
2005,0,"dummy","251","Tremaine Fowlkes",-0.699859285379363
2005,0,"dummy","1029","Loren Woods",-0.700339066365434
2005,0,"dummy","1769","Corsley Edwards",-0.707766797102809
2005,0,"dummy","580","Alonzo Mourning",-0.712552257058992
2005,0,"dummy","176","Michael Curry",-0.741200583913738
2005,0,"dummy","2444","J.R. Smith",-0.75892115712664
2005,0,"dummy","1726","John Salmons",-0.763926599832082
2005,0,"dummy","287","Tom Gugliotta",-0.766055209612696
2005,0,"dummy","937","Kevin Willis",-0.773287556405229
2005,0,"dummy","972","ZhiZhi Wang",-0.788108070616693
2005,0,"dummy","489","Tyronn Lue",-0.802373841444072
2005,0,"dummy","pair_308_881",NA,-0.805057305697286
2005,0,"dummy","465","Voshon Lenard",-0.819104506512472
2005,0,"dummy","2027","Luke Walton",-0.847652106584919
2005,0,"dummy","2433","Kris Humphries",-0.848754828881022
2005,0,"dummy","127","Elden Campbell",-0.849796603528164
2005,0,"dummy","2171","Darko Milicic",-0.892164921695364
2005,0,"dummy","1816","Junior Harrington",-0.896108251860142
2005,0,"dummy","2177","David West",-0.906641273700043
2005,0,"dummy","714","Cliff Robinson",-0.921406092216822
2005,0,"dummy","2506","Damien Wilkins",-0.935872819855899
2005,0,"dummy","2427","Andris Biedrins",-0.942622816765109
2005,0,"dummy","2181","Theron Smith",-0.983245763150205
2005,0,"dummy","1728","Nikoloz Tskitishvili",-0.998917649745101
2005,0,"dummy","681","Laron Profit",-0.999258164385525
2005,0,"dummy","2453","Horace Jenkins",-1.00378818949556
2005,0,"dummy","437","Kerry Kittles",-1.02684511830866
2005,0,"dummy","683","Aleksandar Radojevic",-1.03461086660537
2005,0,"dummy","2233","Alex Garcia",-1.070386899188
2005,0,"dummy","981","Kwame Brown",-1.07786528006412
2005,0,"dummy","2167","Boris Diaw",-1.08469894991613
2005,0,"dummy","161","Jason Collier",-1.11702827449344
2005,0,"dummy","2403",NA,-1.12846617829208
2005,0,"dummy","348","Eddie House",-1.20184469242777
2005,0,"dummy","642","Anthony Peeler",-1.21009515104626
2005,0,"dummy","2189",NA,-1.30270941407349
2005,0,"dummy","923","Aaron Williams",-1.34109398318517
2005,0,"dummy","296","Zendon Hamilton",-1.38320089026346
2005,0,"dummy","1729","Dajuan Wagner",-1.41483378274014
2005,0,"dummy","919","Scott Williams",-1.46133353683928
2005,0,"dummy","291","Darvin Ham",-1.46220433167912
2005,0,"dummy","511","Sean Marks",-1.47339523214339
2005,0,"dummy","1732",NA,-1.49296401900789
2005,0,"dummy","860","Jake Tsakalidis",-1.5308138987499
2005,0,"dummy","34","Vin Baker",-1.68781905892462
2005,0,"dummy","570","Jerome Moiso",-1.70136389973587
2005,0,"dummy","623","Bo Outlaw",-1.70162140294732
2005,0,"dummy","156","Derrick Coleman",-1.74224159176201
2005,0,"dummy","982","Kedrick Brown",-1.78970239351502
2005,0,"dummy","2191",NA,-1.79508021681101
2005,0,"dummy","2007","Brandon Hunter",-1.79689278981639
2005,0,"dummy","2450",NA,-1.81775692667067
2005,0,"dummy","753","Daniel Santiago",-1.92077180613241
2005,0,"dummy","824","Bruno Sundov",-1.95750630451597
2005,0,"dummy","2520","James Thomas",-2.08445330029598
2005,0,"dummy","202","Kaniel Dickens",-2.11321597876987
2005,0,"dummy","2002","Reece Gaines",-2.19523915156212
2005,0,"dummy","2512","Awvee Storey",-2.31734173183658
2005,0,"dummy","980","Jamison Brewer",-2.40336132964685
2005,0,"dummy","1823","Smush Parker",-2.50458689216666
2005,0,"dummy","2499",NA,-2.76765694238419
2005,0,"dummy","2458","John Edwards",-2.82687970037516
2005,0,"dummy","50","Jonathan Bender",-2.90433583701927
2005,0,"dummy","275","Anthony Goldwire",-3.0283154885351
2005,0,"dummy","589","Mamadou N'diaye",-3.18191583213549
2005,0,"dummy","2241","Yuta Tabuse",-3.64098480579616
2005,0,"dummy","1766","Lonny Baxter",-4.4922743132686
2005,0,"dummy","2416","Robert Swift",-5.01895245707459
2005,0,"dummy","2388","Luke Jackson",-5.49558000816859
2005,0,"dummy","810","Michael Stewart",-6.48626832526698
2005,0,"dummy","2423","Dorell Wright",-8.8278035503474
2005,0,"dummy","2460",NA,-10.4140204149014
2005,0,"dummy","667",NA,-12.7333719689448
2005,0,"dummy","1063","Paul Shirley",-13.8765477754603
2005,5,"dummy","2212","Josh Davis",1.52659579653413
2005,5,"dummy","272","Emmanuel Ginobili",1.19501587634163
2005,5,"dummy","130","Brian Cardinal",1.09186318112914
2005,5,"dummy","285","Adrian Griffin",0.98005133507777
2005,5,"dummy","215","Tim Duncan",0.926471273456003
2005,5,"dummy","598","Radoslav Nesterovic",0.925324433628485
2005,5,"dummy","525","Jelani McCoy",0.9237789602319
2005,5,"dummy","1016","Vladimir Radmanovic",0.921687266909769
2005,5,"dummy","88","Shawn Bradley",0.915949336569033
2005,5,"dummy","592","Steve Nash",0.881363972819547
2005,5,"dummy","2449","Jackson Vroman",0.813740886934049
2005,5,"dummy","2448","Beno Udrih",0.76263098614421
2005,5,"dummy","339","Fred Hoiberg",0.72782426189392
2005,5,"dummy","pair_136_429",NA,0.71559559280739
2005,5,"dummy","434","Andrei Kirilenko",0.687275480245672
2005,5,"dummy","248","Danny Fortson",0.679214900097919
2005,5,"dummy","2006","Josh Howard",0.67479401944584
2005,5,"dummy","2509","Andre Barrett",0.672310089387705
2005,5,"dummy","496","Mark Madsen",0.656642239377933
2005,5,"dummy","976","Shane Battier",0.631199748521277
2005,5,"dummy","2419","Anderson Varejao",0.624840905853501
2005,5,"dummy","883","Rasheed Wallace",0.620258502075358
2005,5,"dummy","2466","Jared Reiner",0.60871283833719
2005,5,"dummy","1998","Brian Cook",0.606990087018212
2005,5,"dummy","pair_1007_510",NA,0.601274920404255
2005,5,"dummy","181","Erick Dampier",0.593671150694422
2005,5,"dummy","703","Quentin Richardson",0.5764037959367
2005,5,"dummy","510","Shawn Marion",0.569170560313288
2005,5,"dummy","347","Robert Horry",0.544135649067858
2005,5,"dummy","1966","LeBron James",0.537666962116829
2005,5,"dummy","pair_959_976",NA,0.531672392011876
2005,5,"dummy","609","Dirk Nowitzki",0.527014743936302
2005,5,"dummy","664","Scot Pollard",0.526478934711587
2005,5,"dummy","1715","Casey Jacobsen",0.520773833145579
2005,5,"dummy","1727","Amare Stoudemire",0.514646276063015
2005,5,"dummy","pair_242_609",NA,0.511233752975369
2005,5,"dummy","556","Brad Miller",0.496731644936058
2005,5,"dummy","183","Antonio Daniels",0.496111087723621
2005,5,"dummy","885","Ben Wallace",0.492868954947867
2005,5,"dummy","1765","Matt Barnes",0.47652260706389
2005,5,"dummy","pair_1015_83",NA,0.474282162919528
2005,5,"dummy","614","Shaquille O'Neal",0.470456126953981
2005,5,"dummy","362","Zydrunas Ilgauskas",0.466813717177011
2005,5,"dummy","2454",NA,0.450815288014674
2005,5,"dummy","pair_1966_535",NA,0.449944517669022
2005,5,"dummy","1978","Nick Collison",0.447350190147497
2005,5,"dummy","273","Gordan Giricek",0.446734287757679
2005,5,"dummy","2367","Tony Allen",0.44404078102084
2005,5,"dummy","446","Toni Kukoc",0.443882746815572
2005,5,"dummy","189","Antonio Davis",0.43208240701939
2005,5,"dummy","829","Stromile Swift",0.423814125064149
2005,5,"dummy","1027","Earl Watson",0.423122308158679
2005,5,"dummy","1007","Joe Johnson",0.421303293215641
2005,5,"dummy","406","Damon Jones",0.409194396174594
2005,5,"dummy","429","Jason Kidd",0.4009749704251
2005,5,"dummy","407","Jumaine Jones",0.400358909130849
2005,5,"dummy","2165","Marcus Banks",0.398501287116598
2005,5,"dummy","2214","Ronald Dupree",0.37550093804754
2005,5,"dummy","586","Lamond Murray",0.372396605235297
2005,5,"dummy","83","Bruce Bowen",0.371303851718888
2005,5,"dummy","2184","Udonis Haslem",0.367363980373708
2005,5,"dummy","42","Brent Barry",0.366518738749315
2005,5,"dummy","1784","Darius Songaila",0.356425252411253
2005,5,"dummy","294","Richard Hamilton",0.355419429614191
2005,5,"dummy","2522","Keith McLeod",0.350323299244623
2005,5,"dummy","879","Jake Voskuhl",0.348336298173
2005,5,"dummy","882","Samaki Walker",0.344720788214506
2005,5,"dummy","1024","Jamaal Tinsley",0.34467687866891
2005,5,"dummy","1724","Tayshaun Prince",0.343551190733625
2005,5,"dummy","242","Michael Finley",0.341472004289527
2005,5,"dummy","1775","Mario Kasun",0.336912153037535
2005,5,"dummy","802","Jerry Stackhouse",0.33070097880746
2005,5,"dummy","1011","Raul Lopez",0.330605558140623
2005,5,"dummy","pair_1724_63",NA,0.33019420891615
2005,5,"dummy","2016","Zaza Pachulia",0.329361878418041
2005,5,"dummy","378","Stephen Jackson",0.329217916289981
2005,5,"dummy","pair_385_974",NA,0.328338949858838
2005,5,"dummy","848","John Thomas",0.327861281051468
2005,5,"dummy","2422","Delonte West",0.326272192887857
2005,5,"dummy","662","Paul Pierce",0.321877261320478
2005,5,"dummy","984","Tyson Chandler",0.317174210048622
2005,5,"dummy","996","Pau Gasol",0.314928476459075
2005,5,"dummy","987","Jason Collins",0.294274653602446
2005,5,"dummy","825","Bob Sura",0.293797837012804
2005,5,"dummy","2494","Billy Thomas",0.292266806828162
2005,5,"dummy","250","Jeff Foster",0.290707247644224
2005,5,"dummy","1015","Tony Parker",0.29002051723474
2005,5,"dummy","841","Jason Terry",0.287601465444943
2005,5,"dummy","1022","Bobby Simmons",0.283553824648305
2005,5,"dummy","9","Ray Allen",0.28189220178396
2005,5,"dummy","1828","Reggie Evans",0.279686370857828
2005,5,"dummy","pair_261_831",NA,0.279454341339789
2005,5,"dummy","512","Donyell Marshall",0.275106285067717
2005,5,"dummy","61","Mike Bibby",0.268530018182037
2005,5,"dummy","1719","Nenad Krstic",0.266204723253683
2005,5,"dummy","402","Eddie Jones",0.265752098032392
2005,5,"dummy","111","Greg Buckner",0.265704636602067
2005,5,"dummy","558","Mike Miller",0.265074457347672
2005,5,"dummy","630","Scott Padgett",0.26385791033667
2005,5,"dummy","552","Reggie Miller",0.26340923775282
2005,5,"dummy","41","Jon Barry",0.261671329132838
2005,5,"dummy","pair_1975_557",NA,0.260209885866377
2005,5,"dummy","63","Chauncey Billups",0.257131296679321
2005,5,"dummy","349","Allan Houston",0.252859498849985
2005,5,"dummy","535","Jeff McInnis",0.250625942114707
2005,5,"dummy","1730","Jiri Welsch",0.244654733801058
2005,5,"dummy","1717","Jared Jeffries",0.243302247177319
2005,5,"dummy","818","Rod Strickland",0.243100397017309
2005,5,"dummy","469","Rashard Lewis",0.237528236794896
2005,5,"dummy","138","Sam Cassell",0.237215319648091
2005,5,"dummy","831","Wally Szczerbiak",0.236345527107781
2005,5,"dummy","1977","Chris Bosh",0.225952144809871
2005,5,"dummy","398","Dermarr Johnson",0.225317446682599
2005,5,"dummy","557","Andre Miller",0.222736598730069
2005,5,"dummy","514","Darrick Martin",0.216669759905302
2005,5,"dummy","974","Gilbert Arenas",0.213500368340696
2005,5,"dummy","110","Kobe Bryant",0.212359190156272
2005,5,"dummy","353","Troy Hudson",0.210540600707334
2005,5,"dummy","781","Steve Smith",0.208615532424838
2005,5,"dummy","997","Eddie Griffin",0.202240581558605
2005,5,"dummy","1711","Drew Gooden",0.197321283254341
2005,5,"dummy","682","Joel Przybilla",0.196633647765851
2005,5,"dummy","1002","Steve Hunter",0.196523190408167
2005,5,"dummy","2429","Luol Deng",0.195141210865307
2005,5,"dummy","588","Dikembe Mutombo",0.192929569411586
2005,5,"dummy","857","Robert Traylor",0.192677961247869
2005,5,"dummy","992","DeSagana Diop",0.192639135931472
2005,5,"dummy","25","Ron Artest",0.178947315071136
2005,5,"dummy","601","Ira Newble",0.172112712973639
2005,5,"dummy","137","Anthony Carter",0.171312579543503
2005,5,"dummy","988","Jarron Collins",0.168751199140059
2005,5,"dummy","532","Tracy McGrady",0.16599835509053
2005,5,"dummy","1000","Brendan Haywood",0.16523732871041
2005,5,"dummy","387","Marko Jaric",0.163605465204136
2005,5,"dummy","221","Obinna Ekezie",0.162938824924829
2005,5,"dummy","376","Bobby Jackson",0.162691688948699
2005,5,"dummy","566","Cuttino Mobley",0.16236898652385
2005,5,"dummy","pair_469_9",NA,0.14938533992306
2005,5,"dummy","1703","Carlos Boozer",0.147364806070859
2005,5,"dummy","2381","Ben Gordon",0.144374875174174
2005,5,"dummy","194","Baron Davis",0.139457223511928
2005,5,"dummy","2172","Aleksandar Pavlovic",0.125523123551427
2005,5,"dummy","2011","Kyle Korver",0.123873861837335
2005,5,"dummy","385","Antawn Jamison",0.119566220719209
2005,5,"dummy","522","Walter McCarty",0.118811056480994
2005,5,"dummy","509","Stephon Marbury",0.112967886742686
2005,5,"dummy","pair_193_662",NA,0.111662528032351
2005,5,"dummy","1710","Dan Gadzuric",0.111334533182047
2005,5,"dummy","1767","Rasual Butler",0.111190998493106
2005,5,"dummy","196","Andrew DeClercq",0.110708064416959
2005,5,"dummy","pair_509_846",NA,0.10601768858433
2005,5,"dummy","269","Kendall Gill",0.102493103737343
2005,5,"dummy","1987","Dwyane Wade",0.10078901159931
2005,5,"dummy","2394","Kevin Martin",0.0995712536416743
2005,5,"dummy","687","Theo Ratliff",0.0969409494278044
2005,5,"dummy","2389","Al Jefferson",0.0940618068475453
2005,5,"dummy","139","Kelvin Cato",0.0915143921504906
2005,5,"dummy","1981","Kirk Hinrich",0.088888645987369
2005,5,"dummy","372","Jimmy Jackson",0.0863704153987481
2005,5,"dummy","896","Clarence Weatherspoon",0.0857904904223343
2005,5,"dummy","2174","Zoran Planinic",0.0831723638204546
2005,5,"dummy","pair_2384_255",NA,0.0804450653580126
2005,5,"dummy","1051","Mike James",0.0773346408507327
2005,5,"dummy","136","Vince Carter",0.0765872793348944
2005,5,"dummy","515","Kenyon Martin",0.0697134538367224
2005,5,"dummy","820","Erick Strickland",0.0662344036583732
2005,5,"dummy","796","Eric Snow",0.0646115474471825
2005,5,"dummy","2421","Sasha Vujacic",0.0616089978506785
2005,5,"dummy","2383","David Harrison",0.0607302996149233
2005,5,"dummy","849","Kenny Thomas",0.0558608455025266
2005,5,"dummy","91","Elton Brand",0.0502380062545273
2005,5,"dummy","498","Jamaal Magloire",0.047983762523252
2005,5,"dummy","2178","Maurice Williams",0.0467344226153551
2005,5,"dummy","2377","Chris Duhon",0.0443384150369616
2005,5,"dummy","356","Larry Hughes",0.0416625632465178
2005,5,"dummy","pair_2011_366",NA,0.0400120977515453
2005,5,"dummy","453","Christian Laettner",0.0325682882705914
2005,5,"dummy","813","Predrag Stojakovic",0.0275561815277865
2005,5,"dummy","17","Shandon Anderson",0.0274192124396449
2005,5,"dummy","2200","Marquis Daniels",0.0274142158897197
2005,5,"dummy","1014","Mehmet Okur",0.0251961304823092
2005,5,"dummy","pair_1981_984",NA,0.0176697726015494
2005,5,"dummy","187","Dale Davis",0.0170179298660457
2005,5,"dummy","933","Jason Williams",0.0101850233043551
2005,5,"dummy","632","Milt Palacio",0.00920304898141012
2005,5,"dummy","pair_110_26",NA,0.00780639246515046
2005,5,"dummy","2368","Rafael Araujo",0.00582584401819033
2005,5,"dummy","868","Nick Van",0.00249934008453967
2005,5,"dummy","862","Hidayet Turkoglu",-0.00579841642907337
2005,5,"dummy","991","Samuel Dalembert",-0.00623267194561278
2005,5,"dummy","261","Kevin Garnett",-0.00720767149848833
2005,5,"dummy","pair_1987_402",NA,-0.0105127456807265
2005,5,"dummy","742","Bryon Russell",-0.01879990295149
2005,5,"dummy","207","Michael Doleac",-0.0205075149341214
2005,5,"dummy","307","Othella Harrington",-0.020939505029809
2005,5,"dummy","591","Eduardo Najera",-0.0225344229800697
2005,5,"dummy","147","Doug Christie",-0.0226787760942001
2005,5,"dummy","70","Mark Blount",-0.0229328491699
2005,5,"dummy","518","Desmond Mason",-0.0231026558782649
2005,5,"dummy","24","Darrell Armstrong",-0.0250286841511361
2005,5,"dummy","1135","Chris Andersen",-0.0259708150164756
2005,5,"dummy","336","Grant Hill",-0.0282255256197132
2005,5,"dummy","2386","Andre Iguodala",-0.0295039253052163
2005,5,"dummy","1057","Tierre Brown",-0.0316491646269233
2005,5,"dummy","959","Lorenzen Wright",-0.033208235906475
2005,5,"dummy","pair_11_1977",NA,-0.0340467366623967
2005,5,"dummy","837","Maurice Taylor",-0.0364858916336099
2005,5,"dummy","692","Michael Redd",-0.0389938429075711
2005,5,"dummy","2426","Trevor Ariza",-0.0422368226413174
2005,5,"dummy","2175","Mike Sweetney",-0.0476069677195505
2005,5,"dummy","454","Raef LaFrentz",-0.0525448445217829
2005,5,"dummy","2372","Lionel Chalmers",-0.0531213588598125
2005,5,"dummy","738","Jalen Rose",-0.0533094961301555
2005,5,"dummy","638","Ruben Patterson",-0.0541255673047819
2005,5,"dummy","377","Marc Jackson",-0.0588512122663111
2005,5,"dummy","530","Antonio McDyess",-0.061542853950624
2005,5,"dummy","209","Keyon Dooling",-0.0643280708949491
2005,5,"dummy","739","Malik Rose",-0.0755854335318595
2005,5,"dummy","656","Morris Peterson",-0.0808220169672911
2005,5,"dummy","309","Lucious Harris",-0.0844273246346642
2005,5,"dummy","1704","Curtis Borchardt",-0.0882177456284737
2005,5,"dummy","255","Steve Francis",-0.0889201232895186
2005,5,"dummy","pair_518_692",NA,-0.0935264071009576
2005,5,"dummy","2373","Josh Childress",-0.0935588845735938
2005,5,"dummy","351","Juwan Howard",-0.0944707894079774
2005,5,"dummy","1709","Melvin Ely",-0.0965572489257386
2005,5,"dummy","pair_61_813",NA,-0.0998760977681
2005,5,"dummy","125","Marcus Camby",-0.100356582134888
2005,5,"dummy","26","Chucky Atkins",-0.105545824278031
2005,5,"dummy","930","Jerome Williams",-0.105583328622852
2005,5,"dummy","1997","Zarko Cabarkapa",-0.107113131845422
2005,5,"dummy","897","Chris Webber",-0.107445645064124
2005,5,"dummy","393","Ervin Johnson",-0.109146579771318
2005,5,"dummy","788","Joe Smith",-0.114844503593719
2005,5,"dummy","1982","Chris Kaman",-0.114876648783848
2005,5,"dummy","2387","Royal Ivey",-0.117371002315141
2005,5,"dummy","pair_167_1718",NA,-0.117608146416148
2005,5,"dummy","904","David Wesley",-0.118052439873507
2005,5,"dummy","846","Kurt Thomas",-0.118252308639946
2005,5,"dummy","575","Mikki Moore",-0.120906405915523
2005,5,"dummy","302","Penny Hardaway",-0.122065897466379
2005,5,"dummy","280","Brian Grant",-0.12246040819904
2005,5,"dummy","pair_1722_532",NA,-0.127535580847757
2005,5,"dummy","2382","Devin Harris",-0.130891218241633
2005,5,"dummy","150","Speedy Claxton",-0.134754305610654
2005,5,"dummy","911","Jahidi White",-0.137221671048066
2005,5,"dummy","1975","Carmelo Anthony",-0.139729902744954
2005,5,"dummy","1985","Luke Ridnour",-0.143012169629774
2005,5,"dummy","84","Ryan Bowen",-0.143041194464813
2005,5,"dummy","383","Jerome James",-0.144819496604792
2005,5,"dummy","pair_638_817",NA,-0.144927120233639
2005,5,"dummy","800","Latrell Sprewell",-0.146404906476829
2005,5,"dummy","pair_497_91",NA,-0.146458571166655
2005,5,"dummy","234","Francisco Elson",-0.146902301424583
2005,5,"dummy","621","Michael Olowokandi",-0.14948960847305
2005,5,"dummy","1995","Keith Bogans",-0.149491651308991
2005,5,"dummy","2417","Sebastian Telfair",-0.149885951422273
2005,5,"dummy","1858","Devin Brown",-0.1549289907277
2005,5,"dummy","936","Corliss Williamson",-0.156101017533458
2005,5,"dummy","1026","Gerald Wallace",-0.159871930812444
2005,5,"dummy","620","Kevin Ollie",-0.170967102616432
2005,5,"dummy","165","Jamal Crawford",-0.17191256181597
2005,5,"dummy","1783","Tamar Slay",-0.172701391957155
2005,5,"dummy","622","Greg Ostertag",-0.174647506354606
2005,5,"dummy","1712","Marcus Haislip",-0.183295445530214
2005,5,"dummy","87","Earl Boykins",-0.184669936707714
2005,5,"dummy","869","Keith Van",-0.184829881676511
2005,5,"dummy","1731","Chris Wilcox",-0.184922929082467
2005,5,"dummy","741","Michael Ruffin",-0.184994836337941
2005,5,"dummy","671","James Posey",-0.187815593693213
2005,5,"dummy","617","Lamar Odom",-0.190434048272563
2005,5,"dummy","10","Malik Allen",-0.19059716303511
2005,5,"dummy","1708","Mike Dunleavy",-0.190659881195191
2005,5,"dummy","254","Adonal Foyle",-0.191236544500651
2005,5,"dummy","27","Stacey Augmon",-0.191881529380485
2005,5,"dummy","497","Corey Maggette",-0.192698632232983
2005,5,"dummy","366","Allen Iverson",-0.197961248606139
2005,5,"dummy","2439","Jameer Nelson",-0.204763231491951
2005,5,"dummy","pair_2399_440",NA,-0.20728146283573
2005,5,"dummy","640","Gary Payton",-0.211254936049401
2005,5,"dummy","212","Predrag Drobnjak",-0.212374396685627
2005,5,"dummy","193","Ricky Davis",-0.217573600225083
2005,5,"dummy","1017","Zach Randolph",-0.220198665366113
2005,5,"dummy","990","Eddy Curry",-0.22341824899391
2005,5,"dummy","817","Damon Stoudamire",-0.225316536772326
2005,5,"dummy","888","Charlie Ward",-0.230046390414065
2005,5,"dummy","1723","Bostjan Nachbar",-0.235667091417812
2005,5,"dummy","2009","James Jones",-0.235876625880371
2005,5,"dummy","1018","Jason Richardson",-0.239658345885242
2005,5,"dummy","615","Jermaine O'Neal",-0.242331630212609
2005,5,"dummy","1980","Jarvis Hayes",-0.243128038545892
2005,5,"dummy","793","Jabari Smith",-0.245488702693147
2005,5,"dummy","11","Rafer Alston",-0.252529026002656
2005,5,"dummy","1718","Fred Jones",-0.256201501937223
2005,5,"dummy","550","Darius Miles",-0.256733672147573
2005,5,"dummy","1999","Carlos Delfino",-0.257029349335095
2005,5,"dummy","440","Brevin Knight",-0.258444222725522
2005,5,"dummy","99","P.J. Brown",-0.260942066682536
2005,5,"dummy","2384","Dwight Howard",-0.26158896512333
2005,5,"dummy","690","Zeljko Rebraca",-0.264534419779127
2005,5,"dummy","847","Tim Thomas",-0.264959638821133
2005,5,"dummy","1705","Caron Butler",-0.269837881950431
2005,5,"dummy","1722","Yao Ming",-0.270966532153836
2005,5,"dummy","2428","Antonio Burks",-0.272674478326806
2005,5,"dummy","1021","Brian Scalabrine",-0.273443441473984
2005,5,"dummy","901","Bonzi Wells",-0.274321448282776
2005,5,"dummy","2010","Jason Kapono",-0.278540015473661
2005,5,"dummy","264","Pat Garrity",-0.279556483512254
2005,5,"dummy","1707","Juan Dixon",-0.292284303382886
2005,5,"dummy","1713","Nene Hilario",-0.295318942377725
2005,5,"dummy","851","Etan Thomas",-0.296504176958467
2005,5,"dummy","45","Tony Battie",-0.321829075367746
2005,5,"dummy","2393","Shaun Livingston",-0.322443980557536
2005,5,"dummy","246","Derek Fisher",-0.325981365890694
2005,5,"dummy","543","Stanislav Medvedenko",-0.326477875280733
2005,5,"dummy","779","Brian Skinner",-0.330020395402958
2005,5,"dummy","998","Trenton Hassell",-0.338455236015889
2005,5,"dummy","49","Raja Bell",-0.339394321472459
2005,5,"dummy","3","Shareef Abdur-Rahim",-0.34061135939827
2005,5,"dummy","1780","Jamal Sampson",-0.345388046866367
2005,5,"dummy","1996","Matt Bonner",-0.345639036579561
2005,5,"dummy","306","Matt Harpring",-0.36119391132674
2005,5,"dummy","2435","Viktor Khryapa",-0.361860848301572
2005,5,"dummy","2411","Josh Smith",-0.364321436674239
2005,5,"dummy","106","Rick Brunson",-0.365049236542455
2005,5,"dummy","2380","Matt Freije",-0.365549598217268
2005,5,"dummy","144","Calbert Cheaney",-0.380670411876081
2005,5,"dummy","590","Lee Nailon",-0.383262642069857
2005,5,"dummy","568","Nazr Mohammed",-0.384762269032125
2005,5,"dummy","359","Lindsey Hunter",-0.393523734617669
2005,5,"dummy","2008","Dahntay Jones",-0.398292756322048
2005,5,"dummy","2188","Quinton Ross",-0.401224537902927
2005,5,"dummy","491","George Lynch",-0.402066800495401
2005,5,"dummy","808","DeShawn Stevenson",-0.406923291471585
2005,5,"dummy","167","Austin Croshere",-0.409952489513594
2005,5,"dummy","2169","Maciej Lampe",-0.41319519523301
2005,5,"dummy","660","Eric Piatkowski",-0.42133129169973
2005,5,"dummy","519","Tony Massenburg",-0.424080490184464
2005,5,"dummy","18","Derek Anderson",-0.43861630732959
2005,5,"dummy","608","Moochie Norris",-0.439680383196142
2005,5,"dummy","1006","Richard Jefferson",-0.442462282826786
2005,5,"dummy","549","Chris Mihm",-0.445778119509792
2005,5,"dummy","220","Howard Eisley",-0.448391372547624
2005,5,"dummy","15","Kenny Anderson",-0.450385925175746
2005,5,"dummy","114","Rodney Buford",-0.451462907543402
2005,5,"dummy","674","Vitaly Potapenko",-0.454862704065188
2005,5,"dummy","1994","Steve Blake",-0.455741664058097
2005,5,"dummy","1706","Dan Dickau",-0.47154884576902
2005,5,"dummy","929","Eric Williams",-0.477280684477306
2005,5,"dummy","1031","Maurice Evans",-0.477877884104662
2005,5,"dummy","2399","Emeka Okafor",-0.481318895621287
2005,5,"dummy","874","Jacque Vaughn",-0.493403401832758
2005,5,"dummy","247","Marcus Fizer",-0.495400087622108
2005,5,"dummy","2166","Leandro Barbosa",-0.500027875823257
2005,5,"dummy","308","Al Harrington",-0.503293944324612
2005,5,"dummy","767","Ansu Sesay",-0.508521049301966
2005,5,"dummy","270","Eddie Gill",-0.519761543604638
2005,5,"dummy","396","Anthony Johnson",-0.530945502531374
2005,5,"dummy","58","Travis Best",-0.534371900948945
2005,5,"dummy","322","Alan Henderson",-0.548430230714828
2005,5,"dummy","2456","Andres Nocioni",-0.562983168288088
2005,5,"dummy","2015","Travis Outlaw",-0.563958073875204
2005,5,"dummy","2018","Kendrick Perkins",-0.572173385022522
2005,5,"dummy","198","Tony Delk",-0.575886216305162
2005,5,"dummy","94","Primoz Brezec",-0.584100619912042
2005,5,"dummy","2409","Donta Smith",-0.592277219077869
2005,5,"dummy","1714","Ryan Humphrey",-0.595861324507109
2005,5,"dummy","pair_1013_1018",NA,-0.597784970870686
2005,5,"dummy","2004","Willie Green",-0.598920546297344
2005,5,"dummy","pair_1014_306",NA,-0.604456986977904
2005,5,"dummy","729","Rodney Rogers",-0.613945228822606
2005,5,"dummy","1028","Rodney White",-0.61571857268545
2005,5,"dummy","546","Ron Mercer",-0.618780592884666
2005,5,"dummy","655","Wesley Person",-0.620171493582887
2005,5,"dummy","1013","Troy Murphy",-0.621209838594868
2005,5,"dummy","539","Aaron McKie",-0.643242698427757
2005,5,"dummy","pair_590_99",NA,-0.647265701307202
2005,5,"dummy","77","Calvin Booth",-0.64898932364818
2005,5,"dummy","1769","Corsley Edwards",-0.650349628454698
2005,5,"dummy","312","Jason Hart",-0.652397236842413
2005,5,"dummy","1725","Kareem Rush",-0.653892419810007
2005,5,"dummy","2445","Kirk Snyder",-0.656698627337238
2005,5,"dummy","2173","Mickael Pietrus",-0.678986170051661
2005,5,"dummy","881","Antoine Walker",-0.680154451520822
2005,5,"dummy","1821","Jannero Pargo",-0.6831718645102
2005,5,"dummy","1029","Loren Woods",-0.688007904351986
2005,5,"dummy","1055","Carlos Arroyo",-0.698717959623589
2005,5,"dummy","580","Alonzo Mourning",-0.713410518612975
2005,5,"dummy","287","Tom Gugliotta",-0.719532422485062
2005,5,"dummy","176","Michael Curry",-0.742337622480601
2005,5,"dummy","1777","Ronald Murray",-0.743843342889773
2005,5,"dummy","2444","J.R. Smith",-0.752497118795567
2005,5,"dummy","1726","John Salmons",-0.765603303751198
2005,5,"dummy","937","Kevin Willis",-0.775151670739594
2005,5,"dummy","pair_308_881",NA,-0.803062713559526
2005,5,"dummy","489","Tyronn Lue",-0.805581706179135
2005,5,"dummy","127","Elden Campbell",-0.816296521453742
2005,5,"dummy","465","Voshon Lenard",-0.817771384597397
2005,5,"dummy","2027","Luke Walton",-0.834836138061815
2005,5,"dummy","2433","Kris Humphries",-0.84883132504679
2005,5,"dummy","1816","Junior Harrington",-0.894516660251721
2005,5,"dummy","2177","David West",-0.91287063400154
2005,5,"dummy","714","Cliff Robinson",-0.921206552776264
2005,5,"dummy","2181","Theron Smith",-0.98321826221222
2005,5,"dummy","681","Laron Profit",-1.01581852985205
2005,5,"dummy","683","Aleksandar Radojevic",-1.03436143070426
2005,5,"dummy","437","Kerry Kittles",-1.04293549090124
2005,5,"dummy","981","Kwame Brown",-1.07015730678708
2005,5,"dummy","2233","Alex Garcia",-1.07574429220208
2005,5,"dummy","2167","Boris Diaw",-1.08513942192476
2005,5,"dummy","1",NA,-1.10693200873771
2005,5,"dummy","161","Jason Collier",-1.11406484555315
2005,5,"dummy","348","Eddie House",-1.20032540547706
2005,5,"dummy","642","Anthony Peeler",-1.21677609724802
2005,5,"dummy","923","Aaron Williams",-1.3501609930793
2005,5,"dummy","511","Sean Marks",-1.42468366178484
2005,5,"dummy","919","Scott Williams",-1.45559123193745
2005,5,"dummy","296","Zendon Hamilton",-1.47407647799334
2005,5,"dummy","1732",NA,-1.48952358886673
2005,5,"dummy","1729","Dajuan Wagner",-1.5283917787236
2005,5,"dummy","860","Jake Tsakalidis",-1.53280226891237
2005,5,"dummy","570","Jerome Moiso",-1.6907975071412
2005,5,"dummy","34","Vin Baker",-1.70651028614248
2005,5,"dummy","156","Derrick Coleman",-1.72068891534493
2005,5,"dummy","2191",NA,-1.78273221469112
2005,5,"dummy","982","Kedrick Brown",-1.78905908040905
2005,5,"dummy","753","Daniel Santiago",-2.08327368365452
2005,5,"dummy","2520","James Thomas",-2.08633683164478
2005,5,"dummy","2",NA,-2.16463829852939
2005,5,"dummy","2002","Reece Gaines",-2.18743373496674
2005,5,"dummy","980","Jamison Brewer",-2.42819395269408
2005,5,"dummy","1823","Smush Parker",-2.57981855788016
2005,5,"dummy","2458","John Edwards",-2.80054972302122
2005,5,"dummy","50","Jonathan Bender",-2.90521870127693
2005,5,"dummy","1766","Lonny Baxter",-4.42693942877733
2005,10,"dummy","272","Emmanuel Ginobili",1.30933240309545
2005,10,"dummy","130","Brian Cardinal",1.1561603554242
2005,10,"dummy","215","Tim Duncan",1.01095787076229
2005,10,"dummy","598","Radoslav Nesterovic",1.00279771678985
2005,10,"dummy","1016","Vladimir Radmanovic",0.97310038945433
2005,10,"dummy","592","Steve Nash",0.932488657024188
2005,10,"dummy","339","Fred Hoiberg",0.786911240266914
2005,10,"dummy","pair_136_429",NA,0.767291869242195
2005,10,"dummy","434","Andrei Kirilenko",0.736243941110641
2005,10,"dummy","2006","Josh Howard",0.732376030511584
2005,10,"dummy","248","Danny Fortson",0.719675743428827
2005,10,"dummy","496","Mark Madsen",0.703008968899121
2005,10,"dummy","976","Shane Battier",0.673376726916052
2005,10,"dummy","1998","Brian Cook",0.664630833828901
2005,10,"dummy","883","Rasheed Wallace",0.645108752568701
2005,10,"dummy","pair_1007_510",NA,0.631749578198781
2005,10,"dummy","347","Robert Horry",0.61668363740924
2005,10,"dummy","703","Quentin Richardson",0.600108912946454
2005,10,"dummy","181","Erick Dampier",0.60005552440469
2005,10,"dummy","510","Shawn Marion",0.596724924369055
2005,10,"dummy","1966","LeBron James",0.578997877838312
2005,10,"dummy","609","Dirk Nowitzki",0.575847918064374
2005,10,"dummy","pair_959_976",NA,0.569028753818005
2005,10,"dummy","1715","Casey Jacobsen",0.567473579425097
2005,10,"dummy","2367","Tony Allen",0.547684291952384
2005,10,"dummy","664","Scot Pollard",0.545931140596157
2005,10,"dummy","pair_242_609",NA,0.540277077447397
2005,10,"dummy","556","Brad Miller",0.538692301574078
2005,10,"dummy","885","Ben Wallace",0.528692380168021
2005,10,"dummy","1727","Amare Stoudemire",0.524487870509064
2005,10,"dummy","614","Shaquille O'Neal",0.515966356243711
2005,10,"dummy","1765","Matt Barnes",0.515757946905814
2005,10,"dummy","183","Antonio Daniels",0.514087253418942
2005,10,"dummy","362","Zydrunas Ilgauskas",0.494159592499851
2005,10,"dummy","189","Antonio Davis",0.472752287426771
2005,10,"dummy","pair_1966_535",NA,0.471594951311985
2005,10,"dummy","446","Toni Kukoc",0.468354728623881
2005,10,"dummy","1978","Nick Collison",0.467943161886336
2005,10,"dummy","273","Gordan Giricek",0.465042090763029
2005,10,"dummy","pair_1015_83",NA,0.46366840360404
2005,10,"dummy","829","Stromile Swift",0.455027100887566
2005,10,"dummy","407","Jumaine Jones",0.442263383945483
2005,10,"dummy","1027","Earl Watson",0.434150654727677
2005,10,"dummy","406","Damon Jones",0.433331809928508
2005,10,"dummy","1007","Joe Johnson",0.429407396505496
2005,10,"dummy","429","Jason Kidd",0.42676115408449
2005,10,"dummy","42","Brent Barry",0.407382143633105
2005,10,"dummy","1784","Darius Songaila",0.403489563065215
2005,10,"dummy","586","Lamond Murray",0.402125074973574
2005,10,"dummy","2184","Udonis Haslem",0.401532321240315
2005,10,"dummy","83","Bruce Bowen",0.389505522785043
2005,10,"dummy","2016","Zaza Pachulia",0.381831500310622
2005,10,"dummy","802","Jerry Stackhouse",0.376935988587025
2005,10,"dummy","242","Michael Finley",0.370927528713501
2005,10,"dummy","662","Paul Pierce",0.36334195012988
2005,10,"dummy","984","Tyson Chandler",0.363230691889157
2005,10,"dummy","2522","Keith McLeod",0.360001602339199
2005,10,"dummy","41","Jon Barry",0.358589189096495
2005,10,"dummy","1024","Jamaal Tinsley",0.358486139380125
2005,10,"dummy","pair_385_974",NA,0.353166220197973
2005,10,"dummy","294","Richard Hamilton",0.346992834399639
2005,10,"dummy","378","Stephen Jackson",0.340890970465624
2005,10,"dummy","996","Pau Gasol",0.335835841827682
2005,10,"dummy","pair_1724_63",NA,0.334259529948996
2005,10,"dummy","1011","Raul Lopez",0.331158655910369
2005,10,"dummy","1724","Tayshaun Prince",0.326546596384853
2005,10,"dummy","2494","Billy Thomas",0.323511827258954
2005,10,"dummy","250","Jeff Foster",0.321681638168688
2005,10,"dummy","1022","Bobby Simmons",0.321135658457193
2005,10,"dummy","825","Bob Sura",0.320598026261079
2005,10,"dummy","987","Jason Collins",0.314748986754102
2005,10,"dummy","841","Jason Terry",0.31145177581915
2005,10,"dummy","512","Donyell Marshall",0.302591045620154
2005,10,"dummy","pair_261_831",NA,0.295208573609591
2005,10,"dummy","1828","Reggie Evans",0.292625606562717
2005,10,"dummy","1730","Jiri Welsch",0.287798660523591
2005,10,"dummy","402","Eddie Jones",0.287127547727816
2005,10,"dummy","9","Ray Allen",0.286835704997881
2005,10,"dummy","111","Greg Buckner",0.286660237614019
2005,10,"dummy","61","Mike Bibby",0.285359623946278
2005,10,"dummy","552","Reggie Miller",0.283800769408006
2005,10,"dummy","pair_1975_557",NA,0.279538673754175
2005,10,"dummy","1719","Nenad Krstic",0.278363031910784
2005,10,"dummy","781","Steve Smith",0.270428199916648
2005,10,"dummy","1015","Tony Parker",0.265489118512883
2005,10,"dummy","535","Jeff McInnis",0.262381813132402
2005,10,"dummy","1717","Jared Jeffries",0.258598555300739
2005,10,"dummy","558","Mike Miller",0.257390315349724
2005,10,"dummy","138","Sam Cassell",0.255795472372702
2005,10,"dummy","831","Wally Szczerbiak",0.255779347962314
2005,10,"dummy","63","Chauncey Billups",0.255498005457306
2005,10,"dummy","1977","Chris Bosh",0.252194619139703
2005,10,"dummy","469","Rashard Lewis",0.246556933667772
2005,10,"dummy","349","Allan Houston",0.242382586344588
2005,10,"dummy","588","Dikembe Mutombo",0.2396748607181
2005,10,"dummy","557","Andre Miller",0.23769562624913
2005,10,"dummy","353","Troy Hudson",0.236621994036963
2005,10,"dummy","398","Dermarr Johnson",0.235385427528013
2005,10,"dummy","110","Kobe Bryant",0.233971731367306
2005,10,"dummy","974","Gilbert Arenas",0.230122851048774
2005,10,"dummy","857","Robert Traylor",0.221241047376937
2005,10,"dummy","682","Joel Przybilla",0.21674701694517
2005,10,"dummy","997","Eddie Griffin",0.214143125697825
2005,10,"dummy","2429","Luol Deng",0.211764472626467
2005,10,"dummy","532","Tracy McGrady",0.210324340309133
2005,10,"dummy","376","Bobby Jackson",0.209381314199872
2005,10,"dummy","221","Obinna Ekezie",0.208984036891816
2005,10,"dummy","137","Anthony Carter",0.20510502859499
2005,10,"dummy","514","Darrick Martin",0.204672498783512
2005,10,"dummy","2381","Ben Gordon",0.189290675557544
2005,10,"dummy","387","Marko Jaric",0.187380471407486
2005,10,"dummy","25","Ron Artest",0.18659257047262
2005,10,"dummy","1711","Drew Gooden",0.184284562763307
2005,10,"dummy","601","Ira Newble",0.181823592676288
2005,10,"dummy","1000","Brendan Haywood",0.17460013953294
2005,10,"dummy","566","Cuttino Mobley",0.170946662494247
2005,10,"dummy","2389","Al Jefferson",0.168718564991028
2005,10,"dummy","1002","Steve Hunter",0.166894325528323
2005,10,"dummy","194","Baron Davis",0.157372259166341
2005,10,"dummy","988","Jarron Collins",0.157066902283673
2005,10,"dummy","1703","Carlos Boozer",0.150368635130181
2005,10,"dummy","pair_469_9",NA,0.150099860509413
2005,10,"dummy","2011","Kyle Korver",0.147894253782438
2005,10,"dummy","2172","Aleksandar Pavlovic",0.147558738315061
2005,10,"dummy","pair_193_662",NA,0.145872503352318
2005,10,"dummy","1710","Dan Gadzuric",0.137504291481036
2005,10,"dummy","1767","Rasual Butler",0.13640101165142
2005,10,"dummy","385","Antawn Jamison",0.127019310104958
2005,10,"dummy","pair_509_846",NA,0.121037161575331
2005,10,"dummy","509","Stephon Marbury",0.116791039083173
2005,10,"dummy","1987","Dwyane Wade",0.108772444015948
2005,10,"dummy","1981","Kirk Hinrich",0.107532646920378
2005,10,"dummy","687","Theo Ratliff",0.105648161016525
2005,10,"dummy","372","Jimmy Jackson",0.105585427053459
2005,10,"dummy","139","Kelvin Cato",0.0916703385845998
2005,10,"dummy","pair_2384_255",NA,0.0913434160403716
2005,10,"dummy","269","Kendall Gill",0.075867280141623
2005,10,"dummy","515","Kenyon Martin",0.0732471475436751
2005,10,"dummy","1051","Mike James",0.0718692601863613
2005,10,"dummy","796","Eric Snow",0.0708947939737473
2005,10,"dummy","136","Vince Carter",0.069231252129899
2005,10,"dummy","2383","David Harrison",0.0619558741511166
2005,10,"dummy","91","Elton Brand",0.0604537839844059
2005,10,"dummy","pair_2011_366",NA,0.0600423293522566
2005,10,"dummy","2200","Marquis Daniels",0.0565235739198491
2005,10,"dummy","849","Kenny Thomas",0.0565002681090757
2005,10,"dummy","2377","Chris Duhon",0.0503565836608082
2005,10,"dummy","2174","Zoran Planinic",0.0498082841799449
2005,10,"dummy","498","Jamaal Magloire",0.0496899985762069
2005,10,"dummy","356","Larry Hughes",0.046215494671465
2005,10,"dummy","453","Christian Laettner",0.0416151783311756
2005,10,"dummy","2178","Maurice Williams",0.0401030188192103
2005,10,"dummy","813","Predrag Stojakovic",0.0397620365414272
2005,10,"dummy","pair_1981_984",NA,0.0303009185341062
2005,10,"dummy","17","Shandon Anderson",0.0277567654108236
2005,10,"dummy","820","Erick Strickland",0.0259066347532532
2005,10,"dummy","187","Dale Davis",0.0246159845844967
2005,10,"dummy","1014","Mehmet Okur",0.015726998905197
2005,10,"dummy","991","Samuel Dalembert",0.00949233209452153
2005,10,"dummy","pair_110_26",NA,0.00881324052602476
2005,10,"dummy","2368","Rafael Araujo",0.00599340870624206
2005,10,"dummy","868","Nick Van",0.00385795665370645
2005,10,"dummy","307","Othella Harrington",0.000667224274128646
2005,10,"dummy","862","Hidayet Turkoglu",0.000147055106823904
2005,10,"dummy","5",NA,0
2005,10,"dummy","24","Darrell Armstrong",-0.00440041366519521
2005,10,"dummy","933","Jason Williams",-0.00570382447265054
2005,10,"dummy","147","Doug Christie",-0.00572849300607652
2005,10,"dummy","632","Milt Palacio",-0.00709964622659007
2005,10,"dummy","2386","Andre Iguodala",-0.00783469012375918
2005,10,"dummy","207","Michael Doleac",-0.0117845756993087
2005,10,"dummy","261","Kevin Garnett",-0.012577938057801
2005,10,"dummy","1135","Chris Andersen",-0.0140545694922113
2005,10,"dummy","591","Eduardo Najera",-0.020241985356792
2005,10,"dummy","pair_1987_402",NA,-0.0204798320834941
2005,10,"dummy","70","Mark Blount",-0.0220263102125426
2005,10,"dummy","336","Grant Hill",-0.0261634308848305
2005,10,"dummy","518","Desmond Mason",-0.0279106838015866
2005,10,"dummy","742","Bryon Russell",-0.0332684300698085
2005,10,"dummy","739","Malik Rose",-0.0336415925819436
2005,10,"dummy","837","Maurice Taylor",-0.0413555252167997
2005,10,"dummy","pair_11_1977",NA,-0.0414102406138441
2005,10,"dummy","692","Michael Redd",-0.0469584521541528
2005,10,"dummy","959","Lorenzen Wright",-0.0481980550750598
2005,10,"dummy","638","Ruben Patterson",-0.0519479034716378
2005,10,"dummy","454","Raef LaFrentz",-0.0525953387499439
2005,10,"dummy","377","Marc Jackson",-0.054485776833445
2005,10,"dummy","738","Jalen Rose",-0.0624045263667126
2005,10,"dummy","2373","Josh Childress",-0.0742194967235935
2005,10,"dummy","309","Lucious Harris",-0.0836421690401848
2005,10,"dummy","1709","Melvin Ely",-0.0844054668619873
2005,10,"dummy","530","Antonio McDyess",-0.0913669544642452
2005,10,"dummy","656","Morris Peterson",-0.0929932786996853
2005,10,"dummy","351","Juwan Howard",-0.0939708479619337
2005,10,"dummy","255","Steve Francis",-0.0940797084031278
2005,10,"dummy","2426","Trevor Ariza",-0.100435186938881
2005,10,"dummy","pair_518_692",NA,-0.104591079731003
2005,10,"dummy","pair_61_813",NA,-0.105628466032869
2005,10,"dummy","2175","Mike Sweetney",-0.107872548167325
2005,10,"dummy","575","Mikki Moore",-0.112943318908726
2005,10,"dummy","904","David Wesley",-0.113603884883467
2005,10,"dummy","26","Chucky Atkins",-0.114149145493678
2005,10,"dummy","1704","Curtis Borchardt",-0.114440330105598
2005,10,"dummy","393","Ervin Johnson",-0.11743054350715
2005,10,"dummy","2382","Devin Harris",-0.117750347526931
2005,10,"dummy","1982","Chris Kaman",-0.118405302662697
2005,10,"dummy","pair_1722_532",NA,-0.118978427565473
2005,10,"dummy","1858","Devin Brown",-0.121599828433457
2005,10,"dummy","897","Chris Webber",-0.122110326240782
2005,10,"dummy","125","Marcus Camby",-0.122908932477608
2005,10,"dummy","pair_167_1718",NA,-0.124522471562796
2005,10,"dummy","788","Joe Smith",-0.129549552980482
2005,10,"dummy","4",NA,-0.130988110345918
2005,10,"dummy","150","Speedy Claxton",-0.13124062751253
2005,10,"dummy","1995","Keith Bogans",-0.134390213873801
2005,10,"dummy","280","Brian Grant",-0.13643538112086
2005,10,"dummy","846","Kurt Thomas",-0.140494009278609
2005,10,"dummy","pair_638_817",NA,-0.155063327745067
2005,10,"dummy","pair_497_91",NA,-0.155835690059264
2005,10,"dummy","800","Latrell Sprewell",-0.156052202442899
2005,10,"dummy","1026","Gerald Wallace",-0.156855235687994
2005,10,"dummy","1975","Carmelo Anthony",-0.157460654750113
2005,10,"dummy","383","Jerome James",-0.158514795424347
2005,10,"dummy","621","Michael Olowokandi",-0.167962256614684
2005,10,"dummy","1985","Luke Ridnour",-0.170391125253627
2005,10,"dummy","234","Francisco Elson",-0.172013631838031
2005,10,"dummy","1731","Chris Wilcox",-0.178647042755339
2005,10,"dummy","936","Corliss Williamson",-0.179697378868065
2005,10,"dummy","302","Penny Hardaway",-0.179856051047056
2005,10,"dummy","193","Ricky Davis",-0.185918192307002
2005,10,"dummy","930","Jerome Williams",-0.189305415272786
2005,10,"dummy","1708","Mike Dunleavy",-0.193092317320859
2005,10,"dummy","741","Michael Ruffin",-0.195805108639296
2005,10,"dummy","pair_2399_440",NA,-0.196785713412236
2005,10,"dummy","497","Corey Maggette",-0.199366319020877
2005,10,"dummy","254","Adonal Foyle",-0.200471643132106
2005,10,"dummy","212","Predrag Drobnjak",-0.200713337615501
2005,10,"dummy","165","Jamal Crawford",-0.200754770271266
2005,10,"dummy","366","Allen Iverson",-0.20252985851613
2005,10,"dummy","617","Lamar Odom",-0.204513268089981
2005,10,"dummy","2439","Jameer Nelson",-0.206479346465941
2005,10,"dummy","10","Malik Allen",-0.212187511703522
2005,10,"dummy","671","James Posey",-0.212468279512755
2005,10,"dummy","1723","Bostjan Nachbar",-0.213924245520257
2005,10,"dummy","869","Keith Van",-0.218085496499454
2005,10,"dummy","1017","Zach Randolph",-0.219243790182049
2005,10,"dummy","87","Earl Boykins",-0.21950579684476
2005,10,"dummy","817","Damon Stoudamire",-0.235339740754003
2005,10,"dummy","1018","Jason Richardson",-0.244374470492437
2005,10,"dummy","990","Eddy Curry",-0.245103221940125
2005,10,"dummy","888","Charlie Ward",-0.246296370791327
2005,10,"dummy","440","Brevin Knight",-0.247873259497304
2005,10,"dummy","640","Gary Payton",-0.250075522628744
2005,10,"dummy","2010","Jason Kapono",-0.254726319274493
2005,10,"dummy","1980","Jarvis Hayes",-0.25941552985568
2005,10,"dummy","99","P.J. Brown",-0.26243530149134
2005,10,"dummy","615","Jermaine O'Neal",-0.262473440369694
2005,10,"dummy","1722","Yao Ming",-0.267004148573394
2005,10,"dummy","690","Zeljko Rebraca",-0.267480197219558
2005,10,"dummy","550","Darius Miles",-0.268844302591116
2005,10,"dummy","793","Jabari Smith",-0.270653990417976
2005,10,"dummy","11","Rafer Alston",-0.284385134539823
2005,10,"dummy","847","Tim Thomas",-0.285273293092291
2005,10,"dummy","2384","Dwight Howard",-0.285387841189287
2005,10,"dummy","1705","Caron Butler",-0.287821359605496
2005,10,"dummy","2009","James Jones",-0.295197303491971
2005,10,"dummy","264","Pat Garrity",-0.29766442108539
2005,10,"dummy","1718","Fred Jones",-0.299197593644111
2005,10,"dummy","1021","Brian Scalabrine",-0.301841616271244
2005,10,"dummy","1707","Juan Dixon",-0.305365778736185
2005,10,"dummy","2393","Shaun Livingston",-0.30700475976317
2005,10,"dummy","1780","Jamal Sampson",-0.310750100114495
2005,10,"dummy","901","Bonzi Wells",-0.311152622942438
2005,10,"dummy","851","Etan Thomas",-0.323646299585929
2005,10,"dummy","1713","Nene Hilario",-0.326180435306019
2005,10,"dummy","1",NA,-0.326642333195844
2005,10,"dummy","246","Derek Fisher",-0.341309791517196
2005,10,"dummy","45","Tony Battie",-0.348222465013581
2005,10,"dummy","2411","Josh Smith",-0.353982929584675
2005,10,"dummy","998","Trenton Hassell",-0.365450891352769
2005,10,"dummy","49","Raja Bell",-0.370904924621534
2005,10,"dummy","106","Rick Brunson",-0.377427627432774
2005,10,"dummy","1996","Matt Bonner",-0.377988177190135
2005,10,"dummy","2380","Matt Freije",-0.390023073813034
2005,10,"dummy","1999","Carlos Delfino",-0.39194148122695
2005,10,"dummy","306","Matt Harpring",-0.396120763187506
2005,10,"dummy","568","Nazr Mohammed",-0.401800113455189
2005,10,"dummy","144","Calbert Cheaney",-0.408704144751041
2005,10,"dummy","491","George Lynch",-0.409102534715437
2005,10,"dummy","590","Lee Nailon",-0.410273607808651
2005,10,"dummy","2188","Quinton Ross",-0.421522263723348
2005,10,"dummy","167","Austin Croshere",-0.446151913452151
2005,10,"dummy","519","Tony Massenburg",-0.450212585553482
2005,10,"dummy","18","Derek Anderson",-0.455747574432402
2005,10,"dummy","15","Kenny Anderson",-0.461204635419067
2005,10,"dummy","2008","Dahntay Jones",-0.462176716422935
2005,10,"dummy","549","Chris Mihm",-0.477425471359856
2005,10,"dummy","3","Shareef Abdur-Rahim",-0.484285900630076
2005,10,"dummy","359","Lindsey Hunter",-0.489953191847713
2005,10,"dummy","1994","Steve Blake",-0.49066148436954
2005,10,"dummy","1706","Dan Dickau",-0.494512761309807
2005,10,"dummy","1006","Richard Jefferson",-0.495733813383126
2005,10,"dummy","2399","Emeka Okafor",-0.506293320921056
2005,10,"dummy","1031","Maurice Evans",-0.506421620360448
2005,10,"dummy","308","Al Harrington",-0.507766961195372
2005,10,"dummy","114","Rodney Buford",-0.509799408337405
2005,10,"dummy","929","Eric Williams",-0.516451819308546
2005,10,"dummy","220","Howard Eisley",-0.519939511394892
2005,10,"dummy","2166","Leandro Barbosa",-0.527999369824337
2005,10,"dummy","247","Marcus Fizer",-0.54569146493396
2005,10,"dummy","874","Jacque Vaughn",-0.546860124728112
2005,10,"dummy","2",NA,-0.59011780997971
2005,10,"dummy","396","Anthony Johnson",-0.590399917626696
2005,10,"dummy","322","Alan Henderson",-0.590903643627672
2005,10,"dummy","198","Tony Delk",-0.592084612892186
2005,10,"dummy","58","Travis Best",-0.595932678910094
2005,10,"dummy","2456","Andres Nocioni",-0.604264962553568
2005,10,"dummy","94","Primoz Brezec",-0.610393096342351
2005,10,"dummy","270","Eddie Gill",-0.62549002490837
2005,10,"dummy","pair_1013_1018",NA,-0.62672635126479
2005,10,"dummy","2004","Willie Green",-0.639503425666234
2005,10,"dummy","729","Rodney Rogers",-0.649631541139565
2005,10,"dummy","pair_1014_306",NA,-0.651242211247864
2005,10,"dummy","1013","Troy Murphy",-0.660942629030836
2005,10,"dummy","546","Ron Mercer",-0.684472912526948
2005,10,"dummy","539","Aaron McKie",-0.687251032009017
2005,10,"dummy","655","Wesley Person",-0.694959579986759
2005,10,"dummy","312","Jason Hart",-0.696783202542302
2005,10,"dummy","pair_590_99",NA,-0.697076321993267
2005,10,"dummy","881","Antoine Walker",-0.697675137350921
2005,10,"dummy","1725","Kareem Rush",-0.699180495182465
2005,10,"dummy","2173","Mickael Pietrus",-0.716385653698356
2005,10,"dummy","1029","Loren Woods",-0.727576446466671
2005,10,"dummy","1769","Corsley Edwards",-0.742395144708248
2005,10,"dummy","1055","Carlos Arroyo",-0.770988390844536
2005,10,"dummy","580","Alonzo Mourning",-0.773367629172037
2005,10,"dummy","1726","John Salmons",-0.805101554172785
2005,10,"dummy","2444","J.R. Smith",-0.80631328481809
2005,10,"dummy","937","Kevin Willis",-0.809922564103455
2005,10,"dummy","1777","Ronald Murray",-0.811589100968162
2005,10,"dummy","176","Michael Curry",-0.821474837518014
2005,10,"dummy","pair_308_881",NA,-0.836657961604447
2005,10,"dummy","489","Tyronn Lue",-0.851237656133884
2005,10,"dummy","465","Voshon Lenard",-0.876531564650708
2005,10,"dummy","1816","Junior Harrington",-0.949555724165414
2005,10,"dummy","2177","David West",-0.969707782299695
2005,10,"dummy","714","Cliff Robinson",-0.981222300714053
2005,10,"dummy","2181","Theron Smith",-1.05023602824208
2005,10,"dummy","2233","Alex Garcia",-1.10151843520704
2005,10,"dummy","437","Kerry Kittles",-1.12184291025602
2005,10,"dummy","683","Aleksandar Radojevic",-1.13799838741077
2005,10,"dummy","981","Kwame Brown",-1.14938911142413
2005,10,"dummy","2167","Boris Diaw",-1.15310875491334
2005,10,"dummy","161","Jason Collier",-1.18049326770024
2005,10,"dummy","348","Eddie House",-1.26900155455042
2005,10,"dummy","642","Anthony Peeler",-1.30612566494916
2005,10,"dummy","2191",NA,-1.97072201053422
2005,10,"dummy","2520","James Thomas",-2.27526802136116
2005,15,"dummy","272","Emmanuel Ginobili",1.57518182490096
2005,15,"dummy","130","Brian Cardinal",1.37774439507661
2005,15,"dummy","1016","Vladimir Radmanovic",1.27537887729542
2005,15,"dummy","215","Tim Duncan",1.21702067022121
2005,15,"dummy","598","Radoslav Nesterovic",1.17191895445695
2005,15,"dummy","592","Steve Nash",1.12047270150054
2005,15,"dummy","pair_136_429",NA,0.939416894346385
2005,15,"dummy","434","Andrei Kirilenko",0.905760077439072
2005,15,"dummy","2006","Josh Howard",0.858929002699801
2005,15,"dummy","976","Shane Battier",0.811425287930036
2005,15,"dummy","883","Rasheed Wallace",0.758600882309861
2005,15,"dummy","1966","LeBron James",0.713144442041079
2005,15,"dummy","183","Antonio Daniels",0.710125979601887
2005,15,"dummy","pair_1007_510",NA,0.709230597509246
2005,15,"dummy","703","Quentin Richardson",0.695288791166046
2005,15,"dummy","510","Shawn Marion",0.691965085027396
2005,15,"dummy","664","Scot Pollard",0.689079144106135
2005,15,"dummy","181","Erick Dampier",0.68708718506372
2005,15,"dummy","pair_959_976",NA,0.676282253464105
2005,15,"dummy","609","Dirk Nowitzki",0.659781783134365
2005,15,"dummy","556","Brad Miller",0.655165677622528
2005,15,"dummy","614","Shaquille O'Neal",0.620579136861144
2005,15,"dummy","pair_242_609",NA,0.608806334843021
2005,15,"dummy","407","Jumaine Jones",0.607504812409804
2005,15,"dummy","885","Ben Wallace",0.60309091406521
2005,15,"dummy","362","Zydrunas Ilgauskas",0.602418660461304
2005,15,"dummy","273","Gordan Giricek",0.599081954752997
2005,15,"dummy","446","Toni Kukoc",0.594192794536961
2005,15,"dummy","1727","Amare Stoudemire",0.591418570657963
2005,15,"dummy","189","Antonio Davis",0.589861806168537
2005,15,"dummy","pair_1966_535",NA,0.549110072319678
2005,15,"dummy","829","Stromile Swift",0.530581120501762
2005,15,"dummy","406","Damon Jones",0.529885386515466
2005,15,"dummy","pair_1015_83",NA,0.521487888670732
2005,15,"dummy","429","Jason Kidd",0.506662650895275
2005,15,"dummy","662","Paul Pierce",0.497491619974987
2005,15,"dummy","1027","Earl Watson",0.486862301867036
2005,15,"dummy","42","Brent Barry",0.479235337887704
2005,15,"dummy","2184","Udonis Haslem",0.477088527933224
2005,15,"dummy","2016","Zaza Pachulia",0.475778102903546
2005,15,"dummy","2522","Keith McLeod",0.466516723409778
2005,15,"dummy","1007","Joe Johnson",0.462981686240766
2005,15,"dummy","984","Tyson Chandler",0.460997410740987
2005,15,"dummy","1784","Darius Songaila",0.446307528186319
2005,15,"dummy","825","Bob Sura",0.439710763912902
2005,15,"dummy","1022","Bobby Simmons",0.432288387488042
2005,15,"dummy","512","Donyell Marshall",0.431928611041333
2005,15,"dummy","83","Bruce Bowen",0.423416790500994
2005,15,"dummy","378","Stephen Jackson",0.42319486678024
2005,15,"dummy","1024","Jamaal Tinsley",0.422708301126536
2005,15,"dummy","pair_385_974",NA,0.41406295890555
2005,15,"dummy","1011","Raul Lopez",0.407128883620526
2005,15,"dummy","996","Pau Gasol",0.403637224492849
2005,15,"dummy","pair_261_831",NA,0.402475872809556
2005,15,"dummy","987","Jason Collins",0.398231792206639
2005,15,"dummy","250","Jeff Foster",0.397106696385135
2005,15,"dummy","353","Troy Hudson",0.393460502122185
2005,15,"dummy","242","Michael Finley",0.382839791715307
2005,15,"dummy","138","Sam Cassell",0.381918139343355
2005,15,"dummy","831","Wally Szczerbiak",0.38030822219512
2005,15,"dummy","294","Richard Hamilton",0.377231819859549
2005,15,"dummy","802","Jerry Stackhouse",0.37665457603068
2005,15,"dummy","1730","Jiri Welsch",0.369879263247928
2005,15,"dummy","1977","Chris Bosh",0.36952894232108
2005,15,"dummy","9","Ray Allen",0.367613361012048
2005,15,"dummy","pair_1724_63",NA,0.361759623596845
2005,15,"dummy","111","Greg Buckner",0.361518099904295
2005,15,"dummy","61","Mike Bibby",0.358392832170857
2005,15,"dummy","552","Reggie Miller",0.355720710608512
2005,15,"dummy","997","Eddie Griffin",0.35546112608978
2005,15,"dummy","pair_1975_557",NA,0.354747271984527
2005,15,"dummy","110","Kobe Bryant",0.354029256391056
2005,15,"dummy","1724","Tayshaun Prince",0.352078700291348
2005,15,"dummy","402","Eddie Jones",0.332536146004545
2005,15,"dummy","557","Andre Miller",0.323010165700882
2005,15,"dummy","1828","Reggie Evans",0.319933007607026
2005,15,"dummy","1719","Nenad Krstic",0.317579696726932
2005,15,"dummy","469","Rashard Lewis",0.314689575447689
2005,15,"dummy","349","Allan Houston",0.313404167776102
2005,15,"dummy","532","Tracy McGrady",0.3131393300573
2005,15,"dummy","841","Jason Terry",0.309918822183476
2005,15,"dummy","221","Obinna Ekezie",0.309901202062155
2005,15,"dummy","535","Jeff McInnis",0.291228959268634
2005,15,"dummy","682","Joel Przybilla",0.277846363393385
2005,15,"dummy","376","Bobby Jackson",0.275923881054524
2005,15,"dummy","1717","Jared Jeffries",0.275826148332098
2005,15,"dummy","1015","Tony Parker",0.273449912713756
2005,15,"dummy","558","Mike Miller",0.273182198379795
2005,15,"dummy","2429","Luol Deng",0.26742117702978
2005,15,"dummy","63","Chauncey Billups",0.257671826140544
2005,15,"dummy","2381","Ben Gordon",0.251148132875711
2005,15,"dummy","194","Baron Davis",0.241450633750261
2005,15,"dummy","387","Marko Jaric",0.2407878241569
2005,15,"dummy","974","Gilbert Arenas",0.228944048379024
2005,15,"dummy","25","Ron Artest",0.223723962700054
2005,15,"dummy","566","Cuttino Mobley",0.218717596782531
2005,15,"dummy","1703","Carlos Boozer",0.206776947607986
2005,15,"dummy","1711","Drew Gooden",0.20023417423363
2005,15,"dummy","2011","Kyle Korver",0.198369357391698
2005,15,"dummy","pair_193_662",NA,0.195339385655769
2005,15,"dummy","1000","Brendan Haywood",0.194824914863513
2005,15,"dummy","pair_509_846",NA,0.186844464792962
2005,15,"dummy","1710","Dan Gadzuric",0.186048032223466
2005,15,"dummy","601","Ira Newble",0.180154791674129
2005,15,"dummy","988","Jarron Collins",0.179340445748943
2005,15,"dummy","509","Stephon Marbury",0.17463121483357
2005,15,"dummy","pair_469_9",NA,0.17400843485021
2005,15,"dummy","687","Theo Ratliff",0.159804944234929
2005,15,"dummy","1981","Kirk Hinrich",0.148204617428506
2005,15,"dummy","1767","Rasual Butler",0.145979787076597
2005,15,"dummy","pair_2384_255",NA,0.137004043774158
2005,15,"dummy","372","Jimmy Jackson",0.12742964162471
2005,15,"dummy","515","Kenyon Martin",0.120868665584666
2005,15,"dummy","796","Eric Snow",0.109818253001857
2005,15,"dummy","1987","Dwyane Wade",0.107331866073031
2005,15,"dummy","139","Kelvin Cato",0.105428764994626
2005,15,"dummy","385","Antawn Jamison",0.0963514395475111
2005,15,"dummy","91","Elton Brand",0.094914985831266
2005,15,"dummy","1135","Chris Andersen",0.0797614045728158
2005,15,"dummy","498","Jamaal Magloire",0.0752918746967595
2005,15,"dummy","849","Kenny Thomas",0.0714447031861983
2005,15,"dummy","2377","Chris Duhon",0.0689177380203383
2005,15,"dummy","1051","Mike James",0.066690815384515
2005,15,"dummy","pair_2011_366",NA,0.0659927338559025
2005,15,"dummy","136","Vince Carter",0.0613054921020341
2005,15,"dummy","pair_110_26",NA,0.0574563078217996
2005,15,"dummy","2383","David Harrison",0.0537724023365229
2005,15,"dummy","2178","Maurice Williams",0.0527035573252952
2005,15,"dummy","1014","Mehmet Okur",0.0440349753179329
2005,15,"dummy","991","Samuel Dalembert",0.0357167630817684
2005,15,"dummy","261","Kevin Garnett",0.0337152470284411
2005,15,"dummy","pair_1981_984",NA,0.0324470460583289
2005,15,"dummy","356","Larry Hughes",0.0272836152347243
2005,15,"dummy","868","Nick Van",0.0247735696185668
2005,15,"dummy","837","Maurice Taylor",0.013042486225025
2005,15,"dummy","813","Predrag Stojakovic",0.00183550404932671
2005,15,"dummy","2386","Andre Iguodala",0.000308322182033567
2005,15,"dummy","2200","Marquis Daniels",-0.000962447479465759
2005,15,"dummy","862","Hidayet Turkoglu",-0.00833718830474742
2005,15,"dummy","70","Mark Blount",-0.0127557489465872
2005,15,"dummy","147","Doug Christie",-0.0152963098039873
2005,15,"dummy","pair_11_1977",NA,-0.0194087302616649
2005,15,"dummy","336","Grant Hill",-0.0211380254475901
2005,15,"dummy","24","Darrell Armstrong",-0.0221534294017453
2005,15,"dummy","518","Desmond Mason",-0.0333838976834833
2005,15,"dummy","2373","Josh Childress",-0.0410057443946514
2005,15,"dummy","454","Raef LaFrentz",-0.0432454777928348
2005,15,"dummy","738","Jalen Rose",-0.0457707096217264
2005,15,"dummy","638","Ruben Patterson",-0.0463168184546608
2005,15,"dummy","2",NA,-0.0478115697874171
2005,15,"dummy","692","Michael Redd",-0.0552328778627154
2005,15,"dummy","933","Jason Williams",-0.0597573607468504
2005,15,"dummy","pair_1987_402",NA,-0.0674049478403319
2005,15,"dummy","377","Marc Jackson",-0.0693385236268723
2005,15,"dummy","150","Speedy Claxton",-0.0886164912440143
2005,15,"dummy","656","Morris Peterson",-0.094327839114104
2005,15,"dummy","351","Juwan Howard",-0.095142076608814
2005,15,"dummy","1709","Melvin Ely",-0.100636044363893
2005,15,"dummy","26","Chucky Atkins",-0.10263404386268
2005,15,"dummy","959","Lorenzen Wright",-0.111656696157818
2005,15,"dummy","904","David Wesley",-0.113904174916299
2005,15,"dummy","255","Steve Francis",-0.116366322636365
2005,15,"dummy","2426","Trevor Ariza",-0.117738523557341
2005,15,"dummy","pair_167_1718",NA,-0.120815263753127
2005,15,"dummy","pair_518_692",NA,-0.12477914456295
2005,15,"dummy","1982","Chris Kaman",-0.138043351087887
2005,15,"dummy","125","Marcus Camby",-0.13872465869002
2005,15,"dummy","1995","Keith Bogans",-0.14220866810276
2005,15,"dummy","1026","Gerald Wallace",-0.14500004271108
2005,15,"dummy","pair_1722_532",NA,-0.146714939888734
2005,15,"dummy","788","Joe Smith",-0.152766238839422
2005,15,"dummy","846","Kurt Thomas",-0.159923353596285
2005,15,"dummy","4",NA,-0.160764158908032
2005,15,"dummy","212","Predrag Drobnjak",-0.161740505264892
2005,15,"dummy","1708","Mike Dunleavy",-0.164223107094599
2005,15,"dummy","pair_638_817",NA,-0.165345210268709
2005,15,"dummy","pair_61_813",NA,-0.169363009645175
2005,15,"dummy","530","Antonio McDyess",-0.171796103834319
2005,15,"dummy","621","Michael Olowokandi",-0.176315405559447
2005,15,"dummy","897","Chris Webber",-0.178371637795127
2005,15,"dummy","pair_2399_440",NA,-0.181412289784565
2005,15,"dummy","pair_497_91",NA,-0.182884319351661
2005,15,"dummy","800","Latrell Sprewell",-0.187254472662844
2005,15,"dummy","1975","Carmelo Anthony",-0.197997508076495
2005,15,"dummy","193","Ricky Davis",-0.201053124865983
2005,15,"dummy","302","Penny Hardaway",-0.212012164884716
2005,15,"dummy","254","Adonal Foyle",-0.213509478987446
2005,15,"dummy","1985","Luke Ridnour",-0.216523450847653
2005,15,"dummy","936","Corliss Williamson",-0.218692685553859
2005,15,"dummy","497","Corey Maggette",-0.224676663955112
2005,15,"dummy","1018","Jason Richardson",-0.226793676904217
2005,15,"dummy","1731","Chris Wilcox",-0.234030762971637
2005,15,"dummy","617","Lamar Odom",-0.237342652775188
2005,15,"dummy","165","Jamal Crawford",-0.237481717583833
2005,15,"dummy","383","Jerome James",-0.25143050515212
2005,15,"dummy","869","Keith Van",-0.256200240570047
2005,15,"dummy","99","P.J. Brown",-0.256869391596059
2005,15,"dummy","1017","Zach Randolph",-0.258700979518144
2005,15,"dummy","87","Earl Boykins",-0.259433784459963
2005,15,"dummy","366","Allen Iverson",-0.264641804703709
2005,15,"dummy","440","Brevin Knight",-0.270102550597716
2005,15,"dummy","817","Damon Stoudamire",-0.274450811756527
2005,15,"dummy","671","James Posey",-0.293727314003746
2005,15,"dummy","640","Gary Payton",-0.295211095658598
2005,15,"dummy","888","Charlie Ward",-0.30801529341661
2005,15,"dummy","990","Eddy Curry",-0.317692567496653
2005,15,"dummy","615","Jermaine O'Neal",-0.319905622549652
2005,15,"dummy","550","Darius Miles",-0.320395307865994
2005,15,"dummy","1705","Caron Butler",-0.323981058427263
2005,15,"dummy","847","Tim Thomas",-0.332025511104503
2005,15,"dummy","11","Rafer Alston",-0.337103636105592
2005,15,"dummy","2393","Shaun Livingston",-0.33829857785544
2005,15,"dummy","1722","Yao Ming",-0.339027560056288
2005,15,"dummy","1",NA,-0.352127405532629
2005,15,"dummy","2384","Dwight Howard",-0.359013924362787
2005,15,"dummy","1021","Brian Scalabrine",-0.362280929843796
2005,15,"dummy","2411","Josh Smith",-0.362622566526153
2005,15,"dummy","1713","Nene Hilario",-0.37564584363567
2005,15,"dummy","246","Derek Fisher",-0.379979370491117
2005,15,"dummy","1718","Fred Jones",-0.392971642241034
2005,15,"dummy","998","Trenton Hassell",-0.395572900187793
2005,15,"dummy","2380","Matt Freije",-0.407128645249319
2005,15,"dummy","2009","James Jones",-0.423575814520035
2005,15,"dummy","901","Bonzi Wells",-0.432007862560075
2005,15,"dummy","491","George Lynch",-0.434954227116184
2005,15,"dummy","45","Tony Battie",-0.436535256602294
2005,15,"dummy","590","Lee Nailon",-0.441039733281691
2005,15,"dummy","1980","Jarvis Hayes",-0.442069587361355
2005,15,"dummy","49","Raja Bell",-0.442155400962094
2005,15,"dummy","106","Rick Brunson",-0.462907927922145
2005,15,"dummy","306","Matt Harpring",-0.465384972534571
2005,15,"dummy","15","Kenny Anderson",-0.481126004399033
2005,15,"dummy","568","Nazr Mohammed",-0.498263007564423
2005,15,"dummy","2188","Quinton Ross",-0.514167808640883
2005,15,"dummy","308","Al Harrington",-0.52671170626795
2005,15,"dummy","18","Derek Anderson",-0.52810950438015
2005,15,"dummy","1706","Dan Dickau",-0.530559317118868
2005,15,"dummy","167","Austin Croshere",-0.575838086705818
2005,15,"dummy","3","Shareef Abdur-Rahim",-0.57691663869099
2005,15,"dummy","549","Chris Mihm",-0.603471252921715
2005,15,"dummy","2399","Emeka Okafor",-0.605957418973635
2005,15,"dummy","929","Eric Williams",-0.615440511319719
2005,15,"dummy","1006","Richard Jefferson",-0.622559442997203
2005,15,"dummy","220","Howard Eisley",-0.644316573368907
2005,15,"dummy","114","Rodney Buford",-0.661040194686783
2005,15,"dummy","198","Tony Delk",-0.665861771333268
2005,15,"dummy","874","Jacque Vaughn",-0.674902378633549
2005,15,"dummy","pair_1013_1018",NA,-0.703160326174454
2005,15,"dummy","729","Rodney Rogers",-0.723904765211955
2005,15,"dummy","94","Primoz Brezec",-0.729351531036707
2005,15,"dummy","396","Anthony Johnson",-0.734763682548563
2005,15,"dummy","2456","Andres Nocioni",-0.755064827195517
2005,15,"dummy","1013","Troy Murphy",-0.769068102941918
2005,15,"dummy","2004","Willie Green",-0.772939578706562
2005,15,"dummy","pair_1014_306",NA,-0.784229353626119
2005,15,"dummy","881","Antoine Walker",-0.787886688889235
2005,15,"dummy","pair_590_99",NA,-0.80906718066472
2005,15,"dummy","1725","Kareem Rush",-0.835936560764196
2005,15,"dummy","2173","Mickael Pietrus",-0.839285198528893
2005,15,"dummy","546","Ron Mercer",-0.850577277843754
2005,15,"dummy","312","Jason Hart",-0.86795090629384
2005,15,"dummy","1029","Loren Woods",-0.87018725681637
2005,15,"dummy","580","Alonzo Mourning",-0.911581721002256
2005,15,"dummy","pair_308_881",NA,-0.940464732873477
2005,15,"dummy","2444","J.R. Smith",-0.947800061727769
2005,15,"dummy","1055","Carlos Arroyo",-0.954485232189867
2005,15,"dummy","1726","John Salmons",-0.97711949008873
2005,15,"dummy","489","Tyronn Lue",-1.00389711478779
2005,15,"dummy","1816","Junior Harrington",-1.13619736611828
2005,15,"dummy","714","Cliff Robinson",-1.19125264494174
2005,15,"dummy","2177","David West",-1.20881954673251
2005,15,"dummy","465","Voshon Lenard",-1.20925867098434
2005,15,"dummy","2233","Alex Garcia",-1.32683307886163
2005,15,"dummy","161","Jason Collier",-1.36683336872254
2005,15,"dummy","2167","Boris Diaw",-1.36813550364096
2005,15,"dummy","437","Kerry Kittles",-1.37520152857974
2005,15,"dummy","683","Aleksandar Radojevic",-1.40338147316698
2005,15,"dummy","5",NA,-2.66444390319964
2005,15,"dummy","2520","James Thomas",-2.7991233577959
2005,20,"dummy","272","Emmanuel Ginobili",1.77806570745597
2005,20,"dummy","1016","Vladimir Radmanovic",1.57726820299733
2005,20,"dummy","215","Tim Duncan",1.37575466901179
2005,20,"dummy","598","Radoslav Nesterovic",1.31650707709914
2005,20,"dummy","592","Steve Nash",1.24749311703612
2005,20,"dummy","434","Andrei Kirilenko",1.0997181353031
2005,20,"dummy","pair_136_429",NA,1.05169741652334
2005,20,"dummy","976","Shane Battier",1.01084173953468
2005,20,"dummy","2006","Josh Howard",0.958177390468143
2005,20,"dummy","883","Rasheed Wallace",0.851982429807804
2005,20,"dummy","1966","LeBron James",0.820753641746302
2005,20,"dummy","pair_959_976",NA,0.811422911273246
2005,20,"dummy","556","Brad Miller",0.802242188417006
2005,20,"dummy","pair_1007_510",NA,0.76663895562148
2005,20,"dummy","181","Erick Dampier",0.755535029488388
2005,20,"dummy","703","Quentin Richardson",0.745762042885874
2005,20,"dummy","510","Shawn Marion",0.745440180630901
2005,20,"dummy","609","Dirk Nowitzki",0.729847644101496
2005,20,"dummy","614","Shaquille O'Neal",0.724280687181682
2005,20,"dummy","885","Ben Wallace",0.685568174629503
2005,20,"dummy","829","Stromile Swift",0.677345212417316
2005,20,"dummy","362","Zydrunas Ilgauskas",0.674290390020063
2005,20,"dummy","189","Antonio Davis",0.668624579909722
2005,20,"dummy","pair_242_609",NA,0.657712257514087
2005,20,"dummy","1727","Amare Stoudemire",0.639834390096268
2005,20,"dummy","662","Paul Pierce",0.629705190150017
2005,20,"dummy","pair_1966_535",NA,0.602623481785809
2005,20,"dummy","406","Damon Jones",0.600276149980339
2005,20,"dummy","2522","Keith McLeod",0.600152846532777
2005,20,"dummy","2184","Udonis Haslem",0.558382732000445
2005,20,"dummy","pair_1015_83",NA,0.557372711416219
2005,20,"dummy","378","Stephen Jackson",0.555898317384697
2005,20,"dummy","1024","Jamaal Tinsley",0.530121668373493
2005,20,"dummy","429","Jason Kidd",0.529888077570753
2005,20,"dummy","825","Bob Sura",0.515373264412276
2005,20,"dummy","831","Wally Szczerbiak",0.497007320009924
2005,20,"dummy","984","Tyson Chandler",0.493517827862056
2005,20,"dummy","pair_385_974",NA,0.482562087994288
2005,20,"dummy","pair_261_831",NA,0.476416041316027
2005,20,"dummy","1007","Joe Johnson",0.476006044176612
2005,20,"dummy","1022","Bobby Simmons",0.469303321482369
2005,20,"dummy","250","Jeff Foster",0.465737847960987
2005,20,"dummy","9","Ray Allen",0.463091899686186
2005,20,"dummy","110","Kobe Bryant",0.456480712490203
2005,20,"dummy","61","Mike Bibby",0.455362342486734
2005,20,"dummy","552","Reggie Miller",0.451621309266579
2005,20,"dummy","996","Pau Gasol",0.451346634921024
2005,20,"dummy","558","Mike Miller",0.451116424100023
2005,20,"dummy","987","Jason Collins",0.44889108033915
2005,20,"dummy","1977","Chris Bosh",0.443347218051779
2005,20,"dummy","138","Sam Cassell",0.442638203011926
2005,20,"dummy","83","Bruce Bowen",0.435594343751501
2005,20,"dummy","111","Greg Buckner",0.430521775883937
2005,20,"dummy","pair_1975_557",NA,0.415872781702806
2005,20,"dummy","294","Richard Hamilton",0.402044356712425
2005,20,"dummy","469","Rashard Lewis",0.390716416881771
2005,20,"dummy","532","Tracy McGrady",0.390534176003765
2005,20,"dummy","242","Michael Finley",0.389027567443799
2005,20,"dummy","pair_1724_63",NA,0.387518289320309
2005,20,"dummy","25","Ron Artest",0.385425891619486
2005,20,"dummy","402","Eddie Jones",0.383996570361015
2005,20,"dummy","802","Jerry Stackhouse",0.382785165307247
2005,20,"dummy","557","Andre Miller",0.381093321376764
2005,20,"dummy","1724","Tayshaun Prince",0.373501381237215
2005,20,"dummy","349","Allan Houston",0.369042610314091
2005,20,"dummy","1828","Reggie Evans",0.362392520694491
2005,20,"dummy","194","Baron Davis",0.361435303288713
2005,20,"dummy","2429","Luol Deng",0.337878777920501
2005,20,"dummy","1717","Jared Jeffries",0.327371093442348
2005,20,"dummy","1703","Carlos Boozer",0.325286047421823
2005,20,"dummy","1719","Nenad Krstic",0.318478172116414
2005,20,"dummy","988","Jarron Collins",0.312600732550807
2005,20,"dummy","535","Jeff McInnis",0.302840300307396
2005,20,"dummy","841","Jason Terry",0.300669960667575
2005,20,"dummy","1015","Tony Parker",0.281795230900481
2005,20,"dummy","974","Gilbert Arenas",0.265228597845104
2005,20,"dummy","63","Chauncey Billups",0.263981234668023
2005,20,"dummy","566","Cuttino Mobley",0.263691411788013
2005,20,"dummy","pair_509_846",NA,0.247545739779355
2005,20,"dummy","387","Marko Jaric",0.245585913679167
2005,20,"dummy","1000","Brendan Haywood",0.236573668168082
2005,20,"dummy","1710","Dan Gadzuric",0.235930050691368
2005,20,"dummy","509","Stephon Marbury",0.222863639549566
2005,20,"dummy","pair_193_662",NA,0.203852931503115
2005,20,"dummy","1711","Drew Gooden",0.200951815682412
2005,20,"dummy","pair_2384_255",NA,0.198060880864063
2005,20,"dummy","pair_469_9",NA,0.192440004428834
2005,20,"dummy","687","Theo Ratliff",0.191547715712203
2005,20,"dummy","2011","Kyle Korver",0.180654262820252
2005,20,"dummy","601","Ira Newble",0.179066475785986
2005,20,"dummy","1981","Kirk Hinrich",0.149404790904573
2005,20,"dummy","515","Kenyon Martin",0.148723074725066
2005,20,"dummy","372","Jimmy Jackson",0.14463176246896
2005,20,"dummy","139","Kelvin Cato",0.135897020631874
2005,20,"dummy","498","Jamaal Magloire",0.131271166740678
2005,20,"dummy","1987","Dwyane Wade",0.115773435013914
2005,20,"dummy","2178","Maurice Williams",0.106538428305591
2005,20,"dummy","pair_2011_366",NA,0.0994800823891456
2005,20,"dummy","385","Antawn Jamison",0.098666118241873
2005,20,"dummy","261","Kevin Garnett",0.0836357900809423
2005,20,"dummy","1014","Mehmet Okur",0.0810501588985195
2005,20,"dummy","91","Elton Brand",0.0763513410107765
2005,20,"dummy","518","Desmond Mason",0.0673272744601501
2005,20,"dummy","pair_110_26",NA,0.0671643186636338
2005,20,"dummy","813","Predrag Stojakovic",0.0515273207951952
2005,20,"dummy","849","Kenny Thomas",0.0508703128165624
2005,20,"dummy","2377","Chris Duhon",0.0463793689441957
2005,20,"dummy","356","Larry Hughes",0.041390135717359
2005,20,"dummy","868","Nick Van",0.0255571596618776
2005,20,"dummy","70","Mark Blount",0.0232229625428432
2005,20,"dummy","147","Doug Christie",0.012475892741304
2005,20,"dummy","862","Hidayet Turkoglu",0.00867942195187895
2005,20,"dummy","454","Raef LaFrentz",0.00839401358929893
2005,20,"dummy","692","Michael Redd",0.00446327465117653
2005,20,"dummy","336","Grant Hill",-0.00140036740139757
2005,20,"dummy","pair_1981_984",NA,-0.00158958074039715
2005,20,"dummy","136","Vince Carter",-0.0276635305551808
2005,20,"dummy","2386","Andre Iguodala",-0.0280304796828246
2005,20,"dummy","pair_11_1977",NA,-0.0296471610267746
2005,20,"dummy","638","Ruben Patterson",-0.0301654374032443
2005,20,"dummy","2200","Marquis Daniels",-0.0363564176925803
2005,20,"dummy","738","Jalen Rose",-0.0433654963026833
2005,20,"dummy","26","Chucky Atkins",-0.0438821823039653
2005,20,"dummy","991","Samuel Dalembert",-0.0547990055888377
2005,20,"dummy","150","Speedy Claxton",-0.0730548867726808
2005,20,"dummy","656","Morris Peterson",-0.073353264401627
2005,20,"dummy","959","Lorenzen Wright",-0.0882507906362789
2005,20,"dummy","pair_1987_402",NA,-0.10486895753287
2005,20,"dummy","1995","Keith Bogans",-0.106394587932894
2005,20,"dummy","pair_167_1718",NA,-0.110658155118642
2005,20,"dummy","351","Juwan Howard",-0.111944400717964
2005,20,"dummy","pair_518_692",NA,-0.112272880472731
2005,20,"dummy","255","Steve Francis",-0.1190811923801
2005,20,"dummy","933","Jason Williams",-0.123771347038344
2005,20,"dummy","788","Joe Smith",-0.125041763468358
2005,20,"dummy","pair_1722_532",NA,-0.140018542365525
2005,20,"dummy","377","Marc Jackson",-0.144412764200378
2005,20,"dummy","pair_638_817",NA,-0.146828229167219
2005,20,"dummy","1026","Gerald Wallace",-0.155081744289967
2005,20,"dummy","125","Marcus Camby",-0.160391973864216
2005,20,"dummy","1708","Mike Dunleavy",-0.169329816194741
2005,20,"dummy","846","Kurt Thomas",-0.176926375978573
2005,20,"dummy","pair_2399_440",NA,-0.180929892744318
2005,20,"dummy","904","David Wesley",-0.180930859935201
2005,20,"dummy","800","Latrell Sprewell",-0.181422707272731
2005,20,"dummy","2",NA,-0.185745783593485
2005,20,"dummy","pair_61_813",NA,-0.186764288236212
2005,20,"dummy","1",NA,-0.193980996321159
2005,20,"dummy","617","Lamar Odom",-0.197363671537941
2005,20,"dummy","897","Chris Webber",-0.197878909208042
2005,20,"dummy","869","Keith Van",-0.19931434564784
2005,20,"dummy","pair_497_91",NA,-0.201040567783992
2005,20,"dummy","1982","Chris Kaman",-0.207168676913341
2005,20,"dummy","193","Ricky Davis",-0.223793819133221
2005,20,"dummy","1975","Carmelo Anthony",-0.238448119901616
2005,20,"dummy","1018","Jason Richardson",-0.243733579886181
2005,20,"dummy","1985","Luke Ridnour",-0.253695362903624
2005,20,"dummy","1017","Zach Randolph",-0.254105601834654
2005,20,"dummy","165","Jamal Crawford",-0.254296381564076
2005,20,"dummy","99","P.J. Brown",-0.269938331163651
2005,20,"dummy","87","Earl Boykins",-0.289510802064002
2005,20,"dummy","888","Charlie Ward",-0.291198407355347
2005,20,"dummy","4",NA,-0.291418517041682
2005,20,"dummy","1731","Chris Wilcox",-0.293240019017588
2005,20,"dummy","383","Jerome James",-0.294020049409308
2005,20,"dummy","671","James Posey",-0.295795760323569
2005,20,"dummy","497","Corey Maggette",-0.29841966791172
2005,20,"dummy","640","Gary Payton",-0.301014351271164
2005,20,"dummy","817","Damon Stoudamire",-0.312190893084365
2005,20,"dummy","440","Brevin Knight",-0.319727864558044
2005,20,"dummy","1705","Caron Butler",-0.325771403636675
2005,20,"dummy","550","Darius Miles",-0.349914316262341
2005,20,"dummy","366","Allen Iverson",-0.35632137296364
2005,20,"dummy","615","Jermaine O'Neal",-0.360985958781316
2005,20,"dummy","3","Shareef Abdur-Rahim",-0.370109001784738
2005,20,"dummy","847","Tim Thomas",-0.373464652283562
2005,20,"dummy","1722","Yao Ming",-0.375556131902126
2005,20,"dummy","998","Trenton Hassell",-0.376749179432412
2005,20,"dummy","990","Eddy Curry",-0.382346760875359
2005,20,"dummy","11","Rafer Alston",-0.395962774969799
2005,20,"dummy","2384","Dwight Howard",-0.40241463659492
2005,20,"dummy","1713","Nene Hilario",-0.404320396866971
2005,20,"dummy","1718","Fred Jones",-0.429592426829745
2005,20,"dummy","2411","Josh Smith",-0.450212984511588
2005,20,"dummy","246","Derek Fisher",-0.48237517494854
2005,20,"dummy","45","Tony Battie",-0.493340383287156
2005,20,"dummy","306","Matt Harpring",-0.516619859075784
2005,20,"dummy","1980","Jarvis Hayes",-0.525453709200355
2005,20,"dummy","590","Lee Nailon",-0.538268110962174
2005,20,"dummy","1706","Dan Dickau",-0.544737063627505
2005,20,"dummy","568","Nazr Mohammed",-0.55100387054052
2005,20,"dummy","49","Raja Bell",-0.553223093417843
2005,20,"dummy","491","George Lynch",-0.565482144498567
2005,20,"dummy","106","Rick Brunson",-0.590212631763155
2005,20,"dummy","18","Derek Anderson",-0.626022204588838
2005,20,"dummy","549","Chris Mihm",-0.639359075935203
2005,20,"dummy","167","Austin Croshere",-0.648052293749228
2005,20,"dummy","929","Eric Williams",-0.686785670249105
2005,20,"dummy","2399","Emeka Okafor",-0.696671564955132
2005,20,"dummy","308","Al Harrington",-0.707083545697192
2005,20,"dummy","1006","Richard Jefferson",-0.725571250186028
2005,20,"dummy","pair_1013_1018",NA,-0.745991709621377
2005,20,"dummy","729","Rodney Rogers",-0.757937825033789
2005,20,"dummy","114","Rodney Buford",-0.800508175209086
2005,20,"dummy","396","Anthony Johnson",-0.809278745135718
2005,20,"dummy","94","Primoz Brezec",-0.851094982432506
2005,20,"dummy","1013","Troy Murphy",-0.868338640479938
2005,20,"dummy","pair_590_99",NA,-0.90008559387041
2005,20,"dummy","pair_1014_306",NA,-0.904754244458673
2005,20,"dummy","312","Jason Hart",-1.0152789899951
2005,20,"dummy","1055","Carlos Arroyo",-1.02565958250588
2005,20,"dummy","2444","J.R. Smith",-1.02816076784029
2005,20,"dummy","580","Alonzo Mourning",-1.04012830140962
2005,20,"dummy","881","Antoine Walker",-1.05529653472647
2005,20,"dummy","489","Tyronn Lue",-1.1395420336432
2005,20,"dummy","pair_308_881",NA,-1.16771490041001
2005,20,"dummy","465","Voshon Lenard",-1.36355364401561
2005,20,"dummy","714","Cliff Robinson",-1.38250630594737
2005,20,"dummy","5",NA,-1.40526107105761
2005,25,"dummy","272","Emmanuel Ginobili",1.97438512182825
2005,25,"dummy","215","Tim Duncan",1.52372957117853
2005,25,"dummy","598","Radoslav Nesterovic",1.43288908285394
2005,25,"dummy","592","Steve Nash",1.37837305049671
2005,25,"dummy","434","Andrei Kirilenko",1.27686436980037
2005,25,"dummy","976","Shane Battier",1.21813316655062
2005,25,"dummy","pair_136_429",NA,1.20801880269296
2005,25,"dummy","2006","Josh Howard",1.09313041851973
2005,25,"dummy","883","Rasheed Wallace",0.952252747551642
2005,25,"dummy","1966","LeBron James",0.935864293926916
2005,25,"dummy","556","Brad Miller",0.928903823927061
2005,25,"dummy","pair_959_976",NA,0.884907538669829
2005,25,"dummy","609","Dirk Nowitzki",0.861533228567991
2005,25,"dummy","181","Erick Dampier",0.85640613315721
2005,25,"dummy","pair_1007_510",NA,0.824410190952292
2005,25,"dummy","614","Shaquille O'Neal",0.818370615257954
2005,25,"dummy","9","Ray Allen",0.810060326035461
2005,25,"dummy","703","Quentin Richardson",0.800986951360143
2005,25,"dummy","510","Shawn Marion",0.790899249558891
2005,25,"dummy","362","Zydrunas Ilgauskas",0.752487798634224
2005,25,"dummy","885","Ben Wallace",0.745835990082879
2005,25,"dummy","2522","Keith McLeod",0.73196906146557
2005,25,"dummy","662","Paul Pierce",0.731684245499764
2005,25,"dummy","pair_242_609",NA,0.711563564669239
2005,25,"dummy","406","Damon Jones",0.679211245271589
2005,25,"dummy","1727","Amare Stoudemire",0.669953893165295
2005,25,"dummy","469","Rashard Lewis",0.669141395638713
2005,25,"dummy","pair_1966_535",NA,0.647058885948924
2005,25,"dummy","825","Bob Sura",0.632541714151757
2005,25,"dummy","2184","Udonis Haslem",0.620643953136491
2005,25,"dummy","1024","Jamaal Tinsley",0.59874926161609
2005,25,"dummy","558","Mike Miller",0.591823421628931
2005,25,"dummy","429","Jason Kidd",0.588015036265743
2005,25,"dummy","pair_1015_83",NA,0.566473623454556
2005,25,"dummy","110","Kobe Bryant",0.559075783251392
2005,25,"dummy","378","Stephen Jackson",0.545131357910297
2005,25,"dummy","2429","Luol Deng",0.540976395988742
2005,25,"dummy","831","Wally Szczerbiak",0.540214853125606
2005,25,"dummy","61","Mike Bibby",0.527461862457653
2005,25,"dummy","pair_385_974",NA,0.521768085992866
2005,25,"dummy","996","Pau Gasol",0.507554781500549
2005,25,"dummy","1977","Chris Bosh",0.501338949479515
2005,25,"dummy","pair_261_831",NA,0.49335000322167
2005,25,"dummy","pair_1975_557",NA,0.493302531264914
2005,25,"dummy","1022","Bobby Simmons",0.490574973935238
2005,25,"dummy","1007","Joe Johnson",0.476782980837756
2005,25,"dummy","138","Sam Cassell",0.452508093812269
2005,25,"dummy","250","Jeff Foster",0.450438440622298
2005,25,"dummy","987","Jason Collins",0.445456978238395
2005,25,"dummy","557","Andre Miller",0.442234863344172
2005,25,"dummy","532","Tracy McGrady",0.436706306100889
2005,25,"dummy","552","Reggie Miller",0.427400511918371
2005,25,"dummy","83","Bruce Bowen",0.421742317753138
2005,25,"dummy","pair_1724_63",NA,0.421496463648989
2005,25,"dummy","402","Eddie Jones",0.417254725176962
2005,25,"dummy","242","Michael Finley",0.412921945052881
2005,25,"dummy","294","Richard Hamilton",0.410013051248434
2005,25,"dummy","1724","Tayshaun Prince",0.367067930017468
2005,25,"dummy","841","Jason Terry",0.358095330680801
2005,25,"dummy","1981","Kirk Hinrich",0.352867347354083
2005,25,"dummy","1717","Jared Jeffries",0.342239517318298
2005,25,"dummy","1703","Carlos Boozer",0.332658724400431
2005,25,"dummy","194","Baron Davis",0.326915803081787
2005,25,"dummy","pair_469_9",NA,0.319486689301098
2005,25,"dummy","pair_509_846",NA,0.316933542127537
2005,25,"dummy","25","Ron Artest",0.310491085245951
2005,25,"dummy","535","Jeff McInnis",0.309579836436061
2005,25,"dummy","509","Stephon Marbury",0.302893140525765
2005,25,"dummy","1710","Dan Gadzuric",0.284117762618709
2005,25,"dummy","387","Marko Jaric",0.272502978059653
2005,25,"dummy","566","Cuttino Mobley",0.271468625650835
2005,25,"dummy","63","Chauncey Billups",0.267218693056519
2005,25,"dummy","974","Gilbert Arenas",0.259163609469061
2005,25,"dummy","687","Theo Ratliff",0.256347017169024
2005,25,"dummy","1015","Tony Parker",0.235400978005547
2005,25,"dummy","1000","Brendan Haywood",0.231608067654948
2005,25,"dummy","pair_193_662",NA,0.22930513772593
2005,25,"dummy","pair_2384_255",NA,0.227838150883002
2005,25,"dummy","pair_1981_984",NA,0.224707078258899
2005,25,"dummy","2011","Kyle Korver",0.218369153506698
2005,25,"dummy","139","Kelvin Cato",0.205145678142803
2005,25,"dummy","1711","Drew Gooden",0.187148636325973
2005,25,"dummy","515","Kenyon Martin",0.17988270111371
2005,25,"dummy","2178","Maurice Williams",0.137785610527882
2005,25,"dummy","498","Jamaal Magloire",0.125593678777927
2005,25,"dummy","1",NA,0.117837948312004
2005,25,"dummy","pair_2011_366",NA,0.115883087436085
2005,25,"dummy","1987","Dwyane Wade",0.109994515239084
2005,25,"dummy","518","Desmond Mason",0.097814176717275
2005,25,"dummy","372","Jimmy Jackson",0.0864890023564439
2005,25,"dummy","pair_110_26",NA,0.0839392227218301
2005,25,"dummy","261","Kevin Garnett",0.058357302509417
2005,25,"dummy","849","Kenny Thomas",0.0574490247383356
2005,25,"dummy","385","Antawn Jamison",0.0563596563758603
2005,25,"dummy","813","Predrag Stojakovic",0.0530186783991692
2005,25,"dummy","147","Doug Christie",0.0363895858687595
2005,25,"dummy","91","Elton Brand",0.0356745161023173
2005,25,"dummy","70","Mark Blount",0.0240671233117691
2005,25,"dummy","868","Nick Van",0.0207952402324716
2005,25,"dummy","692","Michael Redd",0.0204444739705283
2005,25,"dummy","454","Raef LaFrentz",0.00662522389336022
2005,25,"dummy","356","Larry Hughes",-0.00372122311060066
2005,25,"dummy","738","Jalen Rose",-0.010014046072685
2005,25,"dummy","336","Grant Hill",-0.0122731800516672
2005,25,"dummy","2386","Andre Iguodala",-0.0198820380175551
2005,25,"dummy","2",NA,-0.0299244291454439
2005,25,"dummy","150","Speedy Claxton",-0.0373904205024267
2005,25,"dummy","26","Chucky Atkins",-0.0451003280175106
2005,25,"dummy","136","Vince Carter",-0.0565401058937932
2005,25,"dummy","991","Samuel Dalembert",-0.0601932980544946
2005,25,"dummy","pair_11_1977",NA,-0.0806810977575086
2005,25,"dummy","656","Morris Peterson",-0.0920260232925824
2005,25,"dummy","959","Lorenzen Wright",-0.121551023695501
2005,25,"dummy","pair_518_692",NA,-0.122246749386684
2005,25,"dummy","1985","Luke Ridnour",-0.124618041928691
2005,25,"dummy","933","Jason Williams",-0.125866764342642
2005,25,"dummy","788","Joe Smith",-0.148268313955136
2005,25,"dummy","255","Steve Francis",-0.151262085960793
2005,25,"dummy","351","Juwan Howard",-0.157526794793798
2005,25,"dummy","pair_2399_440",NA,-0.159584942183922
2005,25,"dummy","pair_1987_402",NA,-0.161723159128909
2005,25,"dummy","pair_638_817",NA,-0.165666067154618
2005,25,"dummy","pair_1722_532",NA,-0.169188791146538
2005,25,"dummy","125","Marcus Camby",-0.172481418421923
2005,25,"dummy","846","Kurt Thomas",-0.17484083097528
2005,25,"dummy","904","David Wesley",-0.181488851095047
2005,25,"dummy","1708","Mike Dunleavy",-0.182082224570273
2005,25,"dummy","617","Lamar Odom",-0.211383666151237
2005,25,"dummy","pair_61_813",NA,-0.227844604804295
2005,25,"dummy","1026","Gerald Wallace",-0.229239632061357
2005,25,"dummy","193","Ricky Davis",-0.235753700739919
2005,25,"dummy","897","Chris Webber",-0.236280857807712
2005,25,"dummy","1018","Jason Richardson",-0.246088136511974
2005,25,"dummy","800","Latrell Sprewell",-0.253047485161211
2005,25,"dummy","1982","Chris Kaman",-0.270545712926904
2005,25,"dummy","pair_167_1718",NA,-0.276281768990395
2005,25,"dummy","1017","Zach Randolph",-0.27959476590004
2005,25,"dummy","671","James Posey",-0.28046030755604
2005,25,"dummy","165","Jamal Crawford",-0.281166445369631
2005,25,"dummy","pair_497_91",NA,-0.284422093575736
2005,25,"dummy","1975","Carmelo Anthony",-0.302890953030911
2005,25,"dummy","440","Brevin Knight",-0.331668103848754
2005,25,"dummy","817","Damon Stoudamire",-0.332758519908359
2005,25,"dummy","990","Eddy Curry",-0.337237131354208
2005,25,"dummy","888","Charlie Ward",-0.355185672224089
2005,25,"dummy","640","Gary Payton",-0.357763090745307
2005,25,"dummy","1705","Caron Butler",-0.368029258101261
2005,25,"dummy","847","Tim Thomas",-0.392165060941423
2005,25,"dummy","497","Corey Maggette",-0.405084319423497
2005,25,"dummy","366","Allen Iverson",-0.406296640488622
2005,25,"dummy","99","P.J. Brown",-0.431145415145273
2005,25,"dummy","1722","Yao Ming",-0.458506886811428
2005,25,"dummy","3","Shareef Abdur-Rahim",-0.466907970371131
2005,25,"dummy","2384","Dwight Howard",-0.481986918425446
2005,25,"dummy","615","Jermaine O'Neal",-0.490955057105063
2005,25,"dummy","11","Rafer Alston",-0.496098709794646
2005,25,"dummy","4",NA,-0.543545681774183
2005,25,"dummy","1718","Fred Jones",-0.572744358904664
2005,25,"dummy","306","Matt Harpring",-0.588795255375444
2005,25,"dummy","568","Nazr Mohammed",-0.60405697274491
2005,25,"dummy","49","Raja Bell",-0.652518880502888
2005,25,"dummy","590","Lee Nailon",-0.662687402895097
2005,25,"dummy","18","Derek Anderson",-0.696472526004076
2005,25,"dummy","549","Chris Mihm",-0.715971026788868
2005,25,"dummy","5",NA,-0.721654912890889
2005,25,"dummy","308","Al Harrington",-0.786128710005189
2005,25,"dummy","pair_1013_1018",NA,-0.8068580640235
2005,25,"dummy","2399","Emeka Okafor",-0.871959709080216
2005,25,"dummy","1006","Richard Jefferson",-0.929561748996875
2005,25,"dummy","1013","Troy Murphy",-0.99741490666433
2005,25,"dummy","pair_1014_306",NA,-1.01434335289105
2005,25,"dummy","94","Primoz Brezec",-1.04444777120116
2005,25,"dummy","729","Rodney Rogers",-1.04938164763794
2005,25,"dummy","pair_590_99",NA,-1.06110375819331
2005,25,"dummy","881","Antoine Walker",-1.1815219894876
2005,25,"dummy","pair_308_881",NA,-1.30932772084398
2005,25,"dummy","580","Alonzo Mourning",-1.31964929837174
2005,25,"dummy","465","Voshon Lenard",-1.55867232018463
2005,25,"dummy","714","Cliff Robinson",-1.56461210142434
2005,30,"dummy","215","Tim Duncan",2.25862234492449
2005,30,"dummy","pair_959_976",NA,1.61052989820033
2005,30,"dummy","592","Steve Nash",1.550214135151
2005,30,"dummy","434","Andrei Kirilenko",1.47265116708037
2005,30,"dummy","pair_136_429",NA,1.37337730043314
2005,30,"dummy","2006","Josh Howard",1.2262199319479
2005,30,"dummy","883","Rasheed Wallace",1.07251708579325
2005,30,"dummy","556","Brad Miller",1.05645015327518
2005,30,"dummy","1966","LeBron James",1.02627749004049
2005,30,"dummy","609","Dirk Nowitzki",0.974443685763709
2005,30,"dummy","996","Pau Gasol",0.973881619985329
2005,30,"dummy","614","Shaquille O'Neal",0.973248615386982
2005,30,"dummy","pair_261_831",NA,0.942079936147798
2005,30,"dummy","9","Ray Allen",0.927822188854597
2005,30,"dummy","181","Erick Dampier",0.91172336359983
2005,30,"dummy","662","Paul Pierce",0.874095574821614
2005,30,"dummy","pair_1007_510",NA,0.86900078452482
2005,30,"dummy","pair_1015_83",NA,0.824397418254086
2005,30,"dummy","703","Quentin Richardson",0.822530153494911
2005,30,"dummy","510","Shawn Marion",0.815274939125244
2005,30,"dummy","885","Ben Wallace",0.810006338997569
2005,30,"dummy","362","Zydrunas Ilgauskas",0.788290334615128
2005,30,"dummy","2184","Udonis Haslem",0.758228670125333
2005,30,"dummy","469","Rashard Lewis",0.745516796835266
2005,30,"dummy","pair_242_609",NA,0.742898968098032
2005,30,"dummy","83","Bruce Bowen",0.727014209889875
2005,30,"dummy","825","Bob Sura",0.701949588856059
2005,30,"dummy","1727","Amare Stoudemire",0.688949682416049
2005,30,"dummy","1977","Chris Bosh",0.682325809174595
2005,30,"dummy","110","Kobe Bryant",0.680434961238127
2005,30,"dummy","1024","Jamaal Tinsley",0.675106747662912
2005,30,"dummy","pair_1966_535",NA,0.665470221678611
2005,30,"dummy","pair_385_974",NA,0.609900790360988
2005,30,"dummy","1015","Tony Parker",0.597014634542006
2005,30,"dummy","429","Jason Kidd",0.595357618619173
2005,30,"dummy","378","Stephen Jackson",0.590206834064092
2005,30,"dummy","61","Mike Bibby",0.586219544244249
2005,30,"dummy","1981","Kirk Hinrich",0.578911501994576
2005,30,"dummy","1022","Bobby Simmons",0.573890026870832
2005,30,"dummy","552","Reggie Miller",0.539278046033946
2005,30,"dummy","pair_1975_557",NA,0.532399933105344
2005,30,"dummy","402","Eddie Jones",0.514695008642037
2005,30,"dummy","987","Jason Collins",0.500102250951844
2005,30,"dummy","532","Tracy McGrady",0.489642262313472
2005,30,"dummy","557","Andre Miller",0.469262559078489
2005,30,"dummy","1007","Joe Johnson",0.428684642001586
2005,30,"dummy","1703","Carlos Boozer",0.419834779592364
2005,30,"dummy","pair_1724_63",NA,0.40557866588254
2005,30,"dummy","242","Michael Finley",0.393902585724243
2005,30,"dummy","1",NA,0.389274465903592
2005,30,"dummy","294","Richard Hamilton",0.37447868921654
2005,30,"dummy","1724","Tayshaun Prince",0.33203903024949
2005,30,"dummy","509","Stephon Marbury",0.324624135329113
2005,30,"dummy","pair_509_846",NA,0.324509184814855
2005,30,"dummy","pair_2011_366",NA,0.312053687379948
2005,30,"dummy","387","Marko Jaric",0.300636841526468
2005,30,"dummy","pair_2384_255",NA,0.295275457091855
2005,30,"dummy","pair_1981_984",NA,0.289994183444652
2005,30,"dummy","974","Gilbert Arenas",0.287581963466573
2005,30,"dummy","pair_469_9",NA,0.281098200407582
2005,30,"dummy","566","Cuttino Mobley",0.278593981608463
2005,30,"dummy","1000","Brendan Haywood",0.25372580639552
2005,30,"dummy","535","Jeff McInnis",0.241074279800557
2005,30,"dummy","25","Ron Artest",0.239342580603207
2005,30,"dummy","261","Kevin Garnett",0.21561522409667
2005,30,"dummy","63","Chauncey Billups",0.21248513612579
2005,30,"dummy","194","Baron Davis",0.204796287576337
2005,30,"dummy","pair_193_662",NA,0.185018793730107
2005,30,"dummy","515","Kenyon Martin",0.156972833344906
2005,30,"dummy","2",NA,0.155487373297416
2005,30,"dummy","498","Jamaal Magloire",0.152663325405705
2005,30,"dummy","518","Desmond Mason",0.149125969938046
2005,30,"dummy","1987","Dwyane Wade",0.147539830179372
2005,30,"dummy","pair_110_26",NA,0.0964741947918213
2005,30,"dummy","692","Michael Redd",0.0830039809336225
2005,30,"dummy","2386","Andre Iguodala",0.0798163909781033
2005,30,"dummy","1711","Drew Gooden",0.0714310305447491
2005,30,"dummy","372","Jimmy Jackson",0.0323578926791276
2005,30,"dummy","385","Antawn Jamison",0.0222391279141423
2005,30,"dummy","813","Predrag Stojakovic",0.00317716380815035
2005,30,"dummy","336","Grant Hill",-0.00136817656942276
2005,30,"dummy","91","Elton Brand",-0.00201112665900741
2005,30,"dummy","70","Mark Blount",-0.0231176505995389
2005,30,"dummy","pair_638_817",NA,-0.0339613465290612
2005,30,"dummy","356","Larry Hughes",-0.0343034242126559
2005,30,"dummy","pair_11_1977",NA,-0.0578198128314539
2005,30,"dummy","26","Chucky Atkins",-0.0722993023813209
2005,30,"dummy","pair_2399_440",NA,-0.104850696627588
2005,30,"dummy","788","Joe Smith",-0.145869010230636
2005,30,"dummy","800","Latrell Sprewell",-0.14666368839437
2005,30,"dummy","pair_518_692",NA,-0.158069765900114
2005,30,"dummy","136","Vince Carter",-0.169536706461573
2005,30,"dummy","255","Steve Francis",-0.18148383678307
2005,30,"dummy","150","Speedy Claxton",-0.191532490541587
2005,30,"dummy","pair_1987_402",NA,-0.253726431041672
2005,30,"dummy","990","Eddy Curry",-0.271673034068851
2005,30,"dummy","904","David Wesley",-0.280338838055986
2005,30,"dummy","617","Lamar Odom",-0.281610593052345
2005,30,"dummy","125","Marcus Camby",-0.284105943764839
2005,30,"dummy","846","Kurt Thomas",-0.286159619921699
2005,30,"dummy","pair_1722_532",NA,-0.28747582820784
2005,30,"dummy","1708","Mike Dunleavy",-0.299810762593016
2005,30,"dummy","5",NA,-0.304043921167205
2005,30,"dummy","3","Shareef Abdur-Rahim",-0.307683533851858
2005,30,"dummy","1018","Jason Richardson",-0.340829444108835
2005,30,"dummy","pair_61_813",NA,-0.362959523628469
2005,30,"dummy","1982","Chris Kaman",-0.364644850574488
2005,30,"dummy","pair_497_91",NA,-0.369228736513841
2005,30,"dummy","897","Chris Webber",-0.371555541534503
2005,30,"dummy","817","Damon Stoudamire",-0.387684908178134
2005,30,"dummy","1017","Zach Randolph",-0.404549519833156
2005,30,"dummy","366","Allen Iverson",-0.406001799440025
2005,30,"dummy","165","Jamal Crawford",-0.413196333852165
2005,30,"dummy","1975","Carmelo Anthony",-0.447497280800674
2005,30,"dummy","1705","Caron Butler",-0.462846266975972
2005,30,"dummy","4",NA,-0.477783219331869
2005,30,"dummy","pair_167_1718",NA,-0.502562443500322
2005,30,"dummy","640","Gary Payton",-0.516302338633829
2005,30,"dummy","497","Corey Maggette",-0.531785045172754
2005,30,"dummy","11","Rafer Alston",-0.567504117720663
2005,30,"dummy","2384","Dwight Howard",-0.603759681129712
2005,30,"dummy","99","P.J. Brown",-0.612515333871995
2005,30,"dummy","1722","Yao Ming",-0.62645218605017
2005,30,"dummy","615","Jermaine O'Neal",-0.669186618656982
2005,30,"dummy","306","Matt Harpring",-0.689655681446829
2005,30,"dummy","568","Nazr Mohammed",-0.821064076111546
2005,30,"dummy","308","Al Harrington",-0.862466703087965
2005,30,"dummy","549","Chris Mihm",-0.873200202972769
2005,30,"dummy","2399","Emeka Okafor",-1.00804948052222
2005,30,"dummy","pair_1013_1018",NA,-1.05539733789047
2005,30,"dummy","1006","Richard Jefferson",-1.13019925496158
2005,30,"dummy","pair_1014_306",NA,-1.19000970358882
2005,30,"dummy","94","Primoz Brezec",-1.22104886112875
2005,30,"dummy","1013","Troy Murphy",-1.37357839546602
2005,30,"dummy","881","Antoine Walker",-1.37845306233434
2005,30,"dummy","pair_590_99",NA,-1.44645486825862
2005,30,"dummy","pair_308_881",NA,-1.50002618664847
2005,30,"dummy","580","Alonzo Mourning",-1.53251305187734
2006,0,"dummy","742",NA,12.893859833618
2006,0,"dummy","543",NA,9.59507762050833
2006,0,"dummy","2221","Linton Johnson",2.6476987671834
2006,0,"dummy","660","Eric Piatkowski",1.58700572097628
2006,0,"dummy","847","Tim Thomas",1.52412915601618
2006,0,"dummy","25","Ron Artest",1.22675328971904
2006,0,"dummy","302","Anfernee Hardaway",1.20688071400737
2006,0,"dummy","27","Stacey Augmon",1.13533604740211
2006,0,"dummy","2855","Kevin Burleson",1.03413076741371
2006,0,"dummy","2449","Jackson Vroman",0.94533376093565
2006,0,"dummy","2426","Trevor Ariza",0.903291001260005
2006,0,"dummy","272","Manu Ginobili",0.902733650661057
2006,0,"dummy","514","Darrick Martin",0.901226446829877
2006,0,"dummy","883","Rasheed Wallace",0.88717398374309
2006,0,"dummy","2817","Anthony Roberson",0.885366314585851
2006,0,"dummy","2751","Monta Ellis",0.83778937868865
2006,0,"dummy","2167","Boris Diaw",0.821399137353875
2006,0,"dummy","2834","Chuck Hayes",0.8179866794301
2006,0,"dummy","77","Calvin Booth",0.769578351783896
2006,0,"dummy","580","Alonzo Mourning",0.754787107334823
2006,0,"dummy","885","Ben Wallace",0.748554433409149
2006,0,"dummy","63","Chauncey Billups",0.739526633099076
2006,0,"dummy","285","Adrian Griffin",0.72904696078653
2006,0,"dummy","347","Robert Horry",0.716895264468791
2006,0,"dummy","2458","John Edwards",0.70767406314809
2006,0,"dummy","406","Damon Jones",0.707166614637901
2006,0,"dummy","1034","Charlie Bell",0.706664608307778
2006,0,"dummy","2800","Bracey Wright",0.704743969355497
2006,0,"dummy","1710","Dan Gadzuric",0.693327434829553
2006,0,"dummy","248","Danny Fortson",0.681978530671796
2006,0,"dummy","933","Jason Williams",0.680825332556204
2006,0,"dummy","609","Dirk Nowitzki",0.676573632637847
2006,0,"dummy","2746","Andray Blatche",0.658017473915948
2006,0,"dummy","2839","Aaron Miles",0.656264988659822
2006,0,"dummy","376","Bobby Jackson",0.630103287913738
2006,0,"dummy","2757","Ryan Gomes",0.626137363124265
2006,0,"dummy","496","Mark Madsen",0.612551324685395
2006,0,"dummy","614","Shaquille O'Neal",0.598325123400894
2006,0,"dummy","294","Richard Hamilton",0.596835632835856
2006,0,"dummy","992","DeSagana Diop",0.592745876031128
2006,0,"dummy","pair_1724_63",NA,0.592537278226097
2006,0,"dummy","1029","Loren Woods",0.586703620843008
2006,0,"dummy","1724","Tayshaun Prince",0.585490062150398
2006,0,"dummy","2745","Brandon Bass",0.581251729279015
2006,0,"dummy","860","Jake Tsakalidis",0.580430900719044
2006,0,"dummy","151","Mateen Cleaves",0.577523757554013
2006,0,"dummy","671","James Posey",0.57698276076203
2006,0,"dummy","1987","Dwyane Wade",0.573769992126303
2006,0,"dummy","147","Doug Christie",0.569985053426787
2006,0,"dummy","568","Nazr Mohammed",0.564122062327979
2006,0,"dummy","267","Devean George",0.544510095058377
2006,0,"dummy","2787","Chris Taft",0.542420454458875
2006,0,"dummy","2448","Beno Udrih",0.538895654507216
2006,0,"dummy","pair_609_841",NA,0.538510653483558
2006,0,"dummy","1723","Bostjan Nachbar",0.537823750828619
2006,0,"dummy","1015","Tony Parker",0.537421836579793
2006,0,"dummy","130","Brian Cardinal",0.537324842478089
2006,0,"dummy","2006","Josh Howard",0.536851755875307
2006,0,"dummy","608","Moochie Norris",0.534737091233684
2006,0,"dummy","pair_1015_215",NA,0.523245184837871
2006,0,"dummy","987","Jason Collins",0.510231195695191
2006,0,"dummy","18","Derek Anderson",0.508513101957886
2006,0,"dummy","1027","Earl Watson",0.507160401259464
2006,0,"dummy","510","Shawn Marion",0.500575393582041
2006,0,"dummy","848","John Thomas",0.496821487168158
2006,0,"dummy","pair_1018_246",NA,0.488662911283217
2006,0,"dummy","1875","Richie Frahm",0.482510407528217
2006,0,"dummy","984","Tyson Chandler",0.478642892615443
2006,0,"dummy","2421","Sasha Vujacic",0.476638500519717
2006,0,"dummy","167","Austin Croshere",0.461581638965759
2006,0,"dummy","881","Antoine Walker",0.454549916682027
2006,0,"dummy","pair_566_91",NA,0.454381685206452
2006,0,"dummy","2200","Marquis Daniels",0.446474999213546
2006,0,"dummy","1031","Maurice Evans",0.441333327872803
2006,0,"dummy","2781","Lawrence Roberts",0.427723624070841
2006,0,"dummy","434","Andrei Kirilenko",0.427291958891611
2006,0,"dummy","215","Tim Duncan",0.423585330728668
2006,0,"dummy","530","Antonio McDyess",0.420760635726922
2006,0,"dummy","2776","Sean May",0.396420075153018
2006,0,"dummy","pair_1966_512",NA,0.396073977754608
2006,0,"dummy","83","Bruce Bowen",0.383201939497865
2006,0,"dummy","pair_510_592",NA,0.374438144674398
2006,0,"dummy","566","Cuttino Mobley",0.373288868584012
2006,0,"dummy","1731","Chris Wilcox",0.37319031020217
2006,0,"dummy","402","Eddie Jones",0.362375870498617
2006,0,"dummy","2755","Francisco Garcia",0.362229677740639
2006,0,"dummy","664","Scot Pollard",0.360862549610093
2006,0,"dummy","2422","Delonte West",0.358247139347804
2006,0,"dummy","2178","Maurice Williams",0.356375420624577
2006,0,"dummy","136","Vince Carter",0.35264739046844
2006,0,"dummy","959","Lorenzen Wright",0.343480247234114
2006,0,"dummy","1966","LeBron James",0.342447350884542
2006,0,"dummy","91","Elton Brand",0.338137686533925
2006,0,"dummy","841","Jason Terry",0.328563630534616
2006,0,"dummy","1042","Charles Smith",0.311216656315403
2006,0,"dummy","788","Joe Smith",0.309103529971553
2006,0,"dummy","2824","Esteban Batista",0.304140030745871
2006,0,"dummy","181","Erick Dampier",0.303890560527494
2006,0,"dummy","996","Pau Gasol",0.303678217039808
2006,0,"dummy","601","Ira Newble",0.294427502840263
2006,0,"dummy","280","Brian Grant",0.292836302297133
2006,0,"dummy","pair_1006_429",NA,0.290852659814392
2006,0,"dummy","936","Corliss Williamson",0.282561379852253
2006,0,"dummy","pair_110_617",NA,0.280753778338601
2006,0,"dummy","497","Corey Maggette",0.280597225813402
2006,0,"dummy","1913","Mike Wilks",0.280163920986759
2006,0,"dummy","512","Donyell Marshall",0.279595032252081
2006,0,"dummy","831","Wally Szczerbiak",0.276378045182683
2006,0,"dummy","2813","Sarunas Jasikevicius",0.272283144034341
2006,0,"dummy","110","Kobe Bryant",0.268760967224984
2006,0,"dummy","592","Steve Nash",0.267009073320331
2006,0,"dummy","2429","Luol Deng",0.26553917727971
2006,0,"dummy","387","Marko Jaric",0.259333168974788
2006,0,"dummy","2508","Jackie Butler",0.247517723819774
2006,0,"dummy","pair_378_396",NA,0.236946394707817
2006,0,"dummy","2805","Fabricio Oberto",0.233031519220713
2006,0,"dummy","549","Chris Mihm",0.230705005509272
2006,0,"dummy","2450","DJ Mbenga",0.230171167937975
2006,0,"dummy","pair_1987_2184",NA,0.229028238819963
2006,0,"dummy","377","Marc Jackson",0.224980298967751
2006,0,"dummy","250","Jeff Foster",0.222241530416416
2006,0,"dummy","2520","James Thomas",0.22189777183474
2006,0,"dummy","1784","Darius Songaila",0.219773043174577
2006,0,"dummy","42","Brent Barry",0.219615931519374
2006,0,"dummy","49","Raja Bell",0.218909227521036
2006,0,"dummy","pair_976_996",NA,0.215561726776284
2006,0,"dummy","991","Samuel Dalembert",0.214593543747196
2006,0,"dummy","556","Brad Miller",0.208289348582244
2006,0,"dummy","2427","Andris Biedrins",0.206375888798801
2006,0,"dummy","2439","Jameer Nelson",0.204324355580125
2006,0,"dummy","2810","Shavlik Randolph",0.20414664930451
2006,0,"dummy","591","Eduardo Najera",0.203965395966423
2006,0,"dummy","pair_1975_557",NA,0.195110846320257
2006,0,"dummy","2399","Emeka Okafor",0.194792944333954
2006,0,"dummy","1718","Fred Jones",0.19021708368041
2006,0,"dummy","976","Shane Battier",0.18877378472353
2006,0,"dummy","pair_1014_434",NA,0.187537505834419
2006,0,"dummy","515","Kenyon Martin",0.186189633955049
2006,0,"dummy","598","Rasho Nesterovic",0.184504471224988
2006,0,"dummy","532","Tracy McGrady",0.180928599318394
2006,0,"dummy","2172","Sasha Pavlovic",0.179302493561907
2006,0,"dummy","2778","C.J. Miles",0.175414665913158
2006,0,"dummy","1705","Caron Butler",0.174506209497199
2006,0,"dummy","11","Rafer Alston",0.173192904180514
2006,0,"dummy","2166","Leandro Barbosa",0.172664312887277
2006,0,"dummy","558","Mike Miller",0.17067048016352
2006,0,"dummy","846","Kurt Thomas",0.168063508640982
2006,0,"dummy","2009","James Jones",0.166024265191155
2006,0,"dummy","2830",NA,0.163275144291935
2006,0,"dummy","2382","Devin Harris",0.161448972579926
2006,0,"dummy","2789","Ronny Turiaf",0.160498389227722
2006,0,"dummy","2184","Udonis Haslem",0.159593857438056
2006,0,"dummy","1021","Brian Scalabrine",0.156296855177827
2006,0,"dummy","398","DerMarr Johnson",0.155515885825727
2006,0,"dummy","193","Ricky Davis",0.153698429842313
2006,0,"dummy","2770","Linas Kleiza",0.151222128442184
2006,0,"dummy","802","Jerry Stackhouse",0.147515404036035
2006,0,"dummy","2873","James Singleton",0.147335761471486
2006,0,"dummy","194","Baron Davis",0.146880452732458
2006,0,"dummy","362","Zydrunas Ilgauskas",0.146150151862029
2006,0,"dummy","pair_2422_662",NA,0.1450856592593
2006,0,"dummy","1722","Yao Ming",0.142423206886275
2006,0,"dummy","pair_556_61",NA,0.141907459257324
2006,0,"dummy","2386","Andre Iguodala",0.138963675186331
2006,0,"dummy","1018","Jason Richardson",0.138896792249195
2006,0,"dummy","557","Andre Miller",0.13218724478877
2006,0,"dummy","pair_1981_2429",NA,0.128404768471417
2006,0,"dummy","1016","Vladimir Radmanovic",0.125388552115356
2006,0,"dummy","348","Eddie House",0.125369498769317
2006,0,"dummy","1000","Brendan Haywood",0.119197242777141
2006,0,"dummy","2419","Anderson Varejao",0.109223788402676
2006,0,"dummy","692","Michael Redd",0.106473009149259
2006,0,"dummy","356","Larry Hughes",0.106333510250771
2006,0,"dummy","pair_385_974",NA,0.104428479997807
2006,0,"dummy","385","Antawn Jamison",0.10020758476016
2006,0,"dummy","2388","Luke Jackson",0.0975067779972862
2006,0,"dummy","242","Michael Finley",0.0974232886375915
2006,0,"dummy","1719","Nenad Krstic",0.0971651555376352
2006,0,"dummy","6569","Alan Anderson",0.0963907147019862
2006,0,"dummy","pair_261_998",NA,0.0935561333445618
2006,0,"dummy","306","Matt Harpring",0.0921442157041397
2006,0,"dummy","2792","Charlie Villanueva",0.09102637786572
2006,0,"dummy","307","Othella Harrington",0.0905390622489252
2006,0,"dummy","372","Jim Jackson",0.0890815966660944
2006,0,"dummy","2492","Melvin Sanders",0.0847862954600707
2006,0,"dummy","1767","Rasual Butler",0.0843981532285175
2006,0,"dummy","1982","Chris Kaman",0.0794676740244355
2006,0,"dummy","2754","Channing Frye",0.0745797941952083
2006,0,"dummy","615","Jermaine O'Neal",0.0720947748169256
2006,0,"dummy","2752","Daniel Ewing",0.0708000751481554
2006,0,"dummy","261","Kevin Garnett",0.0706458572824365
2006,0,"dummy","617","Lamar Odom",0.0695741306712424
2006,0,"dummy","1022","Bobby Simmons",0.0690520639256959
2006,0,"dummy","1780",NA,0.0673948689959467
2006,0,"dummy","2383","David Harrison",0.0669883385775482
2006,0,"dummy","2165","Marcus Banks",0.0643245593306762
2006,0,"dummy","2174","Zoran Planinic",0.0513175571236115
2006,0,"dummy","378","Stephen Jackson",0.0499279725424706
2006,0,"dummy","9","Ray Allen",0.0485483492082588
2006,0,"dummy","183","Antonio Daniels",0.0462069901651211
2006,0,"dummy","1858","Devin Brown",0.0438715180939362
2006,0,"dummy","2445","Kirk Snyder",0.0431915444627098
2006,0,"dummy","1006","Richard Jefferson",0.0427211701662967
2006,0,"dummy","454","Raef LaFrentz",0.0330044681914903
2006,0,"dummy","2763","Luther Head",0.0322599820338174
2006,0,"dummy","2772","David Lee",0.0180412620489322
2006,0,"dummy","1980","Jarvis Hayes",0.017896998889618
2006,0,"dummy","1766","Lonny Baxter",0.0146571607031075
2006,0,"dummy","1055","Carlos Arroyo",0.0135646297463125
2006,0,"dummy","254","Adonal Foyle",0.013395452757345
2006,0,"dummy","234","Francisco Elson",0.0130015457809905
2006,0,"dummy","1823","Smush Parker",0.0122937325909584
2006,0,"dummy","396","Anthony Johnson",0.0110919317794244
2006,0,"dummy","640","Gary Payton",0.00534956081109312
2006,0,"dummy","17","Shandon Anderson",0.00377123068492271
2006,0,"dummy","1012","Terence Morris",0.00313923990105431
2006,0,"dummy","pair_2386_366",NA,0.00304601042069045
2006,0,"dummy","359","Lindsey Hunter",0.00200065144846437
2006,0,"dummy","1051","Mike James",0.000591352171987829
2006,0,"dummy","1",NA,0
2006,0,"dummy","2",NA,0
2006,0,"dummy","24","Darrell Armstrong",-0.000536588280098811
2006,0,"dummy","pair_469_9",NA,-0.00196509397400637
2006,0,"dummy","465","Voshon Lenard",-0.00977318638345661
2006,0,"dummy","813","Peja Stojakovic",-0.0144279690589035
2006,0,"dummy","998","Trenton Hassell",-0.0148054532148176
2006,0,"dummy","61","Mike Bibby",-0.0204402176789989
2006,0,"dummy","2381","Ben Gordon",-0.0214026128715715
2006,0,"dummy","2393","Shaun Livingston",-0.0287998447490003
2006,0,"dummy","2782","Nate Robinson",-0.0313721572178592
2006,0,"dummy","974","Gilbert Arenas",-0.0314335451425335
2006,0,"dummy","2744",NA,-0.0370813938518899
2006,0,"dummy","1975","Carmelo Anthony",-0.0395266020138453
2006,0,"dummy","2506","Damien Wilkins",-0.0456630567704049
2006,0,"dummy","662","Paul Pierce",-0.0461150949893784
2006,0,"dummy","296","Zendon Hamilton",-0.0463155584175839
2006,0,"dummy","862","Hedo Turkoglu",-0.0476567862099811
2006,0,"dummy","869","Keith Van",-0.0500112345742486
2006,0,"dummy","2832","Stephen Graham",-0.0544357091949772
2006,0,"dummy","2188","Quinton Ross",-0.0596385036040224
2006,0,"dummy","901","Bonzi Wells",-0.0598463172585888
2006,0,"dummy","138","Sam Cassell",-0.0602529750838401
2006,0,"dummy","150","Speedy Claxton",-0.060302187751144
2006,0,"dummy","741","Michael Ruffin",-0.0614168504497177
2006,0,"dummy","590","Lee Nailon",-0.0617350251189474
2006,0,"dummy","2748","Andrew Bynum",-0.0649835457842464
2006,0,"dummy","1981","Kirk Hinrich",-0.0685983723103655
2006,0,"dummy","1734","Qyntel Woods",-0.0686677485721322
2006,0,"dummy","817","Damon Stoudamire",-0.072791749346482
2006,0,"dummy","429","Jason Kidd",-0.0767359043774718
2006,0,"dummy","99","P.J. Brown",-0.0769916998707711
2006,0,"dummy","125","Marcus Camby",-0.0799868982089251
2006,0,"dummy","714","Clifford Robinson",-0.0812335444991865
2006,0,"dummy","632","Milt Palacio",-0.0823759425374741
2006,0,"dummy","2747","Andrew Bogut",-0.0837953034746233
2006,0,"dummy","550","Darius Miles",-0.0874716432862894
2006,0,"dummy","1978","Nick Collison",-0.090127385611232
2006,0,"dummy","2011","Kyle Korver",-0.0901412861083277
2006,0,"dummy","796","Eric Snow",-0.0961668894043446
2006,0,"dummy","264","Pat Garrity",-0.103578036372913
2006,0,"dummy","2762","Orien Greene",-0.10872825975386
2006,0,"dummy","1979","T.J. Ford",-0.113429346419035
2006,0,"dummy","2411","Josh Smith",-0.114293674215187
2006,0,"dummy","246","Derek Fisher",-0.116246693454947
2006,0,"dummy","187","Dale Davis",-0.118217460424654
2006,0,"dummy","981","Kwame Brown",-0.119461048284822
2006,0,"dummy","2389","Al Jefferson",-0.126987340184075
2006,0,"dummy","pair_1979_692",NA,-0.127321147726247
2006,0,"dummy","270","Eddie Gill",-0.128101593434312
2006,0,"dummy","687","Theo Ratliff",-0.128357875411763
2006,0,"dummy","2779","Chris Paul",-0.129766410737675
2006,0,"dummy","997","Eddie Griffin",-0.12991536755234
2006,0,"dummy","849","Kenny Thomas",-0.130628874339541
2006,0,"dummy","2027","Luke Walton",-0.134162468881633
2006,0,"dummy","2798","Deron Williams",-0.135631269499703
2006,0,"dummy","904","David Wesley",-0.141326727466291
2006,0,"dummy","2384","Dwight Howard",-0.142757389861209
2006,0,"dummy","988","Jarron Collins",-0.146928725856323
2006,0,"dummy","pair_1017_1707",NA,-0.147793737378051
2006,0,"dummy","1977","Chris Bosh",-0.147941892702132
2006,0,"dummy","2750","Ike Diogu",-0.148653395937675
2006,0,"dummy","139","Kelvin Cato",-0.155889735477076
2006,0,"dummy","897","Chris Webber",-0.157242993067021
2006,0,"dummy","3","Shareef Abdur-Rahim",-0.157725094198653
2006,0,"dummy","pair_2753_407",NA,-0.160404480628294
2006,0,"dummy","1014","Mehmet Okur",-0.163544034776907
2006,0,"dummy","1711","Drew Gooden",-0.16379784005
2006,0,"dummy","366","Allen Iverson",-0.170565994011163
2006,0,"dummy","2797","Marvin Williams",-0.170886819358005
2006,0,"dummy","2373","Josh Childress",-0.176276044337471
2006,0,"dummy","656","Morris Peterson",-0.17641588123483
2006,0,"dummy","2177","David West",-0.178466058666848
2006,0,"dummy","2446","Pape Sow",-0.178772602946256
2006,0,"dummy","1709","Melvin Ely",-0.18688723633063
2006,0,"dummy","621","Michael Olowokandi",-0.187348838306566
2006,0,"dummy","pair_2384_862",NA,-0.188516508538836
2006,0,"dummy","2801","Antoine Wright",-0.19269186273149
2006,0,"dummy","2784","Wayne Simien",-0.19379091514241
2006,0,"dummy","1706","Dan Dickau",-0.200033101442382
2006,0,"dummy","879","Jake Voskuhl",-0.207787312244894
2006,0,"dummy","70","Mark Blount",-0.209399528158565
2006,0,"dummy","1026","Gerald Wallace",-0.209693065250828
2006,0,"dummy","2806","Jose Calderon",-0.214794108661602
2006,0,"dummy","630","Scott Padgett",-0.21772996714304
2006,0,"dummy","111","Greg Buckner",-0.218972770076455
2006,0,"dummy","255","Steve Francis",-0.221177436742275
2006,0,"dummy","2214","Ronald Dupree",-0.222282580222017
2006,0,"dummy","498","Jamaal Magloire",-0.224034524208627
2006,0,"dummy","2377","Chris Duhon",-0.226294951446031
2006,0,"dummy","1999","Carlos Delfino",-0.228738884628817
2006,0,"dummy","2794","Hakim Warrick",-0.23230548205397
2006,0,"dummy","868","Nick Van",-0.233318428836028
2006,0,"dummy","2780","Johan Petro",-0.243600010682612
2006,0,"dummy","322","Alan Henderson",-0.251382329776421
2006,0,"dummy","2173","Mickael Pietrus",-0.253124593343747
2006,0,"dummy","1717","Jared Jeffries",-0.254298814572119
2006,0,"dummy","1985","Luke Ridnour",-0.255125284361282
2006,0,"dummy","2456","Andres Nocioni",-0.255421546337465
2006,0,"dummy","1777","Ronald Murray",-0.259198623946479
2006,0,"dummy","2175","Mike Sweetney",-0.271092155896449
2006,0,"dummy","1707","Juan Dixon",-0.276150426974181
2006,0,"dummy","682","Joel Przybilla",-0.277061483676282
2006,0,"dummy","469","Rashard Lewis",-0.279363492629271
2006,0,"dummy","1996","Matt Bonner",-0.283016154104618
2006,0,"dummy","2786","Salim Stoudamire",-0.292133059261721
2006,0,"dummy","837","Maurice Taylor",-0.297169648866929
2006,0,"dummy","2761","Gerald Green",-0.297511828108895
2006,0,"dummy","2394","Kevin Martin",-0.304437895169202
2006,0,"dummy","10","Malik Allen",-0.308236734335722
2006,0,"dummy","2815","Donell Taylor",-0.30855523650742
2006,0,"dummy","2753","Raymond Felton",-0.311809164337365
2006,0,"dummy","518","Desmond Mason",-0.318240890600555
2006,0,"dummy","pair_2177_2779",NA,-0.318824113930785
2006,0,"dummy","588","Dikembe Mutombo",-0.320659541144747
2006,0,"dummy","1821","Jannero Pargo",-0.334504821415942
2006,0,"dummy","1007","Joe Johnson",-0.336821482661622
2006,0,"dummy","622","Greg Ostertag",-0.346079269761401
2006,0,"dummy","808","DeShawn Stevenson",-0.346513974342288
2006,0,"dummy","2522","Keith McLeod",-0.347878870511013
2006,0,"dummy","2018","Kendrick Perkins",-0.356821557697349
2006,0,"dummy","pair_1977_656",NA,-0.376797276790093
2006,0,"dummy","407","Jumaine Jones",-0.376919613853998
2006,0,"dummy","1765","Matt Barnes",-0.38139293645351
2006,0,"dummy","440","Brevin Knight",-0.385941181838916
2006,0,"dummy","2190",NA,-0.390195247423791
2006,0,"dummy","1997","Zarko Cabarkapa",-0.391312375436922
2006,0,"dummy","509","Stephon Marbury",-0.392415828170092
2006,0,"dummy","26","Chucky Atkins",-0.394704222068117
2006,0,"dummy","336","Grant Hill",-0.396253519785139
2006,0,"dummy","2016","Zaza Pachulia",-0.404452304786421
2006,0,"dummy","1726","John Salmons",-0.405275458148783
2006,0,"dummy","2777","Rashad McCants",-0.40575250019161
2006,0,"dummy","829","Stromile Swift",-0.406445708271984
2006,0,"dummy","87","Earl Boykins",-0.407234838053195
2006,0,"dummy","446","Toni Kukoc",-0.40817161023495
2006,0,"dummy","1017","Zach Randolph",-0.4115189204685
2006,0,"dummy","2866",NA,-0.412411712880386
2006,0,"dummy","pair_351_904",NA,-0.415741901585074
2006,0,"dummy","2808",NA,-0.417260823630651
2006,0,"dummy","273","Gordan Giricek",-0.418071903758271
2006,0,"dummy","2428","Antonio Burks",-0.418976128178097
2006,0,"dummy","1013","Troy Murphy",-0.419056565557987
2006,0,"dummy","1775","Mario Kasun",-0.423436417467845
2006,0,"dummy","2512","Awvee Storey",-0.423883322855843
2006,0,"dummy","1998","Brian Cook",-0.425474697204592
2006,0,"dummy","84","Ryan Bowen",-0.430434359860328
2006,0,"dummy","2760","Danny Granger",-0.433034298857295
2006,0,"dummy","638","Ruben Patterson",-0.434933021802389
2006,0,"dummy","2015","Travis Outlaw",-0.435000099177055
2006,0,"dummy","2435","Viktor Khryapa",-0.447094349114795
2006,0,"dummy","2387","Royal Ivey",-0.451678497850269
2006,0,"dummy","1002","Steven Hunter",-0.452244042026767
2006,0,"dummy","pair_165_509",NA,-0.46287463681931
2006,0,"dummy","137","Anthony Carter",-0.465872026586434
2006,0,"dummy","1708","Mike Dunleavy",-0.469847973753952
2006,0,"dummy","2863","Andre Owens",-0.471645231123099
2006,0,"dummy","2211","Matt Carroll",-0.471747858038986
2006,0,"dummy","308","Al Harrington",-0.482581529456322
2006,0,"dummy","586","Lamond Murray",-0.488135473079218
2006,0,"dummy","1995","Keith Bogans",-0.51549287742353
2006,0,"dummy","312","Jason Hart",-0.518515469628984
2006,0,"dummy","1703","Carlos Boozer",-0.522412850679959
2006,0,"dummy","2444","J.R. Smith",-0.526637642452134
2006,0,"dummy","351","Juwan Howard",-0.529942355070982
2006,0,"dummy","779","Brian Skinner",-0.536952895119688
2006,0,"dummy","674","Vitaly Potapenko",-0.537298414250146
2006,0,"dummy","pair_1007_308",NA,-0.544358177652985
2006,0,"dummy","209","Keyon Dooling",-0.54717657732991
2006,0,"dummy","353","Troy Hudson",-0.548108945843947
2006,0,"dummy","738","Jalen Rose",-0.548648056585982
2006,0,"dummy","489","Tyronn Lue",-0.561574587687094
2006,0,"dummy","923","Aaron Williams",-0.56238321799461
2006,0,"dummy","165","Jamal Crawford",-0.565991772247855
2006,0,"dummy","1725","Kareem Rush",-0.58101013228434
2006,0,"dummy","220","Howard Eisley",-0.590066367886019
2006,0,"dummy","2408","Ha Seung-Jin",-0.597673366720318
2006,0,"dummy","2367","Tony Allen",-0.604825746982571
2006,0,"dummy","2405",NA,-0.605546430166098
2006,0,"dummy","1828","Reggie Evans",-0.612143570365325
2006,0,"dummy","45","Tony Battie",-0.613524478360435
2006,0,"dummy","681","Laron Profit",-0.618783949257171
2006,0,"dummy","2759","Joey Graham",-0.626993076577443
2006,0,"dummy","2417","Sebastian Telfair",-0.64760507146892
2006,0,"dummy","1994","Steve Blake",-0.654465734465048
2006,0,"dummy","575","Mikki Moore",-0.657616936506609
2006,0,"dummy","1135","Chris Andersen",-0.664452961810293
2006,0,"dummy","979","Michael Bradley",-0.672782847271858
2006,0,"dummy","2811","Eddie Basden",-0.68815309882095
2006,0,"dummy","2008","Dahntay Jones",-0.692856708579394
2006,0,"dummy","2404","Justin Reed",-0.703905595699587
2006,0,"dummy","739","Malik Rose",-0.70492515378792
2006,0,"dummy","2368","Rafael Araujo",-0.714479597264671
2006,0,"dummy","2768","Jarrett Jack",-0.729939281360495
2006,0,"dummy","2433","Kris Humphries",-0.733296676854032
2006,0,"dummy","990","Eddy Curry",-0.748432741588243
2006,0,"dummy","703","Quentin Richardson",-0.776364376518573
2006,0,"dummy","2416","Robert Swift",-0.784915626949725
2006,0,"dummy","2486","Gerald Fitch",-0.79142191371182
2006,0,"dummy","41","Jon Barry",-0.828465524436512
2006,0,"dummy","874","Jacque Vaughn",-0.863946486369256
2006,0,"dummy","2010","Jason Kapono",-0.87579660154844
2006,0,"dummy","189","Antonio Davis",-0.88204805231499
2006,0,"dummy","929","Eric Williams",-0.897725731935431
2006,0,"dummy","2799","Louis Williams",-0.904300055907944
2006,0,"dummy","851","Etan Thomas",-0.9058042054854
2006,0,"dummy","2749","Travis Diener",-0.906995710959081
2006,0,"dummy","1024","Jamaal Tinsley",-0.920839429835067
2006,0,"dummy","620","Kevin Ollie",-0.931150333929164
2006,0,"dummy","144","Calbert Cheaney",-0.941727681000209
2006,0,"dummy","198","Tony Delk",-0.998281448147576
2006,0,"dummy","1730","Jiri Welsch",-1.00516831193955
2006,0,"dummy","522","Walter McCarty",-1.06755290721598
2006,0,"dummy","94","Primoz Brezec",-1.09817522902114
2006,0,"dummy","2796","Robert Whaley",-1.12560231995346
2006,0,"dummy","1859","Pat Burke",-1.16578319348269
2006,0,"dummy","2804","Arvydas Macijauskas",-1.1882451252707
2006,0,"dummy","2795","Martell Webster",-1.2320319016726
2006,0,"dummy","2171","Darko Milicic",-1.27842933374778
2006,0,"dummy","2886","Devin Green",-1.28179163362414
2006,0,"dummy","2002",NA,-1.29837484118067
2006,0,"dummy","393",NA,-1.33716084160438
2006,0,"dummy","2765","Julius Hodge",-1.33843931798314
2006,0,"dummy","511","Sean Marks",-1.35479072781164
2006,0,"dummy","50","Jonathan Bender",-1.37254225842591
2006,0,"dummy","2197","Josh Powell",-1.42868668094494
2006,0,"dummy","690","Zeljko Rebraca",-1.62294692406486
2006,0,"dummy","383","Jerome James",-1.63080780292648
2006,0,"dummy","535","Jeff McInnis",-1.77453604065505
2006,0,"dummy","539","Aaron McKie",-1.8107680409774
2006,0,"dummy","882",NA,-1.85625980523937
2006,0,"dummy","2771","Yaroslav Korolev",-1.87372523045233
2006,0,"dummy","623","Bo Outlaw",-1.88358278220218
2006,0,"dummy","380","Jermaine Jackson",-1.98340357344288
2006,0,"dummy","207","Michael Doleac",-2.00679253575881
2006,0,"dummy","2807","Ronnie Price",-2.01430606441531
2006,0,"dummy","2438","Sergei Monia",-2.01887496060764
2006,0,"dummy","2819","Dwayne Jones",-2.14824945193208
2006,0,"dummy","1772",NA,-2.56130898932094
2006,0,"dummy","931","Alvin Williams",-2.59124867871822
2006,0,"dummy","2793","Von Wafer",-2.73301867169077
2006,0,"dummy","2874","Boniface Napos;Dong",-2.79601435551046
2006,0,"dummy","2788","Dijon Thompson",-3.7874114267433
2006,0,"dummy","2775","Jason Maxiell",-3.98735922442731
2006,0,"dummy","2169",NA,-4.35582371730521
2006,0,"dummy","106","Rick Brunson",-4.44072810653727
2006,0,"dummy","2423","Dorell Wright",-4.64921010312681
2006,0,"dummy","2212",NA,-4.96950820357541
2006,0,"dummy","1728","Nikoloz Tskitishvili",-5.36839406648722
2006,0,"dummy","275",NA,-5.6868475880518
2006,0,"dummy","2409","Donta Smith",-5.71638235481801
2006,0,"dummy","2809","Rawle Marshall",-6.06591392038329
2006,0,"dummy","2769",NA,-7.21728562254542
2006,0,"dummy","1713",NA,-11.1689260081916
2006,0,"dummy","2477","Earl Barron",-12.5077792681182
2006,0,"dummy","2802",NA,-19.850495871228
2006,5,"dummy","2221","Linton Johnson",2.67215168865183
2006,5,"dummy","660","Eric Piatkowski",1.58836268453621
2006,5,"dummy","847","Tim Thomas",1.52981159295991
2006,5,"dummy","25","Ron Artest",1.22578253861807
2006,5,"dummy","302","Anfernee Hardaway",1.20174899257086
2006,5,"dummy","27","Stacey Augmon",1.12075001580372
2006,5,"dummy","2855","Kevin Burleson",1.10553293908187
2006,5,"dummy","2449","Jackson Vroman",0.950042014866987
2006,5,"dummy","2426","Trevor Ariza",0.916601015199005
2006,5,"dummy","272","Manu Ginobili",0.903442639687514
2006,5,"dummy","883","Rasheed Wallace",0.888240417520396
2006,5,"dummy","514","Darrick Martin",0.886715200114802
2006,5,"dummy","2834","Chuck Hayes",0.856711271314238
2006,5,"dummy","2751","Monta Ellis",0.827174689937374
2006,5,"dummy","2167","Boris Diaw",0.812373093139134
2006,5,"dummy","77","Calvin Booth",0.805857459954661
2006,5,"dummy","580","Alonzo Mourning",0.752474292279548
2006,5,"dummy","885","Ben Wallace",0.748510461212148
2006,5,"dummy","63","Chauncey Billups",0.744187103494309
2006,5,"dummy","285","Adrian Griffin",0.742472995335385
2006,5,"dummy","2458","John Edwards",0.735539372435415
2006,5,"dummy","347","Robert Horry",0.719965952933832
2006,5,"dummy","406","Damon Jones",0.70565818345167
2006,5,"dummy","1034","Charlie Bell",0.702819648121374
2006,5,"dummy","1710","Dan Gadzuric",0.689698097321717
2006,5,"dummy","609","Dirk Nowitzki",0.678879263422598
2006,5,"dummy","933","Jason Williams",0.677779269788539
2006,5,"dummy","248","Danny Fortson",0.673179940314279
2006,5,"dummy","376","Bobby Jackson",0.648977060054599
2006,5,"dummy","2757","Ryan Gomes",0.629984534239629
2006,5,"dummy","496","Mark Madsen",0.625699923187353
2006,5,"dummy","294","Richard Hamilton",0.603821535526755
2006,5,"dummy","614","Shaquille O'Neal",0.603554351076633
2006,5,"dummy","860","Jake Tsakalidis",0.600636927248958
2006,5,"dummy","2787","Chris Taft",0.594424569772783
2006,5,"dummy","pair_1724_63",NA,0.593474420148678
2006,5,"dummy","992","DeSagana Diop",0.588110657527864
2006,5,"dummy","1029","Loren Woods",0.586472889419445
2006,5,"dummy","1724","Tayshaun Prince",0.580873875381833
2006,5,"dummy","671","James Posey",0.574857645553841
2006,5,"dummy","1987","Dwyane Wade",0.573758192612745
2006,5,"dummy","151","Mateen Cleaves",0.568355221609897
2006,5,"dummy","147","Doug Christie",0.567663941966764
2006,5,"dummy","2745","Brandon Bass",0.565622770689646
2006,5,"dummy","568","Nazr Mohammed",0.558654320911694
2006,5,"dummy","2006","Josh Howard",0.542276022772042
2006,5,"dummy","267","Devean George",0.540770732583991
2006,5,"dummy","pair_609_841",NA,0.540423599837565
2006,5,"dummy","1723","Bostjan Nachbar",0.538140352175125
2006,5,"dummy","1015","Tony Parker",0.538122994326643
2006,5,"dummy","130","Brian Cardinal",0.529577499956692
2006,5,"dummy","2448","Beno Udrih",0.528916390527561
2006,5,"dummy","608","Moochie Norris",0.52580488529074
2006,5,"dummy","pair_1015_215",NA,0.52292138241704
2006,5,"dummy","1027","Earl Watson",0.511740102677776
2006,5,"dummy","987","Jason Collins",0.509360019593746
2006,5,"dummy","18","Derek Anderson",0.504123766821923
2006,5,"dummy","510","Shawn Marion",0.504038409958378
2006,5,"dummy","pair_1018_246",NA,0.487350166544614
2006,5,"dummy","1875","Richie Frahm",0.485799513848306
2006,5,"dummy","984","Tyson Chandler",0.477625148565497
2006,5,"dummy","2421","Sasha Vujacic",0.474660072035285
2006,5,"dummy","167","Austin Croshere",0.462627723823746
2006,5,"dummy","pair_566_91",NA,0.456275034933117
2006,5,"dummy","2200","Marquis Daniels",0.450135696288913
2006,5,"dummy","2776","Sean May",0.439697311461408
2006,5,"dummy","530","Antonio McDyess",0.433729259710019
2006,5,"dummy","881","Antoine Walker",0.432879215692701
2006,5,"dummy","434","Andrei Kirilenko",0.430258497037164
2006,5,"dummy","215","Tim Duncan",0.426411202390551
2006,5,"dummy","1031","Maurice Evans",0.424639222791658
2006,5,"dummy","pair_1966_512",NA,0.403515145751793
2006,5,"dummy","83","Bruce Bowen",0.383558098240232
2006,5,"dummy","pair_510_592",NA,0.380349634486621
2006,5,"dummy","402","Eddie Jones",0.368809734805244
2006,5,"dummy","566","Cuttino Mobley",0.367694441091531
2006,5,"dummy","2755","Francisco Garcia",0.362953692024883
2006,5,"dummy","1731","Chris Wilcox",0.36074319144855
2006,5,"dummy","664","Scot Pollard",0.360148548615297
2006,5,"dummy","2422","Delonte West",0.357804511450747
2006,5,"dummy","2178","Maurice Williams",0.352270741658161
2006,5,"dummy","136","Vince Carter",0.352237382055275
2006,5,"dummy","1966","LeBron James",0.348412046054935
2006,5,"dummy","601","Ira Newble",0.346050156624983
2006,5,"dummy","2824","Esteban Batista",0.344675359471229
2006,5,"dummy","959","Lorenzen Wright",0.344149161725211
2006,5,"dummy","91","Elton Brand",0.33491817316727
2006,5,"dummy","841","Jason Terry",0.328903859455053
2006,5,"dummy","788","Joe Smith",0.313881674642539
2006,5,"dummy","1042","Charles Smith",0.311631219257001
2006,5,"dummy","280","Brian Grant",0.305306230503882
2006,5,"dummy","181","Erick Dampier",0.30505753540659
2006,5,"dummy","996","Pau Gasol",0.302807400064488
2006,5,"dummy","pair_1006_429",NA,0.291016139450519
2006,5,"dummy","512","Donyell Marshall",0.286580077468677
2006,5,"dummy","936","Corliss Williamson",0.283936943337097
2006,5,"dummy","497","Corey Maggette",0.281908461691708
2006,5,"dummy","2813","Sarunas Jasikevicius",0.279762014870365
2006,5,"dummy","pair_110_617",NA,0.27870153988714
2006,5,"dummy","831","Wally Szczerbiak",0.277424498211195
2006,5,"dummy","110","Kobe Bryant",0.269549301209058
2006,5,"dummy","2429","Luol Deng",0.269125446116269
2006,5,"dummy","592","Steve Nash",0.268511945627822
2006,5,"dummy","2520","James Thomas",0.266270373960981
2006,5,"dummy","387","Marko Jaric",0.2575840275092
2006,5,"dummy","2508","Jackie Butler",0.246646233400578
2006,5,"dummy","pair_378_396",NA,0.23937616233264
2006,5,"dummy","pair_1987_2184",NA,0.231171037535561
2006,5,"dummy","549","Chris Mihm",0.228285712233372
2006,5,"dummy","377","Marc Jackson",0.228205587161202
2006,5,"dummy","42","Brent Barry",0.227222051204315
2006,5,"dummy","250","Jeff Foster",0.222782836721673
2006,5,"dummy","1784","Darius Songaila",0.220791720858978
2006,5,"dummy","991","Samuel Dalembert",0.216528197494172
2006,5,"dummy","2427","Andris Biedrins",0.214866334337661
2006,5,"dummy","pair_976_996",NA,0.214859838805477
2006,5,"dummy","2805","Fabricio Oberto",0.212937740767512
2006,5,"dummy","49","Raja Bell",0.212439920186071
2006,5,"dummy","2439","Jameer Nelson",0.210098294511939
2006,5,"dummy","556","Brad Miller",0.208683608910076
2006,5,"dummy","591","Eduardo Najera",0.202938122340578
2006,5,"dummy","1718","Fred Jones",0.195379940251296
2006,5,"dummy","pair_1975_557",NA,0.194852603628846
2006,5,"dummy","2810","Shavlik Randolph",0.194265341166129
2006,5,"dummy","976","Shane Battier",0.191894887553666
2006,5,"dummy","2399","Emeka Okafor",0.189720834092695
2006,5,"dummy","2172","Sasha Pavlovic",0.188771681827645
2006,5,"dummy","558","Mike Miller",0.188035412595879
2006,5,"dummy","515","Kenyon Martin",0.186450860100481
2006,5,"dummy","pair_1014_434",NA,0.186411500932234
2006,5,"dummy","2770","Linas Kleiza",0.183469529586776
2006,5,"dummy","598","Rasho Nesterovic",0.183138183201068
2006,5,"dummy","398","DerMarr Johnson",0.179835134216434
2006,5,"dummy","532","Tracy McGrady",0.179119742419695
2006,5,"dummy","2778","C.J. Miles",0.174648606557284
2006,5,"dummy","1705","Caron Butler",0.174214526597921
2006,5,"dummy","11","Rafer Alston",0.17381182625497
2006,5,"dummy","846","Kurt Thomas",0.169498198584675
2006,5,"dummy","2388","Luke Jackson",0.168836571485264
2006,5,"dummy","6569","Alan Anderson",0.164210188145187
2006,5,"dummy","2382","Devin Harris",0.163207385882777
2006,5,"dummy","802","Jerry Stackhouse",0.15805429774233
2006,5,"dummy","1021","Brian Scalabrine",0.155811418945325
2006,5,"dummy","2184","Udonis Haslem",0.152202291615102
2006,5,"dummy","193","Ricky Davis",0.151698386627164
2006,5,"dummy","362","Zydrunas Ilgauskas",0.149024865668325
2006,5,"dummy","2009","James Jones",0.147317505801816
2006,5,"dummy","pair_2422_662",NA,0.145912863790371
2006,5,"dummy","pair_556_61",NA,0.143979121522225
2006,5,"dummy","194","Baron Davis",0.143754589774292
2006,5,"dummy","1722","Yao Ming",0.142023820487599
2006,5,"dummy","1018","Jason Richardson",0.140521864887224
2006,5,"dummy","2789","Ronny Turiaf",0.138747021612002
2006,5,"dummy","2386","Andre Iguodala",0.137666125538077
2006,5,"dummy","557","Andre Miller",0.13385180281613
2006,5,"dummy","1016","Vladimir Radmanovic",0.129349139813656
2006,5,"dummy","pair_1981_2429",NA,0.12767021329037
2006,5,"dummy","2166","Leandro Barbosa",0.127279072728659
2006,5,"dummy","2419","Anderson Varejao",0.124304117912377
2006,5,"dummy","2873","James Singleton",0.1206506886362
2006,5,"dummy","1000","Brendan Haywood",0.120326263906704
2006,5,"dummy","pair_385_974",NA,0.106419618487342
2006,5,"dummy","356","Larry Hughes",0.105886399290066
2006,5,"dummy","692","Michael Redd",0.103800481750954
2006,5,"dummy","385","Antawn Jamison",0.102574259877041
2006,5,"dummy","242","Michael Finley",0.097968200430567
2006,5,"dummy","1719","Nenad Krstic",0.0961977350722412
2006,5,"dummy","306","Matt Harpring",0.0961760897537532
2006,5,"dummy","pair_261_998",NA,0.0944426723920805
2006,5,"dummy","307","Othella Harrington",0.0908653683975707
2006,5,"dummy","372","Jim Jackson",0.0897658546000868
2006,5,"dummy","348","Eddie House",0.0883160101533675
2006,5,"dummy","2792","Charlie Villanueva",0.0880127736062288
2006,5,"dummy","2492","Melvin Sanders",0.0876506337173029
2006,5,"dummy","1767","Rasual Butler",0.0868693437715761
2006,5,"dummy","2383","David Harrison",0.0839577669881952
2006,5,"dummy","1982","Chris Kaman",0.0814664047508576
2006,5,"dummy","2754","Channing Frye",0.075996675767349
2006,5,"dummy","261","Kevin Garnett",0.0741983036283183
2006,5,"dummy","615","Jermaine O'Neal",0.0711776528068534
2006,5,"dummy","617","Lamar Odom",0.0684504128230643
2006,5,"dummy","1022","Bobby Simmons",0.0678050527644557
2006,5,"dummy","2165","Marcus Banks",0.0668026401793643
2006,5,"dummy","183","Antonio Daniels",0.0610389589863819
2006,5,"dummy","2752","Daniel Ewing",0.053647729490617
2006,5,"dummy","2445","Kirk Snyder",0.0511319502689325
2006,5,"dummy","2174","Zoran Planinic",0.0511190063312583
2006,5,"dummy","9","Ray Allen",0.0497367407116937
2006,5,"dummy","378","Stephen Jackson",0.0475474407063064
2006,5,"dummy","1858","Devin Brown",0.0463839802338905
2006,5,"dummy","1006","Richard Jefferson",0.0410860621275524
2006,5,"dummy","2763","Luther Head",0.0393165161995231
2006,5,"dummy","454","Raef LaFrentz",0.0350153799512223
2006,5,"dummy","2772","David Lee",0.0245283021090216
2006,5,"dummy","1980","Jarvis Hayes",0.0242234480662911
2006,5,"dummy","24","Darrell Armstrong",0.021322440171823
2006,5,"dummy","1823","Smush Parker",0.0177724167974984
2006,5,"dummy","1766","Lonny Baxter",0.0162170024127007
2006,5,"dummy","234","Francisco Elson",0.0154565476298129
2006,5,"dummy","254","Adonal Foyle",0.013528910681584
2006,5,"dummy","396","Anthony Johnson",0.0128605903491529
2006,5,"dummy","pair_2386_366",NA,0.00251362617411545
2006,5,"dummy","1051","Mike James",0.00208076879225267
2006,5,"dummy","pair_469_9",NA,-0.000197201042643712
2006,5,"dummy","640","Gary Payton",-0.00504792781210759
2006,5,"dummy","813","Peja Stojakovic",-0.0130035854392735
2006,5,"dummy","998","Trenton Hassell",-0.0174435346152533
2006,5,"dummy","17","Shandon Anderson",-0.0176879941301769
2006,5,"dummy","1055","Carlos Arroyo",-0.0189089199449848
2006,5,"dummy","61","Mike Bibby",-0.0190464347032297
2006,5,"dummy","2381","Ben Gordon",-0.0214203341021806
2006,5,"dummy","2782","Nate Robinson",-0.0247815157428419
2006,5,"dummy","1012","Terence Morris",-0.0276730956962631
2006,5,"dummy","974","Gilbert Arenas",-0.0277037643119931
2006,5,"dummy","2832","Stephen Graham",-0.0294056733265526
2006,5,"dummy","2506","Damien Wilkins",-0.0411342594041791
2006,5,"dummy","465","Voshon Lenard",-0.0412414553410899
2006,5,"dummy","1975","Carmelo Anthony",-0.0444239610704742
2006,5,"dummy","869","Keith Van",-0.0447604277745441
2006,5,"dummy","862","Hedo Turkoglu",-0.0449993797023458
2006,5,"dummy","662","Paul Pierce",-0.0470494007858477
2006,5,"dummy","590","Lee Nailon",-0.0519426917539503
2006,5,"dummy","2393","Shaun Livingston",-0.0527680250933438
2006,5,"dummy","2188","Quinton Ross",-0.0544788936038409
2006,5,"dummy","359","Lindsey Hunter",-0.0579887110506646
2006,5,"dummy","901","Bonzi Wells",-0.0582958995524538
2006,5,"dummy","150","Speedy Claxton",-0.0598128483773036
2006,5,"dummy","741","Michael Ruffin",-0.0599890556508431
2006,5,"dummy","138","Sam Cassell",-0.0634473307504424
2006,5,"dummy","817","Damon Stoudamire",-0.0683616048605892
2006,5,"dummy","1734","Qyntel Woods",-0.069526429587898
2006,5,"dummy","1981","Kirk Hinrich",-0.0704762175256812
2006,5,"dummy","429","Jason Kidd",-0.0766409557580446
2006,5,"dummy","99","P.J. Brown",-0.0778046279812031
2006,5,"dummy","714","Clifford Robinson",-0.08233714816758
2006,5,"dummy","2747","Andrew Bogut",-0.0848581640854912
2006,5,"dummy","632","Milt Palacio",-0.0856339542391207
2006,5,"dummy","125","Marcus Camby",-0.0868555452406383
2006,5,"dummy","1978","Nick Collison",-0.08745390889578
2006,5,"dummy","2011","Kyle Korver",-0.0898661276229195
2006,5,"dummy","550","Darius Miles",-0.090483241864527
2006,5,"dummy","796","Eric Snow",-0.0956730653089964
2006,5,"dummy","2411","Josh Smith",-0.10606946491611
2006,5,"dummy","2762","Orien Greene",-0.106828378420447
2006,5,"dummy","264","Pat Garrity",-0.106964131303221
2006,5,"dummy","246","Derek Fisher",-0.1076592768541
2006,5,"dummy","2748","Andrew Bynum",-0.110987124615514
2006,5,"dummy","1979","T.J. Ford",-0.118785031427962
2006,5,"dummy","997","Eddie Griffin",-0.123112386609829
2006,5,"dummy","687","Theo Ratliff",-0.129058982133219
2006,5,"dummy","2779","Chris Paul",-0.129986512912401
2006,5,"dummy","849","Kenny Thomas",-0.130036066395153
2006,5,"dummy","pair_1979_692",NA,-0.130634567155645
2006,5,"dummy","2750","Ike Diogu",-0.130941551905067
2006,5,"dummy","2389","Al Jefferson",-0.130998253846132
2006,5,"dummy","981","Kwame Brown",-0.131148306914294
2006,5,"dummy","2798","Deron Williams",-0.135113822533689
2006,5,"dummy","2384","Dwight Howard",-0.139413546138659
2006,5,"dummy","904","David Wesley",-0.14255456022274
2006,5,"dummy","139","Kelvin Cato",-0.146592864653376
2006,5,"dummy","1977","Chris Bosh",-0.146642217380673
2006,5,"dummy","pair_1017_1707",NA,-0.149268105348659
2006,5,"dummy","988","Jarron Collins",-0.150311550774441
2006,5,"dummy","897","Chris Webber",-0.158719194558714
2006,5,"dummy","pair_2753_407",NA,-0.160079826082032
2006,5,"dummy","2027","Luke Walton",-0.161331649013532
2006,5,"dummy","2373","Josh Childress",-0.161989006134256
2006,5,"dummy","1711","Drew Gooden",-0.163921477227134
2006,5,"dummy","2797","Marvin Williams",-0.164907481886243
2006,5,"dummy","1014","Mehmet Okur",-0.165958216369154
2006,5,"dummy","366","Allen Iverson",-0.170573004039908
2006,5,"dummy","656","Morris Peterson",-0.173541449462703
2006,5,"dummy","3","Shareef Abdur-Rahim",-0.175716343582886
2006,5,"dummy","2177","David West",-0.177058096533147
2006,5,"dummy","2446","Pape Sow",-0.178814885322562
2006,5,"dummy","621","Michael Olowokandi",-0.184879826410717
2006,5,"dummy","1709","Melvin Ely",-0.185418645889223
2006,5,"dummy","pair_2384_862",NA,-0.187361371465372
2006,5,"dummy","2801","Antoine Wright",-0.193972543426639
2006,5,"dummy","2794","Hakim Warrick",-0.198281855642903
2006,5,"dummy","1706","Dan Dickau",-0.205233444589331
2006,5,"dummy","2806","Jose Calderon",-0.207326704722984
2006,5,"dummy","70","Mark Blount",-0.212976913717233
2006,5,"dummy","1026","Gerald Wallace",-0.214335099808087
2006,5,"dummy","111","Greg Buckner",-0.215981584945429
2006,5,"dummy","255","Steve Francis",-0.218667052492878
2006,5,"dummy","322","Alan Henderson",-0.220504614117095
2006,5,"dummy","879","Jake Voskuhl",-0.220620999803854
2006,5,"dummy","2377","Chris Duhon",-0.222786831126383
2006,5,"dummy","630","Scott Padgett",-0.224971689169534
2006,5,"dummy","498","Jamaal Magloire",-0.226968571834494
2006,5,"dummy","868","Nick Van",-0.243830073996972
2006,5,"dummy","2173","Mickael Pietrus",-0.246758716981897
2006,5,"dummy","2780","Johan Petro",-0.247082266614572
2006,5,"dummy","2456","Andres Nocioni",-0.253751938191895
2006,5,"dummy","2815","Donell Taylor",-0.254541527008609
2006,5,"dummy","1985","Luke Ridnour",-0.255392244976592
2006,5,"dummy","1717","Jared Jeffries",-0.256947750549671
2006,5,"dummy","1777","Ronald Murray",-0.261596458477525
2006,5,"dummy","469","Rashard Lewis",-0.276868097663319
2006,5,"dummy","2175","Mike Sweetney",-0.277152868098731
2006,5,"dummy","1707","Juan Dixon",-0.277365403681043
2006,5,"dummy","682","Joel Przybilla",-0.278007825175483
2006,5,"dummy","2786","Salim Stoudamire",-0.284633644251575
2006,5,"dummy","1996","Matt Bonner",-0.28800253628598
2006,5,"dummy","2753","Raymond Felton",-0.29768039069041
2006,5,"dummy","837","Maurice Taylor",-0.299909686620425
2006,5,"dummy","1999","Carlos Delfino",-0.301937016913163
2006,5,"dummy","2394","Kevin Martin",-0.302623683257891
2006,5,"dummy","2784","Wayne Simien",-0.305615392069643
2006,5,"dummy","518","Desmond Mason",-0.316572742361539
2006,5,"dummy","pair_2177_2779",NA,-0.318605417296908
2006,5,"dummy","588","Dikembe Mutombo",-0.32839087712197
2006,5,"dummy","10","Malik Allen",-0.334846036066637
2006,5,"dummy","1821","Jannero Pargo",-0.335404015534372
2006,5,"dummy","1007","Joe Johnson",-0.340270106610128
2006,5,"dummy","808","DeShawn Stevenson",-0.341847908732846
2006,5,"dummy","622","Greg Ostertag",-0.342352500983516
2006,5,"dummy","2522","Keith McLeod",-0.348284527216518
2006,5,"dummy","2018","Kendrick Perkins",-0.358220226542106
2006,5,"dummy","1997","Zarko Cabarkapa",-0.358799271944588
2006,5,"dummy","pair_1977_656",NA,-0.377647841591525
2006,5,"dummy","407","Jumaine Jones",-0.378244954103965
2006,5,"dummy","1765","Matt Barnes",-0.381974233431543
2006,5,"dummy","2428","Antonio Burks",-0.384246123415246
2006,5,"dummy","440","Brevin Knight",-0.384351745125367
2006,5,"dummy","2777","Rashad McCants",-0.386453593509973
2006,5,"dummy","509","Stephon Marbury",-0.393480811854283
2006,5,"dummy","336","Grant Hill",-0.394955540362714
2006,5,"dummy","829","Stromile Swift",-0.395141152274311
2006,5,"dummy","26","Chucky Atkins",-0.396738039034353
2006,5,"dummy","1726","John Salmons",-0.405806846886869
2006,5,"dummy","2016","Zaza Pachulia",-0.407327626346439
2006,5,"dummy","1017","Zach Randolph",-0.411950149844094
2006,5,"dummy","pair_351_904",NA,-0.416620706671773
2006,5,"dummy","84","Ryan Bowen",-0.416998900704324
2006,5,"dummy","1013","Troy Murphy",-0.417528177003385
2006,5,"dummy","87","Earl Boykins",-0.418068224832803
2006,5,"dummy","273","Gordan Giricek",-0.422807093413485
2006,5,"dummy","446","Toni Kukoc",-0.423778313031196
2006,5,"dummy","2866",NA,-0.426153399069659
2006,5,"dummy","2015","Travis Outlaw",-0.429208786500131
2006,5,"dummy","1998","Brian Cook",-0.429845270714329
2006,5,"dummy","2760","Danny Granger",-0.432759363324646
2006,5,"dummy","638","Ruben Patterson",-0.433150342785455
2006,5,"dummy","1775","Mario Kasun",-0.43926857564506
2006,5,"dummy","2435","Viktor Khryapa",-0.442737457551752
2006,5,"dummy","1002","Steven Hunter",-0.449166516166366
2006,5,"dummy","2387","Royal Ivey",-0.45930986781401
2006,5,"dummy","pair_165_509",NA,-0.462958415579718
2006,5,"dummy","1708","Mike Dunleavy",-0.465462523942271
2006,5,"dummy","137","Anthony Carter",-0.466977971228936
2006,5,"dummy","2863","Andre Owens",-0.467393967696132
2006,5,"dummy","2211","Matt Carroll",-0.479216662683228
2006,5,"dummy","308","Al Harrington",-0.484054655696751
2006,5,"dummy","586","Lamond Murray",-0.493772916445178
2006,5,"dummy","1995","Keith Bogans",-0.507363632299626
2006,5,"dummy","312","Jason Hart",-0.513545516640319
2006,5,"dummy","1703","Carlos Boozer",-0.521468493174505
2006,5,"dummy","2444","J.R. Smith",-0.523232670228439
2006,5,"dummy","779","Brian Skinner",-0.524497879234944
2006,5,"dummy","351","Juwan Howard",-0.53164320062412
2006,5,"dummy","674","Vitaly Potapenko",-0.544812649564305
2006,5,"dummy","209","Keyon Dooling",-0.546935560756825
2006,5,"dummy","pair_1007_308",NA,-0.547013754675781
2006,5,"dummy","353","Troy Hudson",-0.54849871456865
2006,5,"dummy","738","Jalen Rose",-0.551034311223805
2006,5,"dummy","923","Aaron Williams",-0.556837107265873
2006,5,"dummy","165","Jamal Crawford",-0.561526299932181
2006,5,"dummy","489","Tyronn Lue",-0.564727730865079
2006,5,"dummy","1725","Kareem Rush",-0.56676943826794
2006,5,"dummy","2408","Ha Seung-Jin",-0.588216824125997
2006,5,"dummy","220","Howard Eisley",-0.607442381737864
2006,5,"dummy","2367","Tony Allen",-0.607823952582564
2006,5,"dummy","1828","Reggie Evans",-0.609010603534367
2006,5,"dummy","45","Tony Battie",-0.612087204105206
2006,5,"dummy","2759","Joey Graham",-0.621543328529797
2006,5,"dummy","2008","Dahntay Jones",-0.624947487133265
2006,5,"dummy","681","Laron Profit",-0.64296045585616
2006,5,"dummy","1994","Steve Blake",-0.648149206652394
2006,5,"dummy","2417","Sebastian Telfair",-0.648207784675921
2006,5,"dummy","575","Mikki Moore",-0.654283115643318
2006,5,"dummy","1135","Chris Andersen",-0.665064273471688
2006,5,"dummy","979","Michael Bradley",-0.669098858823663
2006,5,"dummy","2404","Justin Reed",-0.698741509679858
2006,5,"dummy","739","Malik Rose",-0.709140726070762
2006,5,"dummy","2368","Rafael Araujo",-0.712647798676146
2006,5,"dummy","2768","Jarrett Jack",-0.727796369909931
2006,5,"dummy","2433","Kris Humphries",-0.731222935165254
2006,5,"dummy","2811","Eddie Basden",-0.749070100413136
2006,5,"dummy","990","Eddy Curry",-0.749846168033338
2006,5,"dummy","1",NA,-0.776686990765494
2006,5,"dummy","703","Quentin Richardson",-0.778775288206848
2006,5,"dummy","2416","Robert Swift",-0.77894555562627
2006,5,"dummy","41","Jon Barry",-0.834552303609663
2006,5,"dummy","874","Jacque Vaughn",-0.862492811761259
2006,5,"dummy","2486","Gerald Fitch",-0.874230791210115
2006,5,"dummy","189","Antonio Davis",-0.883475775963208
2006,5,"dummy","929","Eric Williams",-0.896313556476593
2006,5,"dummy","851","Etan Thomas",-0.897295460975538
2006,5,"dummy","144","Calbert Cheaney",-0.907736124198107
2006,5,"dummy","1024","Jamaal Tinsley",-0.92030582289434
2006,5,"dummy","2749","Travis Diener",-0.924136696331955
2006,5,"dummy","620","Kevin Ollie",-0.931142841273251
2006,5,"dummy","2010","Jason Kapono",-0.96026693326867
2006,5,"dummy","198","Tony Delk",-1.00241638668393
2006,5,"dummy","1730","Jiri Welsch",-1.01220865008539
2006,5,"dummy","2796","Robert Whaley",-1.09178100780921
2006,5,"dummy","94","Primoz Brezec",-1.09683479004879
2006,5,"dummy","522","Walter McCarty",-1.1028412170309
2006,5,"dummy","2804","Arvydas Macijauskas",-1.16127161732665
2006,5,"dummy","2795","Martell Webster",-1.21812086739057
2006,5,"dummy","1859","Pat Burke",-1.30996147992864
2006,5,"dummy","511","Sean Marks",-1.35108184675739
2006,5,"dummy","50","Jonathan Bender",-1.37076665037747
2006,5,"dummy","2171","Darko Milicic",-1.39188784532226
2006,5,"dummy","2197","Josh Powell",-1.46733343870628
2006,5,"dummy","690","Zeljko Rebraca",-1.62528859407195
2006,5,"dummy","383","Jerome James",-1.63139305933489
2006,5,"dummy","535","Jeff McInnis",-1.77504508775964
2006,5,"dummy","539","Aaron McKie",-1.81875152218911
2006,5,"dummy","623","Bo Outlaw",-1.88379172947543
2006,5,"dummy","2438","Sergei Monia",-2.00157900483498
2006,5,"dummy","380","Jermaine Jackson",-2.00661490360356
2006,5,"dummy","931","Alvin Williams",-2.13061829197715
2006,5,"dummy","2",NA,-2.48328319870394
2006,5,"dummy","2169",NA,-4.1897605221832
2006,5,"dummy","106","Rick Brunson",-4.30596306893279
2006,10,"dummy","25","Ron Artest",1.42720286574991
2006,10,"dummy","302","Anfernee Hardaway",1.39663290801943
2006,10,"dummy","2426","Trevor Ariza",1.10136724353735
2006,10,"dummy","2834","Chuck Hayes",1.02120971430914
2006,10,"dummy","272","Manu Ginobili",1.01654518904861
2006,10,"dummy","883","Rasheed Wallace",0.986154167824396
2006,10,"dummy","2167","Boris Diaw",0.926424058025968
2006,10,"dummy","1034","Charlie Bell",0.869361820790831
2006,10,"dummy","580","Alonzo Mourning",0.85821560416079
2006,10,"dummy","285","Adrian Griffin",0.82011239622934
2006,10,"dummy","406","Damon Jones",0.817623500949254
2006,10,"dummy","885","Ben Wallace",0.81441946176563
2006,10,"dummy","347","Robert Horry",0.813906720511637
2006,10,"dummy","63","Chauncey Billups",0.80097912249005
2006,10,"dummy","609","Dirk Nowitzki",0.756833465625713
2006,10,"dummy","933","Jason Williams",0.751731831496946
2006,10,"dummy","376","Bobby Jackson",0.731408930876093
2006,10,"dummy","2757","Ryan Gomes",0.725183129214466
2006,10,"dummy","614","Shaquille O'Neal",0.694059370851879
2006,10,"dummy","1723","Bostjan Nachbar",0.651449531166078
2006,10,"dummy","992","DeSagana Diop",0.650829318519569
2006,10,"dummy","1987","Dwyane Wade",0.638978636008869
2006,10,"dummy","294","Richard Hamilton",0.634283824530739
2006,10,"dummy","671","James Posey",0.633544319149396
2006,10,"dummy","pair_1724_63",NA,0.624810904451578
2006,10,"dummy","568","Nazr Mohammed",0.619311550672879
2006,10,"dummy","147","Doug Christie",0.617726833803111
2006,10,"dummy","18","Derek Anderson",0.615698458283993
2006,10,"dummy","1724","Tayshaun Prince",0.613559249365462
2006,10,"dummy","267","Devean George",0.603644018412468
2006,10,"dummy","1027","Earl Watson",0.59477390863595
2006,10,"dummy","2006","Josh Howard",0.594123270103011
2006,10,"dummy","1015","Tony Parker",0.581859957298205
2006,10,"dummy","pair_609_841",NA,0.580233752853698
2006,10,"dummy","987","Jason Collins",0.576792029122833
2006,10,"dummy","pair_1015_215",NA,0.570410841795621
2006,10,"dummy","984","Tyson Chandler",0.568785537057139
2006,10,"dummy","pair_1018_246",NA,0.563590521455739
2006,10,"dummy","510","Shawn Marion",0.560726436140728
2006,10,"dummy","2776","Sean May",0.537639664107495
2006,10,"dummy","167","Austin Croshere",0.530816620061385
2006,10,"dummy","pair_566_91",NA,0.505409098613988
2006,10,"dummy","2421","Sasha Vujacic",0.50491235766581
2006,10,"dummy","434","Andrei Kirilenko",0.498204048628175
2006,10,"dummy","2200","Marquis Daniels",0.48630105531929
2006,10,"dummy","881","Antoine Walker",0.466648187973427
2006,10,"dummy","2178","Maurice Williams",0.463041780941521
2006,10,"dummy","215","Tim Duncan",0.457003280104378
2006,10,"dummy","530","Antonio McDyess",0.449026622775001
2006,10,"dummy","pair_1966_512",NA,0.436947040728222
2006,10,"dummy","2422","Delonte West",0.419553535224897
2006,10,"dummy","402","Eddie Jones",0.416186336607783
2006,10,"dummy","664","Scot Pollard",0.415619463364698
2006,10,"dummy","1031","Maurice Evans",0.414994338219607
2006,10,"dummy","136","Vince Carter",0.413286784984343
2006,10,"dummy","pair_510_592",NA,0.402299211062778
2006,10,"dummy","2755","Francisco Garcia",0.402220792158945
2006,10,"dummy","83","Bruce Bowen",0.399070887514511
2006,10,"dummy","1966","LeBron James",0.388449624757036
2006,10,"dummy","566","Cuttino Mobley",0.385036490755211
2006,10,"dummy","788","Joe Smith",0.371123129580251
2006,10,"dummy","959","Lorenzen Wright",0.369667636907674
2006,10,"dummy","91","Elton Brand",0.354001989031654
2006,10,"dummy","601","Ira Newble",0.34945747620073
2006,10,"dummy","pair_1006_429",NA,0.333783986626986
2006,10,"dummy","996","Pau Gasol",0.333712045264353
2006,10,"dummy","1731","Chris Wilcox",0.332511314718546
2006,10,"dummy","841","Jason Terry",0.329511063358131
2006,10,"dummy","831","Wally Szczerbiak",0.327198600220926
2006,10,"dummy","pair_110_617",NA,0.323430784213875
2006,10,"dummy","2429","Luol Deng",0.318892341149411
2006,10,"dummy","181","Erick Dampier",0.31743421095499
2006,10,"dummy","2813","Sarunas Jasikevicius",0.314404765661473
2006,10,"dummy","6569","Alan Anderson",0.313540293642291
2006,10,"dummy","387","Marko Jaric",0.311447926635025
2006,10,"dummy","110","Kobe Bryant",0.305631180804627
2006,10,"dummy","512","Donyell Marshall",0.303306960554038
2006,10,"dummy","2427","Andris Biedrins",0.274392958841692
2006,10,"dummy","pair_378_396",NA,0.273237645690566
2006,10,"dummy","592","Steve Nash",0.271982172830504
2006,10,"dummy","1784","Darius Songaila",0.271261165430909
2006,10,"dummy","591","Eduardo Najera",0.252950470391228
2006,10,"dummy","991","Samuel Dalembert",0.252204225650115
2006,10,"dummy","549","Chris Mihm",0.251037836996397
2006,10,"dummy","250","Jeff Foster",0.250940655189088
2006,10,"dummy","556","Brad Miller",0.247915282006201
2006,10,"dummy","2399","Emeka Okafor",0.246252115866068
2006,10,"dummy","42","Brent Barry",0.24397464876499
2006,10,"dummy","497","Corey Maggette",0.243534183025807
2006,10,"dummy","2439","Jameer Nelson",0.239687321631495
2006,10,"dummy","pair_976_996",NA,0.230645948295649
2006,10,"dummy","532","Tracy McGrady",0.229784162940008
2006,10,"dummy","398","DerMarr Johnson",0.228810150034416
2006,10,"dummy","pair_1014_434",NA,0.228228056093323
2006,10,"dummy","pair_1987_2184",NA,0.227913138125994
2006,10,"dummy","pair_1975_557",NA,0.223332876598904
2006,10,"dummy","515","Kenyon Martin",0.222418204621529
2006,10,"dummy","1705","Caron Butler",0.217079146828829
2006,10,"dummy","1718","Fred Jones",0.215596059310827
2006,10,"dummy","11","Rafer Alston",0.212252429346725
2006,10,"dummy","49","Raja Bell",0.206194460800856
2006,10,"dummy","2172","Sasha Pavlovic",0.203941745059569
2006,10,"dummy","976","Shane Battier",0.202795241017692
2006,10,"dummy","558","Mike Miller",0.201301334880733
2006,10,"dummy","598","Rasho Nesterovic",0.186254440453333
2006,10,"dummy","pair_556_61",NA,0.184032549993383
2006,10,"dummy","1722","Yao Ming",0.18356929059451
2006,10,"dummy","193","Ricky Davis",0.182944581664235
2006,10,"dummy","1016","Vladimir Radmanovic",0.180069657076982
2006,10,"dummy","846","Kurt Thomas",0.179808830290722
2006,10,"dummy","194","Baron Davis",0.177925161053106
2006,10,"dummy","2386","Andre Iguodala",0.1776964614331
2006,10,"dummy","1767","Rasual Butler",0.176402313669456
2006,10,"dummy","1018","Jason Richardson",0.168227311212763
2006,10,"dummy","pair_2422_662",NA,0.164202067563681
2006,10,"dummy","362","Zydrunas Ilgauskas",0.159795847836289
2006,10,"dummy","557","Andre Miller",0.159626851777045
2006,10,"dummy","2792","Charlie Villanueva",0.149533694511228
2006,10,"dummy","802","Jerry Stackhouse",0.146714879168142
2006,10,"dummy","2382","Devin Harris",0.145707729363255
2006,10,"dummy","pair_1981_2429",NA,0.142204668594615
2006,10,"dummy","2184","Udonis Haslem",0.132704742474138
2006,10,"dummy","692","Michael Redd",0.131152850558942
2006,10,"dummy","2754","Channing Frye",0.129717054727501
2006,10,"dummy","2166","Leandro Barbosa",0.128504511864061
2006,10,"dummy","1000","Brendan Haywood",0.128424459615165
2006,10,"dummy","385","Antawn Jamison",0.125590943214544
2006,10,"dummy","2009","James Jones",0.124849299269655
2006,10,"dummy","pair_385_974",NA,0.124764257516108
2006,10,"dummy","pair_261_998",NA,0.118735223131146
2006,10,"dummy","307","Othella Harrington",0.11652435053146
2006,10,"dummy","2445","Kirk Snyder",0.104386192779685
2006,10,"dummy","356","Larry Hughes",0.103944298008802
2006,10,"dummy","306","Matt Harpring",0.102166022604733
2006,10,"dummy","1719","Nenad Krstic",0.0993362333740524
2006,10,"dummy","2383","David Harrison",0.0977861198333962
2006,10,"dummy","242","Michael Finley",0.0971282401018965
2006,10,"dummy","261","Kevin Garnett",0.0942452785786943
2006,10,"dummy","1982","Chris Kaman",0.0880588730776679
2006,10,"dummy","9","Ray Allen",0.0876080468768892
2006,10,"dummy","2772","David Lee",0.0866095099884279
2006,10,"dummy","1022","Bobby Simmons",0.0842575371882774
2006,10,"dummy","615","Jermaine O'Neal",0.0747844980544768
2006,10,"dummy","2763","Luther Head",0.0747142903039206
2006,10,"dummy","2873","James Singleton",0.0718775013873253
2006,10,"dummy","183","Antonio Daniels",0.0640310826953628
2006,10,"dummy","617","Lamar Odom",0.0582990474400653
2006,10,"dummy","348","Eddie House",0.0527517706579455
2006,10,"dummy","378","Stephen Jackson",0.0485682440270818
2006,10,"dummy","1006","Richard Jefferson",0.0469600222548035
2006,10,"dummy","372","Jim Jackson",0.0459108030022889
2006,10,"dummy","2165","Marcus Banks",0.0411737881007772
2006,10,"dummy","454","Raef LaFrentz",0.0365310698362291
2006,10,"dummy","1051","Mike James",0.03298702932663
2006,10,"dummy","1980","Jarvis Hayes",0.0309266711244933
2006,10,"dummy","1858","Devin Brown",0.0306091525152767
2006,10,"dummy","pair_469_9",NA,0.0288408497160666
2006,10,"dummy","254","Adonal Foyle",0.0274409581472914
2006,10,"dummy","234","Francisco Elson",0.0261635322354806
2006,10,"dummy","2782","Nate Robinson",0.0159837671820492
2006,10,"dummy","1823","Smush Parker",0.0151316380140125
2006,10,"dummy","pair_2386_366",NA,0.0148569772897726
2006,10,"dummy","1",NA,-0.00372529167445371
2006,10,"dummy","396","Anthony Johnson",-0.0076156033654471
2006,10,"dummy","813","Peja Stojakovic",-0.00800689129033087
2006,10,"dummy","998","Trenton Hassell",-0.0136192650742603
2006,10,"dummy","61","Mike Bibby",-0.0154797732256057
2006,10,"dummy","2381","Ben Gordon",-0.0195189620675421
2006,10,"dummy","150","Speedy Claxton",-0.029038945221063
2006,10,"dummy","974","Gilbert Arenas",-0.0301905416030767
2006,10,"dummy","2492","Melvin Sanders",-0.0327937534984346
2006,10,"dummy","2506","Damien Wilkins",-0.0364895747140251
2006,10,"dummy","741","Michael Ruffin",-0.036550231581477
2006,10,"dummy","640","Gary Payton",-0.0372644670848358
2006,10,"dummy","2752","Daniel Ewing",-0.0439283299078295
2006,10,"dummy","1734","Qyntel Woods",-0.0524447780967929
2006,10,"dummy","1975","Carmelo Anthony",-0.0560836956927141
2006,10,"dummy","465","Voshon Lenard",-0.0585341394175764
2006,10,"dummy","901","Bonzi Wells",-0.0585348650517092
2006,10,"dummy","862","Hedo Turkoglu",-0.0615531586448552
2006,10,"dummy","662","Paul Pierce",-0.0623107655653459
2006,10,"dummy","99","P.J. Brown",-0.0743370598849809
2006,10,"dummy","2411","Josh Smith",-0.0748926424177056
2006,10,"dummy","869","Keith Van",-0.0791432827527097
2006,10,"dummy","550","Darius Miles",-0.0824206949669109
2006,10,"dummy","714","Clifford Robinson",-0.0840884198575595
2006,10,"dummy","1978","Nick Collison",-0.08512583206706
2006,10,"dummy","687","Theo Ratliff",-0.090982639588999
2006,10,"dummy","1981","Kirk Hinrich",-0.0915195281605339
2006,10,"dummy","2011","Kyle Korver",-0.0976598218421551
2006,10,"dummy","429","Jason Kidd",-0.0982048934215069
2006,10,"dummy","2779","Chris Paul",-0.0984246859245114
2006,10,"dummy","125","Marcus Camby",-0.0986407722178941
2006,10,"dummy","2188","Quinton Ross",-0.101059085074585
2006,10,"dummy","817","Damon Stoudamire",-0.106523925278355
2006,10,"dummy","2747","Andrew Bogut",-0.111971370177178
2006,10,"dummy","138","Sam Cassell",-0.121002861238623
2006,10,"dummy","1979","T.J. Ford",-0.121277339553753
2006,10,"dummy","264","Pat Garrity",-0.122621192635437
2006,10,"dummy","2393","Shaun Livingston",-0.122796244986637
2006,10,"dummy","2384","Dwight Howard",-0.12335547042753
2006,10,"dummy","2797","Marvin Williams",-0.128561832040929
2006,10,"dummy","997","Eddie Griffin",-0.129658411247424
2006,10,"dummy","2373","Josh Childress",-0.131239596491321
2006,10,"dummy","796","Eric Snow",-0.132790371828293
2006,10,"dummy","246","Derek Fisher",-0.135606738647381
2006,10,"dummy","pair_1017_1707",NA,-0.137057441520029
2006,10,"dummy","632","Milt Palacio",-0.141957971699624
2006,10,"dummy","1977","Chris Bosh",-0.142526218207053
2006,10,"dummy","904","David Wesley",-0.143189193926819
2006,10,"dummy","pair_1979_692",NA,-0.144520541480938
2006,10,"dummy","pair_2753_407",NA,-0.147642493605737
2006,10,"dummy","2762","Orien Greene",-0.148292797236844
2006,10,"dummy","2750","Ike Diogu",-0.154938526104533
2006,10,"dummy","139","Kelvin Cato",-0.161845757492531
2006,10,"dummy","2389","Al Jefferson",-0.163594583624886
2006,10,"dummy","656","Morris Peterson",-0.169535127817574
2006,10,"dummy","981","Kwame Brown",-0.171794011064833
2006,10,"dummy","897","Chris Webber",-0.172888337486941
2006,10,"dummy","2798","Deron Williams",-0.176268387954551
2006,10,"dummy","849","Kenny Thomas",-0.177867215602271
2006,10,"dummy","1709","Melvin Ely",-0.18009627493374
2006,10,"dummy","2177","David West",-0.186512077908871
2006,10,"dummy","366","Allen Iverson",-0.189048854800412
2006,10,"dummy","988","Jarron Collins",-0.194501459203335
2006,10,"dummy","1014","Mehmet Okur",-0.200710523376076
2006,10,"dummy","1711","Drew Gooden",-0.204226765462752
2006,10,"dummy","pair_2384_862",NA,-0.205744465496727
2006,10,"dummy","879","Jake Voskuhl",-0.206034638039412
2006,10,"dummy","2806","Jose Calderon",-0.209358410207327
2006,10,"dummy","1026","Gerald Wallace",-0.211832400943993
2006,10,"dummy","2446","Pape Sow",-0.214733049152065
2006,10,"dummy","2027","Luke Walton",-0.217648245636069
2006,10,"dummy","621","Michael Olowokandi",-0.230670688961996
2006,10,"dummy","111","Greg Buckner",-0.241541534025249
2006,10,"dummy","255","Steve Francis",-0.244545369061351
2006,10,"dummy","2173","Mickael Pietrus",-0.247395633773189
2006,10,"dummy","2786","Salim Stoudamire",-0.249100081333629
2006,10,"dummy","1777","Ronald Murray",-0.259071550461875
2006,10,"dummy","2377","Chris Duhon",-0.259412875739248
2006,10,"dummy","70","Mark Blount",-0.263753849859252
2006,10,"dummy","682","Joel Przybilla",-0.271967128117964
2006,10,"dummy","498","Jamaal Magloire",-0.282468368878342
2006,10,"dummy","2780","Johan Petro",-0.285414162198649
2006,10,"dummy","1985","Luke Ridnour",-0.290397172197508
2006,10,"dummy","1717","Jared Jeffries",-0.295236462096879
2006,10,"dummy","2456","Andres Nocioni",-0.295623806949985
2006,10,"dummy","1707","Juan Dixon",-0.298722883515078
2006,10,"dummy","2175","Mike Sweetney",-0.29884416092044
2006,10,"dummy","1996","Matt Bonner",-0.305512977089885
2006,10,"dummy","837","Maurice Taylor",-0.309425190189338
2006,10,"dummy","469","Rashard Lewis",-0.310518010060875
2006,10,"dummy","2753","Raymond Felton",-0.31395969074876
2006,10,"dummy","518","Desmond Mason",-0.333296402347663
2006,10,"dummy","3","Shareef Abdur-Rahim",-0.346042694136128
2006,10,"dummy","1007","Joe Johnson",-0.352610324411373
2006,10,"dummy","pair_2177_2779",NA,-0.355096507436486
2006,10,"dummy","588","Dikembe Mutombo",-0.364526127084228
2006,10,"dummy","2394","Kevin Martin",-0.372435586868672
2006,10,"dummy","808","DeShawn Stevenson",-0.377829016386491
2006,10,"dummy","407","Jumaine Jones",-0.380434201257044
2006,10,"dummy","622","Greg Ostertag",-0.391852139057349
2006,10,"dummy","440","Brevin Knight",-0.414341270696282
2006,10,"dummy","509","Stephon Marbury",-0.415199373293625
2006,10,"dummy","pair_1977_656",NA,-0.423097230747446
2006,10,"dummy","2522","Keith McLeod",-0.431743672404964
2006,10,"dummy","2018","Kendrick Perkins",-0.43187567978414
2006,10,"dummy","26","Chucky Atkins",-0.433283832138738
2006,10,"dummy","1017","Zach Randolph",-0.43469710991424
2006,10,"dummy","829","Stromile Swift",-0.438416455166641
2006,10,"dummy","2016","Zaza Pachulia",-0.447115386347691
2006,10,"dummy","84","Ryan Bowen",-0.451946149399871
2006,10,"dummy","446","Toni Kukoc",-0.453163105664735
2006,10,"dummy","638","Ruben Patterson",-0.45676129978301
2006,10,"dummy","2387","Royal Ivey",-0.457838337982481
2006,10,"dummy","1726","John Salmons",-0.459279788896008
2006,10,"dummy","pair_351_904",NA,-0.465066774908399
2006,10,"dummy","87","Earl Boykins",-0.469659040970116
2006,10,"dummy","2015","Travis Outlaw",-0.474255478507268
2006,10,"dummy","2435","Viktor Khryapa",-0.47472746539419
2006,10,"dummy","2",NA,-0.477102580956513
2006,10,"dummy","336","Grant Hill",-0.479092950352369
2006,10,"dummy","pair_165_509",NA,-0.482008411570977
2006,10,"dummy","1013","Troy Murphy",-0.482050649003221
2006,10,"dummy","2211","Matt Carroll",-0.485766190273669
2006,10,"dummy","137","Anthony Carter",-0.491930745258788
2006,10,"dummy","5",NA,-0.499630001259878
2006,10,"dummy","273","Gordan Giricek",-0.50022624361024
2006,10,"dummy","2760","Danny Granger",-0.508488665615598
2006,10,"dummy","1002","Steven Hunter",-0.511954884328174
2006,10,"dummy","1995","Keith Bogans",-0.51667000313857
2006,10,"dummy","1998","Brian Cook",-0.522832645686845
2006,10,"dummy","308","Al Harrington",-0.523818666088191
2006,10,"dummy","1708","Mike Dunleavy",-0.526998030869502
2006,10,"dummy","923","Aaron Williams",-0.528838174487642
2006,10,"dummy","2444","J.R. Smith",-0.566136867992679
2006,10,"dummy","674","Vitaly Potapenko",-0.593193777493625
2006,10,"dummy","pair_1007_308",NA,-0.597336703208545
2006,10,"dummy","738","Jalen Rose",-0.603202885907607
2006,10,"dummy","209","Keyon Dooling",-0.606267780314583
2006,10,"dummy","353","Troy Hudson",-0.607946392805266
2006,10,"dummy","165","Jamal Crawford",-0.608455809785507
2006,10,"dummy","351","Juwan Howard",-0.612112421472065
2006,10,"dummy","489","Tyronn Lue",-0.618463144825436
2006,10,"dummy","1725","Kareem Rush",-0.628797113953397
2006,10,"dummy","1828","Reggie Evans",-0.676447703255014
2006,10,"dummy","2759","Joey Graham",-0.681746101568894
2006,10,"dummy","45","Tony Battie",-0.686805728319593
2006,10,"dummy","1703","Carlos Boozer",-0.707101255922065
2006,10,"dummy","2417","Sebastian Telfair",-0.708594997544545
2006,10,"dummy","1994","Steve Blake",-0.709629427577567
2006,10,"dummy","2367","Tony Allen",-0.734620591994623
2006,10,"dummy","1135","Chris Andersen",-0.753331169771337
2006,10,"dummy","739","Malik Rose",-0.779561419648498
2006,10,"dummy","2368","Rafael Araujo",-0.80961838135835
2006,10,"dummy","2768","Jarrett Jack",-0.817716302959214
2006,10,"dummy","990","Eddy Curry",-0.849855197078428
2006,10,"dummy","703","Quentin Richardson",-0.858278908555619
2006,10,"dummy","2416","Robert Swift",-0.923560231412388
2006,10,"dummy","41","Jon Barry",-0.945583017703247
2006,10,"dummy","874","Jacque Vaughn",-0.967693314906819
2006,10,"dummy","189","Antonio Davis",-1.00849035229354
2006,10,"dummy","851","Etan Thomas",-1.06129512518682
2006,10,"dummy","620","Kevin Ollie",-1.06437088868324
2006,10,"dummy","2486","Gerald Fitch",-1.06823226235353
2006,10,"dummy","1024","Jamaal Tinsley",-1.09574954687076
2006,10,"dummy","1730","Jiri Welsch",-1.1459715342939
2006,10,"dummy","2010","Jason Kapono",-1.17440883798183
2006,10,"dummy","94","Primoz Brezec",-1.23644795030329
2006,10,"dummy","2795","Martell Webster",-1.36591543233643
2006,10,"dummy","4",NA,-1.87554148926146
2006,10,"dummy","383","Jerome James",-1.8787663625437
2006,10,"dummy","535","Jeff McInnis",-2.00734333811795
2006,10,"dummy","2438","Sergei Monia",-2.28267258671571
2006,15,"dummy","25","Ron Artest",1.64844695148619
2006,15,"dummy","2426","Trevor Ariza",1.24849887702873
2006,15,"dummy","272","Manu Ginobili",1.1875233004942
2006,15,"dummy","883","Rasheed Wallace",1.12562474832735
2006,15,"dummy","2167","Boris Diaw",1.07941552630155
2006,15,"dummy","347","Robert Horry",0.97232445820306
2006,15,"dummy","406","Damon Jones",0.93877662158474
2006,15,"dummy","580","Alonzo Mourning",0.935850765686946
2006,15,"dummy","885","Ben Wallace",0.922403812718221
2006,15,"dummy","63","Chauncey Billups",0.900593935445401
2006,15,"dummy","285","Adrian Griffin",0.895953242076305
2006,15,"dummy","933","Jason Williams",0.844004499615725
2006,15,"dummy","376","Bobby Jackson",0.843545872537338
2006,15,"dummy","609","Dirk Nowitzki",0.843036814214062
2006,15,"dummy","614","Shaquille O'Neal",0.766722318958204
2006,15,"dummy","267","Devean George",0.745392787016844
2006,15,"dummy","992","DeSagana Diop",0.710978256896782
2006,15,"dummy","294","Richard Hamilton",0.709767803165593
2006,15,"dummy","1015","Tony Parker",0.695398585456204
2006,15,"dummy","1987","Dwyane Wade",0.692079000417213
2006,15,"dummy","1724","Tayshaun Prince",0.689280283344252
2006,15,"dummy","1027","Earl Watson",0.688176401926138
2006,15,"dummy","pair_1018_246",NA,0.681967392783705
2006,15,"dummy","984","Tyson Chandler",0.676576449235334
2006,15,"dummy","18","Derek Anderson",0.672602935831425
2006,15,"dummy","671","James Posey",0.669751472003962
2006,15,"dummy","147","Doug Christie",0.657359904330772
2006,15,"dummy","987","Jason Collins",0.654061884064634
2006,15,"dummy","pair_1724_63",NA,0.651754041363722
2006,15,"dummy","pair_1015_215",NA,0.650697127552146
2006,15,"dummy","2006","Josh Howard",0.644293427573982
2006,15,"dummy","510","Shawn Marion",0.643986325058762
2006,15,"dummy","167","Austin Croshere",0.615516436510522
2006,15,"dummy","pair_609_841",NA,0.61254240234944
2006,15,"dummy","434","Andrei Kirilenko",0.592901682826522
2006,15,"dummy","pair_566_91",NA,0.581016622051972
2006,15,"dummy","215","Tim Duncan",0.546681048492231
2006,15,"dummy","2200","Marquis Daniels",0.53747735516246
2006,15,"dummy","2422","Delonte West",0.517830015572135
2006,15,"dummy","pair_1966_512",NA,0.507110602590618
2006,15,"dummy","788","Joe Smith",0.491453009516295
2006,15,"dummy","402","Eddie Jones",0.479392078790833
2006,15,"dummy","2755","Francisco Garcia",0.474958891597498
2006,15,"dummy","2178","Maurice Williams",0.471631982348896
2006,15,"dummy","83","Bruce Bowen",0.469773432991422
2006,15,"dummy","664","Scot Pollard",0.465990625063563
2006,15,"dummy","566","Cuttino Mobley",0.463162963353131
2006,15,"dummy","1966","LeBron James",0.453795542566722
2006,15,"dummy","881","Antoine Walker",0.444171068789675
2006,15,"dummy","pair_510_592",NA,0.438939395000142
2006,15,"dummy","136","Vince Carter",0.426753542911671
2006,15,"dummy","91","Elton Brand",0.415629015263015
2006,15,"dummy","831","Wally Szczerbiak",0.406403650744985
2006,15,"dummy","959","Lorenzen Wright",0.404347659825497
2006,15,"dummy","2429","Luol Deng",0.397923713911652
2006,15,"dummy","pair_110_617",NA,0.384802625068388
2006,15,"dummy","pair_1006_429",NA,0.379587374598628
2006,15,"dummy","110","Kobe Bryant",0.375904098036716
2006,15,"dummy","387","Marko Jaric",0.375764456387315
2006,15,"dummy","996","Pau Gasol",0.372606354459657
2006,15,"dummy","2813","Sarunas Jasikevicius",0.3657534841429
2006,15,"dummy","512","Donyell Marshall",0.34910453208604
2006,15,"dummy","2399","Emeka Okafor",0.337642266269762
2006,15,"dummy","181","Erick Dampier",0.3320814924306
2006,15,"dummy","841","Jason Terry",0.32331129602542
2006,15,"dummy","1784","Darius Songaila",0.317995972887006
2006,15,"dummy","532","Tracy McGrady",0.31456287303762
2006,15,"dummy","497","Corey Maggette",0.302526884609204
2006,15,"dummy","pair_378_396",NA,0.300304238945751
2006,15,"dummy","2439","Jameer Nelson",0.299214913547516
2006,15,"dummy","11","Rafer Alston",0.299042396171204
2006,15,"dummy","592","Steve Nash",0.292607225283861
2006,15,"dummy","591","Eduardo Najera",0.29167398334717
2006,15,"dummy","556","Brad Miller",0.287109794549384
2006,15,"dummy","549","Chris Mihm",0.284575601459116
2006,15,"dummy","250","Jeff Foster",0.283238015626722
2006,15,"dummy","991","Samuel Dalembert",0.27556325468019
2006,15,"dummy","pair_1014_434",NA,0.267867386996368
2006,15,"dummy","398","DerMarr Johnson",0.262976132646572
2006,15,"dummy","pair_976_996",NA,0.256611324654977
2006,15,"dummy","1718","Fred Jones",0.248515574001148
2006,15,"dummy","194","Baron Davis",0.248067686718732
2006,15,"dummy","pair_1975_557",NA,0.244013799840011
2006,15,"dummy","515","Kenyon Martin",0.24317996511377
2006,15,"dummy","1018","Jason Richardson",0.226521641692644
2006,15,"dummy","2172","Sasha Pavlovic",0.223952453554843
2006,15,"dummy","976","Shane Battier",0.222605658444809
2006,15,"dummy","1705","Caron Butler",0.222495992100916
2006,15,"dummy","pair_1987_2184",NA,0.218254160822091
2006,15,"dummy","pair_2422_662",NA,0.217035469840287
2006,15,"dummy","49","Raja Bell",0.216796694209497
2006,15,"dummy","1016","Vladimir Radmanovic",0.216710065566148
2006,15,"dummy","558","Mike Miller",0.210639485469703
2006,15,"dummy","2792","Charlie Villanueva",0.20950160489241
2006,15,"dummy","pair_556_61",NA,0.208459547899333
2006,15,"dummy","2386","Andre Iguodala",0.20678704797938
2006,15,"dummy","846","Kurt Thomas",0.20006319888856
2006,15,"dummy","193","Ricky Davis",0.199731645634569
2006,15,"dummy","1722","Yao Ming",0.19193628372491
2006,15,"dummy","pair_1981_2429",NA,0.189060102363123
2006,15,"dummy","557","Andre Miller",0.187705208998504
2006,15,"dummy","362","Zydrunas Ilgauskas",0.185491500718653
2006,15,"dummy","1767","Rasual Butler",0.18178218501578
2006,15,"dummy","2754","Channing Frye",0.176751265501932
2006,15,"dummy","1000","Brendan Haywood",0.170024438255119
2006,15,"dummy","598","Rasho Nesterovic",0.162856293408846
2006,15,"dummy","802","Jerry Stackhouse",0.155376931380165
2006,15,"dummy","242","Michael Finley",0.153155971082745
2006,15,"dummy","2009","James Jones",0.150984355892327
2006,15,"dummy","2166","Leandro Barbosa",0.14347120511501
2006,15,"dummy","692","Michael Redd",0.142097713487109
2006,15,"dummy","pair_385_974",NA,0.137316451203775
2006,15,"dummy","pair_261_998",NA,0.136675774269723
2006,15,"dummy","2445","Kirk Snyder",0.134104846088334
2006,15,"dummy","306","Matt Harpring",0.133703378873093
2006,15,"dummy","9","Ray Allen",0.131435363799522
2006,15,"dummy","385","Antawn Jamison",0.128698030460395
2006,15,"dummy","2382","Devin Harris",0.127107108538511
2006,15,"dummy","2763","Luther Head",0.123847965791086
2006,15,"dummy","356","Larry Hughes",0.121658656147289
2006,15,"dummy","1022","Bobby Simmons",0.104352123510509
2006,15,"dummy","2383","David Harrison",0.101440418628781
2006,15,"dummy","261","Kevin Garnett",0.100534016265114
2006,15,"dummy","1982","Chris Kaman",0.0910950513106262
2006,15,"dummy","2184","Udonis Haslem",0.0859012630051539
2006,15,"dummy","617","Lamar Odom",0.0835732814717305
2006,15,"dummy","615","Jermaine O'Neal",0.0771038156871434
2006,15,"dummy","1858","Devin Brown",0.0600819909430169
2006,15,"dummy","pair_469_9",NA,0.0586443244947374
2006,15,"dummy","454","Raef LaFrentz",0.0573561099650451
2006,15,"dummy","1719","Nenad Krstic",0.0557381757575952
2006,15,"dummy","1051","Mike James",0.0508648080490115
2006,15,"dummy","2782","Nate Robinson",0.0453536750423793
2006,15,"dummy","2165","Marcus Banks",0.0413458871842662
2006,15,"dummy","378","Stephen Jackson",0.0395976658474053
2006,15,"dummy","pair_2386_366",NA,0.0355777935644779
2006,15,"dummy","2",NA,0.0321236728984842
2006,15,"dummy","254","Adonal Foyle",0.0235101192509935
2006,15,"dummy","183","Antonio Daniels",0.0221101349134756
2006,15,"dummy","234","Francisco Elson",0.0195348755863343
2006,15,"dummy","1980","Jarvis Hayes",0.0155054120722091
2006,15,"dummy","2381","Ben Gordon",0.00405938203760214
2006,15,"dummy","1823","Smush Parker",0.00300488216814123
2006,15,"dummy","813","Peja Stojakovic",-0.0141804793918222
2006,15,"dummy","2506","Damien Wilkins",-0.0182925868579069
2006,15,"dummy","61","Mike Bibby",-0.0208916747950906
2006,15,"dummy","396","Anthony Johnson",-0.0269633204179889
2006,15,"dummy","998","Trenton Hassell",-0.0275820702818848
2006,15,"dummy","1006","Richard Jefferson",-0.0296308812210922
2006,15,"dummy","465","Voshon Lenard",-0.0394271524730778
2006,15,"dummy","99","P.J. Brown",-0.040679000706049
2006,15,"dummy","150","Speedy Claxton",-0.0445247885320518
2006,15,"dummy","550","Darius Miles",-0.0468399600025849
2006,15,"dummy","862","Hedo Turkoglu",-0.0478443047855417
2006,15,"dummy","901","Bonzi Wells",-0.0494696940545537
2006,15,"dummy","662","Paul Pierce",-0.0542293916209035
2006,15,"dummy","974","Gilbert Arenas",-0.0584522009559165
2006,15,"dummy","2411","Josh Smith",-0.0629134085547332
2006,15,"dummy","1734","Qyntel Woods",-0.0705605471794709
2006,15,"dummy","687","Theo Ratliff",-0.0772155959866546
2006,15,"dummy","1975","Carmelo Anthony",-0.0790407238566239
2006,15,"dummy","1978","Nick Collison",-0.0795533262852593
2006,15,"dummy","2779","Chris Paul",-0.0822112253237284
2006,15,"dummy","1981","Kirk Hinrich",-0.0827077935075392
2006,15,"dummy","2188","Quinton Ross",-0.10186142843815
2006,15,"dummy","pair_1017_1707",NA,-0.103885869292803
2006,15,"dummy","869","Keith Van",-0.112446587799291
2006,15,"dummy","2011","Kyle Korver",-0.112866455322058
2006,15,"dummy","640","Gary Payton",-0.113410502261142
2006,15,"dummy","pair_2753_407",NA,-0.114286450194378
2006,15,"dummy","125","Marcus Camby",-0.114809039757142
2006,15,"dummy","2393","Shaun Livingston",-0.116015928020212
2006,15,"dummy","2384","Dwight Howard",-0.116602716451115
2006,15,"dummy","2373","Josh Childress",-0.120582401705815
2006,15,"dummy","2797","Marvin Williams",-0.122160108184143
2006,15,"dummy","2747","Andrew Bogut",-0.129535457366235
2006,15,"dummy","246","Derek Fisher",-0.1356160181369
2006,15,"dummy","138","Sam Cassell",-0.141360914921424
2006,15,"dummy","632","Milt Palacio",-0.143417536445876
2006,15,"dummy","904","David Wesley",-0.145827182794717
2006,15,"dummy","1979","T.J. Ford",-0.14673756146092
2006,15,"dummy","1977","Chris Bosh",-0.151182138959428
2006,15,"dummy","817","Damon Stoudamire",-0.151527277124269
2006,15,"dummy","796","Eric Snow",-0.162299482721151
2006,15,"dummy","pair_1979_692",NA,-0.166555866777214
2006,15,"dummy","997","Eddie Griffin",-0.177568584542202
2006,15,"dummy","2177","David West",-0.178239296200531
2006,15,"dummy","429","Jason Kidd",-0.178761748997654
2006,15,"dummy","1709","Melvin Ely",-0.184068107758366
2006,15,"dummy","981","Kwame Brown",-0.185905380603375
2006,15,"dummy","656","Morris Peterson",-0.187140525404936
2006,15,"dummy","1026","Gerald Wallace",-0.188283999043178
2006,15,"dummy","2798","Deron Williams",-0.19427590621981
2006,15,"dummy","2389","Al Jefferson",-0.196049824296343
2006,15,"dummy","988","Jarron Collins",-0.203440788909928
2006,15,"dummy","897","Chris Webber",-0.215527792348326
2006,15,"dummy","366","Allen Iverson",-0.216833662066687
2006,15,"dummy","849","Kenny Thomas",-0.219053335915445
2006,15,"dummy","1014","Mehmet Okur",-0.219496616943242
2006,15,"dummy","pair_2384_862",NA,-0.221180302326205
2006,15,"dummy","714","Clifford Robinson",-0.224864794541063
2006,15,"dummy","2806","Jose Calderon",-0.244651197436735
2006,15,"dummy","2173","Mickael Pietrus",-0.248048414159788
2006,15,"dummy","255","Steve Francis",-0.248655915857489
2006,15,"dummy","1711","Drew Gooden",-0.262558889497836
2006,15,"dummy","111","Greg Buckner",-0.262700624108061
2006,15,"dummy","1777","Ronald Murray",-0.26792238351295
2006,15,"dummy","682","Joel Przybilla",-0.280686616567808
2006,15,"dummy","621","Michael Olowokandi",-0.281479493374607
2006,15,"dummy","2377","Chris Duhon",-0.29201704876738
2006,15,"dummy","3","Shareef Abdur-Rahim",-0.301862036949538
2006,15,"dummy","2753","Raymond Felton",-0.306561231014591
2006,15,"dummy","1707","Juan Dixon",-0.312538345752689
2006,15,"dummy","1985","Luke Ridnour",-0.317788954584132
2006,15,"dummy","1996","Matt Bonner",-0.320871080595949
2006,15,"dummy","2780","Johan Petro",-0.32576592637454
2006,15,"dummy","70","Mark Blount",-0.330210504631803
2006,15,"dummy","837","Maurice Taylor",-0.331117068666833
2006,15,"dummy","2456","Andres Nocioni",-0.331422374348138
2006,15,"dummy","498","Jamaal Magloire",-0.332720253303445
2006,15,"dummy","2175","Mike Sweetney",-0.333190822884793
2006,15,"dummy","469","Rashard Lewis",-0.344985134746969
2006,15,"dummy","1717","Jared Jeffries",-0.349277193552316
2006,15,"dummy","pair_2177_2779",NA,-0.369386085190953
2006,15,"dummy","1007","Joe Johnson",-0.37462435516158
2006,15,"dummy","1",NA,-0.380773609332707
2006,15,"dummy","518","Desmond Mason",-0.38829631273698
2006,15,"dummy","407","Jumaine Jones",-0.404642942032051
2006,15,"dummy","808","DeShawn Stevenson",-0.41137832026298
2006,15,"dummy","588","Dikembe Mutombo",-0.423869147055213
2006,15,"dummy","2394","Kevin Martin",-0.435789054875414
2006,15,"dummy","440","Brevin Knight",-0.436198969163239
2006,15,"dummy","622","Greg Ostertag",-0.452480508447076
2006,15,"dummy","509","Stephon Marbury",-0.468284850540784
2006,15,"dummy","2016","Zaza Pachulia",-0.487271118542158
2006,15,"dummy","1017","Zach Randolph",-0.488491544190584
2006,15,"dummy","pair_1977_656",NA,-0.492435759338815
2006,15,"dummy","2522","Keith McLeod",-0.504294065515793
2006,15,"dummy","336","Grant Hill",-0.515297389378488
2006,15,"dummy","pair_351_904",NA,-0.522063242585135
2006,15,"dummy","2018","Kendrick Perkins",-0.524074200906842
2006,15,"dummy","1995","Keith Bogans",-0.525117732741402
2006,15,"dummy","87","Earl Boykins",-0.5281697815288
2006,15,"dummy","pair_165_509",NA,-0.531872103653366
2006,15,"dummy","26","Chucky Atkins",-0.535802439326268
2006,15,"dummy","2435","Viktor Khryapa",-0.536860007701058
2006,15,"dummy","638","Ruben Patterson",-0.537826737519701
2006,15,"dummy","829","Stromile Swift",-0.540248760201829
2006,15,"dummy","1013","Troy Murphy",-0.540774745424475
2006,15,"dummy","273","Gordan Giricek",-0.54712278262751
2006,15,"dummy","1726","John Salmons",-0.559357277101452
2006,15,"dummy","308","Al Harrington",-0.563862946047278
2006,15,"dummy","1708","Mike Dunleavy",-0.588066759966549
2006,15,"dummy","1998","Brian Cook",-0.5916486391391
2006,15,"dummy","2760","Danny Granger",-0.598714705755493
2006,15,"dummy","1002","Steven Hunter",-0.607340064261011
2006,15,"dummy","2444","J.R. Smith",-0.610612993910132
2006,15,"dummy","pair_1007_308",NA,-0.650589698689822
2006,15,"dummy","489","Tyronn Lue",-0.66703511706145
2006,15,"dummy","1725","Kareem Rush",-0.667107437481601
2006,15,"dummy","209","Keyon Dooling",-0.67789262332849
2006,15,"dummy","738","Jalen Rose",-0.682026642011072
2006,15,"dummy","353","Troy Hudson",-0.692602548534146
2006,15,"dummy","165","Jamal Crawford",-0.699697379356458
2006,15,"dummy","351","Juwan Howard",-0.714149007326864
2006,15,"dummy","45","Tony Battie",-0.776682527019347
2006,15,"dummy","2759","Joey Graham",-0.782243433537647
2006,15,"dummy","1828","Reggie Evans",-0.789342337891756
2006,15,"dummy","2417","Sebastian Telfair",-0.794992095822827
2006,15,"dummy","1994","Steve Blake",-0.835743560821702
2006,15,"dummy","1703","Carlos Boozer",-0.87415567837074
2006,15,"dummy","990","Eddy Curry",-0.902800824664471
2006,15,"dummy","703","Quentin Richardson",-1.00163446519563
2006,15,"dummy","2768","Jarrett Jack",-1.00379515478274
2006,15,"dummy","2416","Robert Swift",-1.0522808072661
2006,15,"dummy","189","Antonio Davis",-1.14411817704531
2006,15,"dummy","1024","Jamaal Tinsley",-1.27073670551154
2006,15,"dummy","94","Primoz Brezec",-1.41021710744351
2006,15,"dummy","4",NA,-1.41147322972863
2006,15,"dummy","2438","Sergei Monia",-2.6667623220676
2006,15,"dummy","5",NA,-3.43091936368735
2006,20,"dummy","25","Ron Artest",1.8428658120166
2006,20,"dummy","272","Manu Ginobili",1.32356373579867
2006,20,"dummy","883","Rasheed Wallace",1.18922052044952
2006,20,"dummy","2167","Boris Diaw",1.14466259701977
2006,20,"dummy","285","Adrian Griffin",1.0356668262289
2006,20,"dummy","933","Jason Williams",0.970171056482444
2006,20,"dummy","885","Ben Wallace",0.960449614435515
2006,20,"dummy","609","Dirk Nowitzki",0.949326220251688
2006,20,"dummy","63","Chauncey Billups",0.944912452848984
2006,20,"dummy","376","Bobby Jackson",0.875139189513079
2006,20,"dummy","1987","Dwyane Wade",0.81421317911762
2006,20,"dummy","1015","Tony Parker",0.772835840158894
2006,20,"dummy","671","James Posey",0.761135240579146
2006,20,"dummy","2006","Josh Howard",0.739652182722143
2006,20,"dummy","614","Shaquille O'Neal",0.738157171574884
2006,20,"dummy","294","Richard Hamilton",0.736967921815799
2006,20,"dummy","984","Tyson Chandler",0.736107457300216
2006,20,"dummy","pair_1018_246",NA,0.731104864256784
2006,20,"dummy","147","Doug Christie",0.727591544674205
2006,20,"dummy","1724","Tayshaun Prince",0.712489304569373
2006,20,"dummy","987","Jason Collins",0.694872235085468
2006,20,"dummy","167","Austin Croshere",0.678626560321638
2006,20,"dummy","510","Shawn Marion",0.673694853033166
2006,20,"dummy","18","Derek Anderson",0.670685281583218
2006,20,"dummy","pair_609_841",NA,0.669253042445499
2006,20,"dummy","pair_1724_63",NA,0.665742686988827
2006,20,"dummy","pair_1015_215",NA,0.661908758190028
2006,20,"dummy","pair_1966_512",NA,0.636915610338971
2006,20,"dummy","434","Andrei Kirilenko",0.636272357050295
2006,20,"dummy","2200","Marquis Daniels",0.621992496720608
2006,20,"dummy","pair_566_91",NA,0.615431248091547
2006,20,"dummy","215","Tim Duncan",0.587666030360469
2006,20,"dummy","1966","LeBron James",0.576543469560904
2006,20,"dummy","2422","Delonte West",0.553138936864744
2006,20,"dummy","788","Joe Smith",0.545976002850637
2006,20,"dummy","881","Antoine Walker",0.540762865673181
2006,20,"dummy","83","Bruce Bowen",0.526081698773563
2006,20,"dummy","2178","Maurice Williams",0.512186259917866
2006,20,"dummy","566","Cuttino Mobley",0.500256498990371
2006,20,"dummy","512","Donyell Marshall",0.484991119530408
2006,20,"dummy","402","Eddie Jones",0.4844858021974
2006,20,"dummy","pair_510_592",NA,0.460056350727011
2006,20,"dummy","136","Vince Carter",0.454294029277746
2006,20,"dummy","91","Elton Brand",0.441151905854686
2006,20,"dummy","959","Lorenzen Wright",0.437129371780916
2006,20,"dummy","110","Kobe Bryant",0.435165059154706
2006,20,"dummy","2429","Luol Deng",0.435164659188325
2006,20,"dummy","pair_110_617",NA,0.40443157359076
2006,20,"dummy","pair_1006_429",NA,0.394532762706261
2006,20,"dummy","831","Wally Szczerbiak",0.392027194834857
2006,20,"dummy","996","Pau Gasol",0.38020081844841
2006,20,"dummy","841","Jason Terry",0.377572989439121
2006,20,"dummy","387","Marko Jaric",0.373058452245457
2006,20,"dummy","2399","Emeka Okafor",0.357691202369329
2006,20,"dummy","556","Brad Miller",0.347519596018352
2006,20,"dummy","250","Jeff Foster",0.340500065867073
2006,20,"dummy","2439","Jameer Nelson",0.339288517527099
2006,20,"dummy","pair_378_396",NA,0.326577053595512
2006,20,"dummy","497","Corey Maggette",0.322484983928648
2006,20,"dummy","2754","Channing Frye",0.313734862872794
2006,20,"dummy","pair_1975_557",NA,0.311030878425476
2006,20,"dummy","11","Rafer Alston",0.306612835514808
2006,20,"dummy","181","Erick Dampier",0.30543626365648
2006,20,"dummy","532","Tracy McGrady",0.304826686893377
2006,20,"dummy","549","Chris Mihm",0.30171481001262
2006,20,"dummy","592","Steve Nash",0.298247469858597
2006,20,"dummy","pair_1014_434",NA,0.297179155089141
2006,20,"dummy","515","Kenyon Martin",0.294449381164611
2006,20,"dummy","1718","Fred Jones",0.289053935931837
2006,20,"dummy","991","Samuel Dalembert",0.279111427752981
2006,20,"dummy","194","Baron Davis",0.273474785981103
2006,20,"dummy","pair_1987_2184",NA,0.268628407255422
2006,20,"dummy","362","Zydrunas Ilgauskas",0.263542959978919
2006,20,"dummy","557","Andre Miller",0.259133356710861
2006,20,"dummy","pair_976_996",NA,0.253725709411176
2006,20,"dummy","pair_556_61",NA,0.252874240876296
2006,20,"dummy","1018","Jason Richardson",0.24603889815544
2006,20,"dummy","1016","Vladimir Radmanovic",0.231524969967699
2006,20,"dummy","242","Michael Finley",0.227891780239391
2006,20,"dummy","193","Ricky Davis",0.2278836700696
2006,20,"dummy","pair_2422_662",NA,0.225448476472542
2006,20,"dummy","49","Raja Bell",0.220212260559041
2006,20,"dummy","976","Shane Battier",0.211836657686929
2006,20,"dummy","1705","Caron Butler",0.210977902529211
2006,20,"dummy","1000","Brendan Haywood",0.20750370258919
2006,20,"dummy","802","Jerry Stackhouse",0.204842957751318
2006,20,"dummy","846","Kurt Thomas",0.199285233818291
2006,20,"dummy","pair_1981_2429",NA,0.194579720673956
2006,20,"dummy","1722","Yao Ming",0.192737277873877
2006,20,"dummy","558","Mike Miller",0.189521438583216
2006,20,"dummy","2386","Andre Iguodala",0.178659746690008
2006,20,"dummy","2792","Charlie Villanueva",0.171461664023254
2006,20,"dummy","356","Larry Hughes",0.161603475066536
2006,20,"dummy","692","Michael Redd",0.159290688038872
2006,20,"dummy","2445","Kirk Snyder",0.157395396434339
2006,20,"dummy","pair_385_974",NA,0.143544406893693
2006,20,"dummy","2009","James Jones",0.139718697933066
2006,20,"dummy","598","Rasho Nesterovic",0.134266823836232
2006,20,"dummy","pair_261_998",NA,0.133267449093647
2006,20,"dummy","1022","Bobby Simmons",0.127312061295646
2006,20,"dummy","2184","Udonis Haslem",0.11793824506514
2006,20,"dummy","385","Antawn Jamison",0.117489831023624
2006,20,"dummy","9","Ray Allen",0.114080724719076
2006,20,"dummy","2166","Leandro Barbosa",0.106501437244427
2006,20,"dummy","615","Jermaine O'Neal",0.104979455353625
2006,20,"dummy","234","Francisco Elson",0.103868572919021
2006,20,"dummy","617","Lamar Odom",0.103407196979114
2006,20,"dummy","306","Matt Harpring",0.0986655210961052
2006,20,"dummy","1982","Chris Kaman",0.0913210665581703
2006,20,"dummy","378","Stephen Jackson",0.0853713832257158
2006,20,"dummy","261","Kevin Garnett",0.0725743551364277
2006,20,"dummy","2763","Luther Head",0.0606695421640477
2006,20,"dummy","454","Raef LaFrentz",0.0544804015874033
2006,20,"dummy","254","Adonal Foyle",0.0536134560524806
2006,20,"dummy","1719","Nenad Krstic",0.0454400042227732
2006,20,"dummy","1",NA,0.0365450726487688
2006,20,"dummy","pair_469_9",NA,0.0278221323027015
2006,20,"dummy","2381","Ben Gordon",0.0215205571930519
2006,20,"dummy","1980","Jarvis Hayes",0.00878202386858808
2006,20,"dummy","813","Peja Stojakovic",0.0085653931911806
2006,20,"dummy","183","Antonio Daniels",0.00528951500597587
2006,20,"dummy","pair_2386_366",NA,0.00142378529900954
2006,20,"dummy","61","Mike Bibby",0.00121136757552052
2006,20,"dummy","1051","Mike James",0.00100179831373809
2006,20,"dummy","1823","Smush Parker",0.000651434696196533
2006,20,"dummy","1975","Carmelo Anthony",-0.0202983151086607
2006,20,"dummy","150","Speedy Claxton",-0.0304195923136645
2006,20,"dummy","99","P.J. Brown",-0.0324460573080498
2006,20,"dummy","396","Anthony Johnson",-0.0348544404175941
2006,20,"dummy","901","Bonzi Wells",-0.0480875795476399
2006,20,"dummy","1006","Richard Jefferson",-0.0483389316207497
2006,20,"dummy","998","Trenton Hassell",-0.0487210431181164
2006,20,"dummy","862","Hedo Turkoglu",-0.0536572851632088
2006,20,"dummy","pair_1017_1707",NA,-0.0568838809479111
2006,20,"dummy","2411","Josh Smith",-0.0618169714952365
2006,20,"dummy","662","Paul Pierce",-0.0641783354488057
2006,20,"dummy","640","Gary Payton",-0.0672367468671833
2006,20,"dummy","2779","Chris Paul",-0.0752795454722547
2006,20,"dummy","1981","Kirk Hinrich",-0.0765636285497617
2006,20,"dummy","974","Gilbert Arenas",-0.0822626411766277
2006,20,"dummy","1978","Nick Collison",-0.0921435359392862
2006,20,"dummy","2188","Quinton Ross",-0.103769522399523
2006,20,"dummy","2373","Josh Childress",-0.109097834882675
2006,20,"dummy","pair_2753_407",NA,-0.109595084662857
2006,20,"dummy","125","Marcus Camby",-0.112168692347904
2006,20,"dummy","2384","Dwight Howard",-0.125945543100116
2006,20,"dummy","2393","Shaun Livingston",-0.130166585911945
2006,20,"dummy","796","Eric Snow",-0.133790083094602
2006,20,"dummy","981","Kwame Brown",-0.137514677260216
2006,20,"dummy","2747","Andrew Bogut",-0.140039515042738
2006,20,"dummy","246","Derek Fisher",-0.154798745262146
2006,20,"dummy","2011","Kyle Korver",-0.15571160902687
2006,20,"dummy","817","Damon Stoudamire",-0.158707267833228
2006,20,"dummy","1979","T.J. Ford",-0.162185878348544
2006,20,"dummy","138","Sam Cassell",-0.168860735721665
2006,20,"dummy","pair_1979_692",NA,-0.168984501110212
2006,20,"dummy","2177","David West",-0.172681832442164
2006,20,"dummy","988","Jarron Collins",-0.178184522506999
2006,20,"dummy","849","Kenny Thomas",-0.189508891168945
2006,20,"dummy","904","David Wesley",-0.198686963753061
2006,20,"dummy","1709","Melvin Ely",-0.201635602879067
2006,20,"dummy","1026","Gerald Wallace",-0.203622099604669
2006,20,"dummy","2",NA,-0.210879006408652
2006,20,"dummy","1977","Chris Bosh",-0.215112732199051
2006,20,"dummy","429","Jason Kidd",-0.218875224159063
2006,20,"dummy","pair_2384_862",NA,-0.222250048395525
2006,20,"dummy","1711","Drew Gooden",-0.229421429406674
2006,20,"dummy","656","Morris Peterson",-0.242231881374937
2006,20,"dummy","1014","Mehmet Okur",-0.243491200765492
2006,20,"dummy","2798","Deron Williams",-0.245299652117638
2006,20,"dummy","255","Steve Francis",-0.256070302557799
2006,20,"dummy","2377","Chris Duhon",-0.27127093560284
2006,20,"dummy","2173","Mickael Pietrus",-0.280546320609202
2006,20,"dummy","111","Greg Buckner",-0.280659237827123
2006,20,"dummy","897","Chris Webber",-0.289713070428348
2006,20,"dummy","366","Allen Iverson",-0.296722294191117
2006,20,"dummy","550","Darius Miles",-0.299751388938414
2006,20,"dummy","621","Michael Olowokandi",-0.316175208017476
2006,20,"dummy","2456","Andres Nocioni",-0.331118489995466
2006,20,"dummy","2753","Raymond Felton",-0.33571045297256
2006,20,"dummy","3","Shareef Abdur-Rahim",-0.340515517246057
2006,20,"dummy","70","Mark Blount",-0.343654016736549
2006,20,"dummy","2780","Johan Petro",-0.34769982219971
2006,20,"dummy","2175","Mike Sweetney",-0.350106835534817
2006,20,"dummy","1717","Jared Jeffries",-0.357800347855073
2006,20,"dummy","498","Jamaal Magloire",-0.359366269204185
2006,20,"dummy","1985","Luke Ridnour",-0.363882508625282
2006,20,"dummy","1707","Juan Dixon",-0.375574690458071
2006,20,"dummy","pair_2177_2779",NA,-0.387159379720903
2006,20,"dummy","1007","Joe Johnson",-0.394645533378058
2006,20,"dummy","469","Rashard Lewis",-0.407466024733994
2006,20,"dummy","509","Stephon Marbury",-0.417166080055575
2006,20,"dummy","518","Desmond Mason",-0.420175132517947
2006,20,"dummy","2394","Kevin Martin",-0.435817512652024
2006,20,"dummy","682","Joel Przybilla",-0.437669238736501
2006,20,"dummy","808","DeShawn Stevenson",-0.441016842267081
2006,20,"dummy","407","Jumaine Jones",-0.442705211653551
2006,20,"dummy","440","Brevin Knight",-0.463259173999172
2006,20,"dummy","2016","Zaza Pachulia",-0.519199352522775
2006,20,"dummy","pair_165_509",NA,-0.54518592020593
2006,20,"dummy","pair_1977_656",NA,-0.558683260748504
2006,20,"dummy","2522","Keith McLeod",-0.55883668133194
2006,20,"dummy","2018","Kendrick Perkins",-0.560780166418284
2006,20,"dummy","pair_351_904",NA,-0.563405920940836
2006,20,"dummy","336","Grant Hill",-0.574060406146854
2006,20,"dummy","1013","Troy Murphy",-0.581610155253181
2006,20,"dummy","2435","Viktor Khryapa",-0.584061791099262
2006,20,"dummy","273","Gordan Giricek",-0.599010495547519
2006,20,"dummy","308","Al Harrington",-0.618120547542818
2006,20,"dummy","2444","J.R. Smith",-0.635155116446007
2006,20,"dummy","4",NA,-0.636452102054284
2006,20,"dummy","1708","Mike Dunleavy",-0.640624888661187
2006,20,"dummy","1017","Zach Randolph",-0.6414508565875
2006,20,"dummy","489","Tyronn Lue",-0.688844206158787
2006,20,"dummy","165","Jamal Crawford",-0.696570262068533
2006,20,"dummy","pair_1007_308",NA,-0.700948604235418
2006,20,"dummy","1725","Kareem Rush",-0.71445496964224
2006,20,"dummy","738","Jalen Rose",-0.780064631599636
2006,20,"dummy","351","Juwan Howard",-0.786456019143765
2006,20,"dummy","45","Tony Battie",-0.824581552790478
2006,20,"dummy","1994","Steve Blake",-0.886416902258733
2006,20,"dummy","990","Eddy Curry",-0.921838504371966
2006,20,"dummy","703","Quentin Richardson",-1.04564322505628
2006,20,"dummy","2416","Robert Swift",-1.08412050575411
2006,20,"dummy","2417","Sebastian Telfair",-1.11634971003909
2006,20,"dummy","189","Antonio Davis",-1.16281237952217
2006,20,"dummy","1024","Jamaal Tinsley",-1.39325464989648
2006,20,"dummy","94","Primoz Brezec",-1.51237629132806
2006,20,"dummy","5",NA,-1.93999989043724
2006,25,"dummy","25","Ron Artest",2.75383516135308
2006,25,"dummy","272","Manu Ginobili",1.82491530876686
2006,25,"dummy","2167","Boris Diaw",1.6536876612697
2006,25,"dummy","609","Dirk Nowitzki",1.57444849176714
2006,25,"dummy","883","Rasheed Wallace",1.56835426380498
2006,25,"dummy","933","Jason Williams",1.38967445872246
2006,25,"dummy","1987","Dwyane Wade",1.22845529917818
2006,25,"dummy","885","Ben Wallace",1.18153674275388
2006,25,"dummy","63","Chauncey Billups",1.14142842408116
2006,25,"dummy","2006","Josh Howard",1.09020550978379
2006,25,"dummy","984","Tyson Chandler",1.06836823239915
2006,25,"dummy","pair_1966_512",NA,1.05667020318855
2006,25,"dummy","671","James Posey",1.03713595372857
2006,25,"dummy","1015","Tony Parker",1.03395508367975
2006,25,"dummy","pair_1018_246",NA,1.02303090111184
2006,25,"dummy","18","Derek Anderson",1.01537403795886
2006,25,"dummy","987","Jason Collins",1.00540581784172
2006,25,"dummy","614","Shaquille O'Neal",0.979772746210897
2006,25,"dummy","434","Andrei Kirilenko",0.970266364735505
2006,25,"dummy","pair_609_841",NA,0.932577232634753
2006,25,"dummy","1966","LeBron James",0.932138356788499
2006,25,"dummy","510","Shawn Marion",0.918661688051245
2006,25,"dummy","pair_566_91",NA,0.843054183537158
2006,25,"dummy","2422","Delonte West",0.821149368725733
2006,25,"dummy","402","Eddie Jones",0.818600085254991
2006,25,"dummy","294","Richard Hamilton",0.806108378697857
2006,25,"dummy","pair_1015_215",NA,0.78392914653695
2006,25,"dummy","1724","Tayshaun Prince",0.770218198114511
2006,25,"dummy","215","Tim Duncan",0.735245039114944
2006,25,"dummy","2399","Emeka Okafor",0.722845467267711
2006,25,"dummy","pair_378_396",NA,0.706581133666789
2006,25,"dummy","136","Vince Carter",0.689349167237203
2006,25,"dummy","566","Cuttino Mobley",0.676465445991834
2006,25,"dummy","996","Pau Gasol",0.640580684302641
2006,25,"dummy","pair_1724_63",NA,0.64050185867419
2006,25,"dummy","110","Kobe Bryant",0.629031082676996
2006,25,"dummy","pair_1006_429",NA,0.62175910248611
2006,25,"dummy","2429","Luol Deng",0.617666887008285
2006,25,"dummy","83","Bruce Bowen",0.606073639019883
2006,25,"dummy","91","Elton Brand",0.602226518405579
2006,25,"dummy","pair_110_617",NA,0.5815997664681
2006,25,"dummy","841","Jason Terry",0.559116777395327
2006,25,"dummy","532","Tracy McGrady",0.552235543999232
2006,25,"dummy","11","Rafer Alston",0.546150783393651
2006,25,"dummy","pair_510_592",NA,0.539052766235087
2006,25,"dummy","831","Wally Szczerbiak",0.523637735731791
2006,25,"dummy","387","Marko Jaric",0.505044267095879
2006,25,"dummy","556","Brad Miller",0.504404768150551
2006,25,"dummy","991","Samuel Dalembert",0.499760251012133
2006,25,"dummy","194","Baron Davis",0.499568533306767
2006,25,"dummy","pair_1975_557",NA,0.447757260304658
2006,25,"dummy","515","Kenyon Martin",0.414611899430425
2006,25,"dummy","549","Chris Mihm",0.402219069355801
2006,25,"dummy","497","Corey Maggette",0.394024056795421
2006,25,"dummy","692","Michael Redd",0.391023359971565
2006,25,"dummy","1018","Jason Richardson",0.390125887287913
2006,25,"dummy","pair_976_996",NA,0.389132386405301
2006,25,"dummy","976","Shane Battier",0.388187804573938
2006,25,"dummy","362","Zydrunas Ilgauskas",0.38598842709507
2006,25,"dummy","558","Mike Miller",0.374184217300901
2006,25,"dummy","557","Andre Miller",0.371721647914477
2006,25,"dummy","pair_1014_434",NA,0.358831652855416
2006,25,"dummy","378","Stephen Jackson",0.352512749810124
2006,25,"dummy","pair_556_61",NA,0.351445918998499
2006,25,"dummy","193","Ricky Davis",0.344232595450433
2006,25,"dummy","2386","Andre Iguodala",0.331001565643807
2006,25,"dummy","1722","Yao Ming",0.329489461475856
2006,25,"dummy","1000","Brendan Haywood",0.327525589208146
2006,25,"dummy","1022","Bobby Simmons",0.317080766963436
2006,25,"dummy","1705","Caron Butler",0.311923369065265
2006,25,"dummy","592","Steve Nash",0.286773665137985
2006,25,"dummy","pair_2422_662",NA,0.258421638883349
2006,25,"dummy","615","Jermaine O'Neal",0.246271578480417
2006,25,"dummy","9","Ray Allen",0.24544944435395
2006,25,"dummy","pair_1981_2429",NA,0.230638471252028
2006,25,"dummy","356","Larry Hughes",0.225912291236005
2006,25,"dummy","pair_385_974",NA,0.220904502714029
2006,25,"dummy","846","Kurt Thomas",0.199377483357647
2006,25,"dummy","pair_261_998",NA,0.193453892882633
2006,25,"dummy","pair_1987_2184",NA,0.188473260565925
2006,25,"dummy","385","Antawn Jamison",0.179655940509994
2006,25,"dummy","49","Raja Bell",0.170332341220803
2006,25,"dummy","1051","Mike James",0.126035856588111
2006,25,"dummy","pair_469_9",NA,0.102914938331292
2006,25,"dummy","254","Adonal Foyle",0.0972723174349847
2006,25,"dummy","813","Peja Stojakovic",0.0969178868521262
2006,25,"dummy","862","Hedo Turkoglu",0.0812310518110841
2006,25,"dummy","617","Lamar Odom",0.0809286486833056
2006,25,"dummy","261","Kevin Garnett",0.077510429176698
2006,25,"dummy","1982","Chris Kaman",0.055923103566747
2006,25,"dummy","1",NA,0.0369016773010486
2006,25,"dummy","pair_2386_366",NA,0.0367047688568037
2006,25,"dummy","598","Rasho Nesterovic",0.0330023487306383
2006,25,"dummy","1719","Nenad Krstic",0.0265432482476663
2006,25,"dummy","2411","Josh Smith",0.0210932508184001
2006,25,"dummy","99","P.J. Brown",0.0173713549696202
2006,25,"dummy","2184","Udonis Haslem",-0.0112516507326693
2006,25,"dummy","pair_1017_1707",NA,-0.016846410206085
2006,25,"dummy","2779","Chris Paul",-0.0237250412108613
2006,25,"dummy","2384","Dwight Howard",-0.03499241893023
2006,25,"dummy","2",NA,-0.0354567117499205
2006,25,"dummy","901","Bonzi Wells",-0.0637418370018822
2006,25,"dummy","61","Mike Bibby",-0.0736126320456151
2006,25,"dummy","2381","Ben Gordon",-0.0777101133254506
2006,25,"dummy","1823","Smush Parker",-0.0812248505457237
2006,25,"dummy","1975","Carmelo Anthony",-0.0822256534850289
2006,25,"dummy","998","Trenton Hassell",-0.133269651104491
2006,25,"dummy","2747","Andrew Bogut",-0.142643690370281
2006,25,"dummy","1006","Richard Jefferson",-0.150652125865361
2006,25,"dummy","1026","Gerald Wallace",-0.157982432554439
2006,25,"dummy","974","Gilbert Arenas",-0.160335649971195
2006,25,"dummy","1979","T.J. Ford",-0.164083684022452
2006,25,"dummy","2177","David West",-0.175675663603894
2006,25,"dummy","pair_2753_407",NA,-0.177751293740044
2006,25,"dummy","662","Paul Pierce",-0.184905831044921
2006,25,"dummy","125","Marcus Camby",-0.192281494895808
2006,25,"dummy","2011","Kyle Korver",-0.195006544514747
2006,25,"dummy","904","David Wesley",-0.196947488175698
2006,25,"dummy","1977","Chris Bosh",-0.198709717202689
2006,25,"dummy","pair_1979_692",NA,-0.217031493025587
2006,25,"dummy","1709","Melvin Ely",-0.217449170480817
2006,25,"dummy","pair_2384_862",NA,-0.220295997512317
2006,25,"dummy","1981","Kirk Hinrich",-0.22223836190587
2006,25,"dummy","796","Eric Snow",-0.222756887343915
2006,25,"dummy","255","Steve Francis",-0.232583189348861
2006,25,"dummy","656","Morris Peterson",-0.237557149923357
2006,25,"dummy","981","Kwame Brown",-0.274181263614294
2006,25,"dummy","988","Jarron Collins",-0.278793331157575
2006,25,"dummy","817","Damon Stoudamire",-0.363784192524025
2006,25,"dummy","3","Shareef Abdur-Rahim",-0.370655386093017
2006,25,"dummy","138","Sam Cassell",-0.380473411507002
2006,25,"dummy","1014","Mehmet Okur",-0.385868554535292
2006,25,"dummy","1711","Drew Gooden",-0.402195900865337
2006,25,"dummy","897","Chris Webber",-0.415758261388921
2006,25,"dummy","429","Jason Kidd",-0.449305747624108
2006,25,"dummy","366","Allen Iverson",-0.45318982238564
2006,25,"dummy","1007","Joe Johnson",-0.459716757379234
2006,25,"dummy","550","Darius Miles",-0.473374624748945
2006,25,"dummy","498","Jamaal Magloire",-0.475590465760428
2006,25,"dummy","4",NA,-0.506256786486193
2006,25,"dummy","808","DeShawn Stevenson",-0.513169870039089
2006,25,"dummy","1985","Luke Ridnour",-0.526945419437979
2006,25,"dummy","pair_2177_2779",NA,-0.53645552869565
2006,25,"dummy","2377","Chris Duhon",-0.537314715058691
2006,25,"dummy","1717","Jared Jeffries",-0.544741228024398
2006,25,"dummy","70","Mark Blount",-0.547434947427596
2006,25,"dummy","518","Desmond Mason",-0.575586887261133
2006,25,"dummy","440","Brevin Knight",-0.58197329186023
2006,25,"dummy","469","Rashard Lewis",-0.596185461837409
2006,25,"dummy","1707","Juan Dixon",-0.622396834668772
2006,25,"dummy","509","Stephon Marbury",-0.638828044437432
2006,25,"dummy","pair_165_509",NA,-0.650436095909426
2006,25,"dummy","2016","Zaza Pachulia",-0.672093780717202
2006,25,"dummy","682","Joel Przybilla",-0.681487986861284
2006,25,"dummy","336","Grant Hill",-0.700706310787525
2006,25,"dummy","pair_351_904",NA,-0.704465993896948
2006,25,"dummy","2394","Kevin Martin",-0.785489633346177
2006,25,"dummy","pair_1977_656",NA,-0.795290325735141
2006,25,"dummy","308","Al Harrington",-0.821173558350042
2006,25,"dummy","1013","Troy Murphy",-0.865382405503582
2006,25,"dummy","pair_1007_308",NA,-0.903251352413825
2006,25,"dummy","5",NA,-0.913485924822624
2006,25,"dummy","1725","Kareem Rush",-0.915305197213019
2006,25,"dummy","165","Jamal Crawford",-0.922315558991937
2006,25,"dummy","273","Gordan Giricek",-0.926149144773371
2006,25,"dummy","1708","Mike Dunleavy",-0.968599164057985
2006,25,"dummy","738","Jalen Rose",-1.01146459867087
2006,25,"dummy","1017","Zach Randolph",-1.09833310581335
2006,25,"dummy","45","Tony Battie",-1.11841630636194
2006,25,"dummy","351","Juwan Howard",-1.1584125617283
2006,25,"dummy","990","Eddy Curry",-1.33161391388905
2006,25,"dummy","1024","Jamaal Tinsley",-1.99208212536521
2006,25,"dummy","94","Primoz Brezec",-2.19646282530048
2006,30,"dummy","25","Ron Artest",2.53730952291665
2006,30,"dummy","2167","Boris Diaw",1.65375766951828
2006,30,"dummy","1987","Dwyane Wade",1.58386866138186
2006,30,"dummy","883","Rasheed Wallace",1.56906575182257
2006,30,"dummy","609","Dirk Nowitzki",1.55267542766674
2006,30,"dummy","614","Shaquille O'Neal",1.25356365274958
2006,30,"dummy","1015","Tony Parker",1.20682887251495
2006,30,"dummy","885","Ben Wallace",1.18923145982626
2006,30,"dummy","63","Chauncey Billups",1.14758846643708
2006,30,"dummy","2006","Josh Howard",1.08583225068022
2006,30,"dummy","pair_1966_512",NA,1.07092052399154
2006,30,"dummy","pair_1018_246",NA,1.02767428571792
2006,30,"dummy","434","Andrei Kirilenko",0.937329922944771
2006,30,"dummy","pair_609_841",NA,0.918977615783014
2006,30,"dummy","215","Tim Duncan",0.91790097207292
2006,30,"dummy","510","Shawn Marion",0.912913698175503
2006,30,"dummy","1966","LeBron James",0.894232154792589
2006,30,"dummy","pair_1015_215",NA,0.849568843397852
2006,30,"dummy","pair_566_91",NA,0.845070189616715
2006,30,"dummy","294","Richard Hamilton",0.827543393558127
2006,30,"dummy","402","Eddie Jones",0.823322224126565
2006,30,"dummy","83","Bruce Bowen",0.798590474319952
2006,30,"dummy","pair_378_396",NA,0.784520344429052
2006,30,"dummy","2422","Delonte West",0.781035578015326
2006,30,"dummy","1724","Tayshaun Prince",0.768242681468729
2006,30,"dummy","136","Vince Carter",0.744891001108003
2006,30,"dummy","pair_1981_2429",NA,0.727047214997674
2006,30,"dummy","pair_1006_429",NA,0.690603515215303
2006,30,"dummy","566","Cuttino Mobley",0.680779705759374
2006,30,"dummy","996","Pau Gasol",0.67856958688437
2006,30,"dummy","pair_1724_63",NA,0.663771834763351
2006,30,"dummy","91","Elton Brand",0.606296551883733
2006,30,"dummy","110","Kobe Bryant",0.594575158578284
2006,30,"dummy","532","Tracy McGrady",0.587144154531419
2006,30,"dummy","11","Rafer Alston",0.559993764855741
2006,30,"dummy","841","Jason Terry",0.553678541854589
2006,30,"dummy","pair_510_592",NA,0.546460113839358
2006,30,"dummy","pair_110_617",NA,0.538586928848803
2006,30,"dummy","831","Wally Szczerbiak",0.528016708474249
2006,30,"dummy","387","Marko Jaric",0.48154098828655
2006,30,"dummy","991","Samuel Dalembert",0.472721433202459
2006,30,"dummy","pair_1987_2184",NA,0.451255307735825
2006,30,"dummy","1722","Yao Ming",0.438408713436762
2006,30,"dummy","pair_1975_557",NA,0.435292839178492
2006,30,"dummy","497","Corey Maggette",0.430519250877011
2006,30,"dummy","976","Shane Battier",0.408208955787982
2006,30,"dummy","515","Kenyon Martin",0.395947723362836
2006,30,"dummy","pair_976_996",NA,0.385311100570932
2006,30,"dummy","556","Brad Miller",0.382355736945193
2006,30,"dummy","194","Baron Davis",0.3713487832075
2006,30,"dummy","692","Michael Redd",0.369733279144021
2006,30,"dummy","549","Chris Mihm",0.368205705721824
2006,30,"dummy","557","Andre Miller",0.364406962512466
2006,30,"dummy","2399","Emeka Okafor",0.349782001111335
2006,30,"dummy","2184","Udonis Haslem",0.349135499106074
2006,30,"dummy","362","Zydrunas Ilgauskas",0.331430549448101
2006,30,"dummy","2386","Andre Iguodala",0.313274614364976
2006,30,"dummy","1705","Caron Butler",0.311500902135787
2006,30,"dummy","pair_1014_434",NA,0.301490176413637
2006,30,"dummy","1",NA,0.289303295139057
2006,30,"dummy","592","Steve Nash",0.28508192460539
2006,30,"dummy","1022","Bobby Simmons",0.282990170081514
2006,30,"dummy","1018","Jason Richardson",0.266999456802007
2006,30,"dummy","193","Ricky Davis",0.259524913710354
2006,30,"dummy","pair_556_61",NA,0.259170152985886
2006,30,"dummy","9","Ray Allen",0.24914044289627
2006,30,"dummy","pair_385_974",NA,0.243757792156744
2006,30,"dummy","385","Antawn Jamison",0.218715547216947
2006,30,"dummy","pair_2422_662",NA,0.216646251437541
2006,30,"dummy","378","Stephen Jackson",0.209879388897392
2006,30,"dummy","846","Kurt Thomas",0.205979943618908
2006,30,"dummy","1981","Kirk Hinrich",0.18475221140279
2006,30,"dummy","2",NA,0.18141127315168
2006,30,"dummy","49","Raja Bell",0.163652187639681
2006,30,"dummy","pair_261_998",NA,0.16102241929538
2006,30,"dummy","356","Larry Hughes",0.11411025956262
2006,30,"dummy","pair_469_9",NA,0.0982492891170588
2006,30,"dummy","1719","Nenad Krstic",0.0856399926102393
2006,30,"dummy","617","Lamar Odom",0.0609170916632665
2006,30,"dummy","1982","Chris Kaman",0.0583061146399678
2006,30,"dummy","1051","Mike James",0.0464687438306088
2006,30,"dummy","261","Kevin Garnett",0.0390428812250841
2006,30,"dummy","813","Peja Stojakovic",0.0322005838176117
2006,30,"dummy","615","Jermaine O'Neal",0.0308825277870289
2006,30,"dummy","pair_2386_366",NA,0.0218250605428603
2006,30,"dummy","99","P.J. Brown",0.0212612479554539
2006,30,"dummy","2411","Josh Smith",0.0181954119648177
2006,30,"dummy","862","Hedo Turkoglu",-0.0333271274013322
2006,30,"dummy","2779","Chris Paul",-0.0491006669430489
2006,30,"dummy","1975","Carmelo Anthony",-0.0894108204735497
2006,30,"dummy","1823","Smush Parker",-0.102776412863339
2006,30,"dummy","1006","Richard Jefferson",-0.111437458640129
2006,30,"dummy","974","Gilbert Arenas",-0.121951559471349
2006,30,"dummy","901","Bonzi Wells",-0.135153822850697
2006,30,"dummy","pair_1017_1707",NA,-0.14235900451021
2006,30,"dummy","904","David Wesley",-0.157028994481069
2006,30,"dummy","1979","T.J. Ford",-0.160092161321655
2006,30,"dummy","998","Trenton Hassell",-0.167856800139102
2006,30,"dummy","2177","David West",-0.189787677078423
2006,30,"dummy","2384","Dwight Howard",-0.190310673952205
2006,30,"dummy","61","Mike Bibby",-0.191299726906311
2006,30,"dummy","662","Paul Pierce",-0.217171949829768
2006,30,"dummy","125","Marcus Camby",-0.217912833291477
2006,30,"dummy","pair_1979_692",NA,-0.220365352019545
2006,30,"dummy","3","Shareef Abdur-Rahim",-0.253503318900742
2006,30,"dummy","656","Morris Peterson",-0.286482756545362
2006,30,"dummy","1977","Chris Bosh",-0.299278905444345
2006,30,"dummy","pair_2384_862",NA,-0.327393220824898
2006,30,"dummy","429","Jason Kidd",-0.36252756738449
2006,30,"dummy","138","Sam Cassell",-0.369486585194687
2006,30,"dummy","255","Steve Francis",-0.41881685253151
2006,30,"dummy","pair_2753_407",NA,-0.429046101062049
2006,30,"dummy","897","Chris Webber",-0.434641614039264
2006,30,"dummy","1014","Mehmet Okur",-0.463979667086343
2006,30,"dummy","1007","Joe Johnson",-0.466406374863978
2006,30,"dummy","366","Allen Iverson",-0.467830273952775
2006,30,"dummy","498","Jamaal Magloire",-0.516765495519926
2006,30,"dummy","1985","Luke Ridnour",-0.518240491538699
2006,30,"dummy","1717","Jared Jeffries",-0.520154507875233
2006,30,"dummy","550","Darius Miles",-0.529973324203776
2006,30,"dummy","4",NA,-0.555144477915001
2006,30,"dummy","pair_2177_2779",NA,-0.562202916176493
2006,30,"dummy","1026","Gerald Wallace",-0.576636690176005
2006,30,"dummy","518","Desmond Mason",-0.581912312876025
2006,30,"dummy","469","Rashard Lewis",-0.590708757834964
2006,30,"dummy","509","Stephon Marbury",-0.678490409613787
2006,30,"dummy","pair_351_904",NA,-0.68694585563395
2006,30,"dummy","2016","Zaza Pachulia",-0.690066114326285
2006,30,"dummy","808","DeShawn Stevenson",-0.708588844225125
2006,30,"dummy","682","Joel Przybilla",-0.755015749413457
2006,30,"dummy","5",NA,-0.778902672893167
2006,30,"dummy","308","Al Harrington",-0.828837289792398
2006,30,"dummy","pair_1977_656",NA,-0.837204865466404
2006,30,"dummy","pair_165_509",NA,-0.851667436197766
2006,30,"dummy","pair_1007_308",NA,-0.914955402717608
2006,30,"dummy","1013","Troy Murphy",-1.00968448449264
2006,30,"dummy","440","Brevin Knight",-1.02866799588957
2006,30,"dummy","351","Juwan Howard",-1.10835467802433
2006,30,"dummy","1017","Zach Randolph",-1.1456855504545
2006,30,"dummy","990","Eddy Curry",-1.4793095907556
2007,0,"dummy","3140",NA,6.78871930306956
2007,0,"dummy","3083",NA,3.02384792971826
2007,0,"dummy","2769","Amir Johnson",2.57230400910473
2007,0,"dummy","2214","Ronald Dupree",2.09692186523362
2007,0,"dummy","3029","Mouhamed Sene",2.04197505171726
2007,0,"dummy","837","Maurice Taylor",1.99354393255506
2007,0,"dummy","2466","Jared Reiner",1.93760998765652
2007,0,"dummy","3011","Bobby Jones",1.58463717564034
2007,0,"dummy","674",NA,1.58095405370006
2007,0,"dummy","543","Slava Medvedenko",1.46287300975703
2007,0,"dummy","2793",NA,1.44178110372842
2007,0,"dummy","139","Kelvin Cato",1.42952202920558
2007,0,"dummy","3012","Kyle Lowry",1.39239834679917
2007,0,"dummy","2810","Shavlik Randolph",1.23768385388395
2007,0,"dummy","2382","Devin Harris",1.19683099683278
2007,0,"dummy","539",NA,1.14252265905261
2007,0,"dummy","2986","Renaldo Balkman",0.983384051242113
2007,0,"dummy","272","Manu Ginobili",0.981103044806409
2007,0,"dummy","3046","Chris Quinn",0.964291534279878
2007,0,"dummy","1913","Mike Wilks",0.950453733675954
2007,0,"dummy","pair_510_592",NA,0.921425172850484
2007,0,"dummy","2834","Chuck Hayes",0.905866356287126
2007,0,"dummy","2006","Josh Howard",0.895738280223438
2007,0,"dummy","2800","Bracey Wright",0.881554345016367
2007,0,"dummy","592","Steve Nash",0.821763723611739
2007,0,"dummy","181","Erick Dampier",0.774781434912946
2007,0,"dummy","pair_609_841",NA,0.761437447837847
2007,0,"dummy","496","Mark Madsen",0.757830519500581
2007,0,"dummy","2215","Lynn Greer",0.750716427830118
2007,0,"dummy","934","Shammond Williams",0.745492844922641
2007,0,"dummy","841","Jason Terry",0.74153766959022
2007,0,"dummy","981","Kwame Brown",0.727573857359948
2007,0,"dummy","83","Bruce Bowen",0.720539753278712
2007,0,"dummy","874","Jacque Vaughn",0.714908070242703
2007,0,"dummy","2510","Andre Brown",0.706032825002307
2007,0,"dummy","250","Jeff Foster",0.687878529771104
2007,0,"dummy","2166","Leandro Barbosa",0.686607376052988
2007,0,"dummy","2989","Will Blalock",0.683527378663938
2007,0,"dummy","1995","Keith Bogans",0.681023677539548
2007,0,"dummy","2762","Orien Greene",0.679005569706792
2007,0,"dummy","614","Shaquille O'Neal",0.662604890049863
2007,0,"dummy","pair_11_976",NA,0.642512767064483
2007,0,"dummy","530","Antonio McDyess",0.629010563564232
2007,0,"dummy","215","Tim Duncan",0.627042707424006
2007,0,"dummy","3047","Allan Ray",0.6145740047289
2007,0,"dummy","63","Chauncey Billups",0.612682187561008
2007,0,"dummy","3006","Daniel Gibson",0.610968634829359
2007,0,"dummy","pair_1015_215",NA,0.610791986907729
2007,0,"dummy","510","Shawn Marion",0.609939794680329
2007,0,"dummy","609","Dirk Nowitzki",0.60897126625198
2007,0,"dummy","2983","LaMarcus Aldridge",0.57928776112837
2007,0,"dummy","3053","Pops Mensah-Bonsu",0.56962151792124
2007,0,"dummy","1706","Dan Dickau",0.551047379810489
2007,0,"dummy","846","Kurt Thomas",0.550044383555101
2007,0,"dummy","3026","Rajon Rondo",0.549326913622862
2007,0,"dummy","2982","Maurice Ager",0.540546201640627
2007,0,"dummy","254","Adonal Foyle",0.537743693723543
2007,0,"dummy","pair_1987_2184",NA,0.530293248037305
2007,0,"dummy","pair_1731_469",NA,0.526696406632366
2007,0,"dummy","532","Tracy McGrady",0.525140253067812
2007,0,"dummy","1727","Amare Stoudemire",0.502977536151646
2007,0,"dummy","2752","Daniel Ewing",0.498885491198027
2007,0,"dummy","3013","Damir Markota",0.492898027899874
2007,0,"dummy","987","Jason Collins",0.491656623687951
2007,0,"dummy","24","Darrell Armstrong",0.490708642031659
2007,0,"dummy","3015","Paul Millsap",0.485677941547975
2007,0,"dummy","2170","James Lang",0.483477865928647
2007,0,"dummy","802","Jerry Stackhouse",0.474334060179585
2007,0,"dummy","11","Rafer Alston",0.472579298875649
2007,0,"dummy","2377","Chris Duhon",0.471198265801285
2007,0,"dummy","2172","Sasha Pavlovic",0.46451116486162
2007,0,"dummy","992","DeSagana Diop",0.46332030167533
2007,0,"dummy","1722","Yao Ming",0.459123281086646
2007,0,"dummy","49","Raja Bell",0.458269839316302
2007,0,"dummy","306","Matt Harpring",0.455480631053643
2007,0,"dummy","2184","Udonis Haslem",0.45527700042201
2007,0,"dummy","2819","Dwayne Jones",0.443270013272693
2007,0,"dummy","pair_1007_2411",NA,0.432549206139026
2007,0,"dummy","897","Chris Webber",0.420717279443386
2007,0,"dummy","3000","Quincy Douby",0.412689477224704
2007,0,"dummy","246","Derek Fisher",0.411978267402477
2007,0,"dummy","588","Dikembe Mutombo",0.409531816248533
2007,0,"dummy","2419","Anderson Varejao",0.40924554853067
2007,0,"dummy","273","Gordan Giricek",0.404490596283538
2007,0,"dummy","234","Francisco Elson",0.399583664077779
2007,0,"dummy","294","Richard Hamilton",0.393223195324
2007,0,"dummy","3032","Tyrus Thomas",0.385555843006313
2007,0,"dummy","575","Mikki Moore",0.381096002309877
2007,0,"dummy","1015","Tony Parker",0.380093676312373
2007,0,"dummy","99","P.J. Brown",0.37807495272713
2007,0,"dummy","1031","Maurice Evans",0.35729614538717
2007,0,"dummy","pair_1966_356",NA,0.355339497356479
2007,0,"dummy","976","Shane Battier",0.353808503940189
2007,0,"dummy","1717","Jared Jeffries",0.350431020347567
2007,0,"dummy","2429","Luol Deng",0.349723793570881
2007,0,"dummy","2445","Kirk Snyder",0.348143981918921
2007,0,"dummy","2775","Jason Maxiell",0.346297875699919
2007,0,"dummy","2756","Mickael Gelabale",0.343571661131392
2007,0,"dummy","pair_1705_974",NA,0.342140196527774
2007,0,"dummy","1987","Dwyane Wade",0.340102773115757
2007,0,"dummy","1784","Darius Songaila",0.334993713495549
2007,0,"dummy","936","Corliss Williamson",0.334721695250182
2007,0,"dummy","261","Kevin Garnett",0.32794673945318
2007,0,"dummy","2805","Fabricio Oberto",0.318304251202365
2007,0,"dummy","2799","Louis Williams",0.307181253535887
2007,0,"dummy","1021","Brian Scalabrine",0.293972584465027
2007,0,"dummy","pair_1724_294",NA,0.290992305447092
2007,0,"dummy","347","Robert Horry",0.288867550001531
2007,0,"dummy","2981","Hassan Adams",0.286118693677841
2007,0,"dummy","248","Danny Fortson",0.281557338305697
2007,0,"dummy","556","Brad Miller",0.281150087649028
2007,0,"dummy","692","Michael Redd",0.265049890213541
2007,0,"dummy","322","Alan Henderson",0.258433814387105
2007,0,"dummy","pair_2381_2429",NA,0.255245711031817
2007,0,"dummy","984","Tyson Chandler",0.24940418541149
2007,0,"dummy","406","Damon Jones",0.247568776852001
2007,0,"dummy","125","Marcus Camby",0.245218741691431
2007,0,"dummy","187","Dale Davis",0.244425669853897
2007,0,"dummy","1998","Brian Cook",0.243745627214782
2007,0,"dummy","635","Anthony Parker",0.241925131175805
2007,0,"dummy","3028","Thabo Sefolosha",0.237390620949564
2007,0,"dummy","2367","Tony Allen",0.236429832266713
2007,0,"dummy","362","Zydrunas Ilgauskas",0.233413730330024
2007,0,"dummy","2772","David Lee",0.232807392079105
2007,0,"dummy","2211","Matt Carroll",0.230525576613056
2007,0,"dummy","2749","Travis Diener",0.227530740884544
2007,0,"dummy","2444","J.R. Smith",0.227082429298597
2007,0,"dummy","3002","Jordan Farmar",0.221028827659716
2007,0,"dummy","77","Calvin Booth",0.220572953905461
2007,0,"dummy","1981","Kirk Hinrich",0.217304448400997
2007,0,"dummy","974","Gilbert Arenas",0.216052658572782
2007,0,"dummy","1724","Tayshaun Prince",0.207649124113248
2007,0,"dummy","285","Adrian Griffin",0.205911485965661
2007,0,"dummy","469","Rashard Lewis",0.204893506690675
2007,0,"dummy","2177","David West",0.203773345379084
2007,0,"dummy","429","Jason Kidd",0.200861901825763
2007,0,"dummy","pair_110_1823",NA,0.196526733220343
2007,0,"dummy","671","James Posey",0.194994272598489
2007,0,"dummy","1721","Roger Mason",0.1940807305985
2007,0,"dummy","1977","Chris Bosh",0.192495540542428
2007,0,"dummy","1713","Nene Hilario",0.189061807859139
2007,0,"dummy","885","Ben Wallace",0.18555248910924
2007,0,"dummy","1828","Reggie Evans",0.182824902462995
2007,0,"dummy","1000","Brendan Haywood",0.181375011457826
2007,0,"dummy","267","Devean George",0.180131608213786
2007,0,"dummy","2806","Jose Calderon",0.179226272939601
2007,0,"dummy","1966","LeBron James",0.175717263300238
2007,0,"dummy","497","Corey Maggette",0.171441103704388
2007,0,"dummy","883","Rasheed Wallace",0.170117415517455
2007,0,"dummy","2427","Andris Biedrins",0.168621543138649
2007,0,"dummy","847","Tim Thomas",0.166042987220427
2007,0,"dummy","2171","Darko Milicic",0.159806764029148
2007,0,"dummy","2010","Jason Kapono",0.158173327570455
2007,0,"dummy","42","Brent Barry",0.157674944729712
2007,0,"dummy","904","David Wesley",0.156176392782903
2007,0,"dummy","2368","Rafael Araujo",0.155701742729466
2007,0,"dummy","3049","Jorge Garbajosa",0.154986687999011
2007,0,"dummy","2798","Deron Williams",0.150266001819939
2007,0,"dummy","2782","Nate Robinson",0.149462309834472
2007,0,"dummy","3160",NA,0.149160735313607
2007,0,"dummy","pair_125_1975",NA,0.148695152380454
2007,0,"dummy","1999","Carlos Delfino",0.147781100011233
2007,0,"dummy","pair_2427_2751",NA,0.146281054592196
2007,0,"dummy","2433","Kris Humphries",0.14563708141426
2007,0,"dummy","991","Samuel Dalembert",0.142642580283804
2007,0,"dummy","1703","Carlos Boozer",0.141504439173993
2007,0,"dummy","255","Steve Francis",0.13919320318814
2007,0,"dummy","2221","Linton Johnson",0.138136063235284
2007,0,"dummy","2435","Viktor Khryapa",0.13806123967523
2007,0,"dummy","1731","Chris Wilcox",0.135887507169675
2007,0,"dummy","2776","Sean May",0.134681868292713
2007,0,"dummy","111","Greg Buckner",0.130863549188344
2007,0,"dummy","2009","James Jones",0.13005471168855
2007,0,"dummy","3005","Rudy Gay",0.128885694040499
2007,0,"dummy","664",NA,0.128775586761028
2007,0,"dummy","385","Antawn Jamison",0.126466809903687
2007,0,"dummy","18","Derek Anderson",0.122488471877162
2007,0,"dummy","2795","Martell Webster",0.120350313453222
2007,0,"dummy","813","Peja Stojakovic",0.118748649307643
2007,0,"dummy","862","Hedo Turkoglu",0.114968691896657
2007,0,"dummy","598","Rasho Nesterovic",0.114138029496372
2007,0,"dummy","2175","Mike Sweetney",0.113827356441741
2007,0,"dummy","pair_136_429",NA,0.112199331270661
2007,0,"dummy","662","Paul Pierce",0.109153848033468
2007,0,"dummy","1006","Richard Jefferson",0.108028308077038
2007,0,"dummy","pair_193_261",NA,0.104810274781098
2007,0,"dummy","988","Jarron Collins",0.0988338571929868
2007,0,"dummy","2373","Josh Childress",0.0918471182879166
2007,0,"dummy","2747","Andrew Bogut",0.087539156792563
2007,0,"dummy","2792","Charlie Villanueva",0.0854626748929513
2007,0,"dummy","2417","Sebastian Telfair",0.0759029909424152
2007,0,"dummy","9","Ray Allen",0.0727303478092874
2007,0,"dummy","45","Tony Battie",0.0708720075073717
2007,0,"dummy","514","Darrick Martin",0.0686400731284688
2007,0,"dummy","2167","Boris Diaw",0.0679754746385178
2007,0,"dummy","356","Larry Hughes",0.0661202103257513
2007,0,"dummy","110","Kobe Bryant",0.0643647581382824
2007,0,"dummy","1978","Nick Collison",0.0608361264870963
2007,0,"dummy","2750","Ike Diogu",0.0562936933587342
2007,0,"dummy","2987","Andrea Bargnani",0.0562869983927072
2007,0,"dummy","933","Jason Williams",0.0553487655691009
2007,0,"dummy","2421","Sasha Vujacic",0.0497373026191917
2007,0,"dummy","851","Etan Thomas",0.0447157572843511
2007,0,"dummy","3066","Cedric Bozeman",0.0420312704938341
2007,0,"dummy","1858","Devin Brown",0.0389520945025824
2007,0,"dummy","2381","Ben Gordon",0.037676794712415
2007,0,"dummy","91","Elton Brand",0.0361676448179913
2007,0,"dummy","1705","Caron Butler",0.0313270045165395
2007,0,"dummy","2760","Danny Granger",0.0313154369682049
2007,0,"dummy","923","Aaron Williams",0.0297829616496416
2007,0,"dummy","366","Allen Iverson",0.0274349834299272
2007,0,"dummy","1823","Smush Parker",0.0175210064176128
2007,0,"dummy","pair_1703_2798",NA,0.0156647943920566
2007,0,"dummy","3025","Sergio Rodriguez",0.0127932037880612
2007,0,"dummy","1821","Jannero Pargo",0.00921196786762076
2007,0,"dummy","2448","Beno Udrih",0.006870275840428
2007,0,"dummy","378","Stephen Jackson",0.00632741992677457
2007,0,"dummy","1014","Mehmet Okur",0.00593917988742057
2007,0,"dummy","623","Bo Outlaw",0.00347608591659307
2007,0,"dummy","1975","Carmelo Anthony",0.00100031745347055
2007,0,"dummy","2178","Mo Williams",0.000259512393193323
2007,0,"dummy","1",NA,0
2007,0,"dummy","3009","Alexander Johnson",-0.000347497584744063
2007,0,"dummy","193","Ricky Davis",-0.00745321613305421
2007,0,"dummy","2411","Josh Smith",-0.00847937961341386
2007,0,"dummy","194","Baron Davis",-0.0111017858963148
2007,0,"dummy","2168","Andreas Glyniadakis",-0.0149034589252654
2007,0,"dummy","2813","Sarunas Jasikevicius",-0.0206487444839791
2007,0,"dummy","351","Juwan Howard",-0.021449627656817
2007,0,"dummy","1719","Nenad Krstic",-0.0228588522287363
2007,0,"dummy","2815","Donell Taylor",-0.0257784382015608
2007,0,"dummy","359","Lindsey Hunter",-0.0269657326194364
2007,0,"dummy","3019","Patrick O'Bryant",-0.0273184895859908
2007,0,"dummy","3039","Marcus Williams",-0.0323196965603655
2007,0,"dummy","1985","Luke Ridnour",-0.0390229081180308
2007,0,"dummy","2386","Andre Iguodala",-0.0476585206195262
2007,0,"dummy","136","Vince Carter",-0.0512983592364007
2007,0,"dummy","25","Ron Artest",-0.0535398226170698
2007,0,"dummy","2439","Jameer Nelson",-0.0546128498265503
2007,0,"dummy","860","Jake Tsakalidis",-0.0554149820419242
2007,0,"dummy","2759","Joey Graham",-0.061012116201152
2007,0,"dummy","2016","Zaza Pachulia",-0.0640355776912407
2007,0,"dummy","376","Bobby Jackson",-0.0651376231208615
2007,0,"dummy","990","Eddy Curry",-0.0687452433257267
2007,0,"dummy","638","Ruben Patterson",-0.0691447519426929
2007,0,"dummy","2770","Linas Kleiza",-0.0717156118514302
2007,0,"dummy","207","Michael Doleac",-0.0729241609499011
2007,0,"dummy","2789","Ronny Turiaf",-0.073469007044824
2007,0,"dummy","1994","Steve Blake",-0.0734852329716664
2007,0,"dummy","615","Jermaine O'Neal",-0.0759445062700454
2007,0,"dummy","2748","Andrew Bynum",-0.0770476172721178
2007,0,"dummy","2991","Ronnie Brewer",-0.0797559215560687
2007,0,"dummy","1765","Matt Barnes",-0.0812576359168011
2007,0,"dummy","387","Marko Jaric",-0.0815933329967622
2007,0,"dummy","566","Cuttino Mobley",-0.088086302019086
2007,0,"dummy","682","Joel Przybilla",-0.0885824541202599
2007,0,"dummy","2763","Luther Head",-0.0889320337020475
2007,0,"dummy","580","Alonzo Mourning",-0.0921028522536536
2007,0,"dummy","512","Donyell Marshall",-0.0951642310793099
2007,0,"dummy","1007","Joe Johnson",-0.0953370289534862
2007,0,"dummy","pair_2384_2439",NA,-0.0958934177855959
2007,0,"dummy","998","Trenton Hassell",-0.101010531326265
2007,0,"dummy","2399","Emeka Okafor",-0.102867317183163
2007,0,"dummy","1707","Juan Dixon",-0.104527982867298
2007,0,"dummy","2781","Lawrence Roberts",-0.105884871736049
2007,0,"dummy","44","Maceo Baston",-0.106548312977783
2007,0,"dummy","1055","Carlos Arroyo",-0.107745609757186
2007,0,"dummy","2423","Dorell Wright",-0.108528148374854
2007,0,"dummy","1708","Mike Dunleavy",-0.110374954038802
2007,0,"dummy","209","Keyon Dooling",-0.1109050032527
2007,0,"dummy","617","Lamar Odom",-0.111188733139761
2007,0,"dummy","pair_1017_2768",NA,-0.113025542477971
2007,0,"dummy","3023","Leon Powe",-0.114875975778883
2007,0,"dummy","pair_2011_2386",NA,-0.115257890869422
2007,0,"dummy","138","Sam Cassell",-0.123132487947806
2007,0,"dummy","2779","Chris Paul",-0.125693096446013
2007,0,"dummy","796","Eric Snow",-0.134910180440436
2007,0,"dummy","pair_1977_1979",NA,-0.135703353047795
2007,0,"dummy","402","Eddie Jones",-0.136564204572107
2007,0,"dummy","2387","Royal Ivey",-0.139677115312561
2007,0,"dummy","2751","Monta Ellis",-0.142570661876284
2007,0,"dummy","3048","Yakhouba Diawara",-0.148515722046933
2007,0,"dummy","866","Ime Udoka",-0.150396505264513
2007,0,"dummy","703","Quentin Richardson",-0.152906594089645
2007,0,"dummy","3052","Justin Williams",-0.154445208562901
2007,0,"dummy","pair_566_91",NA,-0.159325225634617
2007,0,"dummy","165","Jamal Crawford",-0.159379176964519
2007,0,"dummy","2755","Francisco Garcia",-0.165345150831682
2007,0,"dummy","183","Antonio Daniels",-0.166733644165103
2007,0,"dummy","2809","Rawle Marshall",-0.168408413618528
2007,0,"dummy","656","Morris Peterson",-0.172025627464751
2007,0,"dummy","434","Andrei Kirilenko",-0.17345439592206
2007,0,"dummy","2768","Jarrett Jack",-0.186068043957619
2007,0,"dummy","557","Andre Miller",-0.186427338942165
2007,0,"dummy","3031","Craig Smith",-0.193993763286956
2007,0,"dummy","3003","Randy Foye",-0.197703733907117
2007,0,"dummy","2018","Kendrick Perkins",-0.204819185448549
2007,0,"dummy","2027","Luke Walton",-0.205692272901114
2007,0,"dummy","2011","Kyle Korver",-0.211363000025863
2007,0,"dummy","26","Chucky Atkins",-0.212574361029999
2007,0,"dummy","70","Mark Blount",-0.216791695913303
2007,0,"dummy","353","Troy Hudson",-0.217701236349606
2007,0,"dummy","2456","Andres Nocioni",-0.217736794672615
2007,0,"dummy","959","Lorenzen Wright",-0.218565532296493
2007,0,"dummy","515","Kenyon Martin",-0.218751588967777
2007,0,"dummy","881","Antoine Walker",-0.223732198905938
2007,0,"dummy","2477","Earl Barron",-0.223949686989454
2007,0,"dummy","2394","Kevin Martin",-0.226250214915408
2007,0,"dummy","1018","Jason Richardson",-0.226725524015177
2007,0,"dummy","2876",NA,-0.228471243390182
2007,0,"dummy","2984","Hilton Armstrong",-0.235330363431523
2007,0,"dummy","2393","Shaun Livingston",-0.238395215551421
2007,0,"dummy","pair_2760_615",NA,-0.242879543987623
2007,0,"dummy","61","Mike Bibby",-0.245409513656834
2007,0,"dummy","242","Michael Finley",-0.247802930276114
2007,0,"dummy","1979","T.J. Ford",-0.249120167715227
2007,0,"dummy","1017","Zach Randolph",-0.253033931090759
2007,0,"dummy","10","Malik Allen",-0.254680025512301
2007,0,"dummy","2384","Dwight Howard",-0.255514642816926
2007,0,"dummy","1027","Earl Watson",-0.255682483365709
2007,0,"dummy","2753","Raymond Felton",-0.258178517745244
2007,0,"dummy","2426","Trevor Ariza",-0.265541726497374
2007,0,"dummy","2866","John Lucas",-0.268936256113374
2007,0,"dummy","1024","Jamaal Tinsley",-0.2697875121194
2007,0,"dummy","591","Eduardo Najera",-0.275445573094444
2007,0,"dummy","788","Joe Smith",-0.279615567614485
2007,0,"dummy","2754","Channing Frye",-0.282179092939942
2007,0,"dummy","808","DeShawn Stevenson",-0.287094668821042
2007,0,"dummy","3016","Adam Morrison",-0.290909587253996
2007,0,"dummy","1718","Fred Jones",-0.295870742592038
2007,0,"dummy","2506","Damien Wilkins",-0.296923483022119
2007,0,"dummy","2389","Al Jefferson",-0.304560984828326
2007,0,"dummy","901","Bonzi Wells",-0.305632997793194
2007,0,"dummy","3024","J.J. Redick",-0.308548125997711
2007,0,"dummy","312","Jason Hart",-0.311857178468969
2007,0,"dummy","2008","Dahntay Jones",-0.312561701038891
2007,0,"dummy","1726","John Salmons",-0.31331876434015
2007,0,"dummy","779","Brian Skinner",-0.315132729684146
2007,0,"dummy","1723","Bostjan Nachbar",-0.315455601329513
2007,0,"dummy","pair_1026_2753",NA,-0.317071797322046
2007,0,"dummy","1026","Gerald Wallace",-0.317814185482487
2007,0,"dummy","pair_518_984",NA,-0.318638400740724
2007,0,"dummy","2995","Rodney Carney",-0.324455417330742
2007,0,"dummy","307","Othella Harrington",-0.32454136277271
2007,0,"dummy","336","Grant Hill",-0.326717808520158
2007,0,"dummy","pair_2394_61",NA,-0.326755312550186
2007,0,"dummy","3045","Tarance Kinsey",-0.33995454652306
2007,0,"dummy","2817","Anthony Roberson",-0.349213641475253
2007,0,"dummy","1051","Mike James",-0.349334244981522
2007,0,"dummy","2778","C.J. Miles",-0.355194736897389
2007,0,"dummy","831","Wally Szczerbiak",-0.36273490113916
2007,0,"dummy","440","Brevin Knight",-0.363725826530591
2007,0,"dummy","1777","Ronald Murray",-0.370867238338998
2007,0,"dummy","3027","Brandon Roy",-0.377791760977161
2007,0,"dummy","167","Austin Croshere",-0.38133321581304
2007,0,"dummy","1982","Chris Kaman",-0.382956261152098
2007,0,"dummy","87","Earl Boykins",-0.383265719467693
2007,0,"dummy","308","Al Harrington",-0.389149124662449
2007,0,"dummy","2459","Desmon Farmer",-0.398079912916457
2007,0,"dummy","996","Pau Gasol",-0.402500395704321
2007,0,"dummy","2522","Keith McLeod",-0.402819105585504
2007,0,"dummy","1767","Rasual Butler",-0.402976946120515
2007,0,"dummy","518","Desmond Mason",-0.403119182923868
2007,0,"dummy","2994","Dee Brown",-0.408764816412269
2007,0,"dummy","2797","Marvin Williams",-0.408998340654242
2007,0,"dummy","849","Kenny Thomas",-0.4127900896755
2007,0,"dummy","150","Speedy Claxton",-0.415727978061258
2007,0,"dummy","2188","Quinton Ross",-0.426975516680321
2007,0,"dummy","454","Raef LaFrentz",-0.441879161437224
2007,0,"dummy","509","Stephon Marbury",-0.446464281896889
2007,0,"dummy","3010","Solomon Jones",-0.450620357692298
2007,0,"dummy","2801","Antoine Wright",-0.45155136550889
2007,0,"dummy","620","Kevin Ollie",-0.452825412426383
2007,0,"dummy","2873","James Singleton",-0.45459887612723
2007,0,"dummy","630","Scott Padgett",-0.455801946434843
2007,0,"dummy","489","Tyronn Lue",-0.47043169736817
2007,0,"dummy","2388","Luke Jackson",-0.4723812205115
2007,0,"dummy","2761","Gerald Green",-0.477775806651259
2007,0,"dummy","1711","Drew Gooden",-0.485738086003822
2007,0,"dummy","3040","Shelden Williams",-0.489384048092813
2007,0,"dummy","498","Jamaal Magloire",-0.493411314454777
2007,0,"dummy","pair_509_990",NA,-0.501219848180219
2007,0,"dummy","407","Jumaine Jones",-0.502703430887362
2007,0,"dummy","2422","Delonte West",-0.509045681975225
2007,0,"dummy","2780","Johan Petro",-0.515582947475046
2007,0,"dummy","1980","Jarvis Hayes",-0.524841427054519
2007,0,"dummy","3018","Steve Novak",-0.527454895217665
2007,0,"dummy","558","Mike Miller",-0.533749888019549
2007,0,"dummy","879","Jake Voskuhl",-0.542592148681285
2007,0,"dummy","348","Eddie House",-0.546746745100027
2007,0,"dummy","817","Damon Stoudamire",-0.550684951385864
2007,0,"dummy","3","Shareef Abdur-Rahim",-0.552957336781288
2007,0,"dummy","1002","Steven Hunter",-0.555871867291449
2007,0,"dummy","1780","Jamal Sampson",-0.56138185104834
2007,0,"dummy","2757","Ryan Gomes",-0.562550062445217
2007,0,"dummy","1710","Dan Gadzuric",-0.565847332716948
2007,0,"dummy","94","Primoz Brezec",-0.5682341872752
2007,0,"dummy","2509",NA,-0.581976489624132
2007,0,"dummy","2173","Mickael Pietrus",-0.597773102802068
2007,0,"dummy","398","DerMarr Johnson",-0.604771499622244
2007,0,"dummy","829","Stromile Swift",-0.617436404494159
2007,0,"dummy","3058","Walter Herrmann",-0.617901963934183
2007,0,"dummy","2004","Willie Green",-0.620962146238046
2007,0,"dummy","1034","Charlie Bell",-0.62208368878721
2007,0,"dummy","pair_2389_2422",NA,-0.622542950717828
2007,0,"dummy","2383","David Harrison",-0.632418970027823
2007,0,"dummy","2450","DJ Mbenga",-0.63550648679448
2007,0,"dummy","568","Nazr Mohammed",-0.636760466534473
2007,0,"dummy","2015","Travis Outlaw",-0.641324261493059
2007,0,"dummy","2745","Brandon Bass",-0.646819627683162
2007,0,"dummy","2807","Ronnie Price",-0.663727725020552
2007,0,"dummy","2997","Mardy Collins",-0.697645145765015
2007,0,"dummy","2200","Marquis Daniels",-0.710007645225759
2007,0,"dummy","2990","Josh Boone",-0.721622396312248
2007,0,"dummy","3030","Cedric Simmons",-0.72349725508654
2007,0,"dummy","3041","Louis Amundson",-0.730584457070642
2007,0,"dummy","621","Michael Olowokandi",-0.73147354714241
2007,0,"dummy","1013","Troy Murphy",-0.751683536452418
2007,0,"dummy","640","Gary Payton",-0.760452813097328
2007,0,"dummy","3038","Shawne Williams",-0.765167129617629
2007,0,"dummy","1016","Vladimir Radmanovic",-0.780671005288027
2007,0,"dummy","2771","Yaroslav Korolev",-0.780909796864706
2007,0,"dummy","2767","Ersan Ilyasova",-0.803200562697718
2007,0,"dummy","396","Anthony Johnson",-0.821768182786729
2007,0,"dummy","3054","Robert Hite",-0.825209833655646
2007,0,"dummy","2442","Bernard Robinson",-0.831484557887333
2007,0,"dummy","pair_1034_638",NA,-0.834538858830758
2007,0,"dummy","3017","David Noel",-0.841574563298551
2007,0,"dummy","535","Jeff McInnis",-0.850525700170543
2007,0,"dummy","2821","Kelenna Azubuike",-0.851942976790533
2007,0,"dummy","2794","Hakim Warrick",-0.878975816890731
2007,0,"dummy","6569","Alan Anderson",-0.892542695123417
2007,0,"dummy","264","Pat Garrity",-0.905568069254054
2007,0,"dummy","2765","Julius Hodge",-0.919704668024316
2007,0,"dummy","377","Marc Jackson",-0.925792082469637
2007,0,"dummy","2447","Vassilis Spanoulis",-0.943446611591412
2007,0,"dummy","3033","P.J. Tucker",-0.963423520740393
2007,0,"dummy","383","Jerome James",-0.980385683220655
2007,0,"dummy","2786","Salim Stoudamire",-0.989081028579201
2007,0,"dummy","714","Clifford Robinson",-0.991716296355825
2007,0,"dummy","2746","Andray Blatche",-0.99203814639221
2007,0,"dummy","2404","Justin Reed",-0.992313179858055
2007,0,"dummy","2777","Rashad McCants",-1.00053254106316
2007,0,"dummy","2827","Will Conroy",-1.02035572790281
2007,0,"dummy","130","Brian Cardinal",-1.05444906938672
2007,0,"dummy","2784","Wayne Simien",-1.05916697412321
2007,0,"dummy","739","Malik Rose",-1.15456436535432
2007,0,"dummy","pair_2794_558",NA,-1.16166741137291
2007,0,"dummy","1996","Matt Bonner",-1.19732499374094
2007,0,"dummy","741","Michael Ruffin",-1.2118137065435
2007,0,"dummy","2380","Matt Freije",-1.21246096334646
2007,0,"dummy","2824","Esteban Batista",-1.2629470327666
2007,0,"dummy","2998","Paul Davis",-1.2982482499369
2007,0,"dummy","929","Eric Williams",-1.3789362477202
2007,0,"dummy","147","Doug Christie",-1.49612469735968
2007,0,"dummy","2165","Marcus Banks",-1.49612890050395
2007,0,"dummy","1709","Melvin Ely",-1.59412568490919
2007,0,"dummy","2197","Josh Powell",-1.61348391215801
2007,0,"dummy","738","Jalen Rose",-1.6647528114814
2007,0,"dummy","2832","Stephen Graham",-1.77157458586598
2007,0,"dummy","2788","Dijon Thompson",-1.77722320113347
2007,0,"dummy","3064",NA,-1.80915932008388
2007,0,"dummy","3008","Ryan Hollins",-1.88248986682907
2007,0,"dummy","3059","Ivan McFarlin",-1.89402721621239
2007,0,"dummy","1859","Pat Burke",-1.90995516717211
2007,0,"dummy","2992","Shannon Brown",-2.01391326337671
2007,0,"dummy","3036","Marcus Vinicius",-2.10100810663753
2007,0,"dummy","687","Theo Ratliff",-3.00844862159528
2007,0,"dummy","2508","Jackie Butler",-3.09173174535864
2007,0,"dummy","1816","Junior Harrington",-3.11495309714993
2007,0,"dummy","997","Eddie Griffin",-3.26468130981621
2007,0,"dummy","1729","Dajuan Wagner",-3.34759351387171
2007,0,"dummy","3055","Jose Juan",-3.8520776473145
2007,0,"dummy","511","Sean Marks",-4.23113556218019
2007,0,"dummy","931","Alvin Williams",-4.96226195114861
2007,0,"dummy","601","Ira Newble",-6.5221230929036
2007,0,"dummy","2985",NA,-9.42859321586077
2007,0,"dummy","2766",NA,-10.6071402640065
2007,0,"dummy","660",NA,-11.6028914697965
2007,0,"dummy","2446","Pape Sow",-14.0517958902172
2007,5,"dummy","3029","Mouhamed Sene",2.04202019408084
2007,5,"dummy","837","Maurice Taylor",2.00026829510563
2007,5,"dummy","3012","Kyle Lowry",1.45504128825638
2007,5,"dummy","2810","Shavlik Randolph",1.22342211633676
2007,5,"dummy","2382","Devin Harris",1.1967844630884
2007,5,"dummy","539",NA,1.1420029566653
2007,5,"dummy","2986","Renaldo Balkman",0.996358649377652
2007,5,"dummy","3046","Chris Quinn",0.995140748179378
2007,5,"dummy","272","Manu Ginobili",0.980200538031593
2007,5,"dummy","2800","Bracey Wright",0.943532032807449
2007,5,"dummy","1913","Mike Wilks",0.938883303597748
2007,5,"dummy","pair_510_592",NA,0.922199761329579
2007,5,"dummy","2834","Chuck Hayes",0.901021235422231
2007,5,"dummy","2006","Josh Howard",0.8901197878203
2007,5,"dummy","592","Steve Nash",0.823074094490999
2007,5,"dummy","181","Erick Dampier",0.77472159129491
2007,5,"dummy","496","Mark Madsen",0.76299686461814
2007,5,"dummy","pair_609_841",NA,0.761681592365439
2007,5,"dummy","934","Shammond Williams",0.742353242959289
2007,5,"dummy","841","Jason Terry",0.741068873473341
2007,5,"dummy","981","Kwame Brown",0.728395389337914
2007,5,"dummy","83","Bruce Bowen",0.718230205979899
2007,5,"dummy","2510","Andre Brown",0.714312539042614
2007,5,"dummy","2989","Will Blalock",0.70020013821036
2007,5,"dummy","250","Jeff Foster",0.690588522838478
2007,5,"dummy","874","Jacque Vaughn",0.687370094971688
2007,5,"dummy","1995","Keith Bogans",0.680848867364689
2007,5,"dummy","2166","Leandro Barbosa",0.674079224186812
2007,5,"dummy","614","Shaquille O'Neal",0.660464894976311
2007,5,"dummy","2",NA,0.653628871848441
2007,5,"dummy","pair_11_976",NA,0.640927066982519
2007,5,"dummy","215","Tim Duncan",0.626729842815341
2007,5,"dummy","530","Antonio McDyess",0.624859805535755
2007,5,"dummy","3047","Allan Ray",0.624206886439411
2007,5,"dummy","63","Chauncey Billups",0.611742226282471
2007,5,"dummy","pair_1015_215",NA,0.610165101276823
2007,5,"dummy","609","Dirk Nowitzki",0.609917345829455
2007,5,"dummy","510","Shawn Marion",0.607716798980646
2007,5,"dummy","3006","Daniel Gibson",0.600686714762563
2007,5,"dummy","2983","LaMarcus Aldridge",0.584831335152489
2007,5,"dummy","1706","Dan Dickau",0.570348182191337
2007,5,"dummy","846","Kurt Thomas",0.560329836217859
2007,5,"dummy","3026","Rajon Rondo",0.554493071223687
2007,5,"dummy","254","Adonal Foyle",0.539838120387048
2007,5,"dummy","pair_1987_2184",NA,0.530921974326591
2007,5,"dummy","pair_1731_469",NA,0.527326926582725
2007,5,"dummy","532","Tracy McGrady",0.525349480612941
2007,5,"dummy","2752","Daniel Ewing",0.509033579912892
2007,5,"dummy","1727","Amare Stoudemire",0.505896529327172
2007,5,"dummy","987","Jason Collins",0.491895750854333
2007,5,"dummy","24","Darrell Armstrong",0.49144531348279
2007,5,"dummy","3015","Paul Millsap",0.488208320613199
2007,5,"dummy","2377","Chris Duhon",0.473281420257262
2007,5,"dummy","11","Rafer Alston",0.470702378996065
2007,5,"dummy","802","Jerry Stackhouse",0.468416551930483
2007,5,"dummy","1722","Yao Ming",0.45733880205391
2007,5,"dummy","2184","Udonis Haslem",0.455058347374807
2007,5,"dummy","2172","Sasha Pavlovic",0.454971784655198
2007,5,"dummy","306","Matt Harpring",0.454270402905325
2007,5,"dummy","992","DeSagana Diop",0.45147149341718
2007,5,"dummy","49","Raja Bell",0.450431954022964
2007,5,"dummy","pair_1007_2411",NA,0.431780713222414
2007,5,"dummy","897","Chris Webber",0.416562945707963
2007,5,"dummy","588","Dikembe Mutombo",0.410397794631655
2007,5,"dummy","246","Derek Fisher",0.407227163753547
2007,5,"dummy","2419","Anderson Varejao",0.405251250062055
2007,5,"dummy","273","Gordan Giricek",0.404197458430413
2007,5,"dummy","234","Francisco Elson",0.393485815502801
2007,5,"dummy","294","Richard Hamilton",0.391610588852233
2007,5,"dummy","3032","Tyrus Thomas",0.381679248950134
2007,5,"dummy","99","P.J. Brown",0.380745800192598
2007,5,"dummy","2775","Jason Maxiell",0.38009492386591
2007,5,"dummy","1015","Tony Parker",0.37916963398289
2007,5,"dummy","575","Mikki Moore",0.375458563803777
2007,5,"dummy","1031","Maurice Evans",0.356316544576611
2007,5,"dummy","2445","Kirk Snyder",0.355845383961531
2007,5,"dummy","pair_1966_356",NA,0.355226381795669
2007,5,"dummy","976","Shane Battier",0.352922687731307
2007,5,"dummy","2756","Mickael Gelabale",0.351188324471271
2007,5,"dummy","936","Corliss Williamson",0.34811613199612
2007,5,"dummy","2429","Luol Deng",0.348068944543763
2007,5,"dummy","1717","Jared Jeffries",0.342998918968887
2007,5,"dummy","pair_1705_974",NA,0.34154677149834
2007,5,"dummy","1987","Dwyane Wade",0.338927153719971
2007,5,"dummy","1784","Darius Songaila",0.333659255463911
2007,5,"dummy","261","Kevin Garnett",0.326785391608496
2007,5,"dummy","2805","Fabricio Oberto",0.312221975754989
2007,5,"dummy","2981","Hassan Adams",0.294786827383604
2007,5,"dummy","pair_1724_294",NA,0.290625817100859
2007,5,"dummy","1021","Brian Scalabrine",0.288581499555334
2007,5,"dummy","347","Robert Horry",0.286535607683906
2007,5,"dummy","556","Brad Miller",0.283918437567533
2007,5,"dummy","322","Alan Henderson",0.276626955405201
2007,5,"dummy","248","Danny Fortson",0.274923291616548
2007,5,"dummy","692","Michael Redd",0.267377433935946
2007,5,"dummy","pair_2381_2429",NA,0.255525710126233
2007,5,"dummy","187","Dale Davis",0.248334317072748
2007,5,"dummy","984","Tyson Chandler",0.247521388576605
2007,5,"dummy","125","Marcus Camby",0.247451369584947
2007,5,"dummy","1998","Brian Cook",0.24265706382079
2007,5,"dummy","406","Damon Jones",0.242030458758376
2007,5,"dummy","635","Anthony Parker",0.23484836959157
2007,5,"dummy","362","Zydrunas Ilgauskas",0.233327750129721
2007,5,"dummy","2772","David Lee",0.232419435073375
2007,5,"dummy","3028","Thabo Sefolosha",0.230454999913483
2007,5,"dummy","2211","Matt Carroll",0.22720758400902
2007,5,"dummy","2367","Tony Allen",0.22661977997873
2007,5,"dummy","2444","J.R. Smith",0.225255716183236
2007,5,"dummy","77","Calvin Booth",0.224110969171227
2007,5,"dummy","3002","Jordan Farmar",0.219516442298599
2007,5,"dummy","1981","Kirk Hinrich",0.216498756980292
2007,5,"dummy","974","Gilbert Arenas",0.21643408085088
2007,5,"dummy","1721","Roger Mason",0.21469554924805
2007,5,"dummy","285","Adrian Griffin",0.206775841378302
2007,5,"dummy","1724","Tayshaun Prince",0.206423657450318
2007,5,"dummy","469","Rashard Lewis",0.205618464230949
2007,5,"dummy","2177","David West",0.203851057580262
2007,5,"dummy","429","Jason Kidd",0.20041620633778
2007,5,"dummy","pair_110_1823",NA,0.196674910231612
2007,5,"dummy","2749","Travis Diener",0.196124491224861
2007,5,"dummy","671","James Posey",0.196069563717176
2007,5,"dummy","1977","Chris Bosh",0.192950342489664
2007,5,"dummy","1713","Nene Hilario",0.188530874724798
2007,5,"dummy","885","Ben Wallace",0.182224747497955
2007,5,"dummy","2806","Jose Calderon",0.182125156397631
2007,5,"dummy","1828","Reggie Evans",0.179926595791904
2007,5,"dummy","1000","Brendan Haywood",0.179406903687628
2007,5,"dummy","1966","LeBron James",0.17584903631509
2007,5,"dummy","497","Corey Maggette",0.174837335420991
2007,5,"dummy","883","Rasheed Wallace",0.169198707686602
2007,5,"dummy","2427","Andris Biedrins",0.167768130287354
2007,5,"dummy","847","Tim Thomas",0.167528025841149
2007,5,"dummy","1999","Carlos Delfino",0.16545953604278
2007,5,"dummy","267","Devean George",0.164307906514687
2007,5,"dummy","2368","Rafael Araujo",0.162672035119996
2007,5,"dummy","2171","Darko Milicic",0.161948430034413
2007,5,"dummy","2010","Jason Kapono",0.155440246665199
2007,5,"dummy","3049","Jorge Garbajosa",0.155303758009937
2007,5,"dummy","2782","Nate Robinson",0.15185382225786
2007,5,"dummy","pair_125_1975",NA,0.149337481414814
2007,5,"dummy","pair_2427_2751",NA,0.148674975605326
2007,5,"dummy","2798","Deron Williams",0.148323181737861
2007,5,"dummy","991","Samuel Dalembert",0.146688970325712
2007,5,"dummy","42","Brent Barry",0.145631655461435
2007,5,"dummy","255","Steve Francis",0.142321526551723
2007,5,"dummy","2435","Viktor Khryapa",0.14164115497478
2007,5,"dummy","1731","Chris Wilcox",0.139519461962133
2007,5,"dummy","1703","Carlos Boozer",0.139224061252808
2007,5,"dummy","3005","Rudy Gay",0.13588655232093
2007,5,"dummy","2776","Sean May",0.134656616515057
2007,5,"dummy","2795","Martell Webster",0.128364804939071
2007,5,"dummy","385","Antawn Jamison",0.127669354855328
2007,5,"dummy","2221","Linton Johnson",0.124242769150906
2007,5,"dummy","904","David Wesley",0.124167452040946
2007,5,"dummy","18","Derek Anderson",0.122282611218653
2007,5,"dummy","813","Peja Stojakovic",0.120046690547676
2007,5,"dummy","598","Rasho Nesterovic",0.117394320140378
2007,5,"dummy","2175","Mike Sweetney",0.115441511836052
2007,5,"dummy","862","Hedo Turkoglu",0.114865884265005
2007,5,"dummy","111","Greg Buckner",0.11356004660462
2007,5,"dummy","pair_136_429",NA,0.111640548428537
2007,5,"dummy","662","Paul Pierce",0.109662873232938
2007,5,"dummy","1006","Richard Jefferson",0.106818200906482
2007,5,"dummy","pair_193_261",NA,0.104314207888822
2007,5,"dummy","2009","James Jones",0.102429668218008
2007,5,"dummy","988","Jarron Collins",0.0994032435867929
2007,5,"dummy","2433","Kris Humphries",0.0985315192637251
2007,5,"dummy","2373","Josh Childress",0.0945919100823742
2007,5,"dummy","2747","Andrew Bogut",0.0938003260265837
2007,5,"dummy","2792","Charlie Villanueva",0.091836372742702
2007,5,"dummy","2417","Sebastian Telfair",0.0811817117929388
2007,5,"dummy","9","Ray Allen",0.0715776808335891
2007,5,"dummy","45","Tony Battie",0.0708311905801977
2007,5,"dummy","356","Larry Hughes",0.0673604202960414
2007,5,"dummy","2167","Boris Diaw",0.067138114389624
2007,5,"dummy","1978","Nick Collison",0.0640330862269827
2007,5,"dummy","110","Kobe Bryant",0.0638006174290264
2007,5,"dummy","2987","Andrea Bargnani",0.0574024456771863
2007,5,"dummy","933","Jason Williams",0.0535763953925884
2007,5,"dummy","2750","Ike Diogu",0.0474107212104603
2007,5,"dummy","2421","Sasha Vujacic",0.04723898734878
2007,5,"dummy","851","Etan Thomas",0.0439349706121024
2007,5,"dummy","91","Elton Brand",0.0378387317527469
2007,5,"dummy","2381","Ben Gordon",0.037667208504124
2007,5,"dummy","2760","Danny Granger",0.0355894739231537
2007,5,"dummy","1858","Devin Brown",0.0334555334227167
2007,5,"dummy","923","Aaron Williams",0.0331336508508163
2007,5,"dummy","3066","Cedric Bozeman",0.0329541079225733
2007,5,"dummy","1705","Caron Butler",0.0316204965193314
2007,5,"dummy","366","Allen Iverson",0.0228056086905405
2007,5,"dummy","3025","Sergio Rodriguez",0.0214013940771423
2007,5,"dummy","1823","Smush Parker",0.0175142374893074
2007,5,"dummy","pair_1703_2798",NA,0.0138547334396593
2007,5,"dummy","378","Stephen Jackson",0.00704273713293585
2007,5,"dummy","1014","Mehmet Okur",0.00328006863748202
2007,5,"dummy","2178","Mo Williams",0.00289651521865799
2007,5,"dummy","2815","Donell Taylor",0.00187123678492813
2007,5,"dummy","4",NA,0
2007,5,"dummy","3009","Alexander Johnson",-0.000722702919459663
2007,5,"dummy","1975","Carmelo Anthony",-0.001774326752093
2007,5,"dummy","1821","Jannero Pargo",-0.00293365717437957
2007,5,"dummy","623","Bo Outlaw",-0.00535954785740885
2007,5,"dummy","193","Ricky Davis",-0.0080181987756523
2007,5,"dummy","2411","Josh Smith",-0.0110439175396954
2007,5,"dummy","194","Baron Davis",-0.0162688925266447
2007,5,"dummy","2168","Andreas Glyniadakis",-0.0171425364601508
2007,5,"dummy","1719","Nenad Krstic",-0.020792670523431
2007,5,"dummy","351","Juwan Howard",-0.021069384258227
2007,5,"dummy","2448","Beno Udrih",-0.0236389736178896
2007,5,"dummy","2813","Sarunas Jasikevicius",-0.0244014917600659
2007,5,"dummy","359","Lindsey Hunter",-0.0286003061128814
2007,5,"dummy","3039","Marcus Williams",-0.0342314740479428
2007,5,"dummy","514","Darrick Martin",-0.0367372486637018
2007,5,"dummy","2386","Andre Iguodala",-0.0378008345459977
2007,5,"dummy","1985","Luke Ridnour",-0.0402195532186134
2007,5,"dummy","860","Jake Tsakalidis",-0.0501986980229312
2007,5,"dummy","136","Vince Carter",-0.0521619687296302
2007,5,"dummy","25","Ron Artest",-0.0536947918465592
2007,5,"dummy","2439","Jameer Nelson",-0.0548890626156311
2007,5,"dummy","2016","Zaza Pachulia",-0.0619745428529543
2007,5,"dummy","638","Ruben Patterson",-0.0652163525015731
2007,5,"dummy","207","Michael Doleac",-0.0700583592028601
2007,5,"dummy","2759","Joey Graham",-0.0711612466508763
2007,5,"dummy","376","Bobby Jackson",-0.0712959982743055
2007,5,"dummy","1994","Steve Blake",-0.0718955977187595
2007,5,"dummy","2991","Ronnie Brewer",-0.072092910596619
2007,5,"dummy","990","Eddy Curry",-0.0724527645617224
2007,5,"dummy","387","Marko Jaric",-0.0743084040695678
2007,5,"dummy","2789","Ronny Turiaf",-0.0743487341845151
2007,5,"dummy","2770","Linas Kleiza",-0.0748370967482514
2007,5,"dummy","2748","Andrew Bynum",-0.0774260449277966
2007,5,"dummy","615","Jermaine O'Neal",-0.0798342591219606
2007,5,"dummy","1765","Matt Barnes",-0.0854984924961139
2007,5,"dummy","682","Joel Przybilla",-0.0874326513664754
2007,5,"dummy","566","Cuttino Mobley",-0.0883036122762708
2007,5,"dummy","pair_2011_2386",NA,-0.090070413751267
2007,5,"dummy","1007","Joe Johnson",-0.0908368953584809
2007,5,"dummy","580","Alonzo Mourning",-0.0910883754142721
2007,5,"dummy","2763","Luther Head",-0.0943419473490599
2007,5,"dummy","pair_2384_2439",NA,-0.0965208044670146
2007,5,"dummy","3052","Justin Williams",-0.0973561754210795
2007,5,"dummy","3019","Patrick O'Bryant",-0.0998936141484421
2007,5,"dummy","998","Trenton Hassell",-0.101104172927392
2007,5,"dummy","1707","Juan Dixon",-0.101810531454242
2007,5,"dummy","44","Maceo Baston",-0.102716760529675
2007,5,"dummy","512","Donyell Marshall",-0.104199305042448
2007,5,"dummy","2399","Emeka Okafor",-0.104338926637086
2007,5,"dummy","1055","Carlos Arroyo",-0.105269902147319
2007,5,"dummy","2423","Dorell Wright",-0.106463791378382
2007,5,"dummy","2781","Lawrence Roberts",-0.10888869428325
2007,5,"dummy","617","Lamar Odom",-0.11147287385728
2007,5,"dummy","209","Keyon Dooling",-0.113342973297913
2007,5,"dummy","3023","Leon Powe",-0.113760587950941
2007,5,"dummy","pair_1017_2768",NA,-0.114575435865987
2007,5,"dummy","1708","Mike Dunleavy",-0.120890121016682
2007,5,"dummy","2779","Chris Paul",-0.124242622921741
2007,5,"dummy","138","Sam Cassell",-0.124416649064046
2007,5,"dummy","796","Eric Snow",-0.130871204384924
2007,5,"dummy","pair_1977_1979",NA,-0.136462831407929
2007,5,"dummy","2387","Royal Ivey",-0.137331305685988
2007,5,"dummy","402","Eddie Jones",-0.137351552063777
2007,5,"dummy","2751","Monta Ellis",-0.139113590945815
2007,5,"dummy","3048","Yakhouba Diawara",-0.147486759119553
2007,5,"dummy","2755","Francisco Garcia",-0.149896932503195
2007,5,"dummy","866","Ime Udoka",-0.151848317264839
2007,5,"dummy","2809","Rawle Marshall",-0.152877221550667
2007,5,"dummy","703","Quentin Richardson",-0.156308064481769
2007,5,"dummy","165","Jamal Crawford",-0.157324028606733
2007,5,"dummy","pair_566_91",NA,-0.15936895057991
2007,5,"dummy","183","Antonio Daniels",-0.16461739314995
2007,5,"dummy","656","Morris Peterson",-0.172231935230816
2007,5,"dummy","434","Andrei Kirilenko",-0.176049044846235
2007,5,"dummy","2011","Kyle Korver",-0.177613303889759
2007,5,"dummy","2768","Jarrett Jack",-0.185874401450645
2007,5,"dummy","3031","Craig Smith",-0.188190876731637
2007,5,"dummy","557","Andre Miller",-0.191881632463243
2007,5,"dummy","2477","Earl Barron",-0.197041942715999
2007,5,"dummy","3003","Randy Foye",-0.198289317619021
2007,5,"dummy","2018","Kendrick Perkins",-0.202034004059594
2007,5,"dummy","353","Troy Hudson",-0.20396496168933
2007,5,"dummy","2027","Luke Walton",-0.205261408621615
2007,5,"dummy","26","Chucky Atkins",-0.205920334217614
2007,5,"dummy","959","Lorenzen Wright",-0.212428362994874
2007,5,"dummy","70","Mark Blount",-0.217033550845099
2007,5,"dummy","515","Kenyon Martin",-0.218401369544775
2007,5,"dummy","2456","Andres Nocioni",-0.22004037776507
2007,5,"dummy","881","Antoine Walker",-0.225264501000057
2007,5,"dummy","1018","Jason Richardson",-0.225874878731129
2007,5,"dummy","2394","Kevin Martin",-0.228655209493992
2007,5,"dummy","2876",NA,-0.231099957766195
2007,5,"dummy","2393","Shaun Livingston",-0.238182902277562
2007,5,"dummy","61","Mike Bibby",-0.244131966026844
2007,5,"dummy","pair_2760_615",NA,-0.245452756536311
2007,5,"dummy","1027","Earl Watson",-0.248640363760889
2007,5,"dummy","1979","T.J. Ford",-0.251212086089432
2007,5,"dummy","2984","Hilton Armstrong",-0.251908601101432
2007,5,"dummy","242","Michael Finley",-0.253359567513381
2007,5,"dummy","2384","Dwight Howard",-0.254667272953764
2007,5,"dummy","1017","Zach Randolph",-0.255913997655095
2007,5,"dummy","10","Malik Allen",-0.256430012738182
2007,5,"dummy","788","Joe Smith",-0.256817866134898
2007,5,"dummy","2753","Raymond Felton",-0.258216147865548
2007,5,"dummy","2426","Trevor Ariza",-0.263557137487123
2007,5,"dummy","1024","Jamaal Tinsley",-0.271630412860537
2007,5,"dummy","591","Eduardo Najera",-0.273524845219154
2007,5,"dummy","2754","Channing Frye",-0.277947758369909
2007,5,"dummy","2866","John Lucas",-0.287050201269645
2007,5,"dummy","808","DeShawn Stevenson",-0.287140346304573
2007,5,"dummy","3016","Adam Morrison",-0.291312407221851
2007,5,"dummy","2506","Damien Wilkins",-0.291744396482458
2007,5,"dummy","1718","Fred Jones",-0.300006125051978
2007,5,"dummy","2389","Al Jefferson",-0.30356361220453
2007,5,"dummy","312","Jason Hart",-0.30451769365474
2007,5,"dummy","2995","Rodney Carney",-0.306150237014003
2007,5,"dummy","1726","John Salmons",-0.308917937755022
2007,5,"dummy","779","Brian Skinner",-0.310629472022941
2007,5,"dummy","901","Bonzi Wells",-0.313861506257902
2007,5,"dummy","2008","Dahntay Jones",-0.315414067265968
2007,5,"dummy","1723","Bostjan Nachbar",-0.316714812552267
2007,5,"dummy","pair_1026_2753",NA,-0.31837023030163
2007,5,"dummy","1026","Gerald Wallace",-0.319853830593701
2007,5,"dummy","pair_518_984",NA,-0.32039169498982
2007,5,"dummy","336","Grant Hill",-0.325993552303133
2007,5,"dummy","pair_2394_61",NA,-0.3288995607441
2007,5,"dummy","307","Othella Harrington",-0.333062062793886
2007,5,"dummy","3024","J.J. Redick",-0.333262343120407
2007,5,"dummy","3045","Tarance Kinsey",-0.339457011954294
2007,5,"dummy","2778","C.J. Miles",-0.345055047796609
2007,5,"dummy","1051","Mike James",-0.348590665540479
2007,5,"dummy","831","Wally Szczerbiak",-0.364862117547578
2007,5,"dummy","440","Brevin Knight",-0.36585736570671
2007,5,"dummy","1777","Ronald Murray",-0.368716361068471
2007,5,"dummy","87","Earl Boykins",-0.376830490069374
2007,5,"dummy","1",NA,-0.378186730545474
2007,5,"dummy","3027","Brandon Roy",-0.378373590673709
2007,5,"dummy","1982","Chris Kaman",-0.385041989775662
2007,5,"dummy","2817","Anthony Roberson",-0.39013661391391
2007,5,"dummy","308","Al Harrington",-0.391410327106348
2007,5,"dummy","2797","Marvin Williams",-0.402142624729491
2007,5,"dummy","454","Raef LaFrentz",-0.402842057258792
2007,5,"dummy","518","Desmond Mason",-0.403484949397424
2007,5,"dummy","2994","Dee Brown",-0.404515521006562
2007,5,"dummy","996","Pau Gasol",-0.404536375587843
2007,5,"dummy","2522","Keith McLeod",-0.406267747598252
2007,5,"dummy","1767","Rasual Butler",-0.409118863502293
2007,5,"dummy","849","Kenny Thomas",-0.412379235447271
2007,5,"dummy","150","Speedy Claxton",-0.41598736385353
2007,5,"dummy","2873","James Singleton",-0.421102572214973
2007,5,"dummy","167","Austin Croshere",-0.422217742658177
2007,5,"dummy","2188","Quinton Ross",-0.427194266574395
2007,5,"dummy","509","Stephon Marbury",-0.440278775890173
2007,5,"dummy","3010","Solomon Jones",-0.443112886446522
2007,5,"dummy","620","Kevin Ollie",-0.446655654571577
2007,5,"dummy","630","Scott Padgett",-0.448194611509385
2007,5,"dummy","2801","Antoine Wright",-0.452670408581983
2007,5,"dummy","489","Tyronn Lue",-0.465470592203654
2007,5,"dummy","2761","Gerald Green",-0.483082905332321
2007,5,"dummy","1711","Drew Gooden",-0.484380351887919
2007,5,"dummy","3040","Shelden Williams",-0.492291163465034
2007,5,"dummy","498","Jamaal Magloire",-0.494485187055155
2007,5,"dummy","pair_509_990",NA,-0.504441043260414
2007,5,"dummy","2780","Johan Petro",-0.513681336668517
2007,5,"dummy","3","Shareef Abdur-Rahim",-0.515778196324665
2007,5,"dummy","2422","Delonte West",-0.51848556727034
2007,5,"dummy","1980","Jarvis Hayes",-0.520531154140731
2007,5,"dummy","558","Mike Miller",-0.530087109482029
2007,5,"dummy","1002","Steven Hunter",-0.539949231887018
2007,5,"dummy","879","Jake Voskuhl",-0.543174998324074
2007,5,"dummy","348","Eddie House",-0.551529987848073
2007,5,"dummy","817","Damon Stoudamire",-0.552392791481404
2007,5,"dummy","1710","Dan Gadzuric",-0.557009403171211
2007,5,"dummy","2757","Ryan Gomes",-0.565023291523465
2007,5,"dummy","94","Primoz Brezec",-0.571666461512431
2007,5,"dummy","2383","David Harrison",-0.579835019421379
2007,5,"dummy","2509",NA,-0.580075202226976
2007,5,"dummy","1780","Jamal Sampson",-0.587493142329242
2007,5,"dummy","398","DerMarr Johnson",-0.60382263840993
2007,5,"dummy","2173","Mickael Pietrus",-0.604045946398378
2007,5,"dummy","3058","Walter Herrmann",-0.608861015948706
2007,5,"dummy","2004","Willie Green",-0.612821650244618
2007,5,"dummy","1034","Charlie Bell",-0.613687609493808
2007,5,"dummy","829","Stromile Swift",-0.620254189102714
2007,5,"dummy","pair_2389_2422",NA,-0.621628090111917
2007,5,"dummy","2015","Travis Outlaw",-0.636134847805654
2007,5,"dummy","568","Nazr Mohammed",-0.638197821125505
2007,5,"dummy","2807","Ronnie Price",-0.652913161319474
2007,5,"dummy","2745","Brandon Bass",-0.673505360206689
2007,5,"dummy","407","Jumaine Jones",-0.685590682309553
2007,5,"dummy","2990","Josh Boone",-0.694017854064447
2007,5,"dummy","2200","Marquis Daniels",-0.706239812368602
2007,5,"dummy","621","Michael Olowokandi",-0.734512362628458
2007,5,"dummy","3038","Shawne Williams",-0.736026486666313
2007,5,"dummy","3030","Cedric Simmons",-0.739441407772399
2007,5,"dummy","1013","Troy Murphy",-0.752280728965057
2007,5,"dummy","640","Gary Payton",-0.761784132304938
2007,5,"dummy","2767","Ersan Ilyasova",-0.76963553490674
2007,5,"dummy","1016","Vladimir Radmanovic",-0.782410628326665
2007,5,"dummy","3054","Robert Hite",-0.782846925323069
2007,5,"dummy","3017","David Noel",-0.786165571128827
2007,5,"dummy","2442","Bernard Robinson",-0.809468993890064
2007,5,"dummy","396","Anthony Johnson",-0.81976180481241
2007,5,"dummy","2765","Julius Hodge",-0.825202377263979
2007,5,"dummy","pair_1034_638",NA,-0.831602494642996
2007,5,"dummy","535","Jeff McInnis",-0.844382816927944
2007,5,"dummy","2821","Kelenna Azubuike",-0.85196549118205
2007,5,"dummy","2784","Wayne Simien",-0.856870634869943
2007,5,"dummy","2794","Hakim Warrick",-0.871547179791835
2007,5,"dummy","6569","Alan Anderson",-0.911254028083557
2007,5,"dummy","377","Marc Jackson",-0.927553923221308
2007,5,"dummy","264","Pat Garrity",-0.943643660809326
2007,5,"dummy","2404","Justin Reed",-0.967004590999703
2007,5,"dummy","2447","Vassilis Spanoulis",-0.969390555305433
2007,5,"dummy","383","Jerome James",-0.973587348620767
2007,5,"dummy","2786","Salim Stoudamire",-0.978427482837599
2007,5,"dummy","2746","Andray Blatche",-0.980707644640226
2007,5,"dummy","2777","Rashad McCants",-0.989256034621589
2007,5,"dummy","2827","Will Conroy",-0.990862237075504
2007,5,"dummy","714","Clifford Robinson",-0.993457622877407
2007,5,"dummy","130","Brian Cardinal",-1.06353174876521
2007,5,"dummy","pair_2794_558",NA,-1.15325335000552
2007,5,"dummy","739","Malik Rose",-1.1634971091024
2007,5,"dummy","2380","Matt Freije",-1.19058856002966
2007,5,"dummy","741","Michael Ruffin",-1.21808801494516
2007,5,"dummy","1996","Matt Bonner",-1.22084717593975
2007,5,"dummy","2824","Esteban Batista",-1.22387760732739
2007,5,"dummy","2998","Paul Davis",-1.28325104970409
2007,5,"dummy","147","Doug Christie",-1.51424539497175
2007,5,"dummy","2165","Marcus Banks",-1.56765710973013
2007,5,"dummy","1709","Melvin Ely",-1.60651983416813
2007,5,"dummy","2197","Josh Powell",-1.61036226131865
2007,5,"dummy","2788","Dijon Thompson",-1.74727676470194
2007,5,"dummy","738","Jalen Rose",-1.74823948542171
2007,5,"dummy","2832","Stephen Graham",-1.77639130804094
2007,5,"dummy","3008","Ryan Hollins",-1.84850062136794
2007,5,"dummy","2992","Shannon Brown",-2.01902004011427
2007,5,"dummy","687","Theo Ratliff",-3.00683762068247
2007,5,"dummy","1816","Junior Harrington",-3.12063244579797
2007,5,"dummy","997","Eddie Griffin",-3.26766564906521
2007,10,"dummy","3012","Kyle Lowry",1.86974745442134
2007,10,"dummy","2810","Shavlik Randolph",1.60522934909652
2007,10,"dummy","2382","Devin Harris",1.40481132780157
2007,10,"dummy","272","Manu Ginobili",1.18605827029325
2007,10,"dummy","2834","Chuck Hayes",1.08688841180747
2007,10,"dummy","pair_510_592",NA,1.08541320148442
2007,10,"dummy","2006","Josh Howard",1.02478489645796
2007,10,"dummy","592","Steve Nash",0.951825329306865
2007,10,"dummy","981","Kwame Brown",0.912409431939901
2007,10,"dummy","250","Jeff Foster",0.890416493383528
2007,10,"dummy","181","Erick Dampier",0.877235129769235
2007,10,"dummy","pair_609_841",NA,0.858264345359844
2007,10,"dummy","1995","Keith Bogans",0.858135891460745
2007,10,"dummy","614","Shaquille O'Neal",0.844846360029684
2007,10,"dummy","83","Bruce Bowen",0.839645583564932
2007,10,"dummy","841","Jason Terry",0.836227460537934
2007,10,"dummy","2983","LaMarcus Aldridge",0.786445543745502
2007,10,"dummy","530","Antonio McDyess",0.77218455205416
2007,10,"dummy","pair_11_976",NA,0.753813433248314
2007,10,"dummy","3026","Rajon Rondo",0.74891892306827
2007,10,"dummy","3006","Daniel Gibson",0.743572174427321
2007,10,"dummy","215","Tim Duncan",0.73422309466347
2007,10,"dummy","63","Chauncey Billups",0.733404209343234
2007,10,"dummy","2166","Leandro Barbosa",0.721724853377224
2007,10,"dummy","pair_1015_215",NA,0.680591969789267
2007,10,"dummy","609","Dirk Nowitzki",0.672821548748349
2007,10,"dummy","510","Shawn Marion",0.649213947372945
2007,10,"dummy","pair_1731_469",NA,0.645751484311467
2007,10,"dummy","2377","Chris Duhon",0.632916481925524
2007,10,"dummy","pair_1987_2184",NA,0.632492716330608
2007,10,"dummy","987","Jason Collins",0.614890956690525
2007,10,"dummy","24","Darrell Armstrong",0.607997390182776
2007,10,"dummy","532","Tracy McGrady",0.604907716201056
2007,10,"dummy","2172","Sasha Pavlovic",0.58921986656247
2007,10,"dummy","3015","Paul Millsap",0.5825654937789
2007,10,"dummy","846","Kurt Thomas",0.577355872518552
2007,10,"dummy","pair_1007_2411",NA,0.577186632442888
2007,10,"dummy","306","Matt Harpring",0.567000983139967
2007,10,"dummy","2184","Udonis Haslem",0.563415764249941
2007,10,"dummy","11","Rafer Alston",0.541189459697966
2007,10,"dummy","1727","Amare Stoudemire",0.521067482187026
2007,10,"dummy","246","Derek Fisher",0.517421170058138
2007,10,"dummy","992","DeSagana Diop",0.516865259608781
2007,10,"dummy","802","Jerry Stackhouse",0.508221086172037
2007,10,"dummy","1722","Yao Ming",0.507554483565151
2007,10,"dummy","2756","Mickael Gelabale",0.502399216791922
2007,10,"dummy","575","Mikki Moore",0.502323062680193
2007,10,"dummy","2419","Anderson Varejao",0.502118784149658
2007,10,"dummy","273","Gordan Giricek",0.498350181677216
2007,10,"dummy","2775","Jason Maxiell",0.497678754667124
2007,10,"dummy","897","Chris Webber",0.49693230073508
2007,10,"dummy","588","Dikembe Mutombo",0.487494388162197
2007,10,"dummy","99","P.J. Brown",0.487006719519493
2007,10,"dummy","1031","Maurice Evans",0.473733322740554
2007,10,"dummy","936","Corliss Williamson",0.465001181613193
2007,10,"dummy","234","Francisco Elson",0.464733465159739
2007,10,"dummy","49","Raja Bell",0.460101903976277
2007,10,"dummy","294","Richard Hamilton",0.4584200369062
2007,10,"dummy","1717","Jared Jeffries",0.446869107189482
2007,10,"dummy","2445","Kirk Snyder",0.444651203857548
2007,10,"dummy","2429","Luol Deng",0.439736297889777
2007,10,"dummy","pair_1966_356",NA,0.43674854412158
2007,10,"dummy","261","Kevin Garnett",0.434375739390839
2007,10,"dummy","1784","Darius Songaila",0.427829415445385
2007,10,"dummy","pair_1705_974",NA,0.425728515668759
2007,10,"dummy","1987","Dwyane Wade",0.397770752869737
2007,10,"dummy","1021","Brian Scalabrine",0.385560221446263
2007,10,"dummy","1015","Tony Parker",0.381809486615228
2007,10,"dummy","556","Brad Miller",0.381477837022378
2007,10,"dummy","976","Shane Battier",0.380026509582048
2007,10,"dummy","322","Alan Henderson",0.37325194734577
2007,10,"dummy","347","Robert Horry",0.349972678797089
2007,10,"dummy","692","Michael Redd",0.348067787873968
2007,10,"dummy","984","Tyson Chandler",0.347717460562868
2007,10,"dummy","5",NA,0.34505653588124
2007,10,"dummy","1998","Brian Cook",0.339665109987663
2007,10,"dummy","2772","David Lee",0.338264533056859
2007,10,"dummy","2805","Fabricio Oberto",0.336723125148646
2007,10,"dummy","248","Danny Fortson",0.327613342671373
2007,10,"dummy","pair_1724_294",NA,0.326979759115122
2007,10,"dummy","125","Marcus Camby",0.319049534711985
2007,10,"dummy","3002","Jordan Farmar",0.316742954297787
2007,10,"dummy","pair_2381_2429",NA,0.316656404508134
2007,10,"dummy","187","Dale Davis",0.296733829011247
2007,10,"dummy","362","Zydrunas Ilgauskas",0.295990317510633
2007,10,"dummy","2367","Tony Allen",0.293916073292519
2007,10,"dummy","406","Damon Jones",0.293796657053795
2007,10,"dummy","2444","J.R. Smith",0.282004244262559
2007,10,"dummy","635","Anthony Parker",0.280817437294824
2007,10,"dummy","974","Gilbert Arenas",0.278714696108653
2007,10,"dummy","1981","Kirk Hinrich",0.278057315386925
2007,10,"dummy","2211","Matt Carroll",0.27432840967399
2007,10,"dummy","2177","David West",0.260223299554355
2007,10,"dummy","429","Jason Kidd",0.259521029437376
2007,10,"dummy","671","James Posey",0.257645202927001
2007,10,"dummy","1977","Chris Bosh",0.252184404808428
2007,10,"dummy","pair_110_1823",NA,0.248949502032473
2007,10,"dummy","1713","Nene Hilario",0.247082096065324
2007,10,"dummy","2782","Nate Robinson",0.239336939988171
2007,10,"dummy","1000","Brendan Haywood",0.238838544254587
2007,10,"dummy","469","Rashard Lewis",0.238509167936172
2007,10,"dummy","2171","Darko Milicic",0.226465210273525
2007,10,"dummy","1724","Tayshaun Prince",0.225583896522704
2007,10,"dummy","2427","Andris Biedrins",0.224665655236566
2007,10,"dummy","847","Tim Thomas",0.221134153604193
2007,10,"dummy","255","Steve Francis",0.218524839253991
2007,10,"dummy","497","Corey Maggette",0.217762902983715
2007,10,"dummy","1966","LeBron James",0.217458595126801
2007,10,"dummy","2806","Jose Calderon",0.216435489472052
2007,10,"dummy","1828","Reggie Evans",0.211004192363624
2007,10,"dummy","885","Ben Wallace",0.21036526873946
2007,10,"dummy","3005","Rudy Gay",0.207377687943877
2007,10,"dummy","991","Samuel Dalembert",0.206188930814791
2007,10,"dummy","2795","Martell Webster",0.20344458783143
2007,10,"dummy","pair_2427_2751",NA,0.202518326165858
2007,10,"dummy","3049","Jorge Garbajosa",0.198021077294037
2007,10,"dummy","2798","Deron Williams",0.190994642764991
2007,10,"dummy","1999","Carlos Delfino",0.189537400178529
2007,10,"dummy","2010","Jason Kapono",0.188273341619221
2007,10,"dummy","2221","Linton Johnson",0.185867987902845
2007,10,"dummy","pair_125_1975",NA,0.184042193107462
2007,10,"dummy","883","Rasheed Wallace",0.176925509581145
2007,10,"dummy","2776","Sean May",0.171487298480995
2007,10,"dummy","662","Paul Pierce",0.171373751613323
2007,10,"dummy","1703","Carlos Boozer",0.167940156019506
2007,10,"dummy","1731","Chris Wilcox",0.163135296324968
2007,10,"dummy","862","Hedo Turkoglu",0.161274735604466
2007,10,"dummy","813","Peja Stojakovic",0.159854162454496
2007,10,"dummy","18","Derek Anderson",0.150784073844322
2007,10,"dummy","385","Antawn Jamison",0.148692394173916
2007,10,"dummy","267","Devean George",0.145778851955101
2007,10,"dummy","pair_193_261",NA,0.141188648954873
2007,10,"dummy","2747","Andrew Bogut",0.138399154294239
2007,10,"dummy","pair_136_429",NA,0.13826804432136
2007,10,"dummy","598","Rasho Nesterovic",0.137441373641848
2007,10,"dummy","42","Brent Barry",0.136505654668732
2007,10,"dummy","2417","Sebastian Telfair",0.134684275085629
2007,10,"dummy","1006","Richard Jefferson",0.131272413117144
2007,10,"dummy","2373","Josh Childress",0.127843424423922
2007,10,"dummy","2792","Charlie Villanueva",0.125549087703471
2007,10,"dummy","9","Ray Allen",0.100170611546076
2007,10,"dummy","45","Tony Battie",0.0943510188067533
2007,10,"dummy","1978","Nick Collison",0.0929857917159159
2007,10,"dummy","110","Kobe Bryant",0.0853421957856707
2007,10,"dummy","2987","Andrea Bargnani",0.0827915405091459
2007,10,"dummy","111","Greg Buckner",0.0782037649399158
2007,10,"dummy","91","Elton Brand",0.0714543861046819
2007,10,"dummy","851","Etan Thomas",0.0671615474222075
2007,10,"dummy","2381","Ben Gordon",0.06501844925626
2007,10,"dummy","356","Larry Hughes",0.0598450349547984
2007,10,"dummy","2760","Danny Granger",0.0595537324724
2007,10,"dummy","1858","Devin Brown",0.056627096013067
2007,10,"dummy","923","Aaron Williams",0.0530828203965519
2007,10,"dummy","1821","Jannero Pargo",0.0413500042281779
2007,10,"dummy","933","Jason Williams",0.0357991764448258
2007,10,"dummy","1705","Caron Butler",0.028798962897561
2007,10,"dummy","378","Stephen Jackson",0.0250512980055752
2007,10,"dummy","3009","Alexander Johnson",0.0203761956178124
2007,10,"dummy","1823","Smush Parker",0.0203357087309062
2007,10,"dummy","366","Allen Iverson",0.0195439298469119
2007,10,"dummy","2178","Mo Williams",0.0145896092156341
2007,10,"dummy","194","Baron Davis",0.0141422136977824
2007,10,"dummy","193","Ricky Davis",0.0135644575635466
2007,10,"dummy","pair_1703_2798",NA,0.00630895706958489
2007,10,"dummy","860","Jake Tsakalidis",0.00118718096163559
2007,10,"dummy","1975","Carmelo Anthony",-0.000889572074082234
2007,10,"dummy","2411","Josh Smith",-0.0048983645560517
2007,10,"dummy","3039","Marcus Williams",-0.00512685038199682
2007,10,"dummy","25","Ron Artest",-0.00811936370104108
2007,10,"dummy","1014","Mehmet Okur",-0.0126540800965921
2007,10,"dummy","1719","Nenad Krstic",-0.0153231707568116
2007,10,"dummy","2386","Andre Iguodala",-0.0162400397609416
2007,10,"dummy","2009","James Jones",-0.0174650473198031
2007,10,"dummy","207","Michael Doleac",-0.0242683589375076
2007,10,"dummy","1985","Luke Ridnour",-0.0321218373381748
2007,10,"dummy","990","Eddy Curry",-0.0391777615256339
2007,10,"dummy","2789","Ronny Turiaf",-0.0403379848040959
2007,10,"dummy","2167","Boris Diaw",-0.0473149434640255
2007,10,"dummy","2439","Jameer Nelson",-0.0532289687415175
2007,10,"dummy","2016","Zaza Pachulia",-0.0532668312120871
2007,10,"dummy","638","Ruben Patterson",-0.0538144943849101
2007,10,"dummy","376","Bobby Jackson",-0.06082300864753
2007,10,"dummy","136","Vince Carter",-0.0674855563866775
2007,10,"dummy","2813","Sarunas Jasikevicius",-0.07035988223536
2007,10,"dummy","pair_2011_2386",NA,-0.0725119005045843
2007,10,"dummy","1707","Juan Dixon",-0.0761681437290987
2007,10,"dummy","682","Joel Przybilla",-0.076908969601497
2007,10,"dummy","615","Jermaine O'Neal",-0.0816849657841046
2007,10,"dummy","387","Marko Jaric",-0.085257623930441
2007,10,"dummy","2991","Ronnie Brewer",-0.0862609566592733
2007,10,"dummy","351","Juwan Howard",-0.0879058955616979
2007,10,"dummy","1765","Matt Barnes",-0.088094693121588
2007,10,"dummy","1994","Steve Blake",-0.0902446354895201
2007,10,"dummy","566","Cuttino Mobley",-0.0907099850277643
2007,10,"dummy","1007","Joe Johnson",-0.0920248153319756
2007,10,"dummy","2759","Joey Graham",-0.0930451784364486
2007,10,"dummy","2748","Andrew Bynum",-0.093918514805303
2007,10,"dummy","2399","Emeka Okafor",-0.0987895112429109
2007,10,"dummy","2770","Linas Kleiza",-0.102011636329233
2007,10,"dummy","pair_2384_2439",NA,-0.104713473992478
2007,10,"dummy","402","Eddie Jones",-0.106332233213166
2007,10,"dummy","1708","Mike Dunleavy",-0.107845171785156
2007,10,"dummy","998","Trenton Hassell",-0.110264841355144
2007,10,"dummy","2781","Lawrence Roberts",-0.111414177050559
2007,10,"dummy","2779","Chris Paul",-0.122093391856564
2007,10,"dummy","209","Keyon Dooling",-0.125056123513851
2007,10,"dummy","580","Alonzo Mourning",-0.128562100400267
2007,10,"dummy","pair_1017_2768",NA,-0.131322581646529
2007,10,"dummy","617","Lamar Odom",-0.133290161327902
2007,10,"dummy","512","Donyell Marshall",-0.133440870151116
2007,10,"dummy","2423","Dorell Wright",-0.134026201174688
2007,10,"dummy","2751","Monta Ellis",-0.137839696659632
2007,10,"dummy","1055","Carlos Arroyo",-0.1439092826183
2007,10,"dummy","866","Ime Udoka",-0.151120500038675
2007,10,"dummy","2755","Francisco Garcia",-0.159579813209356
2007,10,"dummy","796","Eric Snow",-0.159764931992279
2007,10,"dummy","138","Sam Cassell",-0.160107079532121
2007,10,"dummy","pair_1977_1979",NA,-0.160368372236283
2007,10,"dummy","165","Jamal Crawford",-0.167997389771177
2007,10,"dummy","pair_566_91",NA,-0.172001231865655
2007,10,"dummy","2763","Luther Head",-0.175025470769492
2007,10,"dummy","2011","Kyle Korver",-0.18616696763131
2007,10,"dummy","2387","Royal Ivey",-0.195321474189037
2007,10,"dummy","3048","Yakhouba Diawara",-0.195719802908007
2007,10,"dummy","703","Quentin Richardson",-0.196175643821284
2007,10,"dummy","183","Antonio Daniels",-0.205687147755293
2007,10,"dummy","656","Morris Peterson",-0.217329101200342
2007,10,"dummy","3003","Randy Foye",-0.217670758865494
2007,10,"dummy","26","Chucky Atkins",-0.222389220003609
2007,10,"dummy","2768","Jarrett Jack",-0.222999597097723
2007,10,"dummy","557","Andre Miller",-0.22488261800405
2007,10,"dummy","2018","Kendrick Perkins",-0.225807775385318
2007,10,"dummy","434","Andrei Kirilenko",-0.229577918409949
2007,10,"dummy","61","Mike Bibby",-0.241599400866421
2007,10,"dummy","2394","Kevin Martin",-0.243049053367296
2007,10,"dummy","70","Mark Blount",-0.250113355533125
2007,10,"dummy","3031","Craig Smith",-0.253811148361244
2007,10,"dummy","959","Lorenzen Wright",-0.262459719984989
2007,10,"dummy","2027","Luke Walton",-0.26401971097176
2007,10,"dummy","1018","Jason Richardson",-0.265163326330206
2007,10,"dummy","2",NA,-0.27348820147927
2007,10,"dummy","2876",NA,-0.273914607044282
2007,10,"dummy","2456","Andres Nocioni",-0.275034464783049
2007,10,"dummy","1",NA,-0.28240585175063
2007,10,"dummy","515","Kenyon Martin",-0.284249868539376
2007,10,"dummy","881","Antoine Walker",-0.284502463478552
2007,10,"dummy","pair_2760_615",NA,-0.288512292985591
2007,10,"dummy","1027","Earl Watson",-0.291181263893077
2007,10,"dummy","353","Troy Hudson",-0.299358989610957
2007,10,"dummy","1017","Zach Randolph",-0.29977216368688
2007,10,"dummy","788","Joe Smith",-0.302150683901246
2007,10,"dummy","2754","Channing Frye",-0.303685016481386
2007,10,"dummy","2393","Shaun Livingston",-0.30460681663165
2007,10,"dummy","2506","Damien Wilkins",-0.30733388983947
2007,10,"dummy","1979","T.J. Ford",-0.30940176096755
2007,10,"dummy","2384","Dwight Howard",-0.318818947643953
2007,10,"dummy","2426","Trevor Ariza",-0.320779789155535
2007,10,"dummy","2753","Raymond Felton",-0.327703879390176
2007,10,"dummy","1024","Jamaal Tinsley",-0.335053965281623
2007,10,"dummy","2389","Al Jefferson",-0.339017630573914
2007,10,"dummy","1726","John Salmons",-0.340240933483209
2007,10,"dummy","779","Brian Skinner",-0.353507975153878
2007,10,"dummy","591","Eduardo Najera",-0.355835736521581
2007,10,"dummy","2008","Dahntay Jones",-0.360229463782898
2007,10,"dummy","pair_1026_2753",NA,-0.360410369166266
2007,10,"dummy","1718","Fred Jones",-0.360611399408166
2007,10,"dummy","2995","Rodney Carney",-0.363446371051395
2007,10,"dummy","242","Michael Finley",-0.368593024783007
2007,10,"dummy","pair_2394_61",NA,-0.370696304739561
2007,10,"dummy","808","DeShawn Stevenson",-0.377215349050706
2007,10,"dummy","pair_518_984",NA,-0.382447644204266
2007,10,"dummy","1026","Gerald Wallace",-0.383271168359758
2007,10,"dummy","1723","Bostjan Nachbar",-0.387329722102477
2007,10,"dummy","3016","Adam Morrison",-0.390515437072332
2007,10,"dummy","336","Grant Hill",-0.397022955878958
2007,10,"dummy","2817","Anthony Roberson",-0.405961656497947
2007,10,"dummy","3024","J.J. Redick",-0.411409593190589
2007,10,"dummy","901","Bonzi Wells",-0.430697872174763
2007,10,"dummy","2778","C.J. Miles",-0.431006890990825
2007,10,"dummy","831","Wally Szczerbiak",-0.438921897883221
2007,10,"dummy","1051","Mike James",-0.445990415091905
2007,10,"dummy","3027","Brandon Roy",-0.446100069427826
2007,10,"dummy","849","Kenny Thomas",-0.457903549550268
2007,10,"dummy","1982","Chris Kaman",-0.468680524843272
2007,10,"dummy","440","Brevin Knight",-0.470324293939235
2007,10,"dummy","87","Earl Boykins",-0.470438886997132
2007,10,"dummy","1777","Ronald Murray",-0.47170336188299
2007,10,"dummy","1767","Rasual Butler",-0.483082460100859
2007,10,"dummy","2797","Marvin Williams",-0.48624391789184
2007,10,"dummy","518","Desmond Mason",-0.487045527375248
2007,10,"dummy","308","Al Harrington",-0.491279988981136
2007,10,"dummy","996","Pau Gasol",-0.498817409378704
2007,10,"dummy","150","Speedy Claxton",-0.506420884205599
2007,10,"dummy","2188","Quinton Ross",-0.508648789150245
2007,10,"dummy","509","Stephon Marbury",-0.543390328437942
2007,10,"dummy","2801","Antoine Wright",-0.559829485673319
2007,10,"dummy","620","Kevin Ollie",-0.564817159377915
2007,10,"dummy","489","Tyronn Lue",-0.585355031600796
2007,10,"dummy","2761","Gerald Green",-0.586441562932893
2007,10,"dummy","498","Jamaal Magloire",-0.589534651116511
2007,10,"dummy","3040","Shelden Williams",-0.598550491013005
2007,10,"dummy","2422","Delonte West",-0.604447656854898
2007,10,"dummy","2780","Johan Petro",-0.609412955387466
2007,10,"dummy","1711","Drew Gooden",-0.620146335589694
2007,10,"dummy","558","Mike Miller",-0.621500584201163
2007,10,"dummy","pair_509_990",NA,-0.622583528949106
2007,10,"dummy","1980","Jarvis Hayes",-0.640244665565839
2007,10,"dummy","817","Damon Stoudamire",-0.640960232071893
2007,10,"dummy","1002","Steven Hunter",-0.656730511878039
2007,10,"dummy","2757","Ryan Gomes",-0.668806546809542
2007,10,"dummy","94","Primoz Brezec",-0.69943241074988
2007,10,"dummy","348","Eddie House",-0.699874049183324
2007,10,"dummy","829","Stromile Swift",-0.712262013292686
2007,10,"dummy","pair_2389_2422",NA,-0.728129157866282
2007,10,"dummy","2173","Mickael Pietrus",-0.746186790752466
2007,10,"dummy","2004","Willie Green",-0.748651563029421
2007,10,"dummy","2015","Travis Outlaw",-0.757571260370292
2007,10,"dummy","1034","Charlie Bell",-0.768147622705256
2007,10,"dummy","568","Nazr Mohammed",-0.822424359025849
2007,10,"dummy","3","Shareef Abdur-Rahim",-0.869800632438096
2007,10,"dummy","3030","Cedric Simmons",-0.884535333713376
2007,10,"dummy","2200","Marquis Daniels",-0.895470737308867
2007,10,"dummy","1013","Troy Murphy",-0.899007400720676
2007,10,"dummy","1016","Vladimir Radmanovic",-0.9507165070089
2007,10,"dummy","640","Gary Payton",-0.971176093460187
2007,10,"dummy","2767","Ersan Ilyasova",-0.989721845980269
2007,10,"dummy","pair_1034_638",NA,-1.01559382905009
2007,10,"dummy","2794","Hakim Warrick",-1.04584082345547
2007,10,"dummy","396","Anthony Johnson",-1.05278513305081
2007,10,"dummy","2821","Kelenna Azubuike",-1.06578221655217
2007,10,"dummy","377","Marc Jackson",-1.10569224245188
2007,10,"dummy","535","Jeff McInnis",-1.14622213354397
2007,10,"dummy","2746","Andray Blatche",-1.19575054207852
2007,10,"dummy","4",NA,-1.19718074940937
2007,10,"dummy","2786","Salim Stoudamire",-1.23944719170844
2007,10,"dummy","714","Clifford Robinson",-1.24057321608282
2007,10,"dummy","pair_2794_558",NA,-1.38204990593383
2007,10,"dummy","2992","Shannon Brown",-2.48625092162525
2007,10,"dummy","687","Theo Ratliff",-3.71666157833866
2007,15,"dummy","2382","Devin Harris",1.57979905143129
2007,15,"dummy","272","Manu Ginobili",1.35655529096042
2007,15,"dummy","2834","Chuck Hayes",1.22591399048837
2007,15,"dummy","pair_510_592",NA,1.20527458636795
2007,15,"dummy","2006","Josh Howard",1.14319596691868
2007,15,"dummy","592","Steve Nash",1.05397342929295
2007,15,"dummy","981","Kwame Brown",1.04841105020656
2007,15,"dummy","250","Jeff Foster",1.03895257080811
2007,15,"dummy","614","Shaquille O'Neal",0.955509032635273
2007,15,"dummy","530","Antonio McDyess",0.935066926138554
2007,15,"dummy","83","Bruce Bowen",0.932036207446741
2007,15,"dummy","pair_609_841",NA,0.930621909607927
2007,15,"dummy","841","Jason Terry",0.912565128383026
2007,15,"dummy","2983","LaMarcus Aldridge",0.903010596873058
2007,15,"dummy","181","Erick Dampier",0.885653202807698
2007,15,"dummy","pair_11_976",NA,0.842964734291822
2007,15,"dummy","63","Chauncey Billups",0.841934585624871
2007,15,"dummy","215","Tim Duncan",0.808099853826716
2007,15,"dummy","2166","Leandro Barbosa",0.789556708095348
2007,15,"dummy","306","Matt Harpring",0.784906942372607
2007,15,"dummy","pair_1015_215",NA,0.740622468904397
2007,15,"dummy","2419","Anderson Varejao",0.736851184319827
2007,15,"dummy","pair_1731_469",NA,0.733166637744247
2007,15,"dummy","609","Dirk Nowitzki",0.713910854136814
2007,15,"dummy","pair_1987_2184",NA,0.703088148250053
2007,15,"dummy","510","Shawn Marion",0.695455710787657
2007,15,"dummy","987","Jason Collins",0.691806838509059
2007,15,"dummy","2377","Chris Duhon",0.690604394782135
2007,15,"dummy","pair_1007_2411",NA,0.678219004526449
2007,15,"dummy","532","Tracy McGrady",0.674106180734849
2007,15,"dummy","246","Derek Fisher",0.641216769701572
2007,15,"dummy","2184","Udonis Haslem",0.636566359354354
2007,15,"dummy","2756","Mickael Gelabale",0.610183690934799
2007,15,"dummy","11","Rafer Alston",0.600217403322412
2007,15,"dummy","1031","Maurice Evans",0.599262803296712
2007,15,"dummy","846","Kurt Thomas",0.596604063773211
2007,15,"dummy","1722","Yao Ming",0.564830608260995
2007,15,"dummy","1727","Amare Stoudemire",0.549685660776968
2007,15,"dummy","897","Chris Webber",0.539473790026734
2007,15,"dummy","588","Dikembe Mutombo",0.538538298247867
2007,15,"dummy","pair_1966_356",NA,0.534319873719423
2007,15,"dummy","575","Mikki Moore",0.534304060422823
2007,15,"dummy","1717","Jared Jeffries",0.531280458285405
2007,15,"dummy","294","Richard Hamilton",0.530597736963092
2007,15,"dummy","802","Jerry Stackhouse",0.522632605979223
2007,15,"dummy","99","P.J. Brown",0.519111214106931
2007,15,"dummy","261","Kevin Garnett",0.512605863858696
2007,15,"dummy","234","Francisco Elson",0.509200216661221
2007,15,"dummy","1021","Brian Scalabrine",0.4990694909649
2007,15,"dummy","2429","Luol Deng",0.483801048286227
2007,15,"dummy","49","Raja Bell",0.48177614009138
2007,15,"dummy","556","Brad Miller",0.474304901566894
2007,15,"dummy","pair_1705_974",NA,0.460071677812334
2007,15,"dummy","1987","Dwyane Wade",0.437872235426456
2007,15,"dummy","984","Tyson Chandler",0.420806906065586
2007,15,"dummy","2772","David Lee",0.417805938466799
2007,15,"dummy","1998","Brian Cook",0.402566230758767
2007,15,"dummy","692","Michael Redd",0.401898109045654
2007,15,"dummy","976","Shane Battier",0.400593505164651
2007,15,"dummy","1015","Tony Parker",0.389443115256019
2007,15,"dummy","125","Marcus Camby",0.371152235805901
2007,15,"dummy","362","Zydrunas Ilgauskas",0.369293901205525
2007,15,"dummy","2367","Tony Allen",0.36379261227868
2007,15,"dummy","pair_2381_2429",NA,0.342670436461674
2007,15,"dummy","pair_1724_294",NA,0.342605635953259
2007,15,"dummy","2805","Fabricio Oberto",0.335292654535531
2007,15,"dummy","2444","J.R. Smith",0.328242724354711
2007,15,"dummy","1966","LeBron James",0.320222548265731
2007,15,"dummy","2177","David West",0.314543288471821
2007,15,"dummy","3005","Rudy Gay",0.314105858754109
2007,15,"dummy","2171","Darko Milicic",0.306757142589809
2007,15,"dummy","635","Anthony Parker",0.304078108914787
2007,15,"dummy","2211","Matt Carroll",0.298573952348364
2007,15,"dummy","1981","Kirk Hinrich",0.298505435849795
2007,15,"dummy","671","James Posey",0.296365084171298
2007,15,"dummy","1977","Chris Bosh",0.291066818636056
2007,15,"dummy","pair_110_1823",NA,0.28653894612579
2007,15,"dummy","2427","Andris Biedrins",0.274050139776336
2007,15,"dummy","991","Samuel Dalembert",0.27247987073426
2007,15,"dummy","847","Tim Thomas",0.26870716770265
2007,15,"dummy","2798","Deron Williams",0.265290345317293
2007,15,"dummy","pair_2427_2751",NA,0.262010126728591
2007,15,"dummy","974","Gilbert Arenas",0.261439840814769
2007,15,"dummy","469","Rashard Lewis",0.260071480976083
2007,15,"dummy","497","Corey Maggette",0.259961474162021
2007,15,"dummy","255","Steve Francis",0.257922574155108
2007,15,"dummy","1713","Nene Hilario",0.256037475210565
2007,15,"dummy","429","Jason Kidd",0.255146464682078
2007,15,"dummy","1828","Reggie Evans",0.249442508594321
2007,15,"dummy","2795","Martell Webster",0.245460648780453
2007,15,"dummy","1724","Tayshaun Prince",0.244304357274068
2007,15,"dummy","662","Paul Pierce",0.233995153900352
2007,15,"dummy","862","Hedo Turkoglu",0.233011689588649
2007,15,"dummy","2806","Jose Calderon",0.231132377163374
2007,15,"dummy","885","Ben Wallace",0.222183097404934
2007,15,"dummy","3049","Jorge Garbajosa",0.220975120547998
2007,15,"dummy","pair_125_1975",NA,0.211298385317579
2007,15,"dummy","1000","Brendan Haywood",0.21052454058038
2007,15,"dummy","2776","Sean May",0.20590473204614
2007,15,"dummy","2010","Jason Kapono",0.204694817674894
2007,15,"dummy","1703","Carlos Boozer",0.191179726166566
2007,15,"dummy","2417","Sebastian Telfair",0.184453567227878
2007,15,"dummy","1731","Chris Wilcox",0.178616343034002
2007,15,"dummy","883","Rasheed Wallace",0.174009747526687
2007,15,"dummy","pair_193_261",NA,0.173650357692429
2007,15,"dummy","813","Peja Stojakovic",0.172927252592277
2007,15,"dummy","2747","Andrew Bogut",0.165607641334667
2007,15,"dummy","18","Derek Anderson",0.159001172712445
2007,15,"dummy","2792","Charlie Villanueva",0.149790939161833
2007,15,"dummy","385","Antawn Jamison",0.149637702561764
2007,15,"dummy","45","Tony Battie",0.149607588109348
2007,15,"dummy","598","Rasho Nesterovic",0.149259857145448
2007,15,"dummy","42","Brent Barry",0.128973860431447
2007,15,"dummy","2373","Josh Childress",0.128094310205494
2007,15,"dummy","pair_136_429",NA,0.124682757223307
2007,15,"dummy","356","Larry Hughes",0.122654355425818
2007,15,"dummy","1006","Richard Jefferson",0.118974212395719
2007,15,"dummy","110","Kobe Bryant",0.112069813014256
2007,15,"dummy","9","Ray Allen",0.110927466367601
2007,15,"dummy","1978","Nick Collison",0.105813283259432
2007,15,"dummy","267","Devean George",0.105246309501403
2007,15,"dummy","91","Elton Brand",0.0965240611669958
2007,15,"dummy","2987","Andrea Bargnani",0.0961581508874364
2007,15,"dummy","1",NA,0.0960772360962279
2007,15,"dummy","2760","Danny Granger",0.09385235284598
2007,15,"dummy","1858","Devin Brown",0.0751466414771766
2007,15,"dummy","366","Allen Iverson",0.0549072631398287
2007,15,"dummy","1821","Jannero Pargo",0.0484515384966743
2007,15,"dummy","851","Etan Thomas",0.0468292492241201
2007,15,"dummy","933","Jason Williams",0.0435442110149863
2007,15,"dummy","378","Stephen Jackson",0.0405881576058911
2007,15,"dummy","2381","Ben Gordon",0.038538682192057
2007,15,"dummy","194","Baron Davis",0.0331167618612904
2007,15,"dummy","2386","Andre Iguodala",0.0303653400119265
2007,15,"dummy","2178","Mo Williams",0.0282352682040743
2007,15,"dummy","25","Ron Artest",0.0126195601233214
2007,15,"dummy","193","Ricky Davis",0.0111587455296037
2007,15,"dummy","1823","Smush Parker",0.0111181709635265
2007,15,"dummy","1014","Mehmet Okur",0.000762574479307775
2007,15,"dummy","1719","Nenad Krstic",-0.00355526607477804
2007,15,"dummy","1975","Carmelo Anthony",-0.00382815001334022
2007,15,"dummy","990","Eddy Curry",-0.00896356002099997
2007,15,"dummy","pair_1703_2798",NA,-0.0097162187655519
2007,15,"dummy","2439","Jameer Nelson",-0.0186467464124497
2007,15,"dummy","1705","Caron Butler",-0.0345926939048731
2007,15,"dummy","2411","Josh Smith",-0.0346665723600523
2007,15,"dummy","1985","Luke Ridnour",-0.0376034328118885
2007,15,"dummy","2781","Lawrence Roberts",-0.0509107137607567
2007,15,"dummy","pair_2011_2386",NA,-0.0572242045960151
2007,15,"dummy","638","Ruben Patterson",-0.062535496116452
2007,15,"dummy","682","Joel Przybilla",-0.0671924319717975
2007,15,"dummy","376","Bobby Jackson",-0.0692584331470697
2007,15,"dummy","2016","Zaza Pachulia",-0.0744660960948386
2007,15,"dummy","402","Eddie Jones",-0.0805898406055913
2007,15,"dummy","1707","Juan Dixon",-0.0809926696124908
2007,15,"dummy","pair_2384_2439",NA,-0.0814815116235779
2007,15,"dummy","2748","Andrew Bynum",-0.0853938638462379
2007,15,"dummy","615","Jermaine O'Neal",-0.0856812114358234
2007,15,"dummy","566","Cuttino Mobley",-0.0975408351774294
2007,15,"dummy","1765","Matt Barnes",-0.0992230414698137
2007,15,"dummy","1708","Mike Dunleavy",-0.107861361756223
2007,15,"dummy","2399","Emeka Okafor",-0.109103621238698
2007,15,"dummy","pair_1017_2768",NA,-0.111710468401065
2007,15,"dummy","136","Vince Carter",-0.112550432696113
2007,15,"dummy","998","Trenton Hassell",-0.121884613682742
2007,15,"dummy","2167","Boris Diaw",-0.127159608025786
2007,15,"dummy","1007","Joe Johnson",-0.134535149969861
2007,15,"dummy","351","Juwan Howard",-0.136571765297445
2007,15,"dummy","1055","Carlos Arroyo",-0.13793970159173
2007,15,"dummy","387","Marko Jaric",-0.138081438232005
2007,15,"dummy","2779","Chris Paul",-0.148412768252944
2007,15,"dummy","2751","Monta Ellis",-0.149964090836917
2007,15,"dummy","1994","Steve Blake",-0.151295510513456
2007,15,"dummy","209","Keyon Dooling",-0.153722606670755
2007,15,"dummy","866","Ime Udoka",-0.156802333810139
2007,15,"dummy","617","Lamar Odom",-0.159155176420134
2007,15,"dummy","580","Alonzo Mourning",-0.16056012786582
2007,15,"dummy","2423","Dorell Wright",-0.171363209067665
2007,15,"dummy","138","Sam Cassell",-0.176149497407954
2007,15,"dummy","pair_1977_1979",NA,-0.181191977616457
2007,15,"dummy","165","Jamal Crawford",-0.181524502191615
2007,15,"dummy","2011","Kyle Korver",-0.184330338599492
2007,15,"dummy","pair_566_91",NA,-0.191262783848748
2007,15,"dummy","796","Eric Snow",-0.194628268992297
2007,15,"dummy","26","Chucky Atkins",-0.208364279173947
2007,15,"dummy","703","Quentin Richardson",-0.210559836936653
2007,15,"dummy","3048","Yakhouba Diawara",-0.211169572729839
2007,15,"dummy","2018","Kendrick Perkins",-0.218786668676054
2007,15,"dummy","2768","Jarrett Jack",-0.227943738461965
2007,15,"dummy","2763","Luther Head",-0.239648254785668
2007,15,"dummy","557","Andre Miller",-0.244030654823149
2007,15,"dummy","656","Morris Peterson",-0.250637805850199
2007,15,"dummy","434","Andrei Kirilenko",-0.265452829043781
2007,15,"dummy","61","Mike Bibby",-0.271658853264024
2007,15,"dummy","2394","Kevin Martin",-0.27196168091525
2007,15,"dummy","3003","Randy Foye",-0.275605196674747
2007,15,"dummy","70","Mark Blount",-0.278162756521579
2007,15,"dummy","1018","Jason Richardson",-0.298212033096889
2007,15,"dummy","2027","Luke Walton",-0.299338392728926
2007,15,"dummy","pair_2760_615",NA,-0.321197947068136
2007,15,"dummy","2389","Al Jefferson",-0.326718484284312
2007,15,"dummy","2754","Channing Frye",-0.327435530460772
2007,15,"dummy","881","Antoine Walker",-0.33083493498047
2007,15,"dummy","2384","Dwight Howard",-0.338605633315245
2007,15,"dummy","515","Kenyon Martin",-0.33963642932906
2007,15,"dummy","1027","Earl Watson",-0.340592379135991
2007,15,"dummy","1017","Zach Randolph",-0.341699401704138
2007,15,"dummy","2008","Dahntay Jones",-0.341884912003404
2007,15,"dummy","2393","Shaun Livingston",-0.343329810058748
2007,15,"dummy","2456","Andres Nocioni",-0.351567398513577
2007,15,"dummy","788","Joe Smith",-0.35163753182616
2007,15,"dummy","2506","Damien Wilkins",-0.356400086743265
2007,15,"dummy","1979","T.J. Ford",-0.362409362226046
2007,15,"dummy","2",NA,-0.365218907951297
2007,15,"dummy","1726","John Salmons",-0.36839685900705
2007,15,"dummy","959","Lorenzen Wright",-0.369345606092273
2007,15,"dummy","2426","Trevor Ariza",-0.369649964070874
2007,15,"dummy","2753","Raymond Felton",-0.370698062259583
2007,15,"dummy","pair_1026_2753",NA,-0.380899710729153
2007,15,"dummy","2995","Rodney Carney",-0.389189231322267
2007,15,"dummy","779","Brian Skinner",-0.395651440539018
2007,15,"dummy","1024","Jamaal Tinsley",-0.415271782299931
2007,15,"dummy","5",NA,-0.422102546323573
2007,15,"dummy","591","Eduardo Najera",-0.429396349062564
2007,15,"dummy","pair_2394_61",NA,-0.430255048449684
2007,15,"dummy","1718","Fred Jones",-0.43234918556765
2007,15,"dummy","pair_518_984",NA,-0.444254684333147
2007,15,"dummy","1026","Gerald Wallace",-0.445178194569047
2007,15,"dummy","242","Michael Finley",-0.453478351304635
2007,15,"dummy","831","Wally Szczerbiak",-0.46658669180097
2007,15,"dummy","336","Grant Hill",-0.468686642601675
2007,15,"dummy","3016","Adam Morrison",-0.483154622937285
2007,15,"dummy","808","DeShawn Stevenson",-0.486369268912818
2007,15,"dummy","3","Shareef Abdur-Rahim",-0.487412166370989
2007,15,"dummy","1777","Ronald Murray",-0.495842217720881
2007,15,"dummy","3027","Brandon Roy",-0.49738149047542
2007,15,"dummy","901","Bonzi Wells",-0.513689966234758
2007,15,"dummy","440","Brevin Knight",-0.517670509162356
2007,15,"dummy","849","Kenny Thomas",-0.52528861150069
2007,15,"dummy","1982","Chris Kaman",-0.53334442382599
2007,15,"dummy","1051","Mike James",-0.533705540333849
2007,15,"dummy","996","Pau Gasol",-0.558903852138222
2007,15,"dummy","150","Speedy Claxton",-0.55944091730884
2007,15,"dummy","87","Earl Boykins",-0.5599333249223
2007,15,"dummy","1767","Rasual Butler",-0.560219318551185
2007,15,"dummy","620","Kevin Ollie",-0.570723561859776
2007,15,"dummy","518","Desmond Mason",-0.572481756709694
2007,15,"dummy","2797","Marvin Williams",-0.576925871206769
2007,15,"dummy","2188","Quinton Ross",-0.577034956440942
2007,15,"dummy","308","Al Harrington",-0.580589233485279
2007,15,"dummy","2761","Gerald Green",-0.599862033814813
2007,15,"dummy","509","Stephon Marbury",-0.623600618039362
2007,15,"dummy","2422","Delonte West",-0.630799599903112
2007,15,"dummy","558","Mike Miller",-0.659641919639918
2007,15,"dummy","4",NA,-0.663649963840259
2007,15,"dummy","2801","Antoine Wright",-0.666638902623714
2007,15,"dummy","817","Damon Stoudamire",-0.669665794895698
2007,15,"dummy","498","Jamaal Magloire",-0.685333065260657
2007,15,"dummy","pair_509_990",NA,-0.696965368676551
2007,15,"dummy","2780","Johan Petro",-0.703264889747237
2007,15,"dummy","1711","Drew Gooden",-0.707853042564163
2007,15,"dummy","2757","Ryan Gomes",-0.710327491103533
2007,15,"dummy","1002","Steven Hunter",-0.735680770591739
2007,15,"dummy","3040","Shelden Williams",-0.753692758695718
2007,15,"dummy","489","Tyronn Lue",-0.759999683809873
2007,15,"dummy","829","Stromile Swift",-0.767073966921449
2007,15,"dummy","94","Primoz Brezec",-0.779885428605157
2007,15,"dummy","pair_2389_2422",NA,-0.783010999775035
2007,15,"dummy","2004","Willie Green",-0.802907760190223
2007,15,"dummy","2173","Mickael Pietrus",-0.866317443439844
2007,15,"dummy","2015","Travis Outlaw",-0.887439197379631
2007,15,"dummy","1034","Charlie Bell",-0.910739435213328
2007,15,"dummy","568","Nazr Mohammed",-0.955088505241795
2007,15,"dummy","1013","Troy Murphy",-1.01158672135575
2007,15,"dummy","1016","Vladimir Radmanovic",-1.06555787591559
2007,15,"dummy","2794","Hakim Warrick",-1.13062103482917
2007,15,"dummy","640","Gary Payton",-1.14602021838917
2007,15,"dummy","pair_1034_638",NA,-1.16106613431965
2007,15,"dummy","2821","Kelenna Azubuike",-1.21366789697194
2007,15,"dummy","377","Marc Jackson",-1.2574179576052
2007,15,"dummy","714","Clifford Robinson",-1.48477379535111
2007,15,"dummy","pair_2794_558",NA,-1.52217408652232
2007,15,"dummy","687","Theo Ratliff",-4.19641273725869
2007,20,"dummy","2382","Devin Harris",1.70356881397682
2007,20,"dummy","272","Manu Ginobili",1.48965123519355
2007,20,"dummy","pair_510_592",NA,1.26496963757002
2007,20,"dummy","2006","Josh Howard",1.22785818001345
2007,20,"dummy","981","Kwame Brown",1.14880224928874
2007,20,"dummy","250","Jeff Foster",1.12216529245214
2007,20,"dummy","592","Steve Nash",1.11910722143721
2007,20,"dummy","83","Bruce Bowen",1.04129740355726
2007,20,"dummy","841","Jason Terry",0.992073502788895
2007,20,"dummy","pair_609_841",NA,0.987834583201306
2007,20,"dummy","63","Chauncey Billups",0.951023864689823
2007,20,"dummy","pair_11_976",NA,0.949842633732076
2007,20,"dummy","181","Erick Dampier",0.943004984143804
2007,20,"dummy","2166","Leandro Barbosa",0.890450331108282
2007,20,"dummy","215","Tim Duncan",0.875893000603922
2007,20,"dummy","614","Shaquille O'Neal",0.857589170282636
2007,20,"dummy","pair_1015_215",NA,0.810232807600198
2007,20,"dummy","532","Tracy McGrady",0.783920903532892
2007,20,"dummy","609","Dirk Nowitzki",0.78207241020494
2007,20,"dummy","pair_1731_469",NA,0.762605820771854
2007,20,"dummy","2377","Chris Duhon",0.756351257811438
2007,20,"dummy","246","Derek Fisher",0.754474147707605
2007,20,"dummy","510","Shawn Marion",0.739462150508538
2007,20,"dummy","987","Jason Collins",0.736450786565966
2007,20,"dummy","pair_1007_2411",NA,0.722164989499736
2007,20,"dummy","pair_1987_2184",NA,0.700699241754311
2007,20,"dummy","11","Rafer Alston",0.695073247818541
2007,20,"dummy","1722","Yao Ming",0.640380654181934
2007,20,"dummy","pair_1966_356",NA,0.626500109982668
2007,20,"dummy","294","Richard Hamilton",0.625355062364727
2007,20,"dummy","2184","Udonis Haslem",0.618018251438277
2007,20,"dummy","2429","Luol Deng",0.556769122021271
2007,20,"dummy","1727","Amare Stoudemire",0.553940059631024
2007,20,"dummy","261","Kevin Garnett",0.549170906768495
2007,20,"dummy","49","Raja Bell",0.534497401826368
2007,20,"dummy","556","Brad Miller",0.528858359640557
2007,20,"dummy","897","Chris Webber",0.518691592570057
2007,20,"dummy","588","Dikembe Mutombo",0.513625574745886
2007,20,"dummy","pair_1705_974",NA,0.510225936037254
2007,20,"dummy","976","Shane Battier",0.485847789778053
2007,20,"dummy","2772","David Lee",0.484866393845972
2007,20,"dummy","575","Mikki Moore",0.474844309185697
2007,20,"dummy","984","Tyson Chandler",0.472128071417833
2007,20,"dummy","1015","Tony Parker",0.457762722020584
2007,20,"dummy","692","Michael Redd",0.456764049329361
2007,20,"dummy","362","Zydrunas Ilgauskas",0.436344384616373
2007,20,"dummy","125","Marcus Camby",0.42206017292732
2007,20,"dummy","1966","LeBron James",0.421916417420657
2007,20,"dummy","2367","Tony Allen",0.419655807919537
2007,20,"dummy","1987","Dwyane Wade",0.415233791118327
2007,20,"dummy","pair_2381_2429",NA,0.399274991462383
2007,20,"dummy","635","Anthony Parker",0.384234291886064
2007,20,"dummy","pair_1724_294",NA,0.37962232771289
2007,20,"dummy","2177","David West",0.378951657207763
2007,20,"dummy","2444","J.R. Smith",0.372346425523273
2007,20,"dummy","3005","Rudy Gay",0.368517669815668
2007,20,"dummy","2798","Deron Williams",0.362187075893974
2007,20,"dummy","1981","Kirk Hinrich",0.35301777767704
2007,20,"dummy","1977","Chris Bosh",0.337860299935698
2007,20,"dummy","2171","Darko Milicic",0.335323220375261
2007,20,"dummy","497","Corey Maggette",0.31622025330643
2007,20,"dummy","2211","Matt Carroll",0.311944091026089
2007,20,"dummy","1713","Nene Hilario",0.300128288777001
2007,20,"dummy","pair_110_1823",NA,0.297902165357673
2007,20,"dummy","847","Tim Thomas",0.297675233955883
2007,20,"dummy","974","Gilbert Arenas",0.291052746084007
2007,20,"dummy","1724","Tayshaun Prince",0.288813173797489
2007,20,"dummy","3049","Jorge Garbajosa",0.267661969019795
2007,20,"dummy","862","Hedo Turkoglu",0.267394624181163
2007,20,"dummy","2427","Andris Biedrins",0.266998274073833
2007,20,"dummy","885","Ben Wallace",0.265810115187042
2007,20,"dummy","662","Paul Pierce",0.26275973353827
2007,20,"dummy","255","Steve Francis",0.259536068070024
2007,20,"dummy","1703","Carlos Boozer",0.257264527576288
2007,20,"dummy","469","Rashard Lewis",0.253545026941089
2007,20,"dummy","pair_2427_2751",NA,0.24852448241798
2007,20,"dummy","1000","Brendan Haywood",0.223192252153869
2007,20,"dummy","pair_125_1975",NA,0.21542095161215
2007,20,"dummy","991","Samuel Dalembert",0.210196357135282
2007,20,"dummy","429","Jason Kidd",0.207877956252309
2007,20,"dummy","356","Larry Hughes",0.19145033632809
2007,20,"dummy","598","Rasho Nesterovic",0.188441764547853
2007,20,"dummy","45","Tony Battie",0.182633309353767
2007,20,"dummy","1731","Chris Wilcox",0.181283075937418
2007,20,"dummy","883","Rasheed Wallace",0.179611323177659
2007,20,"dummy","2747","Andrew Bogut",0.179231412856082
2007,20,"dummy","pair_193_261",NA,0.177793633052563
2007,20,"dummy","385","Antawn Jamison",0.174515912436804
2007,20,"dummy","2010","Jason Kapono",0.169972483312108
2007,20,"dummy","2792","Charlie Villanueva",0.167193294366187
2007,20,"dummy","2417","Sebastian Telfair",0.154872723244588
2007,20,"dummy","813","Peja Stojakovic",0.154552223143701
2007,20,"dummy","2987","Andrea Bargnani",0.139040467938098
2007,20,"dummy","18","Derek Anderson",0.1343089696431
2007,20,"dummy","110","Kobe Bryant",0.130300029794695
2007,20,"dummy","1006","Richard Jefferson",0.126298656648094
2007,20,"dummy","1978","Nick Collison",0.125573860680496
2007,20,"dummy","2373","Josh Childress",0.124889723651242
2007,20,"dummy","91","Elton Brand",0.1170632994833
2007,20,"dummy","2760","Danny Granger",0.111805290881479
2007,20,"dummy","9","Ray Allen",0.0975748083774893
2007,20,"dummy","pair_136_429",NA,0.0889828547117152
2007,20,"dummy","2381","Ben Gordon",0.0881888999221122
2007,20,"dummy","1858","Devin Brown",0.0740131337164424
2007,20,"dummy","194","Baron Davis",0.0560656881162569
2007,20,"dummy","1014","Mehmet Okur",0.0491861971428423
2007,20,"dummy","378","Stephen Jackson",0.0473273709808612
2007,20,"dummy","366","Allen Iverson",0.046149094645254
2007,20,"dummy","933","Jason Williams",0.0408680614584997
2007,20,"dummy","2178","Mo Williams",0.033368103129635
2007,20,"dummy","pair_1703_2798",NA,0.0197246690287746
2007,20,"dummy","990","Eddy Curry",0.0167802303479683
2007,20,"dummy","1823","Smush Parker",0.0164930299902956
2007,20,"dummy","25","Ron Artest",0.00991840177358304
2007,20,"dummy","1975","Carmelo Anthony",0.00912139832544788
2007,20,"dummy","193","Ricky Davis",-0.00028559252055051
2007,20,"dummy","2439","Jameer Nelson",-0.00272289531627861
2007,20,"dummy","1719","Nenad Krstic",-0.0165670673849343
2007,20,"dummy","1705","Caron Butler",-0.0346751086285691
2007,20,"dummy","5",NA,-0.0483864015125718
2007,20,"dummy","2411","Josh Smith",-0.0484331633924154
2007,20,"dummy","638","Ruben Patterson",-0.0530894726040844
2007,20,"dummy","682","Joel Przybilla",-0.0629953021849585
2007,20,"dummy","1",NA,-0.0671622757208756
2007,20,"dummy","pair_2384_2439",NA,-0.06720171748509
2007,20,"dummy","pair_1017_2768",NA,-0.0688862741245539
2007,20,"dummy","615","Jermaine O'Neal",-0.0747975191839766
2007,20,"dummy","2748","Andrew Bynum",-0.0769857424417233
2007,20,"dummy","2399","Emeka Okafor",-0.0841018311938662
2007,20,"dummy","2386","Andre Iguodala",-0.086350153383582
2007,20,"dummy","566","Cuttino Mobley",-0.0874505601400042
2007,20,"dummy","1985","Luke Ridnour",-0.0882731266160382
2007,20,"dummy","2016","Zaza Pachulia",-0.0982177886975644
2007,20,"dummy","1708","Mike Dunleavy",-0.115194136471123
2007,20,"dummy","pair_2011_2386",NA,-0.122424753010303
2007,20,"dummy","998","Trenton Hassell",-0.126309907371396
2007,20,"dummy","2167","Boris Diaw",-0.131833734015445
2007,20,"dummy","1765","Matt Barnes",-0.142957980917452
2007,20,"dummy","866","Ime Udoka",-0.14588656212157
2007,20,"dummy","165","Jamal Crawford",-0.148110924224922
2007,20,"dummy","796","Eric Snow",-0.156616267627707
2007,20,"dummy","1994","Steve Blake",-0.157336356075592
2007,20,"dummy","617","Lamar Odom",-0.173343329034501
2007,20,"dummy","2779","Chris Paul",-0.178965308210502
2007,20,"dummy","1007","Joe Johnson",-0.181173739742088
2007,20,"dummy","138","Sam Cassell",-0.184475709401529
2007,20,"dummy","2751","Monta Ellis",-0.185249707188088
2007,20,"dummy","351","Juwan Howard",-0.186166352795747
2007,20,"dummy","2763","Luther Head",-0.19185644107313
2007,20,"dummy","26","Chucky Atkins",-0.198482333916159
2007,20,"dummy","4",NA,-0.203684186011078
2007,20,"dummy","pair_566_91",NA,-0.20573541401576
2007,20,"dummy","703","Quentin Richardson",-0.206567135051151
2007,20,"dummy","pair_1977_1979",NA,-0.21448667254881
2007,20,"dummy","136","Vince Carter",-0.215276105621057
2007,20,"dummy","2768","Jarrett Jack",-0.228776922948645
2007,20,"dummy","656","Morris Peterson",-0.22983723673017
2007,20,"dummy","580","Alonzo Mourning",-0.231614977716518
2007,20,"dummy","2018","Kendrick Perkins",-0.249923977805203
2007,20,"dummy","434","Andrei Kirilenko",-0.276351478725261
2007,20,"dummy","2027","Luke Walton",-0.281521107498547
2007,20,"dummy","2754","Channing Frye",-0.288821141027515
2007,20,"dummy","61","Mike Bibby",-0.29538672840322
2007,20,"dummy","2394","Kevin Martin",-0.299868398670687
2007,20,"dummy","2",NA,-0.304136724560295
2007,20,"dummy","70","Mark Blount",-0.305432133000539
2007,20,"dummy","1018","Jason Richardson",-0.316719098045896
2007,20,"dummy","2389","Al Jefferson",-0.316762984891052
2007,20,"dummy","1017","Zach Randolph",-0.329392203200364
2007,20,"dummy","pair_2760_615",NA,-0.330025962456704
2007,20,"dummy","557","Andre Miller",-0.330665388187066
2007,20,"dummy","3","Shareef Abdur-Rahim",-0.331297769889942
2007,20,"dummy","2011","Kyle Korver",-0.339860323601375
2007,20,"dummy","2393","Shaun Livingston",-0.353113106487563
2007,20,"dummy","2384","Dwight Howard",-0.363197187555566
2007,20,"dummy","515","Kenyon Martin",-0.373970262296328
2007,20,"dummy","1027","Earl Watson",-0.377234160719724
2007,20,"dummy","2456","Andres Nocioni",-0.382639059270438
2007,20,"dummy","2753","Raymond Felton",-0.388690225140971
2007,20,"dummy","pair_1026_2753",NA,-0.399198342467025
2007,20,"dummy","1979","T.J. Ford",-0.411842699683049
2007,20,"dummy","1726","John Salmons",-0.413170886126488
2007,20,"dummy","779","Brian Skinner",-0.414366830189882
2007,20,"dummy","591","Eduardo Najera",-0.423245721372084
2007,20,"dummy","1024","Jamaal Tinsley",-0.427806539653221
2007,20,"dummy","pair_2394_61",NA,-0.460753975338666
2007,20,"dummy","1026","Gerald Wallace",-0.463728992659625
2007,20,"dummy","440","Brevin Knight",-0.490559436072992
2007,20,"dummy","pair_518_984",NA,-0.490941419329823
2007,20,"dummy","3016","Adam Morrison",-0.491982098322467
2007,20,"dummy","808","DeShawn Stevenson",-0.508268144508077
2007,20,"dummy","336","Grant Hill",-0.530983232674655
2007,20,"dummy","831","Wally Szczerbiak",-0.541797434242621
2007,20,"dummy","3027","Brandon Roy",-0.543337039575659
2007,20,"dummy","87","Earl Boykins",-0.551363619962366
2007,20,"dummy","1051","Mike James",-0.552489921652117
2007,20,"dummy","1982","Chris Kaman",-0.554157708543701
2007,20,"dummy","849","Kenny Thomas",-0.571624719689761
2007,20,"dummy","996","Pau Gasol",-0.581451210596221
2007,20,"dummy","2188","Quinton Ross",-0.602166362885725
2007,20,"dummy","509","Stephon Marbury",-0.632204400504737
2007,20,"dummy","308","Al Harrington",-0.633246531024972
2007,20,"dummy","150","Speedy Claxton",-0.640296202755821
2007,20,"dummy","2422","Delonte West",-0.644350793457962
2007,20,"dummy","1767","Rasual Butler",-0.647514470637866
2007,20,"dummy","2797","Marvin Williams",-0.651817038287417
2007,20,"dummy","518","Desmond Mason",-0.65429594379728
2007,20,"dummy","558","Mike Miller",-0.675779150779606
2007,20,"dummy","817","Damon Stoudamire",-0.690343989454329
2007,20,"dummy","pair_509_990",NA,-0.721761886124145
2007,20,"dummy","1711","Drew Gooden",-0.751870815648206
2007,20,"dummy","pair_2389_2422",NA,-0.782427339905815
2007,20,"dummy","2757","Ryan Gomes",-0.785904339210483
2007,20,"dummy","829","Stromile Swift",-0.82835503456789
2007,20,"dummy","489","Tyronn Lue",-0.863549571091834
2007,20,"dummy","2173","Mickael Pietrus",-0.925865212733033
2007,20,"dummy","1034","Charlie Bell",-0.95281963160026
2007,20,"dummy","568","Nazr Mohammed",-1.03261382731636
2007,20,"dummy","1013","Troy Murphy",-1.10538155698965
2007,20,"dummy","2794","Hakim Warrick",-1.20095302964499
2007,20,"dummy","pair_1034_638",NA,-1.22288498694032
2007,20,"dummy","pair_2794_558",NA,-1.61205670514019
2007,25,"dummy","272","Manu Ginobili",1.65261620737696
2007,25,"dummy","2006","Josh Howard",1.50741319929709
2007,25,"dummy","pair_510_592",NA,1.38611700282839
2007,25,"dummy","981","Kwame Brown",1.30094617036257
2007,25,"dummy","181","Erick Dampier",1.22301680293271
2007,25,"dummy","592","Steve Nash",1.2223190233747
2007,25,"dummy","841","Jason Terry",1.21012678486448
2007,25,"dummy","pair_609_841",NA,1.15961302783839
2007,25,"dummy","83","Bruce Bowen",1.1203341475031
2007,25,"dummy","pair_11_976",NA,1.05376348331096
2007,25,"dummy","609","Dirk Nowitzki",1.04629365888593
2007,25,"dummy","63","Chauncey Billups",1.01343627159174
2007,25,"dummy","614","Shaquille O'Neal",0.978673123403232
2007,25,"dummy","2166","Leandro Barbosa",0.949744743201688
2007,25,"dummy","215","Tim Duncan",0.932538164557148
2007,25,"dummy","532","Tracy McGrady",0.922767470476694
2007,25,"dummy","246","Derek Fisher",0.870639823320458
2007,25,"dummy","pair_1731_469",NA,0.86773403748731
2007,25,"dummy","987","Jason Collins",0.84406272139424
2007,25,"dummy","pair_1015_215",NA,0.82946206590983
2007,25,"dummy","pair_1987_2184",NA,0.790983861010195
2007,25,"dummy","11","Rafer Alston",0.790178487282483
2007,25,"dummy","pair_1007_2411",NA,0.767266274911171
2007,25,"dummy","510","Shawn Marion",0.764172965375119
2007,25,"dummy","2184","Udonis Haslem",0.728179450211507
2007,25,"dummy","2429","Luol Deng",0.704438486324763
2007,25,"dummy","pair_1966_356",NA,0.683757486069795
2007,25,"dummy","1722","Yao Ming",0.639414766717201
2007,25,"dummy","261","Kevin Garnett",0.634100944167273
2007,25,"dummy","294","Richard Hamilton",0.630490266845976
2007,25,"dummy","pair_1705_974",NA,0.589777019845866
2007,25,"dummy","2772","David Lee",0.566025488086263
2007,25,"dummy","1727","Amare Stoudemire",0.563844416134487
2007,25,"dummy","556","Brad Miller",0.562480050771669
2007,25,"dummy","897","Chris Webber",0.559955549918059
2007,25,"dummy","49","Raja Bell",0.53955350578958
2007,25,"dummy","976","Shane Battier",0.525295777106693
2007,25,"dummy","692","Michael Redd",0.523034749908645
2007,25,"dummy","125","Marcus Camby",0.520125788965728
2007,25,"dummy","984","Tyson Chandler",0.507408188837425
2007,25,"dummy","635","Anthony Parker",0.50439201091751
2007,25,"dummy","1987","Dwyane Wade",0.491351770426897
2007,25,"dummy","1966","LeBron James",0.470095556549559
2007,25,"dummy","362","Zydrunas Ilgauskas",0.468192623708535
2007,25,"dummy","pair_2381_2429",NA,0.434813651550724
2007,25,"dummy","1015","Tony Parker",0.434524070194416
2007,25,"dummy","1981","Kirk Hinrich",0.426882764410623
2007,25,"dummy","1977","Chris Bosh",0.423138740107127
2007,25,"dummy","2177","David West",0.418384154735185
2007,25,"dummy","2798","Deron Williams",0.409503124818232
2007,25,"dummy","662","Paul Pierce",0.383302184168858
2007,25,"dummy","862","Hedo Turkoglu",0.375931174755714
2007,25,"dummy","974","Gilbert Arenas",0.333085721836948
2007,25,"dummy","pair_110_1823",NA,0.332486692237614
2007,25,"dummy","pair_1724_294",NA,0.325116939181342
2007,25,"dummy","885","Ben Wallace",0.31828873628252
2007,25,"dummy","3049","Jorge Garbajosa",0.318116831231783
2007,25,"dummy","2427","Andris Biedrins",0.287150411170369
2007,25,"dummy","pair_2427_2751",NA,0.286316537189844
2007,25,"dummy","1703","Carlos Boozer",0.284992026514862
2007,25,"dummy","pair_125_1975",NA,0.267519063234332
2007,25,"dummy","429","Jason Kidd",0.266419936491684
2007,25,"dummy","1000","Brendan Haywood",0.250745471778532
2007,25,"dummy","469","Rashard Lewis",0.249292847647971
2007,25,"dummy","1724","Tayshaun Prince",0.24231559818144
2007,25,"dummy","813","Peja Stojakovic",0.239771184475651
2007,25,"dummy","2747","Andrew Bogut",0.216887014253513
2007,25,"dummy","pair_193_261",NA,0.205532459797761
2007,25,"dummy","2760","Danny Granger",0.204454179508623
2007,25,"dummy","991","Samuel Dalembert",0.204297417577422
2007,25,"dummy","356","Larry Hughes",0.189651779377147
2007,25,"dummy","385","Antawn Jamison",0.181148734324843
2007,25,"dummy","378","Stephen Jackson",0.177376953245602
2007,25,"dummy","91","Elton Brand",0.177016334865323
2007,25,"dummy","1731","Chris Wilcox",0.163765241674043
2007,25,"dummy","1006","Richard Jefferson",0.160043658794015
2007,25,"dummy","1",NA,0.147687833381066
2007,25,"dummy","110","Kobe Bryant",0.142381652224317
2007,25,"dummy","883","Rasheed Wallace",0.125575442521284
2007,25,"dummy","pair_136_429",NA,0.125000475457757
2007,25,"dummy","5",NA,0.117826680512368
2007,25,"dummy","1978","Nick Collison",0.096056287239134
2007,25,"dummy","2381","Ben Gordon",0.0933316144616756
2007,25,"dummy","2373","Josh Childress",0.0893613701022607
2007,25,"dummy","933","Jason Williams",0.0699298325467437
2007,25,"dummy","1975","Carmelo Anthony",0.0645693606596603
2007,25,"dummy","9","Ray Allen",0.0609628932737668
2007,25,"dummy","366","Allen Iverson",0.045172397061336
2007,25,"dummy","2439","Jameer Nelson",0.0400008560588757
2007,25,"dummy","2178","Mo Williams",0.0384852525325287
2007,25,"dummy","1014","Mehmet Okur",0.0328445915925549
2007,25,"dummy","990","Eddy Curry",0.0320172663688354
2007,25,"dummy","1858","Devin Brown",0.0212999729692139
2007,25,"dummy","1823","Smush Parker",0.00853936953223388
2007,25,"dummy","193","Ricky Davis",0.00202064562901028
2007,25,"dummy","pair_1703_2798",NA,-0.000248743371063404
2007,25,"dummy","194","Baron Davis",-0.00473911166656834
2007,25,"dummy","615","Jermaine O'Neal",-0.00754579807759218
2007,25,"dummy","25","Ron Artest",-0.0261618269554841
2007,25,"dummy","2",NA,-0.0280132864747283
2007,25,"dummy","1719","Nenad Krstic",-0.0313075497890831
2007,25,"dummy","2399","Emeka Okafor",-0.0331205155712828
2007,25,"dummy","638","Ruben Patterson",-0.0412631679577525
2007,25,"dummy","1705","Caron Butler",-0.054875862159951
2007,25,"dummy","pair_2384_2439",NA,-0.0594979382863998
2007,25,"dummy","566","Cuttino Mobley",-0.067137806754968
2007,25,"dummy","pair_1017_2768",NA,-0.0693720792460394
2007,25,"dummy","2748","Andrew Bynum",-0.076756940114884
2007,25,"dummy","2386","Andre Iguodala",-0.129981344110703
2007,25,"dummy","998","Trenton Hassell",-0.138933884773142
2007,25,"dummy","1985","Luke Ridnour",-0.145352500612611
2007,25,"dummy","2411","Josh Smith",-0.157346850567351
2007,25,"dummy","866","Ime Udoka",-0.167163877815869
2007,25,"dummy","pair_2011_2386",NA,-0.180608422536417
2007,25,"dummy","617","Lamar Odom",-0.182600908178542
2007,25,"dummy","138","Sam Cassell",-0.186699323304526
2007,25,"dummy","165","Jamal Crawford",-0.190255904074417
2007,25,"dummy","4",NA,-0.192849547511589
2007,25,"dummy","1708","Mike Dunleavy",-0.194100253958519
2007,25,"dummy","136","Vince Carter",-0.205966548357476
2007,25,"dummy","703","Quentin Richardson",-0.216514123759293
2007,25,"dummy","351","Juwan Howard",-0.222412088195012
2007,25,"dummy","2016","Zaza Pachulia",-0.22445742828874
2007,25,"dummy","2779","Chris Paul",-0.226945479610477
2007,25,"dummy","2167","Boris Diaw",-0.228692820049634
2007,25,"dummy","2768","Jarrett Jack",-0.241238836801341
2007,25,"dummy","pair_1977_1979",NA,-0.241491408844279
2007,25,"dummy","2751","Monta Ellis",-0.264870426640403
2007,25,"dummy","pair_566_91",NA,-0.265097441072821
2007,25,"dummy","2389","Al Jefferson",-0.275956591996548
2007,25,"dummy","580","Alonzo Mourning",-0.28163400918221
2007,25,"dummy","1007","Joe Johnson",-0.30151438758781
2007,25,"dummy","2393","Shaun Livingston",-0.304403610545847
2007,25,"dummy","2027","Luke Walton",-0.317671381556155
2007,25,"dummy","434","Andrei Kirilenko",-0.347233035977351
2007,25,"dummy","70","Mark Blount",-0.352740703783629
2007,25,"dummy","2384","Dwight Howard",-0.35769377914636
2007,25,"dummy","2753","Raymond Felton",-0.365275816064131
2007,25,"dummy","2394","Kevin Martin",-0.367621009807202
2007,25,"dummy","1017","Zach Randolph",-0.372937489260669
2007,25,"dummy","557","Andre Miller",-0.381861368963764
2007,25,"dummy","2456","Andres Nocioni",-0.383046871598414
2007,25,"dummy","61","Mike Bibby",-0.387123291167189
2007,25,"dummy","pair_1026_2753",NA,-0.400107281873025
2007,25,"dummy","1024","Jamaal Tinsley",-0.401625017674382
2007,25,"dummy","515","Kenyon Martin",-0.411162464803465
2007,25,"dummy","pair_2760_615",NA,-0.416587429111114
2007,25,"dummy","1018","Jason Richardson",-0.429371438026889
2007,25,"dummy","1979","T.J. Ford",-0.447511946859214
2007,25,"dummy","1026","Gerald Wallace",-0.486200312693822
2007,25,"dummy","440","Brevin Knight",-0.523654562031355
2007,25,"dummy","3016","Adam Morrison",-0.526641969410729
2007,25,"dummy","336","Grant Hill",-0.54604307268393
2007,25,"dummy","pair_2394_61",NA,-0.555099720598704
2007,25,"dummy","831","Wally Szczerbiak",-0.564236104196492
2007,25,"dummy","808","DeShawn Stevenson",-0.598872593645219
2007,25,"dummy","pair_518_984",NA,-0.599700135708872
2007,25,"dummy","1982","Chris Kaman",-0.602414721837081
2007,25,"dummy","87","Earl Boykins",-0.624787355601116
2007,25,"dummy","3027","Brandon Roy",-0.627853171058123
2007,25,"dummy","308","Al Harrington",-0.635068816388201
2007,25,"dummy","1051","Mike James",-0.635766092778794
2007,25,"dummy","3","Shareef Abdur-Rahim",-0.644586456496672
2007,25,"dummy","996","Pau Gasol",-0.662967502447139
2007,25,"dummy","2422","Delonte West",-0.695645800569207
2007,25,"dummy","509","Stephon Marbury",-0.723398437988961
2007,25,"dummy","518","Desmond Mason",-0.787474568203507
2007,25,"dummy","2797","Marvin Williams",-0.811558547318066
2007,25,"dummy","pair_509_990",NA,-0.823881151289284
2007,25,"dummy","2757","Ryan Gomes",-0.839816765192542
2007,25,"dummy","pair_2389_2422",NA,-0.872605786409021
2007,25,"dummy","558","Mike Miller",-0.896786157758005
2007,25,"dummy","1711","Drew Gooden",-0.906548509414245
2007,25,"dummy","1034","Charlie Bell",-1.10172683950301
2007,25,"dummy","2173","Mickael Pietrus",-1.10366279913192
2007,25,"dummy","pair_1034_638",NA,-1.36911996146156
2007,25,"dummy","pair_2794_558",NA,-2.19322123563941
2007,30,"dummy","2006","Josh Howard",1.78605339123927
2007,30,"dummy","pair_510_592",NA,1.50952390772473
2007,30,"dummy","841","Jason Terry",1.41643285358723
2007,30,"dummy","83","Bruce Bowen",1.38868713867677
2007,30,"dummy","592","Steve Nash",1.35533529426369
2007,30,"dummy","pair_609_841",NA,1.30439148674651
2007,30,"dummy","609","Dirk Nowitzki",1.22742248277453
2007,30,"dummy","215","Tim Duncan",1.18650413399052
2007,30,"dummy","63","Chauncey Billups",1.10323879120961
2007,30,"dummy","pair_11_976",NA,1.10123501395456
2007,30,"dummy","614","Shaquille O'Neal",1.09981005628956
2007,30,"dummy","pair_1015_215",NA,1.02050323373261
2007,30,"dummy","pair_1731_469",NA,0.967219164353464
2007,30,"dummy","532","Tracy McGrady",0.962816321612435
2007,30,"dummy","510","Shawn Marion",0.906173081438111
2007,30,"dummy","pair_1007_2411",NA,0.898812631667467
2007,30,"dummy","pair_1987_2184",NA,0.852803085284119
2007,30,"dummy","2184","Udonis Haslem",0.828341324509751
2007,30,"dummy","11","Rafer Alston",0.802175542907695
2007,30,"dummy","2429","Luol Deng",0.786419947959665
2007,30,"dummy","pair_1966_356",NA,0.724648468839994
2007,30,"dummy","1",NA,0.712993020776753
2007,30,"dummy","294","Richard Hamilton",0.658930353218659
2007,30,"dummy","49","Raja Bell",0.629829033202237
2007,30,"dummy","261","Kevin Garnett",0.628929841721874
2007,30,"dummy","1015","Tony Parker",0.622098065891014
2007,30,"dummy","1727","Amare Stoudemire",0.620614185577063
2007,30,"dummy","pair_1705_974",NA,0.616263032698278
2007,30,"dummy","984","Tyson Chandler",0.61174675660502
2007,30,"dummy","897","Chris Webber",0.606455808683595
2007,30,"dummy","1722","Yao Ming",0.606389551971577
2007,30,"dummy","556","Brad Miller",0.604682262375943
2007,30,"dummy","635","Anthony Parker",0.604462264874515
2007,30,"dummy","692","Michael Redd",0.575764841987355
2007,30,"dummy","125","Marcus Camby",0.530524478490509
2007,30,"dummy","1977","Chris Bosh",0.525673427949242
2007,30,"dummy","pair_2381_2429",NA,0.521800724187173
2007,30,"dummy","1987","Dwyane Wade",0.521573487121934
2007,30,"dummy","5",NA,0.512254128849574
2007,30,"dummy","1966","LeBron James",0.511389296811968
2007,30,"dummy","2798","Deron Williams",0.501675903080978
2007,30,"dummy","976","Shane Battier",0.485465384993669
2007,30,"dummy","362","Zydrunas Ilgauskas",0.472269201350749
2007,30,"dummy","1981","Kirk Hinrich",0.442066993549952
2007,30,"dummy","2177","David West",0.435625093160309
2007,30,"dummy","429","Jason Kidd",0.410178035680297
2007,30,"dummy","862","Hedo Turkoglu",0.399699893360521
2007,30,"dummy","1703","Carlos Boozer",0.396272239068461
2007,30,"dummy","pair_110_1823",NA,0.391832554308169
2007,30,"dummy","662","Paul Pierce",0.390866248789182
2007,30,"dummy","974","Gilbert Arenas",0.330872229123666
2007,30,"dummy","885","Ben Wallace",0.322401734829334
2007,30,"dummy","813","Peja Stojakovic",0.321040910158539
2007,30,"dummy","469","Rashard Lewis",0.303920311614964
2007,30,"dummy","pair_1724_294",NA,0.280636455121115
2007,30,"dummy","pair_125_1975",NA,0.263714166642653
2007,30,"dummy","pair_136_429",NA,0.226111961748421
2007,30,"dummy","pair_2427_2751",NA,0.224766980678528
2007,30,"dummy","1006","Richard Jefferson",0.219230179341206
2007,30,"dummy","110","Kobe Bryant",0.212624987276793
2007,30,"dummy","2427","Andris Biedrins",0.206562308513524
2007,30,"dummy","2747","Andrew Bogut",0.202131669662576
2007,30,"dummy","991","Samuel Dalembert",0.197515889438475
2007,30,"dummy","91","Elton Brand",0.196559229450199
2007,30,"dummy","1724","Tayshaun Prince",0.194575576679794
2007,30,"dummy","1731","Chris Wilcox",0.193472788269747
2007,30,"dummy","356","Larry Hughes",0.167613741063296
2007,30,"dummy","378","Stephen Jackson",0.139348021796281
2007,30,"dummy","385","Antawn Jamison",0.128902531901149
2007,30,"dummy","9","Ray Allen",0.105810142280206
2007,30,"dummy","pair_193_261",NA,0.0857662675577406
2007,30,"dummy","990","Eddy Curry",0.0841288277334812
2007,30,"dummy","1014","Mehmet Okur",0.080912865123871
2007,30,"dummy","2",NA,0.078463491338743
2007,30,"dummy","883","Rasheed Wallace",0.0548242416100481
2007,30,"dummy","615","Jermaine O'Neal",0.0457847261176134
2007,30,"dummy","1975","Carmelo Anthony",0.0351716343813117
2007,30,"dummy","1823","Smush Parker",0.031617522405505
2007,30,"dummy","2439","Jameer Nelson",0.0111887479171469
2007,30,"dummy","2178","Mo Williams",0.0020559988504875
2007,30,"dummy","366","Allen Iverson",-0.0210510416324106
2007,30,"dummy","pair_1017_2768",NA,-0.0426822092894894
2007,30,"dummy","pair_1703_2798",NA,-0.0519688061337583
2007,30,"dummy","1719","Nenad Krstic",-0.065996426722676
2007,30,"dummy","638","Ruben Patterson",-0.076787967924479
2007,30,"dummy","566","Cuttino Mobley",-0.0881730403761811
2007,30,"dummy","25","Ron Artest",-0.0984511385127882
2007,30,"dummy","165","Jamal Crawford",-0.0998052166615106
2007,30,"dummy","pair_2384_2439",NA,-0.111260959840278
2007,30,"dummy","193","Ricky Davis",-0.111815552506162
2007,30,"dummy","2399","Emeka Okafor",-0.115743523323155
2007,30,"dummy","1705","Caron Butler",-0.132330679656532
2007,30,"dummy","2386","Andre Iguodala",-0.165918355066129
2007,30,"dummy","194","Baron Davis",-0.170962326235272
2007,30,"dummy","136","Vince Carter",-0.173258670246572
2007,30,"dummy","2411","Josh Smith",-0.187097572505336
2007,30,"dummy","pair_2011_2386",NA,-0.187481856748045
2007,30,"dummy","703","Quentin Richardson",-0.18809868342246
2007,30,"dummy","617","Lamar Odom",-0.22419992975086
2007,30,"dummy","pair_1977_1979",NA,-0.247175018249018
2007,30,"dummy","2167","Boris Diaw",-0.255504773097922
2007,30,"dummy","2768","Jarrett Jack",-0.26325277438337
2007,30,"dummy","2027","Luke Walton",-0.291219227854559
2007,30,"dummy","2779","Chris Paul",-0.306192335947057
2007,30,"dummy","1007","Joe Johnson",-0.312923605913509
2007,30,"dummy","998","Trenton Hassell",-0.317750890390522
2007,30,"dummy","pair_566_91",NA,-0.330563667244634
2007,30,"dummy","pair_2760_615",NA,-0.340369906611662
2007,30,"dummy","2389","Al Jefferson",-0.351390824488129
2007,30,"dummy","3","Shareef Abdur-Rahim",-0.35598074502601
2007,30,"dummy","434","Andrei Kirilenko",-0.374390760189329
2007,30,"dummy","1017","Zach Randolph",-0.395824928261671
2007,30,"dummy","1024","Jamaal Tinsley",-0.419160315607789
2007,30,"dummy","2384","Dwight Howard",-0.426756849684527
2007,30,"dummy","1979","T.J. Ford",-0.438630086638547
2007,30,"dummy","2751","Monta Ellis",-0.448772279268009
2007,30,"dummy","2394","Kevin Martin",-0.459063783150475
2007,30,"dummy","557","Andre Miller",-0.469737851295614
2007,30,"dummy","2753","Raymond Felton",-0.471804208562964
2007,30,"dummy","61","Mike Bibby",-0.482755574217584
2007,30,"dummy","pair_1026_2753",NA,-0.49119174904271
2007,30,"dummy","4",NA,-0.564991294427124
2007,30,"dummy","70","Mark Blount",-0.581048846200517
2007,30,"dummy","1018","Jason Richardson",-0.60041919520169
2007,30,"dummy","1026","Gerald Wallace",-0.618211794750812
2007,30,"dummy","515","Kenyon Martin",-0.628278095115375
2007,30,"dummy","336","Grant Hill",-0.651616321689125
2007,30,"dummy","pair_2394_61",NA,-0.665617058976651
2007,30,"dummy","pair_518_984",NA,-0.69606890445742
2007,30,"dummy","3027","Brandon Roy",-0.719741902295136
2007,30,"dummy","509","Stephon Marbury",-0.744112783369377
2007,30,"dummy","1982","Chris Kaman",-0.744603333257084
2007,30,"dummy","996","Pau Gasol",-0.760950336603102
2007,30,"dummy","308","Al Harrington",-0.815170939813087
2007,30,"dummy","518","Desmond Mason",-0.909362024520954
2007,30,"dummy","2797","Marvin Williams",-0.911129236946745
2007,30,"dummy","558","Mike Miller",-0.931634399549022
2007,30,"dummy","pair_509_990",NA,-0.952405659098937
2007,30,"dummy","2757","Ryan Gomes",-1.02197600349605
2007,30,"dummy","pair_2389_2422",NA,-1.10604148696426
2007,30,"dummy","1711","Drew Gooden",-1.11188319334674
2007,30,"dummy","1034","Charlie Bell",-1.29636118445232
2007,30,"dummy","pair_1034_638",NA,-1.55092443477034
2007,30,"dummy","pair_2794_558",NA,-2.37259167234929
2008,0,"dummy","2214","Ronald Dupree",13.0571958810555
2008,0,"dummy","2810",NA,9.82970979686039
2008,0,"dummy","3179","Randolph Morris",6.35931307458486
2008,0,"dummy","3220",NA,3.78465777348235
2008,0,"dummy","383","Jerome James",3.74433903887716
2008,0,"dummy","3291",NA,3.44049206701054
2008,0,"dummy","525","Jelani McCoy",2.7200560850329
2008,0,"dummy","2837",NA,2.48812617850658
2008,0,"dummy","3273",NA,2.46273159058911
2008,0,"dummy","3277","Cj Watson",1.56031996668813
2008,0,"dummy","2769","Amir Johnson",1.55898819297265
2008,0,"dummy","2807","Ronnie Price",1.51027305289569
2008,0,"dummy","496","Mark Madsen",1.39624173551189
2008,0,"dummy","2445","Kirk Snyder",1.26927205934984
2008,0,"dummy","398",NA,1.03059555436587
2008,0,"dummy","3278","Mario West",1.02612098659751
2008,0,"dummy","3217","Carl Landry",0.956977655371797
2008,0,"dummy","3045","Tarence Kinsey",0.906365166804198
2008,0,"dummy","2419","Anderson Varejao",0.881469784516487
2008,0,"dummy","2762",NA,0.865691357408908
2008,0,"dummy","2759","Joey Graham",0.831644023565006
2008,0,"dummy","588","Dikembe Mutombo",0.824030066960448
2008,0,"dummy","2221","Linton Johnson",0.810552172783264
2008,0,"dummy","167","Austin Croshere",0.803953506164083
2008,0,"dummy","664","Scot Pollard",0.772584452822524
2008,0,"dummy","988","Jarron Collins",0.760510006897814
2008,0,"dummy","84","Ryan Bowen",0.757437974137244
2008,0,"dummy","883","Rasheed Wallace",0.739438108293541
2008,0,"dummy","2382","Devin Harris",0.736406793940168
2008,0,"dummy","1709","Melvin Ely",0.734192267267302
2008,0,"dummy","2819","Dwayne Jones",0.733737312284135
2008,0,"dummy","63","Chauncey Billups",0.708991456360429
2008,0,"dummy","530","Antonio McDyess",0.690597527430071
2008,0,"dummy","489","Tyronn Lue",0.676182985479683
2008,0,"dummy","662","Paul Pierce",0.674640252898684
2008,0,"dummy","3244","Thaddeus Young",0.659115068512991
2008,0,"dummy","pair_110_617",NA,0.65279871811278
2008,0,"dummy","49","Raja Bell",0.649422348545174
2008,0,"dummy","813","Peja Stojakovic",0.645091284236493
2008,0,"dummy","3024","J.J. Redick",0.641192611047922
2008,0,"dummy","1980","Jarvis Hayes",0.630354582437468
2008,0,"dummy","1016","Vladimir Radmanovic",0.623303257390688
2008,0,"dummy","261","Kevin Garnett",0.620168708448532
2008,0,"dummy","110","Kobe Bryant",0.616896440377504
2008,0,"dummy","1014","Mehmet Okur",0.58797961027403
2008,0,"dummy","591","Eduardo Najera",0.582877061574026
2008,0,"dummy","pair_662_9",NA,0.579519680273696
2008,0,"dummy","592","Steve Nash",0.571003651474026
2008,0,"dummy","pair_1977_635",NA,0.569379409796756
2008,0,"dummy","620","Kevin Ollie",0.552730892245779
2008,0,"dummy","353","Troy Hudson",0.544103248444043
2008,0,"dummy","pair_215_83",NA,0.539396555462042
2008,0,"dummy","215","Tim Duncan",0.535722610244368
2008,0,"dummy","2018","Kendrick Perkins",0.535664459187486
2008,0,"dummy","2748","Andrew Bynum",0.528829716541539
2008,0,"dummy","3008","Ryan Hollins",0.527574260948029
2008,0,"dummy","pair_2006_609",NA,0.507463297166735
2008,0,"dummy","739","Malik Rose",0.504175865693772
2008,0,"dummy","3018","Steve Novak",0.502226562019475
2008,0,"dummy","434","Andrei Kirilenko",0.501072676321438
2008,0,"dummy","402","Eddie Jones",0.497780626991114
2008,0,"dummy","2754","Channing Frye",0.487986412061782
2008,0,"dummy","336","Grant Hill",0.482388520105914
2008,0,"dummy","1724","Tayshaun Prince",0.478573131852483
2008,0,"dummy","294","Richard Hamilton",0.475006081800006
2008,0,"dummy","609","Dirk Nowitzki",0.473605853806227
2008,0,"dummy","pair_11_976",NA,0.47084465247903
2008,0,"dummy","1705","Caron Butler",0.461675423035396
2008,0,"dummy","656","Morris Peterson",0.446634469858882
2008,0,"dummy","272","Manu Ginobili",0.446297481825679
2008,0,"dummy","83","Bruce Bowen",0.445494473199583
2008,0,"dummy","42","Brent Barry",0.442834193954089
2008,0,"dummy","3224","Joakim Noah",0.442212800863449
2008,0,"dummy","2991","Ronnie Brewer",0.441401473732363
2008,0,"dummy","1710","Dan Gadzuric",0.441233735491964
2008,0,"dummy","2834","Chuck Hayes",0.437114705126516
2008,0,"dummy","3249","Jamario Moon",0.436434465999009
2008,0,"dummy","pair_1724_63",NA,0.43161969268729
2008,0,"dummy","246","Derek Fisher",0.426462729577657
2008,0,"dummy","617","Lamar Odom",0.414348306508793
2008,0,"dummy","1875","Richie Frahm",0.410770918298711
2008,0,"dummy","831","Wally Szczerbiak",0.404571567109493
2008,0,"dummy","741","Michael Ruffin",0.400805434818679
2008,0,"dummy","2779","Chris Paul",0.398377673761583
2008,0,"dummy","3006","Daniel Gibson",0.396837867193196
2008,0,"dummy","3036","Marcus Vinicius",0.395808107267072
2008,0,"dummy","3015","Paul Millsap",0.39092134660906
2008,0,"dummy","3026","Rajon Rondo",0.389623506551413
2008,0,"dummy","11","Rafer Alston",0.389465136502588
2008,0,"dummy","125","Marcus Camby",0.388947644653865
2008,0,"dummy","359","Lindsey Hunter",0.387553961200663
2008,0,"dummy","2367","Tony Allen",0.372553413973553
2008,0,"dummy","1913",NA,0.366345624816386
2008,0,"dummy","2806","Jose Calderon",0.365533515848645
2008,0,"dummy","532","Tracy McGrady",0.365371735492741
2008,0,"dummy","841","Jason Terry",0.359692792320474
2008,0,"dummy","1717","Jared Jeffries",0.351663169836928
2008,0,"dummy","348","Eddie House",0.348103670178161
2008,0,"dummy","510","Shawn Marion",0.347088309031468
2008,0,"dummy","996","Pau Gasol",0.342299539788353
2008,0,"dummy","pair_165_2772",NA,0.33659136541376
2008,0,"dummy","976","Shane Battier",0.332730545607678
2008,0,"dummy","984","Tyson Chandler",0.326034707084188
2008,0,"dummy","1977","Chris Bosh",0.321018528268501
2008,0,"dummy","2177","David West",0.319825277520298
2008,0,"dummy","pair_1858_1966",NA,0.314040430429155
2008,0,"dummy","881","Antoine Walker",0.310596028925371
2008,0,"dummy","9","Ray Allen",0.310470859400481
2008,0,"dummy","pair_2177_2779",NA,0.306429655556191
2008,0,"dummy","2006","Josh Howard",0.30490999997727
2008,0,"dummy","1966","LeBron James",0.296825068212358
2008,0,"dummy","3199","Jermareo Davidson",0.293030431647412
2008,0,"dummy","77","Calvin Booth",0.290678227019847
2008,0,"dummy","959","Lorenzen Wright",0.28906018096264
2008,0,"dummy","2427","Andris Biedrins",0.28791978305159
2008,0,"dummy","2986","Renaldo Balkman",0.276841045123167
2008,0,"dummy","1725","Kareem Rush",0.276574079791069
2008,0,"dummy","1727","Amare Stoudemire",0.275549385779358
2008,0,"dummy","pair_1007_2411",NA,0.275489556488544
2008,0,"dummy","pair_1975_366",NA,0.274958989731701
2008,0,"dummy","866","Ime Udoka",0.271666263478498
2008,0,"dummy","376","Bobby Jackson",0.266429894316427
2008,0,"dummy","3251","Coby Karl",0.265388372565757
2008,0,"dummy","385","Antawn Jamison",0.262978095845613
2008,0,"dummy","2009","James Jones",0.259635120459373
2008,0,"dummy","2200","Marquis Daniels",0.254419721600768
2008,0,"dummy","312","Jason Hart",0.253626914673569
2008,0,"dummy","2433","Kris Humphries",0.251581214391006
2008,0,"dummy","2782","Nate Robinson",0.251429386559534
2008,0,"dummy","2763","Luther Head",0.250323726424404
2008,0,"dummy","2383","David Harrison",0.237527792973137
2008,0,"dummy","2435","Viktor Khryapa",0.234532650982306
2008,0,"dummy","1031","Maurice Evans",0.23323234266498
2008,0,"dummy","1979","T.J. Ford",0.233206155444747
2008,0,"dummy","3263","Thomas Gardner",0.231372788492805
2008,0,"dummy","3002","Jordan Farmar",0.230132856450171
2008,0,"dummy","2411","Josh Smith",0.22383234634209
2008,0,"dummy","209","Keyon Dooling",0.221980336265756
2008,0,"dummy","25","Ron Artest",0.219306960851552
2008,0,"dummy","2004","Willie Green",0.215411031815127
2008,0,"dummy","pair_194_2751",NA,0.214350058527648
2008,0,"dummy","1707","Juan Dixon",0.20582204191441
2008,0,"dummy","2384","Dwight Howard",0.204531560739995
2008,0,"dummy","514","Darrick Martin",0.196539769262067
2008,0,"dummy","635","Anthony Parker",0.194212225243408
2008,0,"dummy","2027","Luke Walton",0.19355942175688
2008,0,"dummy","1024","Jamaal Tinsley",0.19337535895117
2008,0,"dummy","366","Allen Iverson",0.189493279995477
2008,0,"dummy","1995","Keith Bogans",0.187344373249376
2008,0,"dummy","307","Othella Harrington",0.186506311486956
2008,0,"dummy","2772","David Lee",0.18646907342383
2008,0,"dummy","2999","Guillermo Diaz",0.180685997081568
2008,0,"dummy","3200","Glen Davis",0.179302037605955
2008,0,"dummy","2011","Kyle Korver",0.176501987820625
2008,0,"dummy","194","Baron Davis",0.168072374837581
2008,0,"dummy","1781","Luis Scola",0.166212376871865
2008,0,"dummy","362","Zydrunas Ilgauskas",0.165749385669243
2008,0,"dummy","1996","Matt Bonner",0.16501186707692
2008,0,"dummy","242","Michael Finley",0.160169737265036
2008,0,"dummy","2167","Boris Diaw",0.157289244939898
2008,0,"dummy","802","Jerry Stackhouse",0.156454141071721
2008,0,"dummy","817","Damon Stoudamire",0.154576273271492
2008,0,"dummy","183","Antonio Daniels",0.144923967715319
2008,0,"dummy","2010","Jason Kapono",0.143460845873099
2008,0,"dummy","2770","Linas Kleiza",0.141757266568176
2008,0,"dummy","862","Hedo Turkoglu",0.12997437523974
2008,0,"dummy","518","Desmond Mason",0.126976290836669
2008,0,"dummy","pair_2384_469",NA,0.126513460736599
2008,0,"dummy","3020","Oleksiy Pecherov",0.126131888477157
2008,0,"dummy","1007","Joe Johnson",0.126046121130581
2008,0,"dummy","378","Stephen Jackson",0.124555432005908
2008,0,"dummy","pair_385_808",NA,0.122558327358743
2008,0,"dummy","2987","Andrea Bargnani",0.121187023501607
2008,0,"dummy","1994","Steve Blake",0.117032543234004
2008,0,"dummy","556","Brad Miller",0.114190243025386
2008,0,"dummy","3218","Stephane Lasme",0.113353894067964
2008,0,"dummy","3227","Gabe Pruitt",0.110292408124392
2008,0,"dummy","1013","Troy Murphy",0.108584234447095
2008,0,"dummy","308","Al Harrington",0.106160633556064
2008,0,"dummy","2832","Stephen Graham",0.099127545886848
2008,0,"dummy","2448","Beno Udrih",0.098573296985426
2008,0,"dummy","2444","J.R. Smith",0.0939640927052127
2008,0,"dummy","671","James Posey",0.093929295850212
2008,0,"dummy","1777","Ronald Murray",0.0892121958769501
2008,0,"dummy","598","Rasho Nesterovic",0.0888576110343651
2008,0,"dummy","2439","Jameer Nelson",0.0832557533882498
2008,0,"dummy","429","Jason Kidd",0.0811469102944824
2008,0,"dummy","1975","Carmelo Anthony",0.0763958037440785
2008,0,"dummy","2798","Deron Williams",0.0719543362941286
2008,0,"dummy","3187","Arron Afflalo",0.0650425247707521
2008,0,"dummy","2755","Francisco Garcia",0.0620296464079827
2008,0,"dummy","469","Rashard Lewis",0.0615651055771594
2008,0,"dummy","1015","Tony Parker",0.0598329483925835
2008,0,"dummy","1722","Yao Ming",0.0596980725786906
2008,0,"dummy","2751","Monta Ellis",0.0592538270266157
2008,0,"dummy","3012","Kyle Lowry",0.054648247522317
2008,0,"dummy","2777","Rashad McCants",0.0535523859354107
2008,0,"dummy","2863","Andre Owens",0.0534900805750649
2008,0,"dummy","1703","Carlos Boozer",0.0526268601998384
2008,0,"dummy","406","Damon Jones",0.0492045939282332
2008,0,"dummy","61","Mike Bibby",0.046126185851418
2008,0,"dummy","992","DeSagana Diop",0.0450001331884346
2008,0,"dummy","3038","Shawne Williams",0.0442443021556027
2008,0,"dummy","846","Kurt Thomas",0.0417880654733331
2008,0,"dummy","1708","Mike Dunleavy",0.0416893926739272
2008,0,"dummy","1002","Steven Hunter",0.0395827477894019
2008,0,"dummy","3027","Brandon Roy",0.0387008752941687
2008,0,"dummy","1000","Brendan Haywood",0.0335171502140644
2008,0,"dummy","2173","Mickael Pietrus",0.0331326931807753
2008,0,"dummy","207","Michael Doleac",0.0194093190458905
2008,0,"dummy","2756","Mickael Gelabale",0.0163000222528226
2008,0,"dummy","2015","Travis Outlaw",0.0114901767095882
2008,0,"dummy","3242","Brandan Wright",0.00953693321754071
2008,0,"dummy","3207","Aaron Gray",0.00934464344257692
2008,0,"dummy","3032","Tyrus Thomas",0.00901302387499938
2008,0,"dummy","497","Corey Maggette",0.00597049353771285
2008,0,"dummy","808","DeShawn Stevenson",0.00390657671071114
2008,0,"dummy","1821","Jannero Pargo",0.00111099183206688
2008,0,"dummy","137","Anthony Carter",0.0003082694229996
2008,0,"dummy","1",NA,0
2008,0,"dummy","2",NA,0
2008,0,"dummy","pair_1726_2755",NA,-0.00030741207110719
2008,0,"dummy","2789","Ronny Turiaf",-0.00685188624130821
2008,0,"dummy","1985","Luke Ridnour",-0.00699144843096338
2008,0,"dummy","3019","Patrick O'Bryant",-0.00755848912194006
2008,0,"dummy","2996","Cheick Samb",-0.00990660822105307
2008,0,"dummy","2386","Andre Iguodala",-0.0103230752645592
2008,0,"dummy","1858","Devin Brown",-0.0110482454238245
2008,0,"dummy","pair_497_566",NA,-0.0128637721534672
2008,0,"dummy","623",NA,-0.0155105844183038
2008,0,"dummy","2795","Martell Webster",-0.0166223138404607
2008,0,"dummy","306","Matt Harpring",-0.0209526875545248
2008,0,"dummy","250","Jeff Foster",-0.030552970305265
2008,0,"dummy","pair_1703_2798",NA,-0.0357553934912288
2008,0,"dummy","1706","Dan Dickau",-0.0411908482845631
2008,0,"dummy","638","Ruben Patterson",-0.0414010366304051
2008,0,"dummy","2421","Sasha Vujacic",-0.0464774936141252
2008,0,"dummy","1999","Carlos Delfino",-0.0495714168131293
2008,0,"dummy","267","Devean George",-0.0565574690394501
2008,0,"dummy","901","Bonzi Wells",-0.0573768007367145
2008,0,"dummy","454","Raef LaFrentz",-0.0611814220855629
2008,0,"dummy","2799","Louis Williams",-0.0618532785585331
2008,0,"dummy","347","Robert Horry",-0.062319021665449
2008,0,"dummy","3040","Shelden Williams",-0.0624787158435499
2008,0,"dummy","557","Andre Miller",-0.0644104693754155
2008,0,"dummy","3055","Jose Juan",-0.0656807368778066
2008,0,"dummy","2377","Chris Duhon",-0.0674409766201268
2008,0,"dummy","566","Cuttino Mobley",-0.0674885544258523
2008,0,"dummy","3048","Yakhouba Diawara",-0.0682206358546822
2008,0,"dummy","1711","Drew Gooden",-0.0696505248910083
2008,0,"dummy","2984","Hilton Armstrong",-0.0717373985721072
2008,0,"dummy","3028","Thabo Sefolosha",-0.0736166346086488
2008,0,"dummy","2388","Luke Jackson",-0.0885928527776514
2008,0,"dummy","pair_1018_2753",NA,-0.0887823485681801
2008,0,"dummy","2995","Rodney Carney",-0.0906163338497496
2008,0,"dummy","1828","Reggie Evans",-0.0951570382103376
2008,0,"dummy","3213","Al Horford",-0.0952303377366119
2008,0,"dummy","181","Erick Dampier",-0.096600221162417
2008,0,"dummy","pair_2166_2167",NA,-0.09873592161591
2008,0,"dummy","3192","Aaron Brooks",-0.102659264579516
2008,0,"dummy","2761","Gerald Green",-0.103295510269303
2008,0,"dummy","1982","Chris Kaman",-0.10971003537545
2008,0,"dummy","2211","Matt Carroll",-0.115071563821135
2008,0,"dummy","2188","Quinton Ross",-0.117895907808575
2008,0,"dummy","1765","Matt Barnes",-0.119489777938155
2008,0,"dummy","991","Samuel Dalembert",-0.121048394838162
2008,0,"dummy","2166","Leandro Barbosa",-0.122932437037987
2008,0,"dummy","302","Anfernee Hardaway",-0.126697542926136
2008,0,"dummy","2778","C.J. Miles",-0.12990855827365
2008,0,"dummy","2477","Earl Barron",-0.13158576334174
2008,0,"dummy","2426","Trevor Ariza",-0.136381512824504
2008,0,"dummy","24","Darrell Armstrong",-0.137069108815503
2008,0,"dummy","575","Mikki Moore",-0.143484186951616
2008,0,"dummy","2429","Luol Deng",-0.144142048043516
2008,0,"dummy","pair_2983_3027",NA,-0.152750066183164
2008,0,"dummy","615","Jermaine O'Neal",-0.153936539568065
2008,0,"dummy","1978","Nick Collison",-0.166329208290983
2008,0,"dummy","2753","Raymond Felton",-0.172575798591141
2008,0,"dummy","2983","LaMarcus Aldridge",-0.174842312313345
2008,0,"dummy","614","Shaquille O'Neal",-0.178814879199376
2008,0,"dummy","3009","Alexander Johnson",-0.185124356010654
2008,0,"dummy","1767","Rasual Butler",-0.185880908923717
2008,0,"dummy","2797","Marvin Williams",-0.189170245761051
2008,0,"dummy","1715","Casey Jacobsen",-0.189924132729634
2008,0,"dummy","264","Pat Garrity",-0.190701212094375
2008,0,"dummy","2394","Kevin Martin",-0.190945528138906
2008,0,"dummy","874","Jacque Vaughn",-0.192935339424484
2008,0,"dummy","pair_2386_557",NA,-0.19370387486383
2008,0,"dummy","682","Joel Przybilla",-0.207991083277877
2008,0,"dummy","2757","Ryan Gomes",-0.212785516270613
2008,0,"dummy","pair_1708_2760",NA,-0.215605091487565
2008,0,"dummy","558","Mike Miller",-0.220652745716133
2008,0,"dummy","285","Adrian Griffin",-0.223508027130197
2008,0,"dummy","2775","Jason Maxiell",-0.223610691113698
2008,0,"dummy","234","Francisco Elson",-0.223714836451771
2008,0,"dummy","1018","Jason Richardson",-0.22962396051907
2008,0,"dummy","2760","Danny Granger",-0.233983432878133
2008,0,"dummy","3057","Darius Washington",-0.234269699423146
2008,0,"dummy","3232","Jason Smith",-0.234366583017907
2008,0,"dummy","660","Eric Piatkowski",-0.236973105510129
2008,0,"dummy","pair_3005_558",NA,-0.238784072137693
2008,0,"dummy","2745","Brandon Bass",-0.24381245577786
2008,0,"dummy","1721","Roger Mason",-0.247206215884512
2008,0,"dummy","356","Larry Hughes",-0.249408183164732
2008,0,"dummy","2008","Dahntay Jones",-0.25086251784316
2008,0,"dummy","396","Anthony Johnson",-0.251307048399751
2008,0,"dummy","3240",NA,-0.251853008624907
2008,0,"dummy","254","Adonal Foyle",-0.253850810124167
2008,0,"dummy","136","Vince Carter",-0.255155256086289
2008,0,"dummy","974","Gilbert Arenas",-0.256292792192111
2008,0,"dummy","1055","Carlos Arroyo",-0.257690635789621
2008,0,"dummy","pair_2381_2429",NA,-0.258624865963929
2008,0,"dummy","2399","Emeka Okafor",-0.263038406468477
2008,0,"dummy","3031","Craig Smith",-0.265596526954603
2008,0,"dummy","1731","Chris Wilcox",-0.266070039686459
2008,0,"dummy","687","Theo Ratliff",-0.269047905754163
2008,0,"dummy","2792","Charlie Villanueva",-0.276396789849906
2008,0,"dummy","3235","Rodney Stuckey",-0.278416846414019
2008,0,"dummy","387","Marko Jaric",-0.283589498193383
2008,0,"dummy","1981","Kirk Hinrich",-0.285131675481312
2008,0,"dummy","2178","Mo Williams",-0.286291472577348
2008,0,"dummy","847","Tim Thomas",-0.289405398893676
2008,0,"dummy","165","Jamal Crawford",-0.289821343482466
2008,0,"dummy","1006","Richard Jefferson",-0.290333029371056
2008,0,"dummy","2801","Antoine Wright",-0.297344540649884
2008,0,"dummy","2172","Sasha Pavlovic",-0.303053778276725
2008,0,"dummy","3229","Chris Richard",-0.303128033429527
2008,0,"dummy","2422","Delonte West",-0.304585209540543
2008,0,"dummy","2016","Zaza Pachulia",-0.306127494766027
2008,0,"dummy","2821","Kelenna Azubuike",-0.306514043346919
2008,0,"dummy","2171","Darko Milicic",-0.307231563771079
2008,0,"dummy","1026","Gerald Wallace",-0.308277713910311
2008,0,"dummy","3234","D.J. Strawberry",-0.312868488226122
2008,0,"dummy","3023","Leon Powe",-0.317999913011331
2008,0,"dummy","1034","Charlie Bell",-0.320406630074392
2008,0,"dummy","568","Nazr Mohammed",-0.323376401924971
2008,0,"dummy","515","Kenyon Martin",-0.323508952692099
2008,0,"dummy","1726","John Salmons",-0.324507023721508
2008,0,"dummy","3003","Randy Foye",-0.333206235711441
2008,0,"dummy","2768","Jarrett Jack",-0.337660038300061
2008,0,"dummy","2805","Fabricio Oberto",-0.338245543727297
2008,0,"dummy","2746","Andray Blatche",-0.340222792620724
2008,0,"dummy","3","Shareef Abdur-Rahim",-0.340651176908888
2008,0,"dummy","3011","Bobby Jones",-0.343340124756288
2008,0,"dummy","692","Michael Redd",-0.344843944642187
2008,0,"dummy","885","Ben Wallace",-0.345369786789913
2008,0,"dummy","535","Jeff McInnis",-0.346135125133673
2008,0,"dummy","2456","Andres Nocioni",-0.348654669026171
2008,0,"dummy","1021","Brian Scalabrine",-0.349111883842268
2008,0,"dummy","1723","Bostjan Nachbar",-0.361570824594751
2008,0,"dummy","3201","Jared Dudley",-0.361899021125931
2008,0,"dummy","pair_1006_136",NA,-0.362495126884823
2008,0,"dummy","987","Jason Collins",-0.364274618320062
2008,0,"dummy","3237","Al Thornton",-0.367132921741095
2008,0,"dummy","10","Malik Allen",-0.367502606003189
2008,0,"dummy","788","Joe Smith",-0.368452370404712
2008,0,"dummy","1784","Darius Songaila",-0.378174605016877
2008,0,"dummy","1987","Dwyane Wade",-0.380187358596566
2008,0,"dummy","2494","Billy Thomas",-0.397235008925786
2008,0,"dummy","pair_2747_692",NA,-0.404076571478671
2008,0,"dummy","2990","Josh Boone",-0.408715162758272
2008,0,"dummy","273","Gordan Giricek",-0.412945864249719
2008,0,"dummy","2381","Ben Gordon",-0.414982403529093
2008,0,"dummy","138","Sam Cassell",-0.417372314399585
2008,0,"dummy","1778","Juan Carlos",-0.421401766544328
2008,0,"dummy","1718","Fred Jones",-0.424174111299204
2008,0,"dummy","2780","Johan Petro",-0.425039116238435
2008,0,"dummy","2373","Josh Childress",-0.442817367834642
2008,0,"dummy","1998","Brian Cook",-0.443438353349
2008,0,"dummy","3030","Cedric Simmons",-0.449554462553055
2008,0,"dummy","1022","Bobby Simmons",-0.45326328193013
2008,0,"dummy","3196","Daequan Cook",-0.45363670294336
2008,0,"dummy","3205","Kyrylo Fesenko",-0.455326394968658
2008,0,"dummy","pair_193_1987",NA,-0.457656092544987
2008,0,"dummy","2749","Travis Diener",-0.458612082447444
2008,0,"dummy","779","Brian Skinner",-0.467389410539728
2008,0,"dummy","3052","Justin Williams",-0.471619865896234
2008,0,"dummy","2786","Salim Stoudamire",-0.481136600370811
2008,0,"dummy","601","Ira Newble",-0.482840810305911
2008,0,"dummy","2793","Von Wafer",-0.483512850566576
2008,0,"dummy","2417","Sebastian Telfair",-0.490429850282129
2008,0,"dummy","2747","Andrew Bogut",-0.494072235026659
2008,0,"dummy","2387","Royal Ivey",-0.496228098269317
2008,0,"dummy","3046","Chris Quinn",-0.498365390606867
2008,0,"dummy","2512","Awvee Storey",-0.498371842872413
2008,0,"dummy","2389","Al Jefferson",-0.500548586396359
2008,0,"dummy","2423","Dorell Wright",-0.504364120435151
2008,0,"dummy","3021","Kosta Perovic",-0.50698740675445
2008,0,"dummy","933","Jason Williams",-0.51295366672081
2008,0,"dummy","440","Brevin Knight",-0.517801554892259
2008,0,"dummy","pair_2389_2757",NA,-0.522176710266858
2008,0,"dummy","3191","Corey Brewer",-0.533537821384623
2008,0,"dummy","3010","Solomon Jones",-0.536490912788682
2008,0,"dummy","3209","Jeff Green",-0.545247322267883
2008,0,"dummy","981","Kwame Brown",-0.547093891032866
2008,0,"dummy","3005","Rudy Gay",-0.549249234654143
2008,0,"dummy","2985","James Augustine",-0.55068800761344
2008,0,"dummy","3243","Nick Young",-0.57307431895191
2008,0,"dummy","1713","Nene Hilario",-0.574023602681712
2008,0,"dummy","829","Stromile Swift",-0.575106380259436
2008,0,"dummy","998","Trenton Hassell",-0.582598007459644
2008,0,"dummy","1719","Nenad Krstic",-0.590806001998996
2008,0,"dummy","1027","Earl Watson",-0.59190384470896
2008,0,"dummy","3239","Sean Williams",-0.597905292677552
2008,0,"dummy","3000","Quincy Douby",-0.598260289525796
2008,0,"dummy","193","Ricky Davis",-0.604891562724335
2008,0,"dummy","1017","Zach Randolph",-0.613201765949007
2008,0,"dummy","pair_1978_3202",NA,-0.629313255418086
2008,0,"dummy","2184","Udonis Haslem",-0.633019727869571
2008,0,"dummy","3214","Yi Jianlian",-0.638414562092116
2008,0,"dummy","3219","Acie Law",-0.645367261486141
2008,0,"dummy","580","Alonzo Mourning",-0.6557653387824
2008,0,"dummy","130","Brian Cardinal",-0.666570167223351
2008,0,"dummy","3025","Sergio Rodriguez",-0.692706439506347
2008,0,"dummy","703","Quentin Richardson",-0.707005325552764
2008,0,"dummy","3194","Wilson Chandler",-0.712066323646527
2008,0,"dummy","3202","Kevin Durant",-0.716809699926774
2008,0,"dummy","18","Derek Anderson",-0.72767818409479
2008,0,"dummy","3211","Spencer Hawes",-0.732410678343253
2008,0,"dummy","2450","DJ Mbenga",-0.737754874334332
2008,0,"dummy","1051","Mike James",-0.74556380292147
2008,0,"dummy","3039","Marcus Williams",-0.748999006426293
2008,0,"dummy","498","Jamaal Magloire",-0.76218984758542
2008,0,"dummy","849","Kenny Thomas",-0.770548575007129
2008,0,"dummy","2794","Hakim Warrick",-0.775969333134866
2008,0,"dummy","3195","Mike Conley",-0.794710070040565
2008,0,"dummy","2506","Damien Wilkins",-0.795297391646741
2008,0,"dummy","351","Juwan Howard",-0.798606640203435
2008,0,"dummy","70","Mark Blount",-0.800548781430196
2008,0,"dummy","512","Donyell Marshall",-0.813964703983284
2008,0,"dummy","3290","Darryl Watkins",-0.825188858279954
2008,0,"dummy","26","Chucky Atkins",-0.861731033891089
2008,0,"dummy","1823","Smush Parker",-0.862789262095344
2008,0,"dummy","879","Jake Voskuhl",-0.884876048702925
2008,0,"dummy","255","Steve Francis",-0.890095394890219
2008,0,"dummy","509","Stephon Marbury",-0.897669940481415
2008,0,"dummy","3241","Julian Wright",-0.952151450714605
2008,0,"dummy","990","Eddy Curry",-0.953463024687635
2008,0,"dummy","270","Eddie Gill",-0.960982275323529
2008,0,"dummy","2165","Marcus Banks",-0.962455479315625
2008,0,"dummy","2992","Shannon Brown",-0.962705628385994
2008,0,"dummy","3246","Dominic McGuire",-0.975179117381533
2008,0,"dummy","796","Eric Snow",-0.980824449828574
2008,0,"dummy","549","Chris Mihm",-0.983704863496817
2008,0,"dummy","3247","Joel Anthony",-1.01532080510011
2008,0,"dummy","2197","Josh Powell",-1.04593445612378
2008,0,"dummy","3049",NA,-1.07484683098982
2008,0,"dummy","111","Greg Buckner",-1.10424539626923
2008,0,"dummy","923","Aaron Williams",-1.10956716665497
2008,0,"dummy","3190","Marco Belinelli",-1.12591152042823
2008,0,"dummy","2750","Ike Diogu",-1.1545447353065
2008,0,"dummy","2416","Robert Swift",-1.21761265919877
2008,0,"dummy","897","Chris Webber",-1.32458284644536
2008,0,"dummy","3197","Javaris Crittenton",-1.32706676613218
2008,0,"dummy","2510","Andre Brown",-1.34635536610695
2008,0,"dummy","94","Primoz Brezec",-1.35681512205632
2008,0,"dummy","2982","Maurice Ager",-1.3871785945708
2008,0,"dummy","3029","Mouhamed Sene",-1.40662717970392
2008,0,"dummy","2998","Paul Davis",-1.40762056149218
2008,0,"dummy","3058","Walter Herrmann",-1.41677167132803
2008,0,"dummy","3041","Louis Amundson",-1.43423941486087
2008,0,"dummy","2997","Mardy Collins",-1.53013595154741
2008,0,"dummy","44","Maceo Baston",-1.54452357535489
2008,0,"dummy","3160",NA,-1.56504368092308
2008,0,"dummy","511","Sean Marks",-1.68230253066594
2008,0,"dummy","3223",NA,-2.03971510076141
2008,0,"dummy","3238","Alando Tucker",-2.11189462188144
2008,0,"dummy","3208","Taurean Green",-2.36596885623819
2008,0,"dummy","87","Earl Boykins",-2.42579167169439
2008,0,"dummy","3203","Nick Fazekas",-3.70803500406171
2008,0,"dummy","2774","Ian Mahinmi",-3.86485739107666
2008,0,"dummy","202",NA,-3.93952486808492
2008,0,"dummy","3188","Morris Almond",-5.6110706963061
2008,5,"dummy","525","Jelani McCoy",2.92523894418605
2008,5,"dummy","2769","Amir Johnson",1.69452957878308
2008,5,"dummy","3277","Cj Watson",1.68627723497699
2008,5,"dummy","2807","Ronnie Price",1.61288217225437
2008,5,"dummy","496","Mark Madsen",1.53509153087404
2008,5,"dummy","2445","Kirk Snyder",1.38878094256281
2008,5,"dummy","2762",NA,1.01810561128948
2008,5,"dummy","3217","Carl Landry",1.01420921422434
2008,5,"dummy","3045","Tarence Kinsey",0.969565927111732
2008,5,"dummy","2419","Anderson Varejao",0.944560344935573
2008,5,"dummy","2759","Joey Graham",0.896710304692546
2008,5,"dummy","588","Dikembe Mutombo",0.875808616102927
2008,5,"dummy","167","Austin Croshere",0.870271718619686
2008,5,"dummy","2221","Linton Johnson",0.860062351744345
2008,5,"dummy","664","Scot Pollard",0.815376356743769
2008,5,"dummy","84","Ryan Bowen",0.812623442493446
2008,5,"dummy","988","Jarron Collins",0.799338719957872
2008,5,"dummy","2819","Dwayne Jones",0.789101241304362
2008,5,"dummy","2382","Devin Harris",0.785918635593916
2008,5,"dummy","883","Rasheed Wallace",0.781651246196754
2008,5,"dummy","1709","Melvin Ely",0.781450376781807
2008,5,"dummy","63","Chauncey Billups",0.745554774292842
2008,5,"dummy","530","Antonio McDyess",0.72621282758151
2008,5,"dummy","489","Tyronn Lue",0.726081512609905
2008,5,"dummy","662","Paul Pierce",0.71296250023392
2008,5,"dummy","3244","Thaddeus Young",0.711016472504438
2008,5,"dummy","49","Raja Bell",0.693052649123992
2008,5,"dummy","pair_110_617",NA,0.686913618767011
2008,5,"dummy","3024","J.J. Redick",0.684525846625095
2008,5,"dummy","813","Peja Stojakovic",0.683726495452666
2008,5,"dummy","1980","Jarvis Hayes",0.665737648577549
2008,5,"dummy","1016","Vladimir Radmanovic",0.662390832902321
2008,5,"dummy","110","Kobe Bryant",0.652442696806033
2008,5,"dummy","261","Kevin Garnett",0.650465640417094
2008,5,"dummy","1014","Mehmet Okur",0.628951790102952
2008,5,"dummy","591","Eduardo Najera",0.626344941846021
2008,5,"dummy","592","Steve Nash",0.606480941719229
2008,5,"dummy","pair_662_9",NA,0.60536826400874
2008,5,"dummy","pair_1977_635",NA,0.604966116011
2008,5,"dummy","353","Troy Hudson",0.600071770673544
2008,5,"dummy","620","Kevin Ollie",0.589148736029263
2008,5,"dummy","3008","Ryan Hollins",0.584774107082978
2008,5,"dummy","215","Tim Duncan",0.572353575347223
2008,5,"dummy","pair_215_83",NA,0.570675927733885
2008,5,"dummy","2018","Kendrick Perkins",0.560000361191283
2008,5,"dummy","2748","Andrew Bynum",0.55688766259062
2008,5,"dummy","2754","Channing Frye",0.540502168601898
2008,5,"dummy","3018","Steve Novak",0.537756569745821
2008,5,"dummy","pair_2006_609",NA,0.53647366745095
2008,5,"dummy","739","Malik Rose",0.534708320376309
2008,5,"dummy","434","Andrei Kirilenko",0.531206948898171
2008,5,"dummy","402","Eddie Jones",0.528514035777266
2008,5,"dummy","336","Grant Hill",0.509529520590082
2008,5,"dummy","609","Dirk Nowitzki",0.502487299545427
2008,5,"dummy","pair_11_976",NA,0.495531878314463
2008,5,"dummy","1705","Caron Butler",0.494593109907774
2008,5,"dummy","1724","Tayshaun Prince",0.494265640447377
2008,5,"dummy","294","Richard Hamilton",0.491512207869943
2008,5,"dummy","1710","Dan Gadzuric",0.485869082517726
2008,5,"dummy","3224","Joakim Noah",0.481341331117486
2008,5,"dummy","272","Manu Ginobili",0.47783544486963
2008,5,"dummy","83","Bruce Bowen",0.472252329913721
2008,5,"dummy","656","Morris Peterson",0.468966761505746
2008,5,"dummy","1875","Richie Frahm",0.467426731324818
2008,5,"dummy","2991","Ronnie Brewer",0.464729780111415
2008,5,"dummy","2834","Chuck Hayes",0.460707259576868
2008,5,"dummy","3249","Jamario Moon",0.459951279013074
2008,5,"dummy","42","Brent Barry",0.455883712115965
2008,5,"dummy","831","Wally Szczerbiak",0.44499735000265
2008,5,"dummy","246","Derek Fisher",0.442091188139833
2008,5,"dummy","pair_1724_63",NA,0.439381258978133
2008,5,"dummy","741","Michael Ruffin",0.432390151555917
2008,5,"dummy","617","Lamar Odom",0.429404557652285
2008,5,"dummy","3006","Daniel Gibson",0.425404291480131
2008,5,"dummy","2779","Chris Paul",0.417497598516058
2008,5,"dummy","125","Marcus Camby",0.41644635407803
2008,5,"dummy","11","Rafer Alston",0.408858213402573
2008,5,"dummy","359","Lindsey Hunter",0.405574468807005
2008,5,"dummy","3015","Paul Millsap",0.403289594340837
2008,5,"dummy","1913",NA,0.401170332221958
2008,5,"dummy","3026","Rajon Rondo",0.399715258605091
2008,5,"dummy","2367","Tony Allen",0.395724763508238
2008,5,"dummy","2806","Jose Calderon",0.384818764375583
2008,5,"dummy","532","Tracy McGrady",0.383027465281975
2008,5,"dummy","1717","Jared Jeffries",0.382275357187799
2008,5,"dummy","841","Jason Terry",0.380930534540131
2008,5,"dummy","996","Pau Gasol",0.373663389181929
2008,5,"dummy","510","Shawn Marion",0.37084919508235
2008,5,"dummy","2",NA,0.369903116964087
2008,5,"dummy","348","Eddie House",0.365775096276108
2008,5,"dummy","pair_165_2772",NA,0.365309784571195
2008,5,"dummy","881","Antoine Walker",0.349244611722489
2008,5,"dummy","976","Shane Battier",0.348688392249877
2008,5,"dummy","3199","Jermareo Davidson",0.343944526048374
2008,5,"dummy","984","Tyson Chandler",0.340475463049447
2008,5,"dummy","1977","Chris Bosh",0.336504425417688
2008,5,"dummy","2177","David West",0.333008956763553
2008,5,"dummy","pair_1858_1966",NA,0.329315811014581
2008,5,"dummy","959","Lorenzen Wright",0.324318168411618
2008,5,"dummy","1966","LeBron James",0.318012215441437
2008,5,"dummy","2006","Josh Howard",0.317461193628462
2008,5,"dummy","pair_2177_2779",NA,0.315672039759992
2008,5,"dummy","9","Ray Allen",0.314200850817974
2008,5,"dummy","77","Calvin Booth",0.307552894158013
2008,5,"dummy","2427","Andris Biedrins",0.307340295771858
2008,5,"dummy","pair_1007_2411",NA,0.305194388149806
2008,5,"dummy","1725","Kareem Rush",0.302092323606897
2008,5,"dummy","2986","Renaldo Balkman",0.300373821807465
2008,5,"dummy","pair_1975_366",NA,0.292826048755775
2008,5,"dummy","1727","Amare Stoudemire",0.285703922687692
2008,5,"dummy","2009","James Jones",0.284679671781852
2008,5,"dummy","2782","Nate Robinson",0.283212988252418
2008,5,"dummy","385","Antawn Jamison",0.282351303920482
2008,5,"dummy","2200","Marquis Daniels",0.278417076453553
2008,5,"dummy","376","Bobby Jackson",0.276078912256761
2008,5,"dummy","866","Ime Udoka",0.270207176660983
2008,5,"dummy","2763","Luther Head",0.26699325323278
2008,5,"dummy","2433","Kris Humphries",0.262925275778136
2008,5,"dummy","3263","Thomas Gardner",0.262345144562237
2008,5,"dummy","2383","David Harrison",0.255866561708704
2008,5,"dummy","2411","Josh Smith",0.25199952014256
2008,5,"dummy","1031","Maurice Evans",0.251326338706411
2008,5,"dummy","2435","Viktor Khryapa",0.249063469651414
2008,5,"dummy","312","Jason Hart",0.247942358194675
2008,5,"dummy","3002","Jordan Farmar",0.247243854029194
2008,5,"dummy","1979","T.J. Ford",0.242667320981602
2008,5,"dummy","2004","Willie Green",0.236934312627456
2008,5,"dummy","25","Ron Artest",0.234795233087626
2008,5,"dummy","209","Keyon Dooling",0.233288016882656
2008,5,"dummy","pair_194_2751",NA,0.229552377989184
2008,5,"dummy","1707","Juan Dixon",0.21874748887112
2008,5,"dummy","2384","Dwight Howard",0.217558746345012
2008,5,"dummy","307","Othella Harrington",0.21544752711374
2008,5,"dummy","1024","Jamaal Tinsley",0.211844852900626
2008,5,"dummy","514","Darrick Martin",0.207771861327367
2008,5,"dummy","2772","David Lee",0.206384714557825
2008,5,"dummy","366","Allen Iverson",0.199948734183459
2008,5,"dummy","1995","Keith Bogans",0.19970789489574
2008,5,"dummy","635","Anthony Parker",0.196800718033302
2008,5,"dummy","2027","Luke Walton",0.196443136230137
2008,5,"dummy","3200","Glen Davis",0.18699477425199
2008,5,"dummy","2011","Kyle Korver",0.185308034732775
2008,5,"dummy","194","Baron Davis",0.179927962379562
2008,5,"dummy","362","Zydrunas Ilgauskas",0.179148623654659
2008,5,"dummy","1781","Luis Scola",0.172965083704353
2008,5,"dummy","817","Damon Stoudamire",0.172609211622734
2008,5,"dummy","242","Michael Finley",0.166290469507377
2008,5,"dummy","802","Jerry Stackhouse",0.157973674603236
2008,5,"dummy","2167","Boris Diaw",0.152955223616387
2008,5,"dummy","183","Antonio Daniels",0.152274755121421
2008,5,"dummy","2770","Linas Kleiza",0.148987468905709
2008,5,"dummy","518","Desmond Mason",0.147212996222269
2008,5,"dummy","1007","Joe Johnson",0.145895202436593
2008,5,"dummy","2010","Jason Kapono",0.145371199368657
2008,5,"dummy","1996","Matt Bonner",0.145122087923488
2008,5,"dummy","862","Hedo Turkoglu",0.138103797258793
2008,5,"dummy","pair_2384_469",NA,0.130617772460378
2008,5,"dummy","378","Stephen Jackson",0.12940564011058
2008,5,"dummy","pair_385_808",NA,0.128674628521353
2008,5,"dummy","3020","Oleksiy Pecherov",0.12798925700968
2008,5,"dummy","1994","Steve Blake",0.127872477370581
2008,5,"dummy","556","Brad Miller",0.124549468943312
2008,5,"dummy","1013","Troy Murphy",0.121522530572057
2008,5,"dummy","2987","Andrea Bargnani",0.118059582244596
2008,5,"dummy","308","Al Harrington",0.111119117617687
2008,5,"dummy","2448","Beno Udrih",0.107829397288536
2008,5,"dummy","429","Jason Kidd",0.0986699045052272
2008,5,"dummy","1777","Ronald Murray",0.0935862308812809
2008,5,"dummy","2444","J.R. Smith",0.0932354458883009
2008,5,"dummy","671","James Posey",0.0876661039091174
2008,5,"dummy","2439","Jameer Nelson",0.0860545952318607
2008,5,"dummy","598","Rasho Nesterovic",0.085843746697557
2008,5,"dummy","2863","Andre Owens",0.0793543257378414
2008,5,"dummy","2755","Francisco Garcia",0.0769753239128798
2008,5,"dummy","1975","Carmelo Anthony",0.0758034650756676
2008,5,"dummy","2777","Rashad McCants",0.0689096085423016
2008,5,"dummy","3012","Kyle Lowry",0.0669856114302391
2008,5,"dummy","2798","Deron Williams",0.0665311492423958
2008,5,"dummy","846","Kurt Thomas",0.0655633526955938
2008,5,"dummy","469","Rashard Lewis",0.0611638987003685
2008,5,"dummy","2751","Monta Ellis",0.0610214868863624
2008,5,"dummy","1722","Yao Ming",0.0570242545511623
2008,5,"dummy","61","Mike Bibby",0.0557893640489127
2008,5,"dummy","1015","Tony Parker",0.0555317321945768
2008,5,"dummy","3038","Shawne Williams",0.0527399076019876
2008,5,"dummy","3187","Arron Afflalo",0.0488822134303848
2008,5,"dummy","1708","Mike Dunleavy",0.0486946640595969
2008,5,"dummy","1703","Carlos Boozer",0.0453812209277941
2008,5,"dummy","3027","Brandon Roy",0.043231179638934
2008,5,"dummy","406","Damon Jones",0.0427209332446311
2008,5,"dummy","992","DeSagana Diop",0.0404303405967587
2008,5,"dummy","1000","Brendan Haywood",0.0393920525004562
2008,5,"dummy","207","Michael Doleac",0.0373226006767846
2008,5,"dummy","2173","Mickael Pietrus",0.0342299210464768
2008,5,"dummy","2756","Mickael Gelabale",0.0283879396695939
2008,5,"dummy","3242","Brandan Wright",0.0273524165846815
2008,5,"dummy","497","Corey Maggette",0.0172137695128104
2008,5,"dummy","3032","Tyrus Thomas",0.0145437870308074
2008,5,"dummy","2015","Travis Outlaw",0.0137304435978202
2008,5,"dummy","3207","Aaron Gray",0.00994772598289172
2008,5,"dummy","1985","Luke Ridnour",0.00580761784925327
2008,5,"dummy","pair_1726_2755",NA,0.00462544772340878
2008,5,"dummy","808","DeShawn Stevenson",0.00144835450405925
2008,5,"dummy","1002","Steven Hunter",-0.00266518398780267
2008,5,"dummy","pair_497_566",NA,-0.00504038533452036
2008,5,"dummy","1821","Jannero Pargo",-0.00568567939444124
2008,5,"dummy","137","Anthony Carter",-0.00843775208888219
2008,5,"dummy","2386","Andre Iguodala",-0.0105086748325009
2008,5,"dummy","2795","Martell Webster",-0.0121022317539512
2008,5,"dummy","2789","Ronny Turiaf",-0.0135171840965987
2008,5,"dummy","2996","Cheick Samb",-0.0147985509444188
2008,5,"dummy","1858","Devin Brown",-0.0236366624152787
2008,5,"dummy","1706","Dan Dickau",-0.0313738588741162
2008,5,"dummy","250","Jeff Foster",-0.0322604437783494
2008,5,"dummy","306","Matt Harpring",-0.033762691623018
2008,5,"dummy","3040","Shelden Williams",-0.0354478065644813
2008,5,"dummy","638","Ruben Patterson",-0.041199640899853
2008,5,"dummy","454","Raef LaFrentz",-0.0432412272678796
2008,5,"dummy","pair_1703_2798",NA,-0.0515490213027977
2008,5,"dummy","1999","Carlos Delfino",-0.0637022846028227
2008,5,"dummy","2421","Sasha Vujacic",-0.0642124747732351
2008,5,"dummy","566","Cuttino Mobley",-0.0642213305293444
2008,5,"dummy","267","Devean George",-0.064690126654505
2008,5,"dummy","2377","Chris Duhon",-0.0657826119589613
2008,5,"dummy","901","Bonzi Wells",-0.0668994863883055
2008,5,"dummy","557","Andre Miller",-0.0685350885562014
2008,5,"dummy","1711","Drew Gooden",-0.0727418440765932
2008,5,"dummy","3028","Thabo Sefolosha",-0.0753939690135225
2008,5,"dummy","3055","Jose Juan",-0.0756906009294919
2008,5,"dummy","2799","Louis Williams",-0.0767905156862022
2008,5,"dummy","2984","Hilton Armstrong",-0.0773872872958987
2008,5,"dummy","347","Robert Horry",-0.0781958702423133
2008,5,"dummy","3048","Yakhouba Diawara",-0.0807977287049452
2008,5,"dummy","pair_1018_2753",NA,-0.0823861840853546
2008,5,"dummy","2388","Luke Jackson",-0.082765716724764
2008,5,"dummy","3213","Al Horford",-0.0981660305661612
2008,5,"dummy","2995","Rodney Carney",-0.101997151678407
2008,5,"dummy","1828","Reggie Evans",-0.102333190231511
2008,5,"dummy","2761","Gerald Green",-0.106269556453797
2008,5,"dummy","1982","Chris Kaman",-0.112537731647317
2008,5,"dummy","2211","Matt Carroll",-0.113784289706389
2008,5,"dummy","2188","Quinton Ross",-0.115556966851485
2008,5,"dummy","181","Erick Dampier",-0.117235968116942
2008,5,"dummy","302","Anfernee Hardaway",-0.118406398461287
2008,5,"dummy","pair_2166_2167",NA,-0.121505312502639
2008,5,"dummy","2477","Earl Barron",-0.122671283721195
2008,5,"dummy","3192","Aaron Brooks",-0.130184679288958
2008,5,"dummy","991","Samuel Dalembert",-0.131377084369741
2008,5,"dummy","1765","Matt Barnes",-0.131391962211186
2008,5,"dummy","24","Darrell Armstrong",-0.134530895558
2008,5,"dummy","2429","Luol Deng",-0.143811693955397
2008,5,"dummy","2166","Leandro Barbosa",-0.148203387442457
2008,5,"dummy","2426","Trevor Ariza",-0.15266051119978
2008,5,"dummy","2778","C.J. Miles",-0.157284345160554
2008,5,"dummy","575","Mikki Moore",-0.159482189448585
2008,5,"dummy","1978","Nick Collison",-0.161732601948432
2008,5,"dummy","pair_2983_3027",NA,-0.164438977381158
2008,5,"dummy","615","Jermaine O'Neal",-0.169577010138778
2008,5,"dummy","2753","Raymond Felton",-0.175818808809444
2008,5,"dummy","614","Shaquille O'Neal",-0.177029053458337
2008,5,"dummy","3009","Alexander Johnson",-0.181646077938146
2008,5,"dummy","2983","LaMarcus Aldridge",-0.188043392375423
2008,5,"dummy","2797","Marvin Williams",-0.197725291939194
2008,5,"dummy","1767","Rasual Butler",-0.209188579643649
2008,5,"dummy","pair_2386_557",NA,-0.20981443698314
2008,5,"dummy","2394","Kevin Martin",-0.211212709307584
2008,5,"dummy","2757","Ryan Gomes",-0.211401284262371
2008,5,"dummy","264","Pat Garrity",-0.2133870898111
2008,5,"dummy","874","Jacque Vaughn",-0.217512535834496
2008,5,"dummy","682","Joel Przybilla",-0.220801367316246
2008,5,"dummy","1715","Casey Jacobsen",-0.222880311262042
2008,5,"dummy","558","Mike Miller",-0.228514742963149
2008,5,"dummy","pair_1708_2760",NA,-0.231575648361699
2008,5,"dummy","285","Adrian Griffin",-0.23393993397322
2008,5,"dummy","1018","Jason Richardson",-0.237259101720024
2008,5,"dummy","pair_3005_558",NA,-0.24543222824333
2008,5,"dummy","2760","Danny Granger",-0.255036349934903
2008,5,"dummy","234","Francisco Elson",-0.255255365847076
2008,5,"dummy","1721","Roger Mason",-0.257231240257666
2008,5,"dummy","2775","Jason Maxiell",-0.26268751908337
2008,5,"dummy","3232","Jason Smith",-0.263152628927838
2008,5,"dummy","136","Vince Carter",-0.264180187413684
2008,5,"dummy","pair_2381_2429",NA,-0.266270033603333
2008,5,"dummy","396","Anthony Johnson",-0.268335667870884
2008,5,"dummy","2008","Dahntay Jones",-0.269605785238096
2008,5,"dummy","2745","Brandon Bass",-0.270219422399779
2008,5,"dummy","356","Larry Hughes",-0.270918279485632
2008,5,"dummy","1731","Chris Wilcox",-0.273407615521035
2008,5,"dummy","2399","Emeka Okafor",-0.275054839903986
2008,5,"dummy","3031","Craig Smith",-0.277425814374462
2008,5,"dummy","687","Theo Ratliff",-0.280066605137859
2008,5,"dummy","254","Adonal Foyle",-0.282054044287356
2008,5,"dummy","1055","Carlos Arroyo",-0.284931492589557
2008,5,"dummy","2792","Charlie Villanueva",-0.288493131888103
2008,5,"dummy","387","Marko Jaric",-0.293107485816447
2008,5,"dummy","974","Gilbert Arenas",-0.294008081869619
2008,5,"dummy","2178","Mo Williams",-0.296283982694031
2008,5,"dummy","1981","Kirk Hinrich",-0.301446154418948
2008,5,"dummy","1006","Richard Jefferson",-0.302909083096918
2008,5,"dummy","165","Jamal Crawford",-0.304788404303636
2008,5,"dummy","2016","Zaza Pachulia",-0.305776312182495
2008,5,"dummy","847","Tim Thomas",-0.306220093575688
2008,5,"dummy","2801","Antoine Wright",-0.310303043091003
2008,5,"dummy","3229","Chris Richard",-0.311528941153641
2008,5,"dummy","2171","Darko Milicic",-0.317487693537012
2008,5,"dummy","2172","Sasha Pavlovic",-0.324179732194483
2008,5,"dummy","3235","Rodney Stuckey",-0.32629457184215
2008,5,"dummy","1026","Gerald Wallace",-0.326940870844661
2008,5,"dummy","2422","Delonte West",-0.329838816420986
2008,5,"dummy","2821","Kelenna Azubuike",-0.332659218053863
2008,5,"dummy","1034","Charlie Bell",-0.333885343122528
2008,5,"dummy","568","Nazr Mohammed",-0.341354309355032
2008,5,"dummy","3057","Darius Washington",-0.343387867792775
2008,5,"dummy","3003","Randy Foye",-0.344385778730321
2008,5,"dummy","1726","John Salmons",-0.348162817704604
2008,5,"dummy","3023","Leon Powe",-0.351295488895109
2008,5,"dummy","515","Kenyon Martin",-0.355436881617407
2008,5,"dummy","692","Michael Redd",-0.35981195746274
2008,5,"dummy","2768","Jarrett Jack",-0.364773126487238
2008,5,"dummy","885","Ben Wallace",-0.368529416898612
2008,5,"dummy","535","Jeff McInnis",-0.368630268933143
2008,5,"dummy","2746","Andray Blatche",-0.370354517203541
2008,5,"dummy","3011","Bobby Jones",-0.372128911687705
2008,5,"dummy","3201","Jared Dudley",-0.372195431807567
2008,5,"dummy","2456","Andres Nocioni",-0.372264372012159
2008,5,"dummy","2805","Fabricio Oberto",-0.373516340087497
2008,5,"dummy","1723","Bostjan Nachbar",-0.376822647703025
2008,5,"dummy","pair_1006_136",NA,-0.381180227386367
2008,5,"dummy","10","Malik Allen",-0.382441219481531
2008,5,"dummy","987","Jason Collins",-0.385031029958636
2008,5,"dummy","3237","Al Thornton",-0.386026926831665
2008,5,"dummy","1021","Brian Scalabrine",-0.388920659086882
2008,5,"dummy","1987","Dwyane Wade",-0.390344667744047
2008,5,"dummy","788","Joe Smith",-0.391706459966018
2008,5,"dummy","1784","Darius Songaila",-0.395524258425427
2008,5,"dummy","pair_2747_692",NA,-0.421862816487198
2008,5,"dummy","3234","D.J. Strawberry",-0.42628465181442
2008,5,"dummy","2990","Josh Boone",-0.431898719561967
2008,5,"dummy","2381","Ben Gordon",-0.440879103337696
2008,5,"dummy","1718","Fred Jones",-0.442846837102265
2008,5,"dummy","138","Sam Cassell",-0.445775472382703
2008,5,"dummy","2780","Johan Petro",-0.447431008983717
2008,5,"dummy","1778","Juan Carlos",-0.447580606152119
2008,5,"dummy","273","Gordan Giricek",-0.458844145812501
2008,5,"dummy","1022","Bobby Simmons",-0.4670795191422
2008,5,"dummy","pair_193_1987",NA,-0.471947172411536
2008,5,"dummy","3196","Daequan Cook",-0.472475922529348
2008,5,"dummy","2373","Josh Childress",-0.47500539473581
2008,5,"dummy","1998","Brian Cook",-0.481721722399126
2008,5,"dummy","3030","Cedric Simmons",-0.48392920400482
2008,5,"dummy","2749","Travis Diener",-0.487602184477588
2008,5,"dummy","3","Shareef Abdur-Rahim",-0.500748586176462
2008,5,"dummy","3205","Kyrylo Fesenko",-0.502621595397866
2008,5,"dummy","2786","Salim Stoudamire",-0.5050393767568
2008,5,"dummy","1",NA,-0.506662473809577
2008,5,"dummy","601","Ira Newble",-0.516028308665492
2008,5,"dummy","2417","Sebastian Telfair",-0.516559321176978
2008,5,"dummy","2747","Andrew Bogut",-0.517956880540086
2008,5,"dummy","779","Brian Skinner",-0.518280220271662
2008,5,"dummy","2387","Royal Ivey",-0.519429865762711
2008,5,"dummy","2423","Dorell Wright",-0.527675441248399
2008,5,"dummy","2389","Al Jefferson",-0.527705109397689
2008,5,"dummy","3046","Chris Quinn",-0.529848009908525
2008,5,"dummy","2512","Awvee Storey",-0.534376269504978
2008,5,"dummy","933","Jason Williams",-0.534464595976361
2008,5,"dummy","pair_2389_2757",NA,-0.54780719405242
2008,5,"dummy","440","Brevin Knight",-0.553654624858727
2008,5,"dummy","3191","Corey Brewer",-0.564126130178099
2008,5,"dummy","3209","Jeff Green",-0.579035247520337
2008,5,"dummy","3005","Rudy Gay",-0.583571072853985
2008,5,"dummy","981","Kwame Brown",-0.586046001936545
2008,5,"dummy","3021","Kosta Perovic",-0.594928952351262
2008,5,"dummy","3243","Nick Young",-0.611336881554206
2008,5,"dummy","829","Stromile Swift",-0.614106908550878
2008,5,"dummy","1027","Earl Watson",-0.62452048554277
2008,5,"dummy","1719","Nenad Krstic",-0.62530544355665
2008,5,"dummy","3000","Quincy Douby",-0.626855950889397
2008,5,"dummy","998","Trenton Hassell",-0.631531993918184
2008,5,"dummy","3239","Sean Williams",-0.633284655582431
2008,5,"dummy","193","Ricky Davis",-0.63485512648207
2008,5,"dummy","1713","Nene Hilario",-0.636194422349913
2008,5,"dummy","1017","Zach Randolph",-0.649052559119597
2008,5,"dummy","pair_1978_3202",NA,-0.657890030892522
2008,5,"dummy","2184","Udonis Haslem",-0.668879676681457
2008,5,"dummy","3214","Yi Jianlian",-0.672688667259576
2008,5,"dummy","3219","Acie Law",-0.672868692345712
2008,5,"dummy","3194","Wilson Chandler",-0.683012604839978
2008,5,"dummy","580","Alonzo Mourning",-0.688503260742365
2008,5,"dummy","130","Brian Cardinal",-0.702683571785064
2008,5,"dummy","3025","Sergio Rodriguez",-0.73848308718897
2008,5,"dummy","703","Quentin Richardson",-0.746824899450056
2008,5,"dummy","3202","Kevin Durant",-0.757870325666442
2008,5,"dummy","3290","Darryl Watkins",-0.77169375909952
2008,5,"dummy","18","Derek Anderson",-0.773845515007434
2008,5,"dummy","2450","DJ Mbenga",-0.784776190591476
2008,5,"dummy","3211","Spencer Hawes",-0.78957402106098
2008,5,"dummy","3039","Marcus Williams",-0.796281533945684
2008,5,"dummy","1051","Mike James",-0.80821129426273
2008,5,"dummy","849","Kenny Thomas",-0.816348632954133
2008,5,"dummy","498","Jamaal Magloire",-0.81663525974333
2008,5,"dummy","2794","Hakim Warrick",-0.836583187437772
2008,5,"dummy","3195","Mike Conley",-0.839819221875227
2008,5,"dummy","70","Mark Blount",-0.846897141815385
2008,5,"dummy","2506","Damien Wilkins",-0.849307346121109
2008,5,"dummy","512","Donyell Marshall",-0.853912264065251
2008,5,"dummy","351","Juwan Howard",-0.868703571774475
2008,5,"dummy","1823","Smush Parker",-0.906156799624023
2008,5,"dummy","26","Chucky Atkins",-0.938692245121262
2008,5,"dummy","879","Jake Voskuhl",-0.94396299090848
2008,5,"dummy","509","Stephon Marbury",-0.958709092373454
2008,5,"dummy","255","Steve Francis",-0.960233810809454
2008,5,"dummy","270","Eddie Gill",-0.995907491685185
2008,5,"dummy","990","Eddy Curry",-1.01661571287134
2008,5,"dummy","3241","Julian Wright",-1.03142837185252
2008,5,"dummy","3246","Dominic McGuire",-1.05121676320913
2008,5,"dummy","2992","Shannon Brown",-1.06190343973382
2008,5,"dummy","549","Chris Mihm",-1.07116389958714
2008,5,"dummy","796","Eric Snow",-1.08006569363694
2008,5,"dummy","2165","Marcus Banks",-1.08407492283863
2008,5,"dummy","3247","Joel Anthony",-1.11161452485154
2008,5,"dummy","2197","Josh Powell",-1.11837889010891
2008,5,"dummy","3049",NA,-1.16908455043103
2008,5,"dummy","111","Greg Buckner",-1.18191465234663
2008,5,"dummy","923","Aaron Williams",-1.18720781738174
2008,5,"dummy","3190","Marco Belinelli",-1.20420579282826
2008,5,"dummy","2750","Ike Diogu",-1.22901836887103
2008,5,"dummy","2416","Robert Swift",-1.29660568506634
2008,5,"dummy","3197","Javaris Crittenton",-1.41334663886024
2008,5,"dummy","897","Chris Webber",-1.43198172200919
2008,5,"dummy","94","Primoz Brezec",-1.45780018251632
2008,5,"dummy","2998","Paul Davis",-1.51670615958606
2008,5,"dummy","2982","Maurice Ager",-1.51826791313614
2008,5,"dummy","3058","Walter Herrmann",-1.53465700247946
2008,5,"dummy","2997","Mardy Collins",-1.63469132180621
2008,5,"dummy","44","Maceo Baston",-1.66277204433559
2008,5,"dummy","3160",NA,-1.83757365190826
2008,5,"dummy","87","Earl Boykins",-2.61299844170349
2008,10,"dummy","525","Jelani McCoy",3.87098413167057
2008,10,"dummy","3277","Cj Watson",2.29906343199861
2008,10,"dummy","496","Mark Madsen",2.13025053704066
2008,10,"dummy","4",NA,1.52972314218135
2008,10,"dummy","3217","Carl Landry",1.3222066256641
2008,10,"dummy","2419","Anderson Varejao",1.22100662827036
2008,10,"dummy","988","Jarron Collins",1.12432568335001
2008,10,"dummy","2382","Devin Harris",1.00009969711915
2008,10,"dummy","489","Tyronn Lue",0.995262208764144
2008,10,"dummy","883","Rasheed Wallace",0.980459861288854
2008,10,"dummy","3244","Thaddeus Young",0.969468809018648
2008,10,"dummy","1980","Jarvis Hayes",0.938042080553878
2008,10,"dummy","63","Chauncey Billups",0.917102067433334
2008,10,"dummy","662","Paul Pierce",0.900846168506321
2008,10,"dummy","813","Peja Stojakovic",0.88550083591285
2008,10,"dummy","49","Raja Bell",0.879767276949924
2008,10,"dummy","530","Antonio McDyess",0.867928215748784
2008,10,"dummy","1014","Mehmet Okur",0.839861388803768
2008,10,"dummy","pair_110_617",NA,0.838041940680685
2008,10,"dummy","110","Kobe Bryant",0.811611017158372
2008,10,"dummy","591","Eduardo Najera",0.807428669368145
2008,10,"dummy","1016","Vladimir Radmanovic",0.796383530958993
2008,10,"dummy","261","Kevin Garnett",0.782048673112084
2008,10,"dummy","592","Steve Nash",0.744542204230247
2008,10,"dummy","pair_1977_635",NA,0.74104452872765
2008,10,"dummy","215","Tim Duncan",0.722768623080085
2008,10,"dummy","pair_662_9",NA,0.71877751606132
2008,10,"dummy","2754","Channing Frye",0.70329176900322
2008,10,"dummy","pair_215_83",NA,0.699386904548317
2008,10,"dummy","3224","Joakim Noah",0.690186402305074
2008,10,"dummy","434","Andrei Kirilenko",0.683442213097486
2008,10,"dummy","1705","Caron Butler",0.673564713542342
2008,10,"dummy","831","Wally Szczerbiak",0.670911941768432
2008,10,"dummy","1875","Richie Frahm",0.66914420233876
2008,10,"dummy","402","Eddie Jones",0.653407764989889
2008,10,"dummy","pair_2006_609",NA,0.646371040610774
2008,10,"dummy","2748","Andrew Bynum",0.644422411051782
2008,10,"dummy","2018","Kendrick Perkins",0.637326355900377
2008,10,"dummy","272","Manu Ginobili",0.625725573086425
2008,10,"dummy","336","Grant Hill",0.622667309229237
2008,10,"dummy","609","Dirk Nowitzki",0.616234050835523
2008,10,"dummy","pair_11_976",NA,0.605997735939846
2008,10,"dummy","2991","Ronnie Brewer",0.604559965536603
2008,10,"dummy","3015","Paul Millsap",0.600721454385855
2008,10,"dummy","83","Bruce Bowen",0.58733073572784
2008,10,"dummy","1724","Tayshaun Prince",0.583725931839744
2008,10,"dummy","3006","Daniel Gibson",0.583014334396446
2008,10,"dummy","2834","Chuck Hayes",0.579411683881976
2008,10,"dummy","3249","Jamario Moon",0.570122329421434
2008,10,"dummy","294","Richard Hamilton",0.568123030564777
2008,10,"dummy","42","Brent Barry",0.567620075976348
2008,10,"dummy","1717","Jared Jeffries",0.563462242275041
2008,10,"dummy","656","Morris Peterson",0.558709708215837
2008,10,"dummy","881","Antoine Walker",0.556098269492154
2008,10,"dummy","125","Marcus Camby",0.552626236866942
2008,10,"dummy","996","Pau Gasol",0.537480787059763
2008,10,"dummy","pair_165_2772",NA,0.536713464852647
2008,10,"dummy","2779","Chris Paul",0.508671593884549
2008,10,"dummy","2367","Tony Allen",0.50687856629414
2008,10,"dummy","11","Rafer Alston",0.502775749218042
2008,10,"dummy","246","Derek Fisher",0.501766069201849
2008,10,"dummy","532","Tracy McGrady",0.476101598681202
2008,10,"dummy","2806","Jose Calderon",0.473754149707532
2008,10,"dummy","841","Jason Terry",0.471736747985707
2008,10,"dummy","617","Lamar Odom",0.470158812559478
2008,10,"dummy","348","Eddie House",0.466878006934798
2008,10,"dummy","pair_1724_63",NA,0.460485022321319
2008,10,"dummy","510","Shawn Marion",0.458972677125778
2008,10,"dummy","3026","Rajon Rondo",0.444040735865941
2008,10,"dummy","1966","LeBron James",0.432520638317921
2008,10,"dummy","1913",NA,0.430029156383739
2008,10,"dummy","pair_1007_2411",NA,0.430027026794565
2008,10,"dummy","2782","Nate Robinson",0.429708442516204
2008,10,"dummy","pair_1858_1966",NA,0.427556927383246
2008,10,"dummy","2986","Renaldo Balkman",0.427289347774503
2008,10,"dummy","976","Shane Battier",0.423384920510251
2008,10,"dummy","376","Bobby Jackson",0.405649091687435
2008,10,"dummy","2427","Andris Biedrins",0.40087512298919
2008,10,"dummy","984","Tyson Chandler",0.394134939314747
2008,10,"dummy","1725","Kareem Rush",0.392673386106587
2008,10,"dummy","1977","Chris Bosh",0.391942156536745
2008,10,"dummy","385","Antawn Jamison",0.380076348239555
2008,10,"dummy","2177","David West",0.378095568744161
2008,10,"dummy","pair_1975_366",NA,0.375730636843283
2008,10,"dummy","2200","Marquis Daniels",0.372018976513279
2008,10,"dummy","2763","Luther Head",0.371236066884078
2008,10,"dummy","2433","Kris Humphries",0.357852518969669
2008,10,"dummy","2006","Josh Howard",0.355346003403165
2008,10,"dummy","2009","James Jones",0.348672243393164
2008,10,"dummy","2411","Josh Smith",0.346065982175139
2008,10,"dummy","pair_2177_2779",NA,0.335530590553532
2008,10,"dummy","9","Ray Allen",0.325534415224921
2008,10,"dummy","2004","Willie Green",0.325509961888311
2008,10,"dummy","2772","David Lee",0.317605686368498
2008,10,"dummy","1031","Maurice Evans",0.31754352679962
2008,10,"dummy","866","Ime Udoka",0.31550533637589
2008,10,"dummy","25","Ron Artest",0.314919085386528
2008,10,"dummy","518","Desmond Mason",0.314059178596574
2008,10,"dummy","1024","Jamaal Tinsley",0.299411524587756
2008,10,"dummy","pair_194_2751",NA,0.299229025423219
2008,10,"dummy","1727","Amare Stoudemire",0.293465816577941
2008,10,"dummy","817","Damon Stoudamire",0.281683358492098
2008,10,"dummy","2384","Dwight Howard",0.279135092648673
2008,10,"dummy","209","Keyon Dooling",0.279087752611403
2008,10,"dummy","1979","T.J. Ford",0.257882578070839
2008,10,"dummy","366","Allen Iverson",0.243941882907941
2008,10,"dummy","3002","Jordan Farmar",0.241641899602346
2008,10,"dummy","194","Baron Davis",0.234999300653759
2008,10,"dummy","362","Zydrunas Ilgauskas",0.234968928092992
2008,10,"dummy","1995","Keith Bogans",0.231068190599185
2008,10,"dummy","2011","Kyle Korver",0.230456254020102
2008,10,"dummy","1781","Luis Scola",0.223369213304476
2008,10,"dummy","1007","Joe Johnson",0.211991759871858
2008,10,"dummy","2010","Jason Kapono",0.20155941943705
2008,10,"dummy","846","Kurt Thomas",0.196017089391414
2008,10,"dummy","429","Jason Kidd",0.193213159845611
2008,10,"dummy","635","Anthony Parker",0.190778184221754
2008,10,"dummy","1013","Troy Murphy",0.186152110411903
2008,10,"dummy","2027","Luke Walton",0.181880024292244
2008,10,"dummy","556","Brad Miller",0.181146921619804
2008,10,"dummy","1994","Steve Blake",0.180263308674601
2008,10,"dummy","242","Michael Finley",0.177407921596415
2008,10,"dummy","2770","Linas Kleiza",0.17306031665202
2008,10,"dummy","183","Antonio Daniels",0.172845306072014
2008,10,"dummy","2167","Boris Diaw",0.172358767258002
2008,10,"dummy","378","Stephen Jackson",0.16813319907361
2008,10,"dummy","862","Hedo Turkoglu",0.163828576567234
2008,10,"dummy","2777","Rashad McCants",0.162885323427746
2008,10,"dummy","802","Jerry Stackhouse",0.161259371172784
2008,10,"dummy","1996","Matt Bonner",0.155334398215745
2008,10,"dummy","3012","Kyle Lowry",0.152102971816519
2008,10,"dummy","1777","Ronald Murray",0.151796113221317
2008,10,"dummy","pair_2384_469",NA,0.15161198413631
2008,10,"dummy","2448","Beno Udrih",0.144668288436918
2008,10,"dummy","pair_385_808",NA,0.140528033829275
2008,10,"dummy","308","Al Harrington",0.128788949961106
2008,10,"dummy","2987","Andrea Bargnani",0.112884559941609
2008,10,"dummy","207","Michael Doleac",0.110466176010811
2008,10,"dummy","598","Rasho Nesterovic",0.0942881815888473
2008,10,"dummy","2439","Jameer Nelson",0.0844715272496888
2008,10,"dummy","3027","Brandon Roy",0.0835158740856903
2008,10,"dummy","1708","Mike Dunleavy",0.0774092208116629
2008,10,"dummy","3038","Shawne Williams",0.0751882121863485
2008,10,"dummy","1985","Luke Ridnour",0.0736072465542541
2008,10,"dummy","671","James Posey",0.0735042629950146
2008,10,"dummy","1975","Carmelo Anthony",0.0716151138547517
2008,10,"dummy","61","Mike Bibby",0.0713087772128491
2008,10,"dummy","3032","Tyrus Thomas",0.0690577678920788
2008,10,"dummy","2444","J.R. Smith",0.0676275379114989
2008,10,"dummy","2751","Monta Ellis",0.0673444373713434
2008,10,"dummy","2755","Francisco Garcia",0.0669516423340146
2008,10,"dummy","497","Corey Maggette",0.0608364230910803
2008,10,"dummy","2173","Mickael Pietrus",0.0586433594163496
2008,10,"dummy","406","Damon Jones",0.0573267315867319
2008,10,"dummy","2863","Andre Owens",0.0573028983491989
2008,10,"dummy","469","Rashard Lewis",0.0497528436847917
2008,10,"dummy","1703","Carlos Boozer",0.0400843227769938
2008,10,"dummy","1000","Brendan Haywood",0.0271585248526321
2008,10,"dummy","2798","Deron Williams",0.0191961757912773
2008,10,"dummy","pair_497_566",NA,0.0187774325054254
2008,10,"dummy","1722","Yao Ming",0.0156388031257267
2008,10,"dummy","1821","Jannero Pargo",0.01261638243026
2008,10,"dummy","1015","Tony Parker",0.00968516588558665
2008,10,"dummy","5",NA,0
2008,10,"dummy","2",NA,-0.00256145893416496
2008,10,"dummy","pair_1726_2755",NA,-0.0054654371621005
2008,10,"dummy","2386","Andre Iguodala",-0.00752733552070848
2008,10,"dummy","2795","Martell Webster",-0.00761266813848778
2008,10,"dummy","306","Matt Harpring",-0.00887483156145727
2008,10,"dummy","2015","Travis Outlaw",-0.0129477267965258
2008,10,"dummy","992","DeSagana Diop",-0.0164982513662331
2008,10,"dummy","2377","Chris Duhon",-0.0315323734632816
2008,10,"dummy","2388","Luke Jackson",-0.0315437137230368
2008,10,"dummy","1858","Devin Brown",-0.0320847884234492
2008,10,"dummy","808","DeShawn Stevenson",-0.0323277183710183
2008,10,"dummy","250","Jeff Foster",-0.0357972526624128
2008,10,"dummy","137","Anthony Carter",-0.0551605912366361
2008,10,"dummy","302","Anfernee Hardaway",-0.0600696211835277
2008,10,"dummy","pair_1018_2753",NA,-0.0617216832299245
2008,10,"dummy","566","Cuttino Mobley",-0.0639408702636776
2008,10,"dummy","2799","Louis Williams",-0.0789463611449253
2008,10,"dummy","638","Ruben Patterson",-0.0808665933794177
2008,10,"dummy","3028","Thabo Sefolosha",-0.0818830217660343
2008,10,"dummy","1706","Dan Dickau",-0.081897775304758
2008,10,"dummy","1711","Drew Gooden",-0.0843133980249506
2008,10,"dummy","2477","Earl Barron",-0.0893305201964169
2008,10,"dummy","2789","Ronny Turiaf",-0.091153660146221
2008,10,"dummy","557","Andre Miller",-0.093862591958583
2008,10,"dummy","267","Devean George",-0.0982037729924998
2008,10,"dummy","2995","Rodney Carney",-0.0989998554096689
2008,10,"dummy","901","Bonzi Wells",-0.102924935307392
2008,10,"dummy","1999","Carlos Delfino",-0.107574390998932
2008,10,"dummy","1828","Reggie Evans",-0.111211937373353
2008,10,"dummy","1982","Chris Kaman",-0.112439281849944
2008,10,"dummy","1978","Nick Collison",-0.115203340109281
2008,10,"dummy","2429","Luol Deng",-0.122131571741904
2008,10,"dummy","2188","Quinton Ross",-0.123226415529088
2008,10,"dummy","1002","Steven Hunter",-0.126318862787996
2008,10,"dummy","2211","Matt Carroll",-0.129843002799663
2008,10,"dummy","pair_1703_2798",NA,-0.135293028594913
2008,10,"dummy","614","Shaquille O'Neal",-0.139905784165155
2008,10,"dummy","3213","Al Horford",-0.140450712138229
2008,10,"dummy","347","Robert Horry",-0.164301096078203
2008,10,"dummy","2421","Sasha Vujacic",-0.16664872166411
2008,10,"dummy","3009","Alexander Johnson",-0.173610622695045
2008,10,"dummy","2757","Ryan Gomes",-0.180445045586485
2008,10,"dummy","pair_2166_2167",NA,-0.181933338931267
2008,10,"dummy","991","Samuel Dalembert",-0.194214790334935
2008,10,"dummy","1765","Matt Barnes",-0.196900896810995
2008,10,"dummy","pair_2983_3027",NA,-0.205163883367654
2008,10,"dummy","2753","Raymond Felton",-0.206915866064993
2008,10,"dummy","181","Erick Dampier",-0.21825006456977
2008,10,"dummy","615","Jermaine O'Neal",-0.228415416949553
2008,10,"dummy","575","Mikki Moore",-0.232927885887977
2008,10,"dummy","558","Mike Miller",-0.238420866995226
2008,10,"dummy","2166","Leandro Barbosa",-0.242763747160925
2008,10,"dummy","2983","LaMarcus Aldridge",-0.249826602136672
2008,10,"dummy","687","Theo Ratliff",-0.251617525566413
2008,10,"dummy","pair_3005_558",NA,-0.254874690649787
2008,10,"dummy","1767","Rasual Butler",-0.257967998075371
2008,10,"dummy","2797","Marvin Williams",-0.269517635591991
2008,10,"dummy","pair_2381_2429",NA,-0.2775842213559
2008,10,"dummy","1731","Chris Wilcox",-0.282722232859733
2008,10,"dummy","682","Joel Przybilla",-0.294200016120994
2008,10,"dummy","136","Vince Carter",-0.295516998419297
2008,10,"dummy","pair_2386_557",NA,-0.296589958429431
2008,10,"dummy","pair_1708_2760",NA,-0.29971763507524
2008,10,"dummy","1018","Jason Richardson",-0.304686891452581
2008,10,"dummy","2394","Kevin Martin",-0.304837906094939
2008,10,"dummy","3031","Craig Smith",-0.306876451539302
2008,10,"dummy","2178","Mo Williams",-0.311285451689298
2008,10,"dummy","1",NA,-0.327852178666856
2008,10,"dummy","2792","Charlie Villanueva",-0.331036917033457
2008,10,"dummy","165","Jamal Crawford",-0.333212399224091
2008,10,"dummy","387","Marko Jaric",-0.333551685821774
2008,10,"dummy","2426","Trevor Ariza",-0.338594794024985
2008,10,"dummy","874","Jacque Vaughn",-0.339895524843416
2008,10,"dummy","2760","Danny Granger",-0.350362967399914
2008,10,"dummy","3232","Jason Smith",-0.352375347853051
2008,10,"dummy","2399","Emeka Okafor",-0.355856874275011
2008,10,"dummy","1006","Richard Jefferson",-0.357772866804239
2008,10,"dummy","2801","Antoine Wright",-0.361449855202987
2008,10,"dummy","3003","Randy Foye",-0.361693892913468
2008,10,"dummy","1981","Kirk Hinrich",-0.364279836370202
2008,10,"dummy","396","Anthony Johnson",-0.367601132673752
2008,10,"dummy","1721","Roger Mason",-0.367621899273148
2008,10,"dummy","1034","Charlie Bell",-0.37230089760825
2008,10,"dummy","234","Francisco Elson",-0.372434070356505
2008,10,"dummy","356","Larry Hughes",-0.372887658315748
2008,10,"dummy","2171","Darko Milicic",-0.37459818442229
2008,10,"dummy","974","Gilbert Arenas",-0.391049958857841
2008,10,"dummy","2775","Jason Maxiell",-0.393361524987758
2008,10,"dummy","692","Michael Redd",-0.397861252248738
2008,10,"dummy","847","Tim Thomas",-0.398282089377843
2008,10,"dummy","1026","Gerald Wallace",-0.411853167124703
2008,10,"dummy","1987","Dwyane Wade",-0.415996787127069
2008,10,"dummy","2016","Zaza Pachulia",-0.416880498138227
2008,10,"dummy","2172","Sasha Pavlovic",-0.417736561691145
2008,10,"dummy","2745","Brandon Bass",-0.419968583531914
2008,10,"dummy","1055","Carlos Arroyo",-0.424350475426445
2008,10,"dummy","2422","Delonte West",-0.430325032525509
2008,10,"dummy","3235","Rodney Stuckey",-0.445641351867948
2008,10,"dummy","568","Nazr Mohammed",-0.457832468146053
2008,10,"dummy","pair_1006_136",NA,-0.460985134137633
2008,10,"dummy","2456","Andres Nocioni",-0.46118339059735
2008,10,"dummy","535","Jeff McInnis",-0.464442724592553
2008,10,"dummy","1723","Bostjan Nachbar",-0.46968284174142
2008,10,"dummy","885","Ben Wallace",-0.472230678720415
2008,10,"dummy","2821","Kelenna Azubuike",-0.478904952943465
2008,10,"dummy","pair_2747_692",NA,-0.480671196361735
2008,10,"dummy","788","Joe Smith",-0.493164150681713
2008,10,"dummy","3237","Al Thornton",-0.495721726413483
2008,10,"dummy","987","Jason Collins",-0.49754107252948
2008,10,"dummy","10","Malik Allen",-0.498408597261593
2008,10,"dummy","2746","Andray Blatche",-0.509667383782024
2008,10,"dummy","3201","Jared Dudley",-0.511994149269957
2008,10,"dummy","1726","John Salmons",-0.518140272541148
2008,10,"dummy","515","Kenyon Martin",-0.519845986581248
2008,10,"dummy","pair_193_1987",NA,-0.524988300673814
2008,10,"dummy","3023","Leon Powe",-0.527199730006974
2008,10,"dummy","2768","Jarrett Jack",-0.528225644588272
2008,10,"dummy","2990","Josh Boone",-0.530081223482848
2008,10,"dummy","1784","Darius Songaila",-0.534910326506339
2008,10,"dummy","1718","Fred Jones",-0.538788127093063
2008,10,"dummy","2381","Ben Gordon",-0.5392776770419
2008,10,"dummy","2780","Johan Petro",-0.539350405753596
2008,10,"dummy","1778","Juan Carlos",-0.543989177489041
2008,10,"dummy","3196","Daequan Cook",-0.550518864943699
2008,10,"dummy","2805","Fabricio Oberto",-0.550700383209224
2008,10,"dummy","1022","Bobby Simmons",-0.551985660442937
2008,10,"dummy","138","Sam Cassell",-0.587005480598844
2008,10,"dummy","2423","Dorell Wright",-0.605715892043962
2008,10,"dummy","933","Jason Williams",-0.611202500383308
2008,10,"dummy","2387","Royal Ivey",-0.618227359132608
2008,10,"dummy","2417","Sebastian Telfair",-0.618563283748987
2008,10,"dummy","3046","Chris Quinn",-0.621213019635267
2008,10,"dummy","2747","Andrew Bogut",-0.629511857643288
2008,10,"dummy","2389","Al Jefferson",-0.637111803855826
2008,10,"dummy","601","Ira Newble",-0.641762822074606
2008,10,"dummy","2373","Josh Childress",-0.648081202735863
2008,10,"dummy","pair_2389_2757",NA,-0.652925904778506
2008,10,"dummy","2749","Travis Diener",-0.670226633530234
2008,10,"dummy","3191","Corey Brewer",-0.684728817541408
2008,10,"dummy","3209","Jeff Green",-0.719068817612276
2008,10,"dummy","779","Brian Skinner",-0.732342187289036
2008,10,"dummy","3005","Rudy Gay",-0.742051340527704
2008,10,"dummy","440","Brevin Knight",-0.742372383509717
2008,10,"dummy","193","Ricky Davis",-0.760705112546082
2008,10,"dummy","1027","Earl Watson",-0.761774251079709
2008,10,"dummy","1719","Nenad Krstic",-0.776103225598155
2008,10,"dummy","829","Stromile Swift",-0.7817415889327
2008,10,"dummy","pair_1978_3202",NA,-0.783891502004061
2008,10,"dummy","1017","Zach Randolph",-0.802288277929972
2008,10,"dummy","2184","Udonis Haslem",-0.805096827201281
2008,10,"dummy","3243","Nick Young",-0.815138702872634
2008,10,"dummy","580","Alonzo Mourning",-0.820826293703734
2008,10,"dummy","3239","Sean Williams",-0.828208647492975
2008,10,"dummy","3214","Yi Jianlian",-0.831583893442505
2008,10,"dummy","3219","Acie Law",-0.847939522454631
2008,10,"dummy","998","Trenton Hassell",-0.874635364680923
2008,10,"dummy","981","Kwame Brown",-0.8851240012501
2008,10,"dummy","1713","Nene Hilario",-0.893722912238256
2008,10,"dummy","703","Quentin Richardson",-0.909250567580818
2008,10,"dummy","3202","Kevin Durant",-0.939610711267953
2008,10,"dummy","3039","Marcus Williams",-0.991374872888665
2008,10,"dummy","70","Mark Blount",-1.04722998520825
2008,10,"dummy","1051","Mike James",-1.06134484204699
2008,10,"dummy","3195","Mike Conley",-1.07050082566011
2008,10,"dummy","2506","Damien Wilkins",-1.0812852477159
2008,10,"dummy","2794","Hakim Warrick",-1.09208085403825
2008,10,"dummy","1823","Smush Parker",-1.09490532604962
2008,10,"dummy","255","Steve Francis",-1.18185209824029
2008,10,"dummy","509","Stephon Marbury",-1.19276786140611
2008,10,"dummy","26","Chucky Atkins",-1.22431654342652
2008,10,"dummy","990","Eddy Curry",-1.29626252571455
2008,10,"dummy","2992","Shannon Brown",-1.33317622587556
2008,10,"dummy","796","Eric Snow",-1.35723178073919
2008,10,"dummy","2165","Marcus Banks",-1.39560012474688
2008,10,"dummy","2197","Josh Powell",-1.44119825597715
2008,10,"dummy","549","Chris Mihm",-1.49106928983272
2008,10,"dummy","111","Greg Buckner",-1.56958294015093
2008,10,"dummy","2416","Robert Swift",-1.60559916306386
2008,10,"dummy","3","Shareef Abdur-Rahim",-1.72225340486101
2008,10,"dummy","897","Chris Webber",-1.89484596132958
2008,10,"dummy","2997","Mardy Collins",-2.13357363166509
2008,15,"dummy","2419","Anderson Varejao",1.40062408570265
2008,15,"dummy","883","Rasheed Wallace",1.10834491265746
2008,15,"dummy","2382","Devin Harris",1.10822090813973
2008,15,"dummy","3244","Thaddeus Young",1.09032945951852
2008,15,"dummy","662","Paul Pierce",1.05074957405555
2008,15,"dummy","63","Chauncey Billups",1.04054161838521
2008,15,"dummy","813","Peja Stojakovic",1.00502084731967
2008,15,"dummy","530","Antonio McDyess",0.970907286725757
2008,15,"dummy","49","Raja Bell",0.966794471966336
2008,15,"dummy","1014","Mehmet Okur",0.929516222099815
2008,15,"dummy","pair_110_617",NA,0.9269666998379
2008,15,"dummy","591","Eduardo Najera",0.923843132417066
2008,15,"dummy","110","Kobe Bryant",0.909628249547418
2008,15,"dummy","261","Kevin Garnett",0.896778368899009
2008,15,"dummy","1016","Vladimir Radmanovic",0.874111726473735
2008,15,"dummy","215","Tim Duncan",0.840189456738067
2008,15,"dummy","pair_1977_635",NA,0.833272086552578
2008,15,"dummy","592","Steve Nash",0.831254635828905
2008,15,"dummy","2754","Channing Frye",0.804628184828761
2008,15,"dummy","434","Andrei Kirilenko",0.793779246170972
2008,15,"dummy","831","Wally Szczerbiak",0.776670186221429
2008,15,"dummy","pair_215_83",NA,0.773976171533723
2008,15,"dummy","pair_662_9",NA,0.770794190567635
2008,15,"dummy","1705","Caron Butler",0.7383402628634
2008,15,"dummy","3015","Paul Millsap",0.733693977477534
2008,15,"dummy","272","Manu Ginobili",0.733266695036097
2008,15,"dummy","402","Eddie Jones",0.719067536528945
2008,15,"dummy","2991","Ronnie Brewer",0.715794013837726
2008,15,"dummy","2018","Kendrick Perkins",0.706218148052409
2008,15,"dummy","pair_2006_609",NA,0.685007009001853
2008,15,"dummy","pair_11_976",NA,0.679476299773004
2008,15,"dummy","336","Grant Hill",0.670365106112744
2008,15,"dummy","83","Bruce Bowen",0.66961620145005
2008,15,"dummy","2748","Andrew Bynum",0.662161895634229
2008,15,"dummy","pair_165_2772",NA,0.65863898215287
2008,15,"dummy","609","Dirk Nowitzki",0.653051006600942
2008,15,"dummy","125","Marcus Camby",0.648488691174164
2008,15,"dummy","294","Richard Hamilton",0.646289080708412
2008,15,"dummy","3249","Jamario Moon",0.645445662133681
2008,15,"dummy","2834","Chuck Hayes",0.641301016914874
2008,15,"dummy","3006","Daniel Gibson",0.63993073612124
2008,15,"dummy","996","Pau Gasol",0.615384083645276
2008,15,"dummy","2782","Nate Robinson",0.601732930564431
2008,15,"dummy","1724","Tayshaun Prince",0.599588974231179
2008,15,"dummy","656","Morris Peterson",0.588905353418579
2008,15,"dummy","11","Rafer Alston",0.573557803735864
2008,15,"dummy","2806","Jose Calderon",0.567256988537936
2008,15,"dummy","532","Tracy McGrady",0.564738175678944
2008,15,"dummy","2779","Chris Paul",0.554878595399906
2008,15,"dummy","881","Antoine Walker",0.550633796565185
2008,15,"dummy","246","Derek Fisher",0.528720816381421
2008,15,"dummy","841","Jason Terry",0.520302923346376
2008,15,"dummy","pair_1007_2411",NA,0.504235428418067
2008,15,"dummy","617","Lamar Odom",0.491969507581005
2008,15,"dummy","2427","Andris Biedrins",0.475588794006692
2008,15,"dummy","976","Shane Battier",0.47089225957289
2008,15,"dummy","1966","LeBron James",0.466389885148439
2008,15,"dummy","510","Shawn Marion",0.466031007579982
2008,15,"dummy","1725","Kareem Rush",0.462136906121702
2008,15,"dummy","2200","Marquis Daniels",0.453440465235647
2008,15,"dummy","1977","Chris Bosh",0.45156518967995
2008,15,"dummy","pair_1858_1966",NA,0.443930809691256
2008,15,"dummy","984","Tyson Chandler",0.431748242292591
2008,15,"dummy","pair_1724_63",NA,0.427348317183555
2008,15,"dummy","pair_1975_366",NA,0.427257426275204
2008,15,"dummy","3026","Rajon Rondo",0.422110392854288
2008,15,"dummy","2411","Josh Smith",0.41419098198029
2008,15,"dummy","385","Antawn Jamison",0.406872936686279
2008,15,"dummy","518","Desmond Mason",0.406762353715592
2008,15,"dummy","2763","Luther Head",0.404350870098089
2008,15,"dummy","2177","David West",0.39978387479532
2008,15,"dummy","2772","David Lee",0.395798854785458
2008,15,"dummy","2004","Willie Green",0.387443516417805
2008,15,"dummy","1031","Maurice Evans",0.387029510720691
2008,15,"dummy","2009","James Jones",0.37601968850445
2008,15,"dummy","1979","T.J. Ford",0.375404545760033
2008,15,"dummy","25","Ron Artest",0.373407886056135
2008,15,"dummy","9","Ray Allen",0.362109401536761
2008,15,"dummy","1024","Jamaal Tinsley",0.360002426033836
2008,15,"dummy","2006","Josh Howard",0.356383494776081
2008,15,"dummy","pair_2177_2779",NA,0.342281020734278
2008,15,"dummy","2384","Dwight Howard",0.332825500609296
2008,15,"dummy","pair_194_2751",NA,0.33070346633374
2008,15,"dummy","817","Damon Stoudamire",0.325228649355981
2008,15,"dummy","846","Kurt Thomas",0.290706407367191
2008,15,"dummy","194","Baron Davis",0.286569797309518
2008,15,"dummy","2011","Kyle Korver",0.286391070788887
2008,15,"dummy","366","Allen Iverson",0.282125010107035
2008,15,"dummy","1727","Amare Stoudemire",0.280688045197807
2008,15,"dummy","429","Jason Kidd",0.276959489154302
2008,15,"dummy","2777","Rashad McCants",0.267315570617584
2008,15,"dummy","1995","Keith Bogans",0.266745134842001
2008,15,"dummy","1007","Joe Johnson",0.255032958119725
2008,15,"dummy","3002","Jordan Farmar",0.251440561401173
2008,15,"dummy","1013","Troy Murphy",0.245198718221865
2008,15,"dummy","362","Zydrunas Ilgauskas",0.232355248007437
2008,15,"dummy","556","Brad Miller",0.227407390946393
2008,15,"dummy","2770","Linas Kleiza",0.221207343037464
2008,15,"dummy","1994","Steve Blake",0.213196912748611
2008,15,"dummy","1781","Luis Scola",0.210280535163562
2008,15,"dummy","242","Michael Finley",0.202785651867407
2008,15,"dummy","635","Anthony Parker",0.199892980902022
2008,15,"dummy","378","Stephen Jackson",0.196877911568295
2008,15,"dummy","671","James Posey",0.19545101286334
2008,15,"dummy","862","Hedo Turkoglu",0.19533251715553
2008,15,"dummy","3012","Kyle Lowry",0.191727984829402
2008,15,"dummy","183","Antonio Daniels",0.176227996253691
2008,15,"dummy","2027","Luke Walton",0.176120714075529
2008,15,"dummy","pair_2384_469",NA,0.175777243619321
2008,15,"dummy","2448","Beno Udrih",0.174907577554203
2008,15,"dummy","802","Jerry Stackhouse",0.162064124353626
2008,15,"dummy","pair_385_808",NA,0.159001096608671
2008,15,"dummy","308","Al Harrington",0.148833998832613
2008,15,"dummy","2987","Andrea Bargnani",0.141543166500563
2008,15,"dummy","3032","Tyrus Thomas",0.133029096821032
2008,15,"dummy","1708","Mike Dunleavy",0.119827481335692
2008,15,"dummy","2173","Mickael Pietrus",0.117570859980224
2008,15,"dummy","2167","Boris Diaw",0.108571540728646
2008,15,"dummy","3027","Brandon Roy",0.099901913071335
2008,15,"dummy","497","Corey Maggette",0.0924505683850981
2008,15,"dummy","1985","Luke Ridnour",0.0855936056666143
2008,15,"dummy","2439","Jameer Nelson",0.07420871352171
2008,15,"dummy","2755","Francisco Garcia",0.0728630914522691
2008,15,"dummy","1975","Carmelo Anthony",0.0704333433248368
2008,15,"dummy","2751","Monta Ellis",0.0702791876136114
2008,15,"dummy","61","Mike Bibby",0.0689169884053421
2008,15,"dummy","469","Rashard Lewis",0.0603776202082536
2008,15,"dummy","1703","Carlos Boozer",0.0356619106033612
2008,15,"dummy","2377","Chris Duhon",0.032041863333189
2008,15,"dummy","2798","Deron Williams",0.0226407261373293
2008,15,"dummy","3028","Thabo Sefolosha",0.0181857802468582
2008,15,"dummy","1000","Brendan Haywood",0.0134700396925202
2008,15,"dummy","pair_497_566",NA,0.0118869124976485
2008,15,"dummy","1015","Tony Parker",0.00779087111944113
2008,15,"dummy","pair_1726_2755",NA,0.00710345270915241
2008,15,"dummy","2386","Andre Iguodala",-0.0062759829122663
2008,15,"dummy","2795","Martell Webster",-0.00913052692400795
2008,15,"dummy","2015","Travis Outlaw",-0.023695442919778
2008,15,"dummy","250","Jeff Foster",-0.0268872700005201
2008,15,"dummy","302","Anfernee Hardaway",-0.0285694514150826
2008,15,"dummy","pair_1018_2753",NA,-0.0313675832154157
2008,15,"dummy","137","Anthony Carter",-0.0386015315956773
2008,15,"dummy","1722","Yao Ming",-0.0448110647540241
2008,15,"dummy","2",NA,-0.0478968240153262
2008,15,"dummy","1999","Carlos Delfino",-0.0498933236146638
2008,15,"dummy","638","Ruben Patterson",-0.0535043614400064
2008,15,"dummy","808","DeShawn Stevenson",-0.0652757625864953
2008,15,"dummy","1982","Chris Kaman",-0.0798530091802137
2008,15,"dummy","992","DeSagana Diop",-0.0883313890308614
2008,15,"dummy","2429","Luol Deng",-0.089062051201516
2008,15,"dummy","566","Cuttino Mobley",-0.0896191467379282
2008,15,"dummy","1978","Nick Collison",-0.0923554169394398
2008,15,"dummy","557","Andre Miller",-0.100415172586237
2008,15,"dummy","1828","Reggie Evans",-0.102746502404913
2008,15,"dummy","2789","Ronny Turiaf",-0.108383598645179
2008,15,"dummy","614","Shaquille O'Neal",-0.11032831874407
2008,15,"dummy","2799","Louis Williams",-0.124941783055393
2008,15,"dummy","1711","Drew Gooden",-0.128749226970833
2008,15,"dummy","1858","Devin Brown",-0.131496001911139
2008,15,"dummy","901","Bonzi Wells",-0.148021660187713
2008,15,"dummy","2757","Ryan Gomes",-0.156116117658239
2008,15,"dummy","2188","Quinton Ross",-0.156231367751625
2008,15,"dummy","3213","Al Horford",-0.164419216840946
2008,15,"dummy","2211","Matt Carroll",-0.168729774972441
2008,15,"dummy","pair_1703_2798",NA,-0.176146188701395
2008,15,"dummy","1765","Matt Barnes",-0.197753953345064
2008,15,"dummy","991","Samuel Dalembert",-0.217612634977064
2008,15,"dummy","2753","Raymond Felton",-0.220168934180258
2008,15,"dummy","pair_2983_3027",NA,-0.235191300787328
2008,15,"dummy","615","Jermaine O'Neal",-0.241491652391737
2008,15,"dummy","pair_3005_558",NA,-0.263957512879757
2008,15,"dummy","575","Mikki Moore",-0.264734203043069
2008,15,"dummy","558","Mike Miller",-0.266232043703074
2008,15,"dummy","pair_2381_2429",NA,-0.268012968276211
2008,15,"dummy","1731","Chris Wilcox",-0.27416475788873
2008,15,"dummy","2983","LaMarcus Aldridge",-0.283860037287013
2008,15,"dummy","pair_2166_2167",NA,-0.28564290808989
2008,15,"dummy","181","Erick Dampier",-0.2993711901819
2008,15,"dummy","3","Shareef Abdur-Rahim",-0.302730297596788
2008,15,"dummy","2178","Mo Williams",-0.322665518095865
2008,15,"dummy","pair_1708_2760",NA,-0.322921929088875
2008,15,"dummy","165","Jamal Crawford",-0.323978989209249
2008,15,"dummy","1018","Jason Richardson",-0.327791622198067
2008,15,"dummy","2797","Marvin Williams",-0.331562661436496
2008,15,"dummy","682","Joel Przybilla",-0.333456443864509
2008,15,"dummy","1",NA,-0.338437628568316
2008,15,"dummy","pair_2386_557",NA,-0.339754212382293
2008,15,"dummy","1981","Kirk Hinrich",-0.343734266409786
2008,15,"dummy","136","Vince Carter",-0.350833793321538
2008,15,"dummy","2394","Kevin Martin",-0.351364296299992
2008,15,"dummy","387","Marko Jaric",-0.360768427560982
2008,15,"dummy","3031","Craig Smith",-0.361955925450751
2008,15,"dummy","2792","Charlie Villanueva",-0.362865434415626
2008,15,"dummy","2171","Darko Milicic",-0.371707995497806
2008,15,"dummy","2166","Leandro Barbosa",-0.37277698078492
2008,15,"dummy","2760","Danny Granger",-0.384369769623847
2008,15,"dummy","3003","Randy Foye",-0.386651342006885
2008,15,"dummy","2399","Emeka Okafor",-0.392545197602289
2008,15,"dummy","687","Theo Ratliff",-0.393982501035003
2008,15,"dummy","2775","Jason Maxiell",-0.394067262657913
2008,15,"dummy","1034","Charlie Bell",-0.395935858662162
2008,15,"dummy","2801","Antoine Wright",-0.396663624827763
2008,15,"dummy","4",NA,-0.403187461714001
2008,15,"dummy","1006","Richard Jefferson",-0.408614046729583
2008,15,"dummy","692","Michael Redd",-0.415153725596063
2008,15,"dummy","396","Anthony Johnson",-0.421416861062951
2008,15,"dummy","1987","Dwyane Wade",-0.441467636645341
2008,15,"dummy","847","Tim Thomas",-0.453015036989242
2008,15,"dummy","2456","Andres Nocioni",-0.453095799528727
2008,15,"dummy","1026","Gerald Wallace",-0.455236582266427
2008,15,"dummy","974","Gilbert Arenas",-0.482921991946229
2008,15,"dummy","2422","Delonte West",-0.486944794809721
2008,15,"dummy","568","Nazr Mohammed",-0.494334809410439
2008,15,"dummy","1055","Carlos Arroyo",-0.497057817043228
2008,15,"dummy","356","Larry Hughes",-0.504929504580287
2008,15,"dummy","pair_2747_692",NA,-0.509847427016262
2008,15,"dummy","2821","Kelenna Azubuike",-0.517543434837018
2008,15,"dummy","pair_1006_136",NA,-0.522245682902011
2008,15,"dummy","885","Ben Wallace",-0.523209645711884
2008,15,"dummy","2172","Sasha Pavlovic",-0.536034303335906
2008,15,"dummy","535","Jeff McInnis",-0.536066400517773
2008,15,"dummy","2745","Brandon Bass",-0.539813083977715
2008,15,"dummy","1718","Fred Jones",-0.547397643743349
2008,15,"dummy","987","Jason Collins",-0.547418909575539
2008,15,"dummy","1721","Roger Mason",-0.549585044472288
2008,15,"dummy","2381","Ben Gordon",-0.553284222993714
2008,15,"dummy","788","Joe Smith",-0.554849546434737
2008,15,"dummy","pair_193_1987",NA,-0.569839599064661
2008,15,"dummy","1723","Bostjan Nachbar",-0.572812886102186
2008,15,"dummy","1022","Bobby Simmons",-0.59385611443686
2008,15,"dummy","3237","Al Thornton",-0.602138529157889
2008,15,"dummy","515","Kenyon Martin",-0.608295516849305
2008,15,"dummy","2768","Jarrett Jack",-0.610824780635856
2008,15,"dummy","2990","Josh Boone",-0.611300440432398
2008,15,"dummy","1726","John Salmons",-0.612620951828264
2008,15,"dummy","1778","Juan Carlos",-0.613387062111488
2008,15,"dummy","3196","Daequan Cook",-0.626854430457107
2008,15,"dummy","2805","Fabricio Oberto",-0.631280344362394
2008,15,"dummy","933","Jason Williams",-0.641423788353537
2008,15,"dummy","2423","Dorell Wright",-0.667260250334207
2008,15,"dummy","2746","Andray Blatche",-0.668513127371731
2008,15,"dummy","2747","Andrew Bogut",-0.687335458811792
2008,15,"dummy","2417","Sebastian Telfair",-0.697051495466498
2008,15,"dummy","2387","Royal Ivey",-0.700445185546362
2008,15,"dummy","138","Sam Cassell",-0.709642720573206
2008,15,"dummy","pair_2389_2757",NA,-0.71114009159417
2008,15,"dummy","2389","Al Jefferson",-0.723445880798885
2008,15,"dummy","2373","Josh Childress",-0.750014320412042
2008,15,"dummy","3191","Corey Brewer",-0.757268244615253
2008,15,"dummy","2749","Travis Diener",-0.785860761864879
2008,15,"dummy","3209","Jeff Green",-0.82352173787806
2008,15,"dummy","1027","Earl Watson",-0.831645644215884
2008,15,"dummy","3005","Rudy Gay",-0.848123883776626
2008,15,"dummy","pair_1978_3202",NA,-0.85871515269546
2008,15,"dummy","440","Brevin Knight",-0.877695487478507
2008,15,"dummy","1017","Zach Randolph",-0.879124900155571
2008,15,"dummy","193","Ricky Davis",-0.882374935321796
2008,15,"dummy","1719","Nenad Krstic",-0.893956864662344
2008,15,"dummy","2184","Udonis Haslem",-0.914744984900359
2008,15,"dummy","3214","Yi Jianlian",-0.915669868952026
2008,15,"dummy","3239","Sean Williams",-0.932007587264891
2008,15,"dummy","703","Quentin Richardson",-1.01206571411037
2008,15,"dummy","981","Kwame Brown",-1.03050215001482
2008,15,"dummy","3202","Kevin Durant",-1.04286033200172
2008,15,"dummy","1713","Nene Hilario",-1.0968441076344
2008,15,"dummy","3195","Mike Conley",-1.19628342615594
2008,15,"dummy","70","Mark Blount",-1.20382100616468
2008,15,"dummy","2506","Damien Wilkins",-1.21751585540395
2008,15,"dummy","2794","Hakim Warrick",-1.222452432417
2008,15,"dummy","5",NA,-1.27564188620101
2008,15,"dummy","509","Stephon Marbury",-1.2884631991545
2008,15,"dummy","1823","Smush Parker",-1.28908354208661
2008,15,"dummy","255","Steve Francis",-1.41442950369986
2008,15,"dummy","990","Eddy Curry",-1.43218058519924
2008,15,"dummy","549","Chris Mihm",-1.71599843388369
2008,15,"dummy","2416","Robert Swift",-1.80292516452545
2008,15,"dummy","897","Chris Webber",-2.14288200173183
2008,20,"dummy","2419","Anderson Varejao",1.59935537286994
2008,20,"dummy","2382","Devin Harris",1.29320566219271
2008,20,"dummy","883","Rasheed Wallace",1.2265566778891
2008,20,"dummy","662","Paul Pierce",1.19673562950074
2008,20,"dummy","813","Peja Stojakovic",1.14252118363372
2008,20,"dummy","63","Chauncey Billups",1.12525024413899
2008,20,"dummy","1014","Mehmet Okur",1.10937504511258
2008,20,"dummy","49","Raja Bell",1.0908635269371
2008,20,"dummy","110","Kobe Bryant",1.06368425723337
2008,20,"dummy","pair_110_617",NA,1.05698793453342
2008,20,"dummy","530","Antonio McDyess",1.04636169662313
2008,20,"dummy","261","Kevin Garnett",0.978630092897312
2008,20,"dummy","434","Andrei Kirilenko",0.958955011188058
2008,20,"dummy","215","Tim Duncan",0.942086228735568
2008,20,"dummy","592","Steve Nash",0.93153830963175
2008,20,"dummy","pair_1977_635",NA,0.915976407796839
2008,20,"dummy","2748","Andrew Bynum",0.84469281258962
2008,20,"dummy","272","Manu Ginobili",0.830835950069387
2008,20,"dummy","pair_662_9",NA,0.827452304333228
2008,20,"dummy","pair_215_83",NA,0.825117849588257
2008,20,"dummy","2991","Ronnie Brewer",0.818658106060118
2008,20,"dummy","pair_2006_609",NA,0.800895361074788
2008,20,"dummy","1705","Caron Butler",0.783746912866952
2008,20,"dummy","pair_11_976",NA,0.772117477638114
2008,20,"dummy","609","Dirk Nowitzki",0.770345759080885
2008,20,"dummy","125","Marcus Camby",0.767212956865778
2008,20,"dummy","pair_165_2772",NA,0.758753677188977
2008,20,"dummy","336","Grant Hill",0.751991458544911
2008,20,"dummy","996","Pau Gasol",0.750197773361801
2008,20,"dummy","2018","Kendrick Perkins",0.747507939425261
2008,20,"dummy","83","Bruce Bowen",0.735684767509106
2008,20,"dummy","3006","Daniel Gibson",0.731935961826398
2008,20,"dummy","3249","Jamario Moon",0.689359288869745
2008,20,"dummy","11","Rafer Alston",0.688340924416379
2008,20,"dummy","2782","Nate Robinson",0.686257195760434
2008,20,"dummy","2834","Chuck Hayes",0.66842498093444
2008,20,"dummy","294","Richard Hamilton",0.651006799308404
2008,20,"dummy","656","Morris Peterson",0.647911522822277
2008,20,"dummy","2806","Jose Calderon",0.623875422067942
2008,20,"dummy","2779","Chris Paul",0.599820635643925
2008,20,"dummy","532","Tracy McGrady",0.592245988135805
2008,20,"dummy","1724","Tayshaun Prince",0.58750010885584
2008,20,"dummy","pair_1007_2411",NA,0.574689628928076
2008,20,"dummy","841","Jason Terry",0.557542733965953
2008,20,"dummy","1966","LeBron James",0.556032079319508
2008,20,"dummy","246","Derek Fisher",0.54836625349983
2008,20,"dummy","617","Lamar Odom",0.545659923299948
2008,20,"dummy","2427","Andris Biedrins",0.536783308490719
2008,20,"dummy","510","Shawn Marion",0.531775066471049
2008,20,"dummy","976","Shane Battier",0.515316149535886
2008,20,"dummy","1024","Jamaal Tinsley",0.505617322254153
2008,20,"dummy","2004","Willie Green",0.505101250675893
2008,20,"dummy","518","Desmond Mason",0.503536853372356
2008,20,"dummy","pair_1858_1966",NA,0.497621162589979
2008,20,"dummy","2411","Josh Smith",0.491303353090586
2008,20,"dummy","pair_1975_366",NA,0.488156973668462
2008,20,"dummy","846","Kurt Thomas",0.478355802487039
2008,20,"dummy","1977","Chris Bosh",0.474465981762952
2008,20,"dummy","25","Ron Artest",0.457461072686768
2008,20,"dummy","2772","David Lee",0.449901786947861
2008,20,"dummy","984","Tyson Chandler",0.43961406331042
2008,20,"dummy","1979","T.J. Ford",0.429313456134374
2008,20,"dummy","3026","Rajon Rondo",0.425328061590325
2008,20,"dummy","2177","David West",0.415610126109434
2008,20,"dummy","2006","Josh Howard",0.38389529370924
2008,20,"dummy","pair_1724_63",NA,0.382534371445833
2008,20,"dummy","817","Damon Stoudamire",0.379371158383376
2008,20,"dummy","2384","Dwight Howard",0.373718601747263
2008,20,"dummy","385","Antawn Jamison",0.371835134729959
2008,20,"dummy","pair_194_2751",NA,0.371016915835025
2008,20,"dummy","9","Ray Allen",0.370270077513976
2008,20,"dummy","2777","Rashad McCants",0.366100393539296
2008,20,"dummy","366","Allen Iverson",0.357339477266495
2008,20,"dummy","pair_2177_2779",NA,0.338815309370581
2008,20,"dummy","1994","Steve Blake",0.337086625833317
2008,20,"dummy","429","Jason Kidd",0.313401693988881
2008,20,"dummy","1013","Troy Murphy",0.312987600548285
2008,20,"dummy","194","Baron Davis",0.308926850471611
2008,20,"dummy","1007","Joe Johnson",0.298158218326926
2008,20,"dummy","2770","Linas Kleiza",0.293917424703769
2008,20,"dummy","1995","Keith Bogans",0.293362805980232
2008,20,"dummy","1727","Amare Stoudemire",0.279899144541707
2008,20,"dummy","556","Brad Miller",0.277105666365044
2008,20,"dummy","1",NA,0.271588605278152
2008,20,"dummy","362","Zydrunas Ilgauskas",0.264948209562304
2008,20,"dummy","242","Michael Finley",0.234303320964964
2008,20,"dummy","2448","Beno Udrih",0.212425855916103
2008,20,"dummy","862","Hedo Turkoglu",0.206485042703255
2008,20,"dummy","3027","Brandon Roy",0.205784759068111
2008,20,"dummy","3","Shareef Abdur-Rahim",0.202465803331366
2008,20,"dummy","pair_2384_469",NA,0.188165391520568
2008,20,"dummy","378","Stephen Jackson",0.182565375649903
2008,20,"dummy","1708","Mike Dunleavy",0.172028654681505
2008,20,"dummy","635","Anthony Parker",0.164903858687326
2008,20,"dummy","pair_385_808",NA,0.144285929509483
2008,20,"dummy","2987","Andrea Bargnani",0.13872392797756
2008,20,"dummy","2027","Luke Walton",0.127644099042263
2008,20,"dummy","308","Al Harrington",0.124589407048434
2008,20,"dummy","2439","Jameer Nelson",0.109306300416753
2008,20,"dummy","2167","Boris Diaw",0.106825568310322
2008,20,"dummy","183","Antonio Daniels",0.100678268529695
2008,20,"dummy","2755","Francisco Garcia",0.100409590417318
2008,20,"dummy","61","Mike Bibby",0.0898082025579836
2008,20,"dummy","2386","Andre Iguodala",0.0817431779157472
2008,20,"dummy","2377","Chris Duhon",0.0721486704356396
2008,20,"dummy","1978","Nick Collison",0.0713875127552274
2008,20,"dummy","1975","Carmelo Anthony",0.0696475521190933
2008,20,"dummy","2798","Deron Williams",0.0661727838489935
2008,20,"dummy","2015","Travis Outlaw",0.0575004207061109
2008,20,"dummy","469","Rashard Lewis",0.0542160813584268
2008,20,"dummy","2795","Martell Webster",0.0522113304739711
2008,20,"dummy","497","Corey Maggette",0.0439042877357851
2008,20,"dummy","2751","Monta Ellis",0.0356010144508045
2008,20,"dummy","250","Jeff Foster",0.0351892290380162
2008,20,"dummy","pair_1726_2755",NA,0.0283464676207359
2008,20,"dummy","1703","Carlos Boozer",0.0228943843790008
2008,20,"dummy","pair_1018_2753",NA,-0.00878884408845402
2008,20,"dummy","1015","Tony Parker",-0.0189703234117911
2008,20,"dummy","137","Anthony Carter",-0.0201291038077702
2008,20,"dummy","1000","Brendan Haywood",-0.0245222672977751
2008,20,"dummy","pair_497_566",NA,-0.0433616656857934
2008,20,"dummy","557","Andre Miller",-0.0490350138890007
2008,20,"dummy","2429","Luol Deng",-0.0520493934474692
2008,20,"dummy","1722","Yao Ming",-0.082952639685263
2008,20,"dummy","614","Shaquille O'Neal",-0.106147695121304
2008,20,"dummy","1828","Reggie Evans",-0.110246226884009
2008,20,"dummy","2757","Ryan Gomes",-0.124244128648905
2008,20,"dummy","1982","Chris Kaman",-0.149974824133108
2008,20,"dummy","808","DeShawn Stevenson",-0.151890356165912
2008,20,"dummy","1711","Drew Gooden",-0.167485230044075
2008,20,"dummy","991","Samuel Dalembert",-0.170199477538423
2008,20,"dummy","3213","Al Horford",-0.199036943079933
2008,20,"dummy","1731","Chris Wilcox",-0.20434177449024
2008,20,"dummy","566","Cuttino Mobley",-0.218117095329238
2008,20,"dummy","615","Jermaine O'Neal",-0.235473082431598
2008,20,"dummy","pair_2983_3027",NA,-0.237949413864499
2008,20,"dummy","2753","Raymond Felton",-0.239396349678516
2008,20,"dummy","pair_3005_558",NA,-0.247924129298842
2008,20,"dummy","pair_1703_2798",NA,-0.25439513545785
2008,20,"dummy","pair_2381_2429",NA,-0.26091610900226
2008,20,"dummy","2983","LaMarcus Aldridge",-0.275668020706229
2008,20,"dummy","575","Mikki Moore",-0.284859866375338
2008,20,"dummy","558","Mike Miller",-0.286786087561894
2008,20,"dummy","4",NA,-0.336381414518614
2008,20,"dummy","165","Jamal Crawford",-0.336752789494624
2008,20,"dummy","pair_2166_2167",NA,-0.34153847679267
2008,20,"dummy","1981","Kirk Hinrich",-0.345614520217133
2008,20,"dummy","682","Joel Przybilla",-0.347296079553445
2008,20,"dummy","387","Marko Jaric",-0.360006059748197
2008,20,"dummy","181","Erick Dampier",-0.360105686592449
2008,20,"dummy","pair_2386_557",NA,-0.364556403307471
2008,20,"dummy","1018","Jason Richardson",-0.364759683102337
2008,20,"dummy","3003","Randy Foye",-0.370404281879359
2008,20,"dummy","2797","Marvin Williams",-0.373691504973677
2008,20,"dummy","pair_1708_2760",NA,-0.394524319184454
2008,20,"dummy","2178","Mo Williams",-0.40264081747768
2008,20,"dummy","2394","Kevin Martin",-0.404302400393947
2008,20,"dummy","2171","Darko Milicic",-0.41201145709603
2008,20,"dummy","2760","Danny Granger",-0.413704497239078
2008,20,"dummy","2399","Emeka Okafor",-0.434773276045186
2008,20,"dummy","136","Vince Carter",-0.437140961708146
2008,20,"dummy","1987","Dwyane Wade",-0.451689870991393
2008,20,"dummy","2166","Leandro Barbosa",-0.463899278908939
2008,20,"dummy","687","Theo Ratliff",-0.465619563240161
2008,20,"dummy","2456","Andres Nocioni",-0.480259633405432
2008,20,"dummy","692","Michael Redd",-0.48218358986006
2008,20,"dummy","396","Anthony Johnson",-0.503864002206976
2008,20,"dummy","1006","Richard Jefferson",-0.505287784513373
2008,20,"dummy","2801","Antoine Wright",-0.517095403984554
2008,20,"dummy","pair_2747_692",NA,-0.524878863258733
2008,20,"dummy","1026","Gerald Wallace",-0.526900399029286
2008,20,"dummy","885","Ben Wallace",-0.555601429018723
2008,20,"dummy","788","Joe Smith",-0.569380464655956
2008,20,"dummy","535","Jeff McInnis",-0.572541171943105
2008,20,"dummy","2381","Ben Gordon",-0.583980753377447
2008,20,"dummy","pair_193_1987",NA,-0.588503356308492
2008,20,"dummy","847","Tim Thomas",-0.590303377776335
2008,20,"dummy","pair_1006_136",NA,-0.600499609114583
2008,20,"dummy","356","Larry Hughes",-0.603286218988495
2008,20,"dummy","974","Gilbert Arenas",-0.607977165147256
2008,20,"dummy","1718","Fred Jones",-0.612933066473832
2008,20,"dummy","2172","Sasha Pavlovic",-0.643124651127561
2008,20,"dummy","2768","Jarrett Jack",-0.643217082918027
2008,20,"dummy","2990","Josh Boone",-0.69350802542317
2008,20,"dummy","933","Jason Williams",-0.700652167770664
2008,20,"dummy","2805","Fabricio Oberto",-0.71817325050359
2008,20,"dummy","1726","John Salmons",-0.72965059453919
2008,20,"dummy","2",NA,-0.729732758371675
2008,20,"dummy","515","Kenyon Martin",-0.741966543061472
2008,20,"dummy","2423","Dorell Wright",-0.742279790968543
2008,20,"dummy","1022","Bobby Simmons",-0.745185238605134
2008,20,"dummy","1778","Juan Carlos",-0.75613769493199
2008,20,"dummy","138","Sam Cassell",-0.77406199615689
2008,20,"dummy","2417","Sebastian Telfair",-0.777422583810118
2008,20,"dummy","2389","Al Jefferson",-0.785047802699247
2008,20,"dummy","pair_2389_2757",NA,-0.786975117017048
2008,20,"dummy","3209","Jeff Green",-0.820280108769399
2008,20,"dummy","2747","Andrew Bogut",-0.823557712979628
2008,20,"dummy","3191","Corey Brewer",-0.840620259363156
2008,20,"dummy","2373","Josh Childress",-0.863691440939892
2008,20,"dummy","5",NA,-0.871524203405389
2008,20,"dummy","1027","Earl Watson",-0.884330616065547
2008,20,"dummy","pair_1978_3202",NA,-0.894207325069749
2008,20,"dummy","1017","Zach Randolph",-0.962312776207532
2008,20,"dummy","3005","Rudy Gay",-1.01433579027232
2008,20,"dummy","193","Ricky Davis",-1.01565641423677
2008,20,"dummy","2184","Udonis Haslem",-1.02451238005574
2008,20,"dummy","3239","Sean Williams",-1.03801686322318
2008,20,"dummy","3214","Yi Jianlian",-1.04253231172803
2008,20,"dummy","703","Quentin Richardson",-1.08424455689179
2008,20,"dummy","3202","Kevin Durant",-1.13116638390476
2008,20,"dummy","981","Kwame Brown",-1.19271754155147
2008,20,"dummy","2506","Damien Wilkins",-1.35224495280787
2008,20,"dummy","509","Stephon Marbury",-1.41097355552434
2008,20,"dummy","70","Mark Blount",-1.44243159245679
2008,20,"dummy","3195","Mike Conley",-1.4830728603724
2008,20,"dummy","990","Eddy Curry",-1.59564861688144
2008,20,"dummy","897","Chris Webber",-2.46573195839236
2008,25,"dummy","2382","Devin Harris",1.48142441186006
2008,25,"dummy","883","Rasheed Wallace",1.43639311773293
2008,25,"dummy","662","Paul Pierce",1.41580733787565
2008,25,"dummy","1014","Mehmet Okur",1.34986806237321
2008,25,"dummy","pair_165_2772",NA,1.34494868016742
2008,25,"dummy","813","Peja Stojakovic",1.34229789815872
2008,25,"dummy","49","Raja Bell",1.28217640828905
2008,25,"dummy","63","Chauncey Billups",1.28067166729122
2008,25,"dummy","110","Kobe Bryant",1.21513807354877
2008,25,"dummy","530","Antonio McDyess",1.19475876077788
2008,25,"dummy","pair_110_617",NA,1.1383063450682
2008,25,"dummy","434","Andrei Kirilenko",1.12923074249671
2008,25,"dummy","261","Kevin Garnett",1.10699861173339
2008,25,"dummy","pair_1977_635",NA,1.07594668451234
2008,25,"dummy","215","Tim Duncan",1.07523931410665
2008,25,"dummy","592","Steve Nash",1.05828474925742
2008,25,"dummy","2991","Ronnie Brewer",0.996267417483759
2008,25,"dummy","3006","Daniel Gibson",0.995483992341961
2008,25,"dummy","2748","Andrew Bynum",0.977082379474199
2008,25,"dummy","996","Pau Gasol",0.965430547075076
2008,25,"dummy","272","Manu Ginobili",0.962006242974798
2008,25,"dummy","1705","Caron Butler",0.955640472309699
2008,25,"dummy","125","Marcus Camby",0.951885722871989
2008,25,"dummy","pair_11_976",NA,0.945425411442111
2008,25,"dummy","11","Rafer Alston",0.882727474603663
2008,25,"dummy","pair_215_83",NA,0.878291431112658
2008,25,"dummy","pair_662_9",NA,0.874942610009787
2008,25,"dummy","609","Dirk Nowitzki",0.864832563849327
2008,25,"dummy","pair_2006_609",NA,0.857692220508033
2008,25,"dummy","336","Grant Hill",0.827709965661786
2008,25,"dummy","2018","Kendrick Perkins",0.818174149598598
2008,25,"dummy","3249","Jamario Moon",0.816948662736067
2008,25,"dummy","83","Bruce Bowen",0.772726346801707
2008,25,"dummy","518","Desmond Mason",0.763132600337666
2008,25,"dummy","1966","LeBron James",0.75566276417573
2008,25,"dummy","pair_1858_1966",NA,0.721598185103062
2008,25,"dummy","656","Morris Peterson",0.719081872981533
2008,25,"dummy","2806","Jose Calderon",0.708148439430883
2008,25,"dummy","294","Richard Hamilton",0.70801350429772
2008,25,"dummy","532","Tracy McGrady",0.703034787838671
2008,25,"dummy","976","Shane Battier",0.69225885266794
2008,25,"dummy","2779","Chris Paul",0.680692394541956
2008,25,"dummy","841","Jason Terry",0.645559965802471
2008,25,"dummy","25","Ron Artest",0.627134860104603
2008,25,"dummy","pair_1007_2411",NA,0.624039752392711
2008,25,"dummy","1724","Tayshaun Prince",0.622244195551401
2008,25,"dummy","2427","Andris Biedrins",0.620743668691435
2008,25,"dummy","1024","Jamaal Tinsley",0.620261312853254
2008,25,"dummy","pair_1975_366",NA,0.596234255049282
2008,25,"dummy","1977","Chris Bosh",0.594225479463248
2008,25,"dummy","2004","Willie Green",0.592610856898976
2008,25,"dummy","246","Derek Fisher",0.532054321596822
2008,25,"dummy","617","Lamar Odom",0.530112970249068
2008,25,"dummy","510","Shawn Marion",0.524901993820767
2008,25,"dummy","2384","Dwight Howard",0.509054960736625
2008,25,"dummy","1",NA,0.502243886598282
2008,25,"dummy","2411","Josh Smith",0.500834758103898
2008,25,"dummy","366","Allen Iverson",0.480186551158843
2008,25,"dummy","846","Kurt Thomas",0.476297868480251
2008,25,"dummy","984","Tyson Chandler",0.474889714694323
2008,25,"dummy","2777","Rashad McCants",0.474094627983527
2008,25,"dummy","385","Antawn Jamison",0.464746722640947
2008,25,"dummy","2177","David West",0.453694876025225
2008,25,"dummy","1013","Troy Murphy",0.415957037567726
2008,25,"dummy","1994","Steve Blake",0.414866923662925
2008,25,"dummy","3026","Rajon Rondo",0.408488889130064
2008,25,"dummy","pair_194_2751",NA,0.377142945421911
2008,25,"dummy","2006","Josh Howard",0.374775214642723
2008,25,"dummy","429","Jason Kidd",0.374210170597994
2008,25,"dummy","556","Brad Miller",0.370928495207522
2008,25,"dummy","9","Ray Allen",0.340827749220838
2008,25,"dummy","194","Baron Davis",0.337393265685999
2008,25,"dummy","pair_2177_2779",NA,0.321309205623878
2008,25,"dummy","pair_1724_63",NA,0.302518415563157
2008,25,"dummy","362","Zydrunas Ilgauskas",0.277253952141656
2008,25,"dummy","862","Hedo Turkoglu",0.274044791759842
2008,25,"dummy","3027","Brandon Roy",0.272608563041323
2008,25,"dummy","2448","Beno Udrih",0.266337252760666
2008,25,"dummy","1007","Joe Johnson",0.265730799081937
2008,25,"dummy","1708","Mike Dunleavy",0.248691469484888
2008,25,"dummy","1727","Amare Stoudemire",0.239290051591268
2008,25,"dummy","pair_2384_469",NA,0.231275552163184
2008,25,"dummy","635","Anthony Parker",0.179918819211937
2008,25,"dummy","378","Stephen Jackson",0.167725105448454
2008,25,"dummy","242","Michael Finley",0.158681573516261
2008,25,"dummy","pair_385_808",NA,0.156843753325255
2008,25,"dummy","61","Mike Bibby",0.150738815164083
2008,25,"dummy","308","Al Harrington",0.144036392442732
2008,25,"dummy","2386","Andre Iguodala",0.139027743150663
2008,25,"dummy","pair_1726_2755",NA,0.116395506417362
2008,25,"dummy","497","Corey Maggette",0.107365468497765
2008,25,"dummy","2439","Jameer Nelson",0.106165839371126
2008,25,"dummy","183","Antonio Daniels",0.0976841247618021
2008,25,"dummy","1975","Carmelo Anthony",0.0903301865658057
2008,25,"dummy","469","Rashard Lewis",0.0829252216558093
2008,25,"dummy","250","Jeff Foster",0.0658588004434441
2008,25,"dummy","2795","Martell Webster",0.060063453234039
2008,25,"dummy","2798","Deron Williams",0.0452216848062494
2008,25,"dummy","pair_1018_2753",NA,0.0240113239914841
2008,25,"dummy","137","Anthony Carter",0.0044878492484458
2008,25,"dummy","2429","Luol Deng",0.00234595647672459
2008,25,"dummy","1703","Carlos Boozer",-0.00638270726484938
2008,25,"dummy","1978","Nick Collison",-0.00812142387593822
2008,25,"dummy","2751","Monta Ellis",-0.0283021167851424
2008,25,"dummy","557","Andre Miller",-0.0449774855421958
2008,25,"dummy","614","Shaquille O'Neal",-0.0483025501939326
2008,25,"dummy","1000","Brendan Haywood",-0.0584779101071459
2008,25,"dummy","pair_497_566",NA,-0.0626867385071406
2008,25,"dummy","1722","Yao Ming",-0.073375794186851
2008,25,"dummy","2757","Ryan Gomes",-0.0836660248162543
2008,25,"dummy","1982","Chris Kaman",-0.11294153201338
2008,25,"dummy","pair_3005_558",NA,-0.178757681512104
2008,25,"dummy","165","Jamal Crawford",-0.181730500054683
2008,25,"dummy","566","Cuttino Mobley",-0.196666167264787
2008,25,"dummy","808","DeShawn Stevenson",-0.212256181064455
2008,25,"dummy","991","Samuel Dalembert",-0.215430700513223
2008,25,"dummy","1015","Tony Parker",-0.222388555972796
2008,25,"dummy","3","Shareef Abdur-Rahim",-0.245592396681968
2008,25,"dummy","2753","Raymond Felton",-0.282303223028557
2008,25,"dummy","558","Mike Miller",-0.282901713139738
2008,25,"dummy","615","Jermaine O'Neal",-0.289606021443775
2008,25,"dummy","pair_2983_3027",NA,-0.290723949332159
2008,25,"dummy","1711","Drew Gooden",-0.292823087636246
2008,25,"dummy","575","Mikki Moore",-0.312976647535248
2008,25,"dummy","pair_2381_2429",NA,-0.316569861901965
2008,25,"dummy","3213","Al Horford",-0.335517704144009
2008,25,"dummy","1731","Chris Wilcox",-0.346167296045089
2008,25,"dummy","2983","LaMarcus Aldridge",-0.372294695388814
2008,25,"dummy","387","Marko Jaric",-0.389915144924271
2008,25,"dummy","pair_1703_2798",NA,-0.392415156499042
2008,25,"dummy","pair_2166_2167",NA,-0.400177198183331
2008,25,"dummy","2394","Kevin Martin",-0.407404412474385
2008,25,"dummy","2178","Mo Williams",-0.424849221647184
2008,25,"dummy","2171","Darko Milicic",-0.430512599575401
2008,25,"dummy","1018","Jason Richardson",-0.431528217301364
2008,25,"dummy","1981","Kirk Hinrich",-0.432813713953114
2008,25,"dummy","5",NA,-0.444127031882495
2008,25,"dummy","682","Joel Przybilla",-0.464727563671215
2008,25,"dummy","pair_2386_557",NA,-0.466738597546274
2008,25,"dummy","pair_1708_2760",NA,-0.469821299740844
2008,25,"dummy","2760","Danny Granger",-0.478832505613095
2008,25,"dummy","181","Erick Dampier",-0.492682225143663
2008,25,"dummy","2399","Emeka Okafor",-0.536126514801167
2008,25,"dummy","692","Michael Redd",-0.542103628639523
2008,25,"dummy","136","Vince Carter",-0.554125962814709
2008,25,"dummy","2797","Marvin Williams",-0.563807102418643
2008,25,"dummy","pair_2747_692",NA,-0.565577039380411
2008,25,"dummy","1987","Dwyane Wade",-0.580949872038463
2008,25,"dummy","2",NA,-0.592903876999759
2008,25,"dummy","pair_193_1987",NA,-0.619199555460696
2008,25,"dummy","4",NA,-0.621908507420152
2008,25,"dummy","885","Ben Wallace",-0.644797800241337
2008,25,"dummy","356","Larry Hughes",-0.645581743698793
2008,25,"dummy","847","Tim Thomas",-0.648129376511432
2008,25,"dummy","1026","Gerald Wallace",-0.662296936931397
2008,25,"dummy","1006","Richard Jefferson",-0.681855054777926
2008,25,"dummy","pair_1006_136",NA,-0.705162889594751
2008,25,"dummy","2381","Ben Gordon",-0.739957636625281
2008,25,"dummy","974","Gilbert Arenas",-0.751093109428993
2008,25,"dummy","1726","John Salmons",-0.8663195487425
2008,25,"dummy","138","Sam Cassell",-0.868610349394707
2008,25,"dummy","933","Jason Williams",-0.896069762649692
2008,25,"dummy","pair_2389_2757",NA,-0.903261735091797
2008,25,"dummy","515","Kenyon Martin",-0.908584789218076
2008,25,"dummy","2389","Al Jefferson",-0.91754520941677
2008,25,"dummy","2747","Andrew Bogut",-0.925248209777212
2008,25,"dummy","2417","Sebastian Telfair",-0.926013301343382
2008,25,"dummy","1017","Zach Randolph",-0.98741422195302
2008,25,"dummy","pair_1978_3202",NA,-1.05449426245967
2008,25,"dummy","703","Quentin Richardson",-1.1853903757892
2008,25,"dummy","2184","Udonis Haslem",-1.20075856782088
2008,25,"dummy","3214","Yi Jianlian",-1.20218704374506
2008,25,"dummy","1027","Earl Watson",-1.2029777252831
2008,25,"dummy","3005","Rudy Gay",-1.21635714939127
2008,25,"dummy","193","Ricky Davis",-1.22608044491025
2008,25,"dummy","3202","Kevin Durant",-1.48247998677549
2008,25,"dummy","509","Stephon Marbury",-1.51359943839427
2008,25,"dummy","990","Eddy Curry",-1.76341669132288
2008,25,"dummy","3195","Mike Conley",-1.79931978599501
2008,30,"dummy","215","Tim Duncan",1.5111529017166
2008,30,"dummy","883","Rasheed Wallace",1.49953024529412
2008,30,"dummy","pair_215_83",NA,1.4720415429779
2008,30,"dummy","662","Paul Pierce",1.46594004587509
2008,30,"dummy","813","Peja Stojakovic",1.44895766555801
2008,30,"dummy","1014","Mehmet Okur",1.4462819527111
2008,30,"dummy","110","Kobe Bryant",1.37994173011705
2008,30,"dummy","pair_110_617",NA,1.33669452237403
2008,30,"dummy","pair_165_2772",NA,1.33482457839117
2008,30,"dummy","49","Raja Bell",1.31125959339022
2008,30,"dummy","63","Chauncey Billups",1.30524891254406
2008,30,"dummy","pair_1977_635",NA,1.28649952658163
2008,30,"dummy","434","Andrei Kirilenko",1.27035438135791
2008,30,"dummy","609","Dirk Nowitzki",1.26135444959259
2008,30,"dummy","530","Antonio McDyess",1.22552491509373
2008,30,"dummy","261","Kevin Garnett",1.17254138108096
2008,30,"dummy","pair_2006_609",NA,1.12648946134585
2008,30,"dummy","592","Steve Nash",1.08587321072931
2008,30,"dummy","2748","Andrew Bynum",1.07940715552642
2008,30,"dummy","125","Marcus Camby",1.00388479772864
2008,30,"dummy","1705","Caron Butler",1.00114948339052
2008,30,"dummy","996","Pau Gasol",0.970326227790692
2008,30,"dummy","pair_11_976",NA,0.959630226986718
2008,30,"dummy","336","Grant Hill",0.900190009771219
2008,30,"dummy","pair_662_9",NA,0.891011931414608
2008,30,"dummy","2018","Kendrick Perkins",0.873678662907575
2008,30,"dummy","1966","LeBron James",0.871626444448288
2008,30,"dummy","2806","Jose Calderon",0.857300581481798
2008,30,"dummy","11","Rafer Alston",0.852689095820913
2008,30,"dummy","pair_1858_1966",NA,0.831232121463189
2008,30,"dummy","532","Tracy McGrady",0.727206827975459
2008,30,"dummy","2779","Chris Paul",0.715448717167187
2008,30,"dummy","1977","Chris Bosh",0.708641638538653
2008,30,"dummy","294","Richard Hamilton",0.69818457276327
2008,30,"dummy","976","Shane Battier",0.660327245429008
2008,30,"dummy","1024","Jamaal Tinsley",0.653383815809378
2008,30,"dummy","2006","Josh Howard",0.652726199246014
2008,30,"dummy","617","Lamar Odom",0.645895016778761
2008,30,"dummy","pair_1007_2411",NA,0.63390059871001
2008,30,"dummy","1724","Tayshaun Prince",0.616500638834195
2008,30,"dummy","2427","Andris Biedrins",0.591340408002947
2008,30,"dummy","2384","Dwight Howard",0.579135823473349
2008,30,"dummy","pair_1975_366",NA,0.576454308428856
2008,30,"dummy","25","Ron Artest",0.52295460920606
2008,30,"dummy","385","Antawn Jamison",0.506298783903269
2008,30,"dummy","984","Tyson Chandler",0.505289504116596
2008,30,"dummy","2411","Josh Smith",0.491362491956338
2008,30,"dummy","366","Allen Iverson",0.485962360872297
2008,30,"dummy","2177","David West",0.472778609153023
2008,30,"dummy","510","Shawn Marion",0.470417254391458
2008,30,"dummy","pair_194_2751",NA,0.41085795319011
2008,30,"dummy","3026","Rajon Rondo",0.409048565273833
2008,30,"dummy","3027","Brandon Roy",0.392854386295458
2008,30,"dummy","1",NA,0.392215431527284
2008,30,"dummy","194","Baron Davis",0.362187341665235
2008,30,"dummy","1708","Mike Dunleavy",0.361919325833269
2008,30,"dummy","862","Hedo Turkoglu",0.331613594393194
2008,30,"dummy","429","Jason Kidd",0.328885926281428
2008,30,"dummy","362","Zydrunas Ilgauskas",0.322272014160149
2008,30,"dummy","pair_2177_2779",NA,0.317872744687601
2008,30,"dummy","9","Ray Allen",0.313984354918381
2008,30,"dummy","635","Anthony Parker",0.300144688705254
2008,30,"dummy","556","Brad Miller",0.284456455314302
2008,30,"dummy","pair_2384_469",NA,0.272768335439218
2008,30,"dummy","pair_1724_63",NA,0.271847998249484
2008,30,"dummy","2386","Andre Iguodala",0.236485835404063
2008,30,"dummy","1007","Joe Johnson",0.235491377290043
2008,30,"dummy","1727","Amare Stoudemire",0.217289126134627
2008,30,"dummy","1015","Tony Parker",0.18030256796
2008,30,"dummy","pair_385_808",NA,0.179500314444306
2008,30,"dummy","378","Stephen Jackson",0.17154384324973
2008,30,"dummy","2448","Beno Udrih",0.144314790338772
2008,30,"dummy","1703","Carlos Boozer",0.109870610799063
2008,30,"dummy","469","Rashard Lewis",0.108737705363092
2008,30,"dummy","2",NA,0.10184943050265
2008,30,"dummy","2798","Deron Williams",0.0974271227387618
2008,30,"dummy","557","Andre Miller",0.0804253707005579
2008,30,"dummy","61","Mike Bibby",0.0766824431282913
2008,30,"dummy","1975","Carmelo Anthony",0.0471836113407218
2008,30,"dummy","pair_1018_2753",NA,0.0390320302451758
2008,30,"dummy","497","Corey Maggette",0.0356777627466416
2008,30,"dummy","2429","Luol Deng",-0.0274876018202514
2008,30,"dummy","2751","Monta Ellis",-0.0379956329372111
2008,30,"dummy","1000","Brendan Haywood",-0.0454868042991879
2008,30,"dummy","pair_1726_2755",NA,-0.0534911156858429
2008,30,"dummy","991","Samuel Dalembert",-0.102272444874112
2008,30,"dummy","pair_497_566",NA,-0.116962046970363
2008,30,"dummy","4",NA,-0.12086348906822
2008,30,"dummy","pair_2983_3027",NA,-0.140337080878581
2008,30,"dummy","1722","Yao Ming",-0.172085058529426
2008,30,"dummy","1982","Chris Kaman",-0.209165336442677
2008,30,"dummy","808","DeShawn Stevenson",-0.234006717127099
2008,30,"dummy","614","Shaquille O'Neal",-0.239308387697423
2008,30,"dummy","2983","LaMarcus Aldridge",-0.254104334311626
2008,30,"dummy","1711","Drew Gooden",-0.257030047269996
2008,30,"dummy","615","Jermaine O'Neal",-0.283753315709787
2008,30,"dummy","pair_3005_558",NA,-0.287249403771956
2008,30,"dummy","566","Cuttino Mobley",-0.297126770967766
2008,30,"dummy","2753","Raymond Felton",-0.30373117402086
2008,30,"dummy","pair_2381_2429",NA,-0.31357403874719
2008,30,"dummy","pair_1703_2798",NA,-0.355945618402681
2008,30,"dummy","1731","Chris Wilcox",-0.380213401411895
2008,30,"dummy","3213","Al Horford",-0.398437715275014
2008,30,"dummy","pair_2386_557",NA,-0.40103130567967
2008,30,"dummy","558","Mike Miller",-0.409045084317062
2008,30,"dummy","2760","Danny Granger",-0.426509570332702
2008,30,"dummy","pair_1708_2760",NA,-0.437152837768291
2008,30,"dummy","1981","Kirk Hinrich",-0.443981488734768
2008,30,"dummy","1018","Jason Richardson",-0.482012643712315
2008,30,"dummy","2178","Mo Williams",-0.505568897686313
2008,30,"dummy","3","Shareef Abdur-Rahim",-0.52598249722026
2008,30,"dummy","pair_2166_2167",NA,-0.538508062560631
2008,30,"dummy","2399","Emeka Okafor",-0.557646179606925
2008,30,"dummy","165","Jamal Crawford",-0.583595486707671
2008,30,"dummy","692","Michael Redd",-0.598967060075693
2008,30,"dummy","pair_2747_692",NA,-0.627497983615432
2008,30,"dummy","136","Vince Carter",-0.630289508469696
2008,30,"dummy","2394","Kevin Martin",-0.63873627451887
2008,30,"dummy","2797","Marvin Williams",-0.6509576680816
2008,30,"dummy","1026","Gerald Wallace",-0.683702673710377
2008,30,"dummy","885","Ben Wallace",-0.695311366672177
2008,30,"dummy","1006","Richard Jefferson",-0.750095745082595
2008,30,"dummy","847","Tim Thomas",-0.776524323405965
2008,30,"dummy","2381","Ben Gordon",-0.778271456342897
2008,30,"dummy","pair_1006_136",NA,-0.804697365017064
2008,30,"dummy","pair_2389_2757",NA,-0.817963023672327
2008,30,"dummy","974","Gilbert Arenas",-0.825230161760967
2008,30,"dummy","1987","Dwyane Wade",-0.839643843642436
2008,30,"dummy","2389","Al Jefferson",-0.889620373821671
2008,30,"dummy","2417","Sebastian Telfair",-0.908476655058506
2008,30,"dummy","5",NA,-0.981167865840794
2008,30,"dummy","515","Kenyon Martin",-0.983937756614808
2008,30,"dummy","pair_193_1987",NA,-1.00606093658278
2008,30,"dummy","2747","Andrew Bogut",-1.02651137436827
2008,30,"dummy","pair_1978_3202",NA,-1.1705493625006
2008,30,"dummy","1017","Zach Randolph",-1.40459569191007
2008,30,"dummy","3005","Rudy Gay",-1.5003970141208
2008,30,"dummy","2184","Udonis Haslem",-1.53778556977402
2008,30,"dummy","3202","Kevin Durant",-1.60892817883376
2008,30,"dummy","509","Stephon Marbury",-2.01020178803408
2009,0,"dummy","3477",NA,60.2575410195435
2009,0,"dummy","3223",NA,19.6449409574071
2009,0,"dummy","2850",NA,13.7914987115492
2009,0,"dummy","383",NA,9.60388270775666
2009,0,"dummy","77","Calvin Booth",9.40458729027334
2009,0,"dummy","3441",NA,4.35842952839067
2009,0,"dummy","3402",NA,4.12658647588734
2009,0,"dummy","741",NA,3.68134385968212
2009,0,"dummy","3475","Othello Hunter",3.50160268996006
2009,0,"dummy","406",NA,3.33760686048276
2009,0,"dummy","3429",NA,2.60489974648751
2009,0,"dummy","3053","Pops Mensah-Bonsu",2.29883528895409
2009,0,"dummy","849",NA,2.10217377668958
2009,0,"dummy","879","Jake Voskuhl",2.06596615968533
2009,0,"dummy","2221",NA,1.98802008396069
2009,0,"dummy","496","Mark Madsen",1.63304398404331
2009,0,"dummy","959","Lorenzen Wright",1.56918178118915
2009,0,"dummy","866","Ime Udoka",1.50803205982245
2009,0,"dummy","2819","Dwayne Jones",1.50741151939994
2009,0,"dummy","3038","Shawne Williams",1.49482251906034
2009,0,"dummy","2439","Jameer Nelson",1.4806421705311
2009,0,"dummy","3205","Kyrylo Fesenko",1.46314558451951
2009,0,"dummy","pair_1722_25",NA,1.41232931768797
2009,0,"dummy","617","Lamar Odom",1.40535066565657
2009,0,"dummy","885","Ben Wallace",1.34441768715953
2009,0,"dummy","1966","LeBron James",1.30905395134494
2009,0,"dummy","3238","Alando Tucker",1.2863452846275
2009,0,"dummy","1996","Matt Bonner",1.28435248888934
2009,0,"dummy","1021","Brian Scalabrine",1.26453302913909
2009,0,"dummy","2779","Chris Paul",1.23245827132557
2009,0,"dummy","pair_2177_2779",NA,1.22552750923263
2009,0,"dummy","739","Malik Rose",1.19467512923501
2009,0,"dummy","261","Kevin Garnett",1.1318863311347
2009,0,"dummy","2422","Delonte West",1.07099207090857
2009,0,"dummy","1981","Kirk Hinrich",1.06768123797328
2009,0,"dummy","3428","Danilo Gallinari",1.03082310858345
2009,0,"dummy","362","Zydrunas Ilgauskas",1.03018102466409
2009,0,"dummy","2367","Tony Allen",1.02695836936947
2009,0,"dummy","3015","Paul Millsap",1.0086588271705
2009,0,"dummy","2996","Cheikh Samb",0.997663948480261
2009,0,"dummy","2873","James Singleton",0.98070724669999
2009,0,"dummy","9","Ray Allen",0.966994411463499
2009,0,"dummy","pair_1966_2178",NA,0.951999655494046
2009,0,"dummy","1722","Yao Ming",0.932607208026306
2009,0,"dummy","3416","Nicolas Batum",0.9083279072219
2009,0,"dummy","44","Maceo Baston",0.907904259133876
2009,0,"dummy","3179","Randolph Morris",0.904014997930267
2009,0,"dummy","2793","Von Wafer",0.888509399486049
2009,0,"dummy","2011","Kyle Korver",0.833874012297493
2009,0,"dummy","3026","Rajon Rondo",0.82303070508234
2009,0,"dummy","2009","James Jones",0.808099642167586
2009,0,"dummy","3445","Courtney Lee",0.793792399219381
2009,0,"dummy","2200","Marquis Daniels",0.789348573672502
2009,0,"dummy","440","Brevin Knight",0.765250734541716
2009,0,"dummy","469","Rashard Lewis",0.760295856148798
2009,0,"dummy","429","Jason Kidd",0.750637350846912
2009,0,"dummy","110","Kobe Bryant",0.725059154429591
2009,0,"dummy","pair_2384_469",NA,0.717214892598541
2009,0,"dummy","2510","Andre Brown",0.713490156019302
2009,0,"dummy","pair_110_996",NA,0.701431167319553
2009,0,"dummy","250","Jeff Foster",0.661184260658857
2009,0,"dummy","862","Hedo Turkoglu",0.652276430573657
2009,0,"dummy","42","Brent Barry",0.636102391675127
2009,0,"dummy","2386","Andre Iguodala",0.631056972091499
2009,0,"dummy","3249","Jamario Moon",0.623074239209478
2009,0,"dummy","3930","Cartier Martin",0.612369887191548
2009,0,"dummy","434","Andrei Kirilenko",0.60701457677058
2009,0,"dummy","2384","Dwight Howard",0.604932842313188
2009,0,"dummy","614","Shaquille O'Neal",0.58794015472284
2009,0,"dummy","1713","Nene Hilario",0.572709920958362
2009,0,"dummy","70","Mark Blount",0.571389841684009
2009,0,"dummy","246","Derek Fisher",0.564406167546257
2009,0,"dummy","3187","Arron Afflalo",0.559427915210291
2009,0,"dummy","829","Stromile Swift",0.554100055306008
2009,0,"dummy","2018","Kendrick Perkins",0.544059498631599
2009,0,"dummy","pair_2983_3027",NA,0.54076570169527
2009,0,"dummy","592","Steve Nash",0.537676909138052
2009,0,"dummy","2747","Andrew Bogut",0.536809386572284
2009,0,"dummy","692","Michael Redd",0.5358675169323
2009,0,"dummy","26","Chucky Atkins",0.527600092680345
2009,0,"dummy","1017","Zach Randolph",0.526151299214036
2009,0,"dummy","3023","Leon Powe",0.518089189239859
2009,0,"dummy","2411","Josh Smith",0.514820000103487
2009,0,"dummy","2016","Zaza Pachulia",0.501511331050296
2009,0,"dummy","2751","Monta Ellis",0.501345907103403
2009,0,"dummy","2746","Andray Blatche",0.496992874316413
2009,0,"dummy","2419","Anderson Varejao",0.496526707311527
2009,0,"dummy","1014","Mehmet Okur",0.489655590509597
2009,0,"dummy","3433","Malik Hairston",0.487366537652861
2009,0,"dummy","130","Brian Cardinal",0.48582649216475
2009,0,"dummy","813","Peja Stojakovic",0.483303047904595
2009,0,"dummy","2027","Luke Walton",0.479290354434745
2009,0,"dummy","515","Kenyon Martin",0.478728199969651
2009,0,"dummy","1995","Keith Bogans",0.476146919223263
2009,0,"dummy","pair_3026_662",NA,0.466548615905192
2009,0,"dummy","976","Shane Battier",0.465798895611176
2009,0,"dummy","2456","Andres Nocioni",0.465377687057354
2009,0,"dummy","2426","Trevor Ariza",0.462512405876998
2009,0,"dummy","2178","Mo Williams",0.439206925801323
2009,0,"dummy","2789","Ronny Turiaf",0.428941004146714
2009,0,"dummy","1975","Carmelo Anthony",0.427902087582955
2009,0,"dummy","pair_1026_2753",NA,0.425649342573355
2009,0,"dummy","2444","J.R. Smith",0.423624869069038
2009,0,"dummy","3008","Ryan Hollins",0.421214680570095
2009,0,"dummy","996","Pau Gasol",0.413813726563938
2009,0,"dummy","45","Tony Battie",0.408245870392108
2009,0,"dummy","pair_336_592",NA,0.403369366743795
2009,0,"dummy","662","Paul Pierce",0.393628629530039
2009,0,"dummy","1015","Tony Parker",0.387249019639032
2009,0,"dummy","1026","Gerald Wallace",0.385627999615492
2009,0,"dummy","306","Matt Harpring",0.37586167730037
2009,0,"dummy","841","Jason Terry",0.373946045833725
2009,0,"dummy","3224","Joakim Noah",0.373344492571934
2009,0,"dummy","1007","Joe Johnson",0.365165941899015
2009,0,"dummy","2167","Boris Diaw",0.362619543897953
2009,0,"dummy","3412","Ryan Anderson",0.360887294230159
2009,0,"dummy","3025","Sergio Rodriguez",0.355542203753934
2009,0,"dummy","3474","Anthony Morrow",0.355039266670435
2009,0,"dummy","2998","Paul Davis",0.353413042832063
2009,0,"dummy","3451","Luc Mbah",0.351452431825962
2009,0,"dummy","2983","LaMarcus Aldridge",0.349225084931333
2009,0,"dummy","682","Joel Przybilla",0.348988058290299
2009,0,"dummy","10","Malik Allen",0.346106223557304
2009,0,"dummy","981","Kwame Brown",0.34578179036336
2009,0,"dummy","3410","Alexis Ajinca",0.342703638145705
2009,0,"dummy","125","Marcus Camby",0.340312248032436
2009,0,"dummy","2769","Amir Johnson",0.330896227934676
2009,0,"dummy","2172","Sasha Pavlovic",0.330753833845095
2009,0,"dummy","pair_1977_635",NA,0.327744047888031
2009,0,"dummy","2177","David West",0.327570840812877
2009,0,"dummy","25","Ron Artest",0.327310918086895
2009,0,"dummy","2782","Nate Robinson",0.325344309470915
2009,0,"dummy","2754","Channing Frye",0.318282555765546
2009,0,"dummy","1777","Ronald Murray",0.317204115738093
2009,0,"dummy","3243","Nick Young",0.31317634545532
2009,0,"dummy","847","Tim Thomas",0.305208637858124
2009,0,"dummy","2006","Josh Howard",0.30325714237533
2009,0,"dummy","336","Grant Hill",0.295837403527358
2009,0,"dummy","3041","Louis Amundson",0.292282089746784
2009,0,"dummy","1828","Reggie Evans",0.287465590185555
2009,0,"dummy","2171","Darko Milicic",0.287269149960119
2009,0,"dummy","3466","Kyle Weaver",0.275562470912638
2009,0,"dummy","2802","Alex Acker",0.264626241082466
2009,0,"dummy","991","Samuel Dalembert",0.260974530537811
2009,0,"dummy","1994","Steve Blake",0.257305021693956
2009,0,"dummy","846","Kurt Thomas",0.24950395983221
2009,0,"dummy","2997","Mardy Collins",0.248234554399153
2009,0,"dummy","883","Rasheed Wallace",0.246390855332193
2009,0,"dummy","2748","Andrew Bynum",0.244518756080886
2009,0,"dummy","3417","Jerryd Bayless",0.243789730435814
2009,0,"dummy","387","Marko Jaric",0.239022822627674
2009,0,"dummy","1016","Vladimir Radmanovic",0.238100298288109
2009,0,"dummy","3027","Brandon Roy",0.236557603100147
2009,0,"dummy","3244","Thaddeus Young",0.236374802607076
2009,0,"dummy","609","Dirk Nowitzki",0.23612752975318
2009,0,"dummy","pair_2386_557",NA,0.225576291802496
2009,0,"dummy","181","Erick Dampier",0.220373868299754
2009,0,"dummy","2760","Danny Granger",0.205581735309648
2009,0,"dummy","2832","Stephen Graham",0.197985574091119
2009,0,"dummy","2801","Antoine Wright",0.192137263573384
2009,0,"dummy","136","Vince Carter",0.186223607823882
2009,0,"dummy","1858","Devin Brown",0.178460948490396
2009,0,"dummy","3192","Aaron Brooks",0.16579630696677
2009,0,"dummy","pair_1987_2184",NA,0.165035723272943
2009,0,"dummy","49","Raja Bell",0.164034339475256
2009,0,"dummy","pair_136_2382",NA,0.161664093012996
2009,0,"dummy","510","Shawn Marion",0.160296395527103
2009,0,"dummy","1709","Melvin Ely",0.159831478910434
2009,0,"dummy","1781","Luis Scola",0.156203929783626
2009,0,"dummy","2986","Renaldo Balkman",0.155321296683283
2009,0,"dummy","pair_1724_3235",NA,0.154498371532784
2009,0,"dummy","1979","T.J. Ford",0.154000428762362
2009,0,"dummy","pair_609_841",NA,0.152221612229819
2009,0,"dummy","1987","Dwyane Wade",0.150908607802808
2009,0,"dummy","2004","Willie Green",0.148424997496226
2009,0,"dummy","137","Anthony Carter",0.145625218496131
2009,0,"dummy","3196","Daequan Cook",0.141683331978557
2009,0,"dummy","83","Bruce Bowen",0.137279837236285
2009,0,"dummy","2759","Joey Graham",0.130429840564281
2009,0,"dummy","2816","Will Bynum",0.12901184071924
2009,0,"dummy","3003","Randy Foye",0.127404900868475
2009,0,"dummy","3448","Brook Lopez",0.124592588484112
2009,0,"dummy","2429","Luol Deng",0.114935061742121
2009,0,"dummy","2749","Travis Diener",0.110158764782107
2009,0,"dummy","512","Donyell Marshall",0.10230697140226
2009,0,"dummy","1031","Maurice Evans",0.0970617557424102
2009,0,"dummy","671","James Posey",0.0928506366521594
2009,0,"dummy","63","Chauncey Billups",0.0917018350741759
2009,0,"dummy","2805","Fabricio Oberto",0.0895486647006559
2009,0,"dummy","3438","George Hill",0.0843369902611237
2009,0,"dummy","3478","Hamed Haddadi",0.0829540593441486
2009,0,"dummy","348","Eddie House",0.0784806544617744
2009,0,"dummy","2381","Ben Gordon",0.0766132682916398
2009,0,"dummy","376","Bobby Jackson",0.0734361113899551
2009,0,"dummy","pair_2757_3003",NA,0.0719076645317206
2009,0,"dummy","2015","Travis Outlaw",0.0710577263627412
2009,0,"dummy","1998","Brian Cook",0.0685576797303955
2009,0,"dummy","pair_1015_215",NA,0.0660056943084057
2009,0,"dummy","1727","Amare Stoudemire",0.0633468651579936
2009,0,"dummy","pair_1713_63",NA,0.0617170000547594
2009,0,"dummy","984","Tyson Chandler",0.0613138796943662
2009,0,"dummy","2184","Udonis Haslem",0.0601034641552982
2009,0,"dummy","3468","Russell Westbrook",0.0551106517928928
2009,0,"dummy","1034","Charlie Bell",0.0505608849537637
2009,0,"dummy","61","Mike Bibby",0.0496241383832911
2009,0,"dummy","1013","Troy Murphy",0.047121651603148
2009,0,"dummy","1784","Darius Songaila",0.0430572589889144
2009,0,"dummy","pair_2821_3277",NA,0.0418142540213896
2009,0,"dummy","2792","Charlie Villanueva",0.0381081803769995
2009,0,"dummy","215","Tim Duncan",0.0351476738433495
2009,0,"dummy","2745","Brandon Bass",0.0302822112486927
2009,0,"dummy","1765","Matt Barnes",0.0263796534306995
2009,0,"dummy","2753","Raymond Felton",0.0260112106721714
2009,0,"dummy","2399","Emeka Okafor",0.012612320833227
2009,0,"dummy","635","Anthony Parker",0.0125652805080385
2009,0,"dummy","308","Al Harrington",0.00843421550925807
2009,0,"dummy","2417","Sebastian Telfair",0.00317057849544045
2009,0,"dummy","1",NA,0
2009,0,"dummy","2",NA,0
2009,0,"dummy","2427","Andris Biedrins",-0.00558674620097309
2009,0,"dummy","2421","Sasha Vujacic",-0.00795527176359069
2009,0,"dummy","1980","Jarvis Hayes",-0.014558109630651
2009,0,"dummy","1724","Tayshaun Prince",-0.0184352902382389
2009,0,"dummy","3204","Rudy Fernandez",-0.02138897056078
2009,0,"dummy","3415","D.J. Augustin",-0.0289986429499443
2009,0,"dummy","518","Desmond Mason",-0.0330318319444622
2009,0,"dummy","1977","Chris Bosh",-0.035553627011285
2009,0,"dummy","1006","Richard Jefferson",-0.0390418276853363
2009,0,"dummy","2387","Royal Ivey",-0.0408955329906124
2009,0,"dummy","2797","Marvin Williams",-0.0410433036083825
2009,0,"dummy","3200","Glen Davis",-0.0421577953606571
2009,0,"dummy","2798","Deron Williams",-0.0448165818921643
2009,0,"dummy","2991","Ronnie Brewer",-0.0452149449378107
2009,0,"dummy","2995","Rodney Carney",-0.0474369897409716
2009,0,"dummy","532","Tracy McGrady",-0.0506217411573137
2009,0,"dummy","3006","Daniel Gibson",-0.0513416747260818
2009,0,"dummy","359","Lindsey Hunter",-0.0557570168285936
2009,0,"dummy","3276","Anthony Tolliver",-0.0576867377481378
2009,0,"dummy","2010","Jason Kapono",-0.0595077948183178
2009,0,"dummy","2433","Kris Humphries",-0.0623376732156169
2009,0,"dummy","3055","Jose Juan",-0.0725044759456419
2009,0,"dummy","575","Mikki Moore",-0.0734617079922825
2009,0,"dummy","3423","Goran Dragic",-0.0826989463502759
2009,0,"dummy","3206","Marc Gasol",-0.100246909932647
2009,0,"dummy","3225","Greg Oden",-0.100944934513388
2009,0,"dummy","3214","Yi Jianlian",-0.104764845425668
2009,0,"dummy","366","Allen Iverson",-0.106988482897171
2009,0,"dummy","pair_1007_61",NA,-0.110078463400012
2009,0,"dummy","1018","Jason Richardson",-0.113253248475134
2009,0,"dummy","1721","Roger Mason",-0.117292578798297
2009,0,"dummy","3209","Jeff Green",-0.138600186553551
2009,0,"dummy","3462","Jason Thompson",-0.141200370683405
2009,0,"dummy","272","Manu Ginobili",-0.144325352281215
2009,0,"dummy","91","Elton Brand",-0.144494379153456
2009,0,"dummy","3460","Marreese Speights",-0.146331314174372
2009,0,"dummy","pair_1014_2798",NA,-0.149064781325966
2009,0,"dummy","3194","Wilson Chandler",-0.150659822521727
2009,0,"dummy","557","Andre Miller",-0.15093105270567
2009,0,"dummy","2173","Mickael Pietrus",-0.157497859669179
2009,0,"dummy","3231","Ramon Sessions",-0.165443993073264
2009,0,"dummy","pair_3237_3431",NA,-0.166741779213158
2009,0,"dummy","pair_1013_2768",NA,-0.16989823721661
2009,0,"dummy","2821","Kelenna Azubuike",-0.170473402492919
2009,0,"dummy","3227","Gabe Pruitt",-0.17111663740636
2009,0,"dummy","2166","Leandro Barbosa",-0.178374276910003
2009,0,"dummy","294","Richard Hamilton",-0.179407335243325
2009,0,"dummy","2416","Robert Swift",-0.181125267526704
2009,0,"dummy","598","Rasho Nesterovic",-0.185292742638229
2009,0,"dummy","2990","Josh Boone",-0.190526648330513
2009,0,"dummy","3195","Mike Conley",-0.193542627195013
2009,0,"dummy","194","Baron Davis",-0.195204090684657
2009,0,"dummy","703","Quentin Richardson",-0.196805233204157
2009,0,"dummy","3028","Thabo Sefolosha",-0.200241028925199
2009,0,"dummy","489","Tyronn Lue",-0.203175711076876
2009,0,"dummy","234","Francisco Elson",-0.206955214583714
2009,0,"dummy","396","Anthony Johnson",-0.230242052864223
2009,0,"dummy","2768","Jarrett Jack",-0.232472479283784
2009,0,"dummy","1022","Bobby Simmons",-0.234884115662413
2009,0,"dummy","3220","Josh McRoberts",-0.241246787416426
2009,0,"dummy","pair_2381_3456",NA,-0.241358889720264
2009,0,"dummy","2772","David Lee",-0.245894915624469
2009,0,"dummy","3456","Derrick Rose",-0.247904842325572
2009,0,"dummy","3235","Rodney Stuckey",-0.24894157496171
2009,0,"dummy","356","Larry Hughes",-0.251684221712633
2009,0,"dummy","808","DeShawn Stevenson",-0.253410602643676
2009,0,"dummy","2382","Devin Harris",-0.254608240938537
2009,0,"dummy","pair_1006_3231",NA,-0.25915780465651
2009,0,"dummy","530","Antonio McDyess",-0.262566606897115
2009,0,"dummy","2758","Marcin Gortat",-0.265895188698017
2009,0,"dummy","165","Jamal Crawford",-0.268805752110249
2009,0,"dummy","3419","Mario Chalmers",-0.271333416528427
2009,0,"dummy","3431","Eric Gordon",-0.273769881089537
2009,0,"dummy","831","Wally Szczerbiak",-0.277336400801297
2009,0,"dummy","2389","Al Jefferson",-0.2775991099223
2009,0,"dummy","3048","Yakhouba Diawara",-0.283925209621058
2009,0,"dummy","1135","Chris Andersen",-0.284272333507127
2009,0,"dummy","3002","Jordan Farmar",-0.284533994526204
2009,0,"dummy","2799","Lou Williams",-0.286432183993246
2009,0,"dummy","3032","Tyrus Thomas",-0.292334049129874
2009,0,"dummy","498","Jamaal Magloire",-0.294325719860166
2009,0,"dummy","3277","C.J. Watson",-0.297271871741451
2009,0,"dummy","3246","Dominic McGuire",-0.298222919604914
2009,0,"dummy","788","Joe Smith",-0.317073330498632
2009,0,"dummy","2008","Dahntay Jones",-0.324791425008577
2009,0,"dummy","2778","C.J. Miles",-0.328503778514949
2009,0,"dummy","3217","Carl Landry",-0.328766551715933
2009,0,"dummy","3024","J.J. Redick",-0.331191217575114
2009,0,"dummy","2994","Dee Brown",-0.334112048036712
2009,0,"dummy","3436","Roy Hibbert",-0.336981264728171
2009,0,"dummy","1978","Nick Collison",-0.3406501486076
2009,0,"dummy","2377","Chris Duhon",-0.341450436402008
2009,0,"dummy","2794","Hakim Warrick",-0.347665292071375
2009,0,"dummy","3449","Kevin Love",-0.348307436427365
2009,0,"dummy","1707","Juan Dixon",-0.355919738756377
2009,0,"dummy","378","Stephen Jackson",-0.358398709359744
2009,0,"dummy","pair_3005_3450",NA,-0.361909401679426
2009,0,"dummy","1711","Drew Gooden",-0.370830950703529
2009,0,"dummy","3191","Corey Brewer",-0.378328988717602
2009,0,"dummy","3450","O.J. Mayo",-0.378678659299493
2009,0,"dummy","3444","Kosta Koufos",-0.381981831057288
2009,0,"dummy","11","Rafer Alston",-0.397817777552276
2009,0,"dummy","3058","Walter Herrmann",-0.409149238212053
2009,0,"dummy","2757","Ryan Gomes",-0.414605603568604
2009,0,"dummy","2806","Jose Calderon",-0.422364491608845
2009,0,"dummy","3202","Kevin Durant",-0.427167045051827
2009,0,"dummy","3005","Rudy Gay",-0.435880963415266
2009,0,"dummy","1710","Dan Gadzuric",-0.437955967722892
2009,0,"dummy","pair_2377_2772",NA,-0.448124250891614
2009,0,"dummy","2790","Roko Ukic",-0.448301608509573
2009,0,"dummy","558","Mike Miller",-0.453763004967626
2009,0,"dummy","2807","Ronnie Price",-0.457896303771736
2009,0,"dummy","3455","Anthony Randolph",-0.460782069166296
2009,0,"dummy","1982","Chris Kaman",-0.461860642213329
2009,0,"dummy","3242","Brandan Wright",-0.466261398985999
2009,0,"dummy","3207","Aaron Gray",-0.466683377044639
2009,0,"dummy","pair_1726_2448",NA,-0.474187436992825
2009,0,"dummy","687","Theo Ratliff",-0.477308578504501
2009,0,"dummy","209","Keyon Dooling",-0.485315548059786
2009,0,"dummy","3029","Mouhamed Sene",-0.486224156817966
2009,0,"dummy","615","Jermaine O'Neal",-0.487627420582315
2009,0,"dummy","2770","Linas Kleiza",-0.489494864482678
2009,0,"dummy","2984","Hilton Armstrong",-0.493644851047062
2009,0,"dummy","2834","Chuck Hayes",-0.495868674250885
2009,0,"dummy","497","Corey Maggette",-0.501703571961972
2009,0,"dummy","988","Jarron Collins",-0.506641599218069
2009,0,"dummy","pair_1705_385",NA,-0.51885267240349
2009,0,"dummy","1718","Fred Jones",-0.520155336369365
2009,0,"dummy","1985","Luke Ridnour",-0.52218288002733
2009,0,"dummy","242","Michael Finley",-0.524062795949971
2009,0,"dummy","3422","Chris Douglas-Roberts",-0.524572864017966
2009,0,"dummy","3010","Solomon Jones",-0.53583156988031
2009,0,"dummy","3461","Mike Taylor",-0.536597495598585
2009,0,"dummy","2448","Beno Udrih",-0.537848643312837
2009,0,"dummy","3046","Chris Quinn",-0.542409319543433
2009,0,"dummy","3411","Joe Alexander",-0.557403615260424
2009,0,"dummy","pair_3202_3209",NA,-0.56369129960668
2009,0,"dummy","3031","Craig Smith",-0.565779958840685
2009,0,"dummy","3241","Julian Wright",-0.56810637300277
2009,0,"dummy","3237","Al Thornton",-0.574121329498211
2009,0,"dummy","385","Antawn Jamison",-0.574673081895862
2009,0,"dummy","3213","Al Horford",-0.585703669760627
2009,0,"dummy","1705","Caron Butler",-0.586222467537371
2009,0,"dummy","3432","Donte Greene",-0.60698544682088
2009,0,"dummy","2188","Quinton Ross",-0.621801538654925
2009,0,"dummy","3012","Kyle Lowry",-0.660579796647176
2009,0,"dummy","111","Greg Buckner",-0.661083323805799
2009,0,"dummy","1731","Chris Wilcox",-0.661287135795706
2009,0,"dummy","2459","Desmon Farmer",-0.664001425640947
2009,0,"dummy","566","Cuttino Mobley",-0.668749472657931
2009,0,"dummy","1719","Nenad Krstic",-0.682114580887005
2009,0,"dummy","1767","Rasual Butler",-0.696490167681055
2009,0,"dummy","511","Sean Marks",-0.702491659857512
2009,0,"dummy","1051","Mike James",-0.713641580652736
2009,0,"dummy","550","Darius Miles",-0.723063495741609
2009,0,"dummy","3201","Jared Dudley",-0.724414696977857
2009,0,"dummy","3190","Marco Belinelli",-0.724511830986008
2009,0,"dummy","1708","Mike Dunleavy",-0.744130317230179
2009,0,"dummy","3437","J.J. Hickson",-0.746409172567523
2009,0,"dummy","1027","Earl Watson",-0.749115600025217
2009,0,"dummy","1703","Carlos Boozer",-0.752628602469296
2009,0,"dummy","1717","Jared Jeffries",-0.812529935647855
2009,0,"dummy","2987","Andrea Bargnani",-0.822705950596357
2009,0,"dummy","351","Juwan Howard",-0.832326095632556
2009,0,"dummy","998","Trenton Hassell",-0.841348588937805
2009,0,"dummy","992","DeSagana Diop",-0.842928449069673
2009,0,"dummy","3418","Michael Beasley",-0.851894657323002
2009,0,"dummy","3020","Oleksiy Pecherov",-0.85368932878661
2009,0,"dummy","556","Brad Miller",-0.866778411443643
2009,0,"dummy","1726","John Salmons",-0.871003682486931
2009,0,"dummy","3219","Acie Law",-0.892129234568193
2009,0,"dummy","568","Nazr Mohammed",-0.89886806412808
2009,0,"dummy","3278","Mario West",-0.911077152627444
2009,0,"dummy","2992","Shannon Brown",-0.919309312924437
2009,0,"dummy","3040","Shelden Williams",-0.920620174119935
2009,0,"dummy","2755","Francisco Garcia",-0.946629720327326
2009,0,"dummy","3247","Joel Anthony",-0.956340079030486
2009,0,"dummy","656","Morris Peterson",-0.976715898442886
2009,0,"dummy","84","Ryan Bowen",-0.981578866731162
2009,0,"dummy","3000","Quincy Douby",-0.996109826446371
2009,0,"dummy","2394","Kevin Martin",-1.0216779220977
2009,0,"dummy","3459","Sean Singletary",-1.03934216471613
2009,0,"dummy","2777","Rashad McCants",-1.04806633356351
2009,0,"dummy","3211","Spencer Hawes",-1.07953349468899
2009,0,"dummy","2761","Gerald Green",-1.08888398273466
2009,0,"dummy","3239","Sean Williams",-1.09402691447382
2009,0,"dummy","2211","Matt Carroll",-1.1112047531806
2009,0,"dummy","3457","Brandon Rush",-1.14025850829347
2009,0,"dummy","1725","Kareem Rush",-1.1409329874827
2009,0,"dummy","3838","DeMarcus Nelson",-1.14246260882898
2009,0,"dummy","3030","Cedric Simmons",-1.15879580252504
2009,0,"dummy","3160","Jeremy Richardson",-1.17475730254927
2009,0,"dummy","3413","Darrell Arthur",-1.17614194924689
2009,0,"dummy","2775","Jason Maxiell",-1.18480274475254
2009,0,"dummy","3197","Javaris Crittenton",-1.26414959491188
2009,0,"dummy","3016","Adam Morrison",-1.26792425980911
2009,0,"dummy","3447","Robin Lopez",-1.30313484769276
2009,0,"dummy","3464","Bill Walker",-1.35231200691356
2009,0,"dummy","3188","Morris Almond",-1.36493629117179
2009,0,"dummy","874","Jacque Vaughn",-1.39672337329802
2009,0,"dummy","620","Kevin Ollie",-1.4586987566031
2009,0,"dummy","193","Ricky Davis",-1.47157396497875
2009,0,"dummy","591","Eduardo Najera",-1.49751274947148
2009,0,"dummy","2506","Damien Wilkins",-1.52369181234226
2009,0,"dummy","1023","Will Solomon",-1.52980312985308
2009,0,"dummy","3045","Tarence Kinsey",-1.54118079816687
2009,0,"dummy","2780","Johan Petro",-1.60833168818534
2009,0,"dummy","2197","Josh Powell",-1.67860978147813
2009,0,"dummy","3018","Steve Novak",-1.69751979865409
2009,0,"dummy","779","Brian Skinner",-1.72283216088562
2009,0,"dummy","3019","Patrick O'Bryant",-1.7260655341334
2009,0,"dummy","3039","Marcus Williams",-1.73087855389979
2009,0,"dummy","167","Austin Croshere",-1.73666017846243
2009,0,"dummy","3442","DeAndre Jordan",-1.75231314313403
2009,0,"dummy","183","Antonio Daniels",-1.77999281047069
2009,0,"dummy","312","Jason Hart",-1.80270189131331
2009,0,"dummy","3472","Bobby Brown",-1.8063982595305
2009,0,"dummy","2981","Hassan Adams",-1.84270512790709
2009,0,"dummy","254","Adonal Foyle",-1.89467345800668
2009,0,"dummy","987","Jason Collins",-1.89567299901866
2009,0,"dummy","2750","Ike Diogu",-1.90291838788176
2009,0,"dummy","2776","Sean May",-1.93422770491094
2009,0,"dummy","802","Jerry Stackhouse",-1.94273722583876
2009,0,"dummy","3452","JaVale McGee",-2.09093952571622
2009,0,"dummy","3263","Thomas Gardner",-2.10663532096212
2009,0,"dummy","267","Devean George",-2.16429101959809
2009,0,"dummy","2763","Luther Head",-2.23510033479433
2009,0,"dummy","3440","Darnell Jackson",-2.29809435885651
2009,0,"dummy","3837","Rob Kurz",-2.31586658165411
2009,0,"dummy","588","Dikembe Mutombo",-2.37658933873012
2009,0,"dummy","2817","Anthony Roberson",-2.42591997504375
2009,0,"dummy","851","Etan Thomas",-2.49906483471928
2009,0,"dummy","3467","Sonny Weems",-2.60348889113996
2009,0,"dummy","270",NA,-3.32726248491959
2009,0,"dummy","2165","Marcus Banks",-3.73333436191903
2009,0,"dummy","509","Stephon Marbury",-3.9591120777604
2009,0,"dummy","549","Chris Mihm",-4.0946576156082
2009,0,"dummy","2393","Shaun Livingston",-4.3538546619835
2009,0,"dummy","2450","D.J. Mbenga",-4.42960389589646
2009,0,"dummy","2795",NA,-5.03519371009072
2009,0,"dummy","2982","Maurice Ager",-5.07168837089506
2009,0,"dummy","3256",NA,-5.73623738699077
2009,0,"dummy","2810","Shavlik Randolph",-6.67302165341722
2009,0,"dummy","3245",NA,-9.29379924748841
2009,0,"dummy","3421",NA,-10.4189655807518
2009,0,"dummy","2423","Dorell Wright",-11.5263280537648
2009,0,"dummy","3199","Jermareo Davidson",-15.2153865438343
2009,0,"dummy","3458","Walter Sharpe",-16.7886263049233
2009,0,"dummy","990","Eddy Curry",-19.0212339167159
2009,5,"dummy","3402",NA,4.25763827696036
2009,5,"dummy","3053","Pops Mensah-Bonsu",2.55429175388086
2009,5,"dummy","879","Jake Voskuhl",2.2027619026801
2009,5,"dummy","496","Mark Madsen",1.75245946852951
2009,5,"dummy","959","Lorenzen Wright",1.64007194747806
2009,5,"dummy","2819","Dwayne Jones",1.61172155221437
2009,5,"dummy","866","Ime Udoka",1.61010267760109
2009,5,"dummy","3205","Kyrylo Fesenko",1.59324434696539
2009,5,"dummy","3038","Shawne Williams",1.58699370892993
2009,5,"dummy","2439","Jameer Nelson",1.56357765266138
2009,5,"dummy","pair_1722_25",NA,1.49747299486556
2009,5,"dummy","617","Lamar Odom",1.48557576009407
2009,5,"dummy","885","Ben Wallace",1.40156324285411
2009,5,"dummy","1996","Matt Bonner",1.38279268236303
2009,5,"dummy","1966","LeBron James",1.37890651172695
2009,5,"dummy","3238","Alando Tucker",1.35884005739247
2009,5,"dummy","739","Malik Rose",1.32657657256041
2009,5,"dummy","2779","Chris Paul",1.31434854519296
2009,5,"dummy","pair_2177_2779",NA,1.2970474044147
2009,5,"dummy","1021","Brian Scalabrine",1.28295058528851
2009,5,"dummy","261","Kevin Garnett",1.19009723064808
2009,5,"dummy","1981","Kirk Hinrich",1.14443255128591
2009,5,"dummy","2422","Delonte West",1.11157308951407
2009,5,"dummy","3428","Danilo Gallinari",1.0947616746637
2009,5,"dummy","3015","Paul Millsap",1.07670995272297
2009,5,"dummy","2873","James Singleton",1.06913006488423
2009,5,"dummy","2367","Tony Allen",1.05820791101808
2009,5,"dummy","362","Zydrunas Ilgauskas",1.05563478758602
2009,5,"dummy","9","Ray Allen",1.01418372470185
2009,5,"dummy","44","Maceo Baston",0.987281680360127
2009,5,"dummy","1722","Yao Ming",0.980029437759087
2009,5,"dummy","pair_1966_2178",NA,0.975677116399277
2009,5,"dummy","2793","Von Wafer",0.960865902939907
2009,5,"dummy","3416","Nicolas Batum",0.942038783993607
2009,5,"dummy","2009","James Jones",0.883036416766168
2009,5,"dummy","2011","Kyle Korver",0.870129396856703
2009,5,"dummy","3026","Rajon Rondo",0.854097528820892
2009,5,"dummy","3445","Courtney Lee",0.846482239480269
2009,5,"dummy","2200","Marquis Daniels",0.840492197987788
2009,5,"dummy","429","Jason Kidd",0.803032856269064
2009,5,"dummy","469","Rashard Lewis",0.787590554981311
2009,5,"dummy","440","Brevin Knight",0.786606684757587
2009,5,"dummy","2510","Andre Brown",0.765557991665504
2009,5,"dummy","110","Kobe Bryant",0.756930701499092
2009,5,"dummy","pair_110_996",NA,0.732639643677587
2009,5,"dummy","pair_2384_469",NA,0.731246244561059
2009,5,"dummy","250","Jeff Foster",0.698710389802396
2009,5,"dummy","862","Hedo Turkoglu",0.684849840308463
2009,5,"dummy","2386","Andre Iguodala",0.680763612678172
2009,5,"dummy","3249","Jamario Moon",0.679109922675427
2009,5,"dummy","42","Brent Barry",0.678786276521627
2009,5,"dummy","70","Mark Blount",0.641930366076788
2009,5,"dummy","3930","Cartier Martin",0.636472312803416
2009,5,"dummy","434","Andrei Kirilenko",0.629311451421608
2009,5,"dummy","26","Chucky Atkins",0.629263905063169
2009,5,"dummy","2384","Dwight Howard",0.625554759314293
2009,5,"dummy","614","Shaquille O'Neal",0.621050524153187
2009,5,"dummy","1713","Nene Hilario",0.603615161871813
2009,5,"dummy","829","Stromile Swift",0.588662822443271
2009,5,"dummy","3187","Arron Afflalo",0.584329742835572
2009,5,"dummy","246","Derek Fisher",0.572399100753772
2009,5,"dummy","2747","Andrew Bogut",0.570278544355044
2009,5,"dummy","592","Steve Nash",0.567824004334246
2009,5,"dummy","692","Michael Redd",0.56706131201437
2009,5,"dummy","pair_2983_3027",NA,0.563885143637297
2009,5,"dummy","1017","Zach Randolph",0.558521012807978
2009,5,"dummy","2018","Kendrick Perkins",0.55541483221941
2009,5,"dummy","2746","Andray Blatche",0.548227679638015
2009,5,"dummy","2411","Josh Smith",0.546731040363965
2009,5,"dummy","2751","Monta Ellis",0.542289954699657
2009,5,"dummy","2016","Zaza Pachulia",0.54083056359127
2009,5,"dummy","3023","Leon Powe",0.538584106589165
2009,5,"dummy","130","Brian Cardinal",0.534466700061931
2009,5,"dummy","1014","Mehmet Okur",0.520569731186183
2009,5,"dummy","3433","Malik Hairston",0.517462010037416
2009,5,"dummy","515","Kenyon Martin",0.514051710749003
2009,5,"dummy","813","Peja Stojakovic",0.505957202716544
2009,5,"dummy","2419","Anderson Varejao",0.503172164015465
2009,5,"dummy","2456","Andres Nocioni",0.496987951401986
2009,5,"dummy","3008","Ryan Hollins",0.47831022991595
2009,5,"dummy","976","Shane Battier",0.477180793792327
2009,5,"dummy","1995","Keith Bogans",0.469707971138831
2009,5,"dummy","2789","Ronny Turiaf",0.469706534860486
2009,5,"dummy","pair_3026_662",NA,0.462813778681487
2009,5,"dummy","2027","Luke Walton",0.460723293509789
2009,5,"dummy","pair_1026_2753",NA,0.454303381667256
2009,5,"dummy","1975","Carmelo Anthony",0.453842243458102
2009,5,"dummy","2444","J.R. Smith",0.453789494182441
2009,5,"dummy","10","Malik Allen",0.44651227297317
2009,5,"dummy","2426","Trevor Ariza",0.428822019325671
2009,5,"dummy","2178","Mo Williams",0.42849462103634
2009,5,"dummy","996","Pau Gasol",0.427314088035016
2009,5,"dummy","pair_336_592",NA,0.421591891310349
2009,5,"dummy","3224","Joakim Noah",0.419845986963653
2009,5,"dummy","45","Tony Battie",0.417282357770504
2009,5,"dummy","1026","Gerald Wallace",0.414511594467855
2009,5,"dummy","1015","Tony Parker",0.411660771515017
2009,5,"dummy","1007","Joe Johnson",0.402142454959135
2009,5,"dummy","841","Jason Terry",0.401570707883587
2009,5,"dummy","662","Paul Pierce",0.392246768630808
2009,5,"dummy","3451","Luc Mbah",0.387434318922911
2009,5,"dummy","3412","Ryan Anderson",0.384176619690092
2009,5,"dummy","2167","Boris Diaw",0.383881633191551
2009,5,"dummy","981","Kwame Brown",0.380817765799332
2009,5,"dummy","2998","Paul Davis",0.372171888694508
2009,5,"dummy","306","Matt Harpring",0.3700444715831
2009,5,"dummy","2983","LaMarcus Aldridge",0.368489148094815
2009,5,"dummy","125","Marcus Camby",0.367377621015661
2009,5,"dummy","pair_1977_635",NA,0.366630188184759
2009,5,"dummy","3243","Nick Young",0.366140259215968
2009,5,"dummy","1777","Ronald Murray",0.363259765367867
2009,5,"dummy","3410","Alexis Ajinca",0.362049375858073
2009,5,"dummy","682","Joel Przybilla",0.361665085754746
2009,5,"dummy","2172","Sasha Pavlovic",0.354649258005247
2009,5,"dummy","3474","Anthony Morrow",0.354526388506222
2009,5,"dummy","3025","Sergio Rodriguez",0.348395900343145
2009,5,"dummy","2769","Amir Johnson",0.34832408106724
2009,5,"dummy","2782","Nate Robinson",0.336528741933593
2009,5,"dummy","2177","David West",0.330153546816098
2009,5,"dummy","847","Tim Thomas",0.328478968393073
2009,5,"dummy","25","Ron Artest",0.327494755064543
2009,5,"dummy","2171","Darko Milicic",0.327194862057451
2009,5,"dummy","2006","Josh Howard",0.325657337470366
2009,5,"dummy","1828","Reggie Evans",0.309844722246628
2009,5,"dummy","3466","Kyle Weaver",0.309807450868034
2009,5,"dummy","336","Grant Hill",0.309005803822498
2009,5,"dummy","3041","Louis Amundson",0.306053831255265
2009,5,"dummy","2997","Mardy Collins",0.302908832986095
2009,5,"dummy","2754","Channing Frye",0.287994463827985
2009,5,"dummy","883","Rasheed Wallace",0.278645126005793
2009,5,"dummy","991","Samuel Dalembert",0.274838529862592
2009,5,"dummy","387","Marko Jaric",0.267456685549166
2009,5,"dummy","846","Kurt Thomas",0.264244256749003
2009,5,"dummy","1994","Steve Blake",0.262029648401869
2009,5,"dummy","2748","Andrew Bynum",0.255719322141485
2009,5,"dummy","609","Dirk Nowitzki",0.250697377702399
2009,5,"dummy","3244","Thaddeus Young",0.249289669492288
2009,5,"dummy","3417","Jerryd Bayless",0.240199652345075
2009,5,"dummy","3027","Brandon Roy",0.23535426550043
2009,5,"dummy","pair_2386_557",NA,0.235165149463884
2009,5,"dummy","181","Erick Dampier",0.228657921755776
2009,5,"dummy","2760","Danny Granger",0.224984029200528
2009,5,"dummy","2832","Stephen Graham",0.21543276499963
2009,5,"dummy","136","Vince Carter",0.206458135306211
2009,5,"dummy","1016","Vladimir Radmanovic",0.201013058331566
2009,5,"dummy","2801","Antoine Wright",0.190892750181937
2009,5,"dummy","1858","Devin Brown",0.187266307549467
2009,5,"dummy","pair_1987_2184",NA,0.182176444485393
2009,5,"dummy","510","Shawn Marion",0.182152665753499
2009,5,"dummy","2986","Renaldo Balkman",0.181180459328932
2009,5,"dummy","pair_136_2382",NA,0.177471026803798
2009,5,"dummy","pair_1724_3235",NA,0.172743658398211
2009,5,"dummy","1979","T.J. Ford",0.171016311209761
2009,5,"dummy","1987","Dwyane Wade",0.169259568411614
2009,5,"dummy","1709","Melvin Ely",0.166739729532686
2009,5,"dummy","49","Raja Bell",0.165210037530588
2009,5,"dummy","1781","Luis Scola",0.163393141811904
2009,5,"dummy","2759","Joey Graham",0.1610010836577
2009,5,"dummy","3003","Randy Foye",0.155116539160622
2009,5,"dummy","3196","Daequan Cook",0.154460877474014
2009,5,"dummy","3192","Aaron Brooks",0.152936397031575
2009,5,"dummy","137","Anthony Carter",0.152336062501558
2009,5,"dummy","2004","Willie Green",0.15208447837435
2009,5,"dummy","pair_609_841",NA,0.15054918808682
2009,5,"dummy","83","Bruce Bowen",0.145421380026028
2009,5,"dummy","3448","Brook Lopez",0.133502076874148
2009,5,"dummy","2429","Luol Deng",0.126633275519164
2009,5,"dummy","376","Bobby Jackson",0.121434340769681
2009,5,"dummy","2749","Travis Diener",0.120520758458451
2009,5,"dummy","512","Donyell Marshall",0.1107700610066
2009,5,"dummy","1031","Maurice Evans",0.106261837078483
2009,5,"dummy","3",NA,0.101292375087451
2009,5,"dummy","671","James Posey",0.0948463479592986
2009,5,"dummy","pair_2757_3003",NA,0.090840094937115
2009,5,"dummy","2805","Fabricio Oberto",0.0884921845655141
2009,5,"dummy","63","Chauncey Billups",0.0862504456955657
2009,5,"dummy","2381","Ben Gordon",0.0860190299228348
2009,5,"dummy","2816","Will Bynum",0.0802954664942175
2009,5,"dummy","3468","Russell Westbrook",0.0790127092934418
2009,5,"dummy","3438","George Hill",0.0733201602541497
2009,5,"dummy","2184","Udonis Haslem",0.0697153352419262
2009,5,"dummy","1034","Charlie Bell",0.0611246890237086
2009,5,"dummy","1784","Darius Songaila",0.0604742398750176
2009,5,"dummy","2015","Travis Outlaw",0.060413811030629
2009,5,"dummy","pair_1015_215",NA,0.0600420245406497
2009,5,"dummy","1727","Amare Stoudemire",0.0597686678275255
2009,5,"dummy","61","Mike Bibby",0.0596426815187848
2009,5,"dummy","pair_2821_3277",NA,0.0561955733455003
2009,5,"dummy","1013","Troy Murphy",0.0491792381108758
2009,5,"dummy","pair_1713_63",NA,0.0468108313581554
2009,5,"dummy","2792","Charlie Villanueva",0.0393802420155225
2009,5,"dummy","348","Eddie House",0.0382539261852455
2009,5,"dummy","2753","Raymond Felton",0.035684734341231
2009,5,"dummy","2745","Brandon Bass",0.0336104329862175
2009,5,"dummy","215","Tim Duncan",0.0335517791721937
2009,5,"dummy","984","Tyson Chandler",0.0306859769700398
2009,5,"dummy","635","Anthony Parker",0.0234828197616378
2009,5,"dummy","1765","Matt Barnes",0.0199063261246373
2009,5,"dummy","2399","Emeka Okafor",0.0163467820204365
2009,5,"dummy","308","Al Harrington",0.0147378463944388
2009,5,"dummy","2417","Sebastian Telfair",0.0126218008689453
2009,5,"dummy","2427","Andris Biedrins",0.0121445125207628
2009,5,"dummy","4",NA,0
2009,5,"dummy","1980","Jarvis Hayes",-0.00979524099184236
2009,5,"dummy","1724","Tayshaun Prince",-0.0154371266492976
2009,5,"dummy","518","Desmond Mason",-0.0199192003205377
2009,5,"dummy","3415","D.J. Augustin",-0.0218190273322014
2009,5,"dummy","3204","Rudy Fernandez",-0.0300441980953824
2009,5,"dummy","1977","Chris Bosh",-0.0324648285613039
2009,5,"dummy","2995","Rodney Carney",-0.040905005721141
2009,5,"dummy","2797","Marvin Williams",-0.0463922684558537
2009,5,"dummy","2387","Royal Ivey",-0.0470483559725716
2009,5,"dummy","1006","Richard Jefferson",-0.049588611939699
2009,5,"dummy","2991","Ronnie Brewer",-0.0504811170185526
2009,5,"dummy","2010","Jason Kapono",-0.051884926156968
2009,5,"dummy","3200","Glen Davis",-0.0536160732054287
2009,5,"dummy","359","Lindsey Hunter",-0.0542411180389971
2009,5,"dummy","575","Mikki Moore",-0.0562946215962417
2009,5,"dummy","2798","Deron Williams",-0.0574940006092908
2009,5,"dummy","3276","Anthony Tolliver",-0.0667389845916233
2009,5,"dummy","3055","Jose Juan",-0.0723789844873635
2009,5,"dummy","532","Tracy McGrady",-0.0728258755175583
2009,5,"dummy","3006","Daniel Gibson",-0.074520224207963
2009,5,"dummy","3423","Goran Dragic",-0.0771920131487525
2009,5,"dummy","3206","Marc Gasol",-0.0835924209431688
2009,5,"dummy","2433","Kris Humphries",-0.0938190270075522
2009,5,"dummy","3462","Jason Thompson",-0.104248065287418
2009,5,"dummy","2421","Sasha Vujacic",-0.10574832755571
2009,5,"dummy","366","Allen Iverson",-0.106994549266828
2009,5,"dummy","3225","Greg Oden",-0.115232682692232
2009,5,"dummy","3214","Yi Jianlian",-0.120388138784984
2009,5,"dummy","pair_1007_61",NA,-0.120632420756355
2009,5,"dummy","1018","Jason Richardson",-0.123002090673318
2009,5,"dummy","3209","Jeff Green",-0.12961867198771
2009,5,"dummy","1721","Roger Mason",-0.137432465786489
2009,5,"dummy","pair_3237_3431",NA,-0.146898110403512
2009,5,"dummy","489","Tyronn Lue",-0.147557638098904
2009,5,"dummy","3231","Ramon Sessions",-0.157669002151007
2009,5,"dummy","3194","Wilson Chandler",-0.157810936626602
2009,5,"dummy","3460","Marreese Speights",-0.159494086090826
2009,5,"dummy","91","Elton Brand",-0.162465170831081
2009,5,"dummy","272","Manu Ginobili",-0.163651752061778
2009,5,"dummy","2821","Kelenna Azubuike",-0.168464455647553
2009,5,"dummy","pair_1014_2798",NA,-0.17166541353348
2009,5,"dummy","557","Andre Miller",-0.173686985680965
2009,5,"dummy","2416","Robert Swift",-0.179256175183767
2009,5,"dummy","pair_1013_2768",NA,-0.182472363314579
2009,5,"dummy","3028","Thabo Sefolosha",-0.184030706887642
2009,5,"dummy","3195","Mike Conley",-0.186586677108555
2009,5,"dummy","234","Francisco Elson",-0.187342478634494
2009,5,"dummy","294","Richard Hamilton",-0.188983367412485
2009,5,"dummy","2173","Mickael Pietrus",-0.192856805753803
2009,5,"dummy","703","Quentin Richardson",-0.197783169014041
2009,5,"dummy","598","Rasho Nesterovic",-0.205517216472471
2009,5,"dummy","2166","Leandro Barbosa",-0.208065773440185
2009,5,"dummy","194","Baron Davis",-0.209219904874952
2009,5,"dummy","2990","Josh Boone",-0.2150662369668
2009,5,"dummy","808","DeShawn Stevenson",-0.2446590230013
2009,5,"dummy","1022","Bobby Simmons",-0.244840970365409
2009,5,"dummy","2772","David Lee",-0.247127106232295
2009,5,"dummy","3220","Josh McRoberts",-0.248182687480219
2009,5,"dummy","pair_2381_3456",NA,-0.253675372216301
2009,5,"dummy","2768","Jarrett Jack",-0.253820949133745
2009,5,"dummy","3235","Rodney Stuckey",-0.261837913161926
2009,5,"dummy","3431","Eric Gordon",-0.264544725759233
2009,5,"dummy","3456","Derrick Rose",-0.267503885786584
2009,5,"dummy","396","Anthony Johnson",-0.268461823894424
2009,5,"dummy","356","Larry Hughes",-0.269208720443881
2009,5,"dummy","2382","Devin Harris",-0.270096204722273
2009,5,"dummy","530","Antonio McDyess",-0.272335279677466
2009,5,"dummy","pair_1006_3231",NA,-0.274994364663967
2009,5,"dummy","165","Jamal Crawford",-0.277206405461371
2009,5,"dummy","3227","Gabe Pruitt",-0.277459030170587
2009,5,"dummy","2389","Al Jefferson",-0.281764483178475
2009,5,"dummy","3246","Dominic McGuire",-0.287069591786951
2009,5,"dummy","3419","Mario Chalmers",-0.295442734667261
2009,5,"dummy","3048","Yakhouba Diawara",-0.309607106441392
2009,5,"dummy","831","Wally Szczerbiak",-0.311682589393925
2009,5,"dummy","2799","Lou Williams",-0.315217707941602
2009,5,"dummy","3032","Tyrus Thomas",-0.316072052879723
2009,5,"dummy","788","Joe Smith",-0.316228425248281
2009,5,"dummy","498","Jamaal Magloire",-0.318074556241438
2009,5,"dummy","1135","Chris Andersen",-0.318446590522631
2009,5,"dummy","3277","C.J. Watson",-0.321975883332384
2009,5,"dummy","2758","Marcin Gortat",-0.332291007573152
2009,5,"dummy","3217","Carl Landry",-0.350264440144502
2009,5,"dummy","2994","Dee Brown",-0.350602724530336
2009,5,"dummy","3002","Jordan Farmar",-0.353785538923834
2009,5,"dummy","2794","Hakim Warrick",-0.354102350966924
2009,5,"dummy","2008","Dahntay Jones",-0.354514561881574
2009,5,"dummy","2778","C.J. Miles",-0.357172823674207
2009,5,"dummy","1978","Nick Collison",-0.359035716331134
2009,5,"dummy","2377","Chris Duhon",-0.361675685730758
2009,5,"dummy","3436","Roy Hibbert",-0.363598338053236
2009,5,"dummy","3449","Kevin Love",-0.365930833577074
2009,5,"dummy","1707","Juan Dixon",-0.36642641957746
2009,5,"dummy","pair_3005_3450",NA,-0.36791268902072
2009,5,"dummy","3024","J.J. Redick",-0.368822792273886
2009,5,"dummy","378","Stephen Jackson",-0.370726003510628
2009,5,"dummy","3450","O.J. Mayo",-0.387852068205703
2009,5,"dummy","1711","Drew Gooden",-0.39503231209351
2009,5,"dummy","3444","Kosta Koufos",-0.41788553623772
2009,5,"dummy","3191","Corey Brewer",-0.424878675418253
2009,5,"dummy","2757","Ryan Gomes",-0.436833879819696
2009,5,"dummy","11","Rafer Alston",-0.441163051617236
2009,5,"dummy","3202","Kevin Durant",-0.446527445348981
2009,5,"dummy","3005","Rudy Gay",-0.448326627543788
2009,5,"dummy","1710","Dan Gadzuric",-0.452740281634147
2009,5,"dummy","3242","Brandan Wright",-0.454517054729128
2009,5,"dummy","2806","Jose Calderon",-0.456384826143033
2009,5,"dummy","pair_2377_2772",NA,-0.458423986258794
2009,5,"dummy","2790","Roko Ukic",-0.464681757290322
2009,5,"dummy","1982","Chris Kaman",-0.465106808396237
2009,5,"dummy","3207","Aaron Gray",-0.469667048426288
2009,5,"dummy","pair_1726_2448",NA,-0.471872707786391
2009,5,"dummy","558","Mike Miller",-0.480446147762379
2009,5,"dummy","1718","Fred Jones",-0.484216504067817
2009,5,"dummy","2834","Chuck Hayes",-0.488698589498922
2009,5,"dummy","2807","Ronnie Price",-0.489717896814821
2009,5,"dummy","3058","Walter Herrmann",-0.490496955505148
2009,5,"dummy","3455","Anthony Randolph",-0.490708301630949
2009,5,"dummy","687","Theo Ratliff",-0.507685002155298
2009,5,"dummy","209","Keyon Dooling",-0.514430574477599
2009,5,"dummy","3411","Joe Alexander",-0.516425195115638
2009,5,"dummy","615","Jermaine O'Neal",-0.523265273792692
2009,5,"dummy","pair_1705_385",NA,-0.526929558026628
2009,5,"dummy","2984","Hilton Armstrong",-0.52926788453802
2009,5,"dummy","3461","Mike Taylor",-0.529643212016547
2009,5,"dummy","3010","Solomon Jones",-0.531044124933064
2009,5,"dummy","2770","Linas Kleiza",-0.537326486842881
2009,5,"dummy","2448","Beno Udrih",-0.540801821959089
2009,5,"dummy","988","Jarron Collins",-0.544953425021207
2009,5,"dummy","497","Corey Maggette",-0.550166587138917
2009,5,"dummy","1985","Luke Ridnour",-0.572908112199782
2009,5,"dummy","242","Michael Finley",-0.57580453221765
2009,5,"dummy","3046","Chris Quinn",-0.585908642530387
2009,5,"dummy","3237","Al Thornton",-0.587720717216077
2009,5,"dummy","3031","Craig Smith",-0.592582523589205
2009,5,"dummy","pair_3202_3209",NA,-0.593617656236788
2009,5,"dummy","385","Antawn Jamison",-0.596234688095074
2009,5,"dummy","3241","Julian Wright",-0.60201658527858
2009,5,"dummy","1705","Caron Butler",-0.606686551929167
2009,5,"dummy","3422","Chris Douglas-Roberts",-0.632016526620785
2009,5,"dummy","3432","Donte Greene",-0.632375222207391
2009,5,"dummy","3213","Al Horford",-0.642663092564696
2009,5,"dummy","2188","Quinton Ross",-0.650691904980364
2009,5,"dummy","1731","Chris Wilcox",-0.689962936734853
2009,5,"dummy","3012","Kyle Lowry",-0.693671715375459
2009,5,"dummy","111","Greg Buckner",-0.698693825491467
2009,5,"dummy","566","Cuttino Mobley",-0.707501007033644
2009,5,"dummy","2459","Desmon Farmer",-0.718166936222949
2009,5,"dummy","1719","Nenad Krstic",-0.732596277238123
2009,5,"dummy","511","Sean Marks",-0.751861096995418
2009,5,"dummy","1051","Mike James",-0.753055380276161
2009,5,"dummy","550","Darius Miles",-0.755103095066957
2009,5,"dummy","3190","Marco Belinelli",-0.756937375651834
2009,5,"dummy","1767","Rasual Butler",-0.76890360348491
2009,5,"dummy","3201","Jared Dudley",-0.771158624697775
2009,5,"dummy","3020","Oleksiy Pecherov",-0.780824361147456
2009,5,"dummy","1027","Earl Watson",-0.79733852837773
2009,5,"dummy","1708","Mike Dunleavy",-0.800601965285702
2009,5,"dummy","3437","J.J. Hickson",-0.809822401563714
2009,5,"dummy","1703","Carlos Boozer",-0.812010944647542
2009,5,"dummy","3219","Acie Law",-0.826647676742374
2009,5,"dummy","1717","Jared Jeffries",-0.850268671839549
2009,5,"dummy","2987","Andrea Bargnani",-0.87839584691143
2009,5,"dummy","351","Juwan Howard",-0.879426045712546
2009,5,"dummy","1726","John Salmons",-0.901719957459849
2009,5,"dummy","992","DeSagana Diop",-0.902661653700127
2009,5,"dummy","556","Brad Miller",-0.905297343644438
2009,5,"dummy","3418","Michael Beasley",-0.911201410816502
2009,5,"dummy","998","Trenton Hassell",-0.91353934574635
2009,5,"dummy","3040","Shelden Williams",-0.92794071919782
2009,5,"dummy","568","Nazr Mohammed",-0.934370729427536
2009,5,"dummy","2755","Francisco Garcia",-0.978648795851647
2009,5,"dummy","2992","Shannon Brown",-0.983542981248811
2009,5,"dummy","3247","Joel Anthony",-1.0341235060743
2009,5,"dummy","84","Ryan Bowen",-1.04426014860848
2009,5,"dummy","2394","Kevin Martin",-1.04571006059851
2009,5,"dummy","656","Morris Peterson",-1.05009029614997
2009,5,"dummy","2",NA,-1.08135170945666
2009,5,"dummy","3000","Quincy Douby",-1.08365017842399
2009,5,"dummy","2777","Rashad McCants",-1.11155365263784
2009,5,"dummy","3459","Sean Singletary",-1.11221462320712
2009,5,"dummy","3211","Spencer Hawes",-1.1387000848857
2009,5,"dummy","2761","Gerald Green",-1.17965181703967
2009,5,"dummy","3239","Sean Williams",-1.18987527723942
2009,5,"dummy","2211","Matt Carroll",-1.19387179624181
2009,5,"dummy","3838","DeMarcus Nelson",-1.20765979283181
2009,5,"dummy","1725","Kareem Rush",-1.22605276909034
2009,5,"dummy","3457","Brandon Rush",-1.24131478727411
2009,5,"dummy","3413","Darrell Arthur",-1.24957186239359
2009,5,"dummy","2775","Jason Maxiell",-1.26953911133758
2009,5,"dummy","3197","Javaris Crittenton",-1.30943882367426
2009,5,"dummy","3016","Adam Morrison",-1.36121821237942
2009,5,"dummy","3447","Robin Lopez",-1.41095509585943
2009,5,"dummy","3188","Morris Almond",-1.4844134239226
2009,5,"dummy","874","Jacque Vaughn",-1.51411760696964
2009,5,"dummy","620","Kevin Ollie",-1.54559398640108
2009,5,"dummy","193","Ricky Davis",-1.54754004594139
2009,5,"dummy","2506","Damien Wilkins",-1.58781287567433
2009,5,"dummy","1",NA,-1.61231635090636
2009,5,"dummy","1023","Will Solomon",-1.63632249587192
2009,5,"dummy","591","Eduardo Najera",-1.64166468306368
2009,5,"dummy","2780","Johan Petro",-1.69594714994244
2009,5,"dummy","3045","Tarence Kinsey",-1.70063644833882
2009,5,"dummy","3018","Steve Novak",-1.75604230818699
2009,5,"dummy","3442","DeAndre Jordan",-1.79004179700105
2009,5,"dummy","779","Brian Skinner",-1.82213244676106
2009,5,"dummy","312","Jason Hart",-1.83314565777871
2009,5,"dummy","167","Austin Croshere",-1.87599814874374
2009,5,"dummy","183","Antonio Daniels",-1.88793242003913
2009,5,"dummy","3472","Bobby Brown",-1.89926953641848
2009,5,"dummy","2197","Josh Powell",-1.9318639887369
2009,5,"dummy","987","Jason Collins",-2.01158991929993
2009,5,"dummy","2776","Sean May",-2.05208690007568
2009,5,"dummy","802","Jerry Stackhouse",-2.07544274679987
2009,5,"dummy","3039","Marcus Williams",-2.07948142409153
2009,5,"dummy","3452","JaVale McGee",-2.20281355022152
2009,5,"dummy","3263","Thomas Gardner",-2.2087125843607
2009,5,"dummy","267","Devean George",-2.33896045855031
2009,5,"dummy","2763","Luther Head",-2.39867100891211
2009,5,"dummy","3440","Darnell Jackson",-2.48789479762987
2009,5,"dummy","3837","Rob Kurz",-2.51245982858726
2009,5,"dummy","2817","Anthony Roberson",-2.54738381928966
2009,5,"dummy","851","Etan Thomas",-2.64777810590824
2009,5,"dummy","2165","Marcus Banks",-3.99276408460601
2009,5,"dummy","509","Stephon Marbury",-4.21908423892481
2009,5,"dummy","2450","D.J. Mbenga",-4.64238876790606
2009,5,"dummy","2393","Shaun Livingston",-4.97778025720044
2009,10,"dummy","866","Ime Udoka",1.97264062438462
2009,10,"dummy","2439","Jameer Nelson",1.81985942235637
2009,10,"dummy","617","Lamar Odom",1.78893038281016
2009,10,"dummy","pair_1722_25",NA,1.78553593858138
2009,10,"dummy","1996","Matt Bonner",1.70148479968456
2009,10,"dummy","2779","Chris Paul",1.61347178316625
2009,10,"dummy","1966","LeBron James",1.60236977600504
2009,10,"dummy","885","Ben Wallace",1.54481262150542
2009,10,"dummy","pair_2177_2779",NA,1.53756840794401
2009,10,"dummy","1021","Brian Scalabrine",1.42200566307786
2009,10,"dummy","261","Kevin Garnett",1.38339054276538
2009,10,"dummy","1981","Kirk Hinrich",1.37291898298347
2009,10,"dummy","3428","Danilo Gallinari",1.35362891008717
2009,10,"dummy","3015","Paul Millsap",1.31068701620788
2009,10,"dummy","2422","Delonte West",1.22905289844346
2009,10,"dummy","2873","James Singleton",1.21507837590992
2009,10,"dummy","2367","Tony Allen",1.19698764799787
2009,10,"dummy","2793","Von Wafer",1.18778174877029
2009,10,"dummy","9","Ray Allen",1.15529748993804
2009,10,"dummy","1722","Yao Ming",1.15218229735166
2009,10,"dummy","362","Zydrunas Ilgauskas",1.14966968331951
2009,10,"dummy","3416","Nicolas Batum",1.11957473793088
2009,10,"dummy","2011","Kyle Korver",1.10793511202407
2009,10,"dummy","2200","Marquis Daniels",1.05423309574916
2009,10,"dummy","pair_1966_2178",NA,1.05061613383703
2009,10,"dummy","429","Jason Kidd",1.00587441741116
2009,10,"dummy","3445","Courtney Lee",0.956316027014248
2009,10,"dummy","4",NA,0.95305231892125
2009,10,"dummy","3026","Rajon Rondo",0.950114687694886
2009,10,"dummy","3249","Jamario Moon",0.91795582371294
2009,10,"dummy","440","Brevin Knight",0.906596836107384
2009,10,"dummy","469","Rashard Lewis",0.887303521810985
2009,10,"dummy","2386","Andre Iguodala",0.882827056805548
2009,10,"dummy","250","Jeff Foster",0.87162020918793
2009,10,"dummy","110","Kobe Bryant",0.815048038347324
2009,10,"dummy","pair_110_996",NA,0.813215989542746
2009,10,"dummy","3187","Arron Afflalo",0.791753142437082
2009,10,"dummy","pair_2384_469",NA,0.774616681202031
2009,10,"dummy","42","Brent Barry",0.76410629434213
2009,10,"dummy","614","Shaquille O'Neal",0.762649364283141
2009,10,"dummy","862","Hedo Turkoglu",0.754865725594665
2009,10,"dummy","434","Andrei Kirilenko",0.737764188588369
2009,10,"dummy","692","Michael Redd",0.730028223443383
2009,10,"dummy","1713","Nene Hilario",0.727568426017647
2009,10,"dummy","2751","Monta Ellis",0.726898011683775
2009,10,"dummy","2746","Andray Blatche",0.71302110316066
2009,10,"dummy","2747","Andrew Bogut",0.70375894069348
2009,10,"dummy","2411","Josh Smith",0.670960548237276
2009,10,"dummy","2384","Dwight Howard",0.660179330100125
2009,10,"dummy","1017","Zach Randolph",0.6528470919847
2009,10,"dummy","2456","Andres Nocioni",0.650796897984788
2009,10,"dummy","pair_2983_3027",NA,0.639315507631693
2009,10,"dummy","592","Steve Nash",0.637321711747685
2009,10,"dummy","2789","Ronny Turiaf",0.631123689682216
2009,10,"dummy","515","Kenyon Martin",0.626265216188893
2009,10,"dummy","1014","Mehmet Okur",0.609920589544616
2009,10,"dummy","2016","Zaza Pachulia",0.586404963307739
2009,10,"dummy","2419","Anderson Varejao",0.584790380586333
2009,10,"dummy","246","Derek Fisher",0.582393518672706
2009,10,"dummy","813","Peja Stojakovic",0.580054494911583
2009,10,"dummy","3023","Leon Powe",0.579040175288207
2009,10,"dummy","2018","Kendrick Perkins",0.573582611392755
2009,10,"dummy","2444","J.R. Smith",0.559169020332233
2009,10,"dummy","pair_1026_2753",NA,0.552568934906723
2009,10,"dummy","976","Shane Battier",0.544173963229756
2009,10,"dummy","1975","Carmelo Anthony",0.542688627788491
2009,10,"dummy","841","Jason Terry",0.527105422502989
2009,10,"dummy","1026","Gerald Wallace",0.525555622892113
2009,10,"dummy","981","Kwame Brown",0.525378462404425
2009,10,"dummy","3451","Luc Mbah",0.516133580580522
2009,10,"dummy","3243","Nick Young",0.514447638603162
2009,10,"dummy","3224","Joakim Noah",0.513389326361792
2009,10,"dummy","1015","Tony Parker",0.510757042194275
2009,10,"dummy","3412","Ryan Anderson",0.510024278645658
2009,10,"dummy","pair_1977_635",NA,0.505743800042951
2009,10,"dummy","1995","Keith Bogans",0.50237710553691
2009,10,"dummy","1007","Joe Johnson",0.496999464004778
2009,10,"dummy","125","Marcus Camby",0.486559028233963
2009,10,"dummy","2171","Darko Milicic",0.47871036717834
2009,10,"dummy","3025","Sergio Rodriguez",0.477067917514866
2009,10,"dummy","3466","Kyle Weaver",0.458114063135472
2009,10,"dummy","45","Tony Battie",0.457923994460899
2009,10,"dummy","2997","Mardy Collins",0.455826290345545
2009,10,"dummy","pair_3026_662",NA,0.446627157959145
2009,10,"dummy","pair_336_592",NA,0.445122554395028
2009,10,"dummy","2167","Boris Diaw",0.436204064856953
2009,10,"dummy","3041","Louis Amundson",0.434372313362338
2009,10,"dummy","2782","Nate Robinson",0.432729148860681
2009,10,"dummy","2769","Amir Johnson",0.431493667697318
2009,10,"dummy","996","Pau Gasol",0.428032383453669
2009,10,"dummy","682","Joel Przybilla",0.420516435925549
2009,10,"dummy","2983","LaMarcus Aldridge",0.410507356454651
2009,10,"dummy","2027","Luke Walton",0.389001315708195
2009,10,"dummy","2178","Mo Williams",0.387778518402069
2009,10,"dummy","336","Grant Hill",0.38375588304848
2009,10,"dummy","2426","Trevor Ariza",0.372299221713809
2009,10,"dummy","3474","Anthony Morrow",0.372156277925303
2009,10,"dummy","847","Tim Thomas",0.370741136966537
2009,10,"dummy","662","Paul Pierce",0.370473293639565
2009,10,"dummy","883","Rasheed Wallace",0.363140451141236
2009,10,"dummy","1777","Ronald Murray",0.34489568853855
2009,10,"dummy","3244","Thaddeus Young",0.326107303502526
2009,10,"dummy","2177","David West",0.319548613986422
2009,10,"dummy","2006","Josh Howard",0.318758457675041
2009,10,"dummy","609","Dirk Nowitzki",0.310060064747864
2009,10,"dummy","25","Ron Artest",0.309673237762897
2009,10,"dummy","2832","Stephen Graham",0.300047605927401
2009,10,"dummy","2172","Sasha Pavlovic",0.28908761087307
2009,10,"dummy","846","Kurt Thomas",0.288696508069872
2009,10,"dummy","2759","Joey Graham",0.286757293765869
2009,10,"dummy","3003","Randy Foye",0.279036252719895
2009,10,"dummy","1994","Steve Blake",0.277911976606005
2009,10,"dummy","2760","Danny Granger",0.27611010086877
2009,10,"dummy","2748","Andrew Bynum",0.27476013403065
2009,10,"dummy","991","Samuel Dalembert",0.272149558282423
2009,10,"dummy","pair_2386_557",NA,0.266645026052803
2009,10,"dummy","2749","Travis Diener",0.26491999041007
2009,10,"dummy","136","Vince Carter",0.264375571241682
2009,10,"dummy","3417","Jerryd Bayless",0.256857650634383
2009,10,"dummy","181","Erick Dampier",0.248339718982073
2009,10,"dummy","1987","Dwyane Wade",0.245359413172514
2009,10,"dummy","1858","Devin Brown",0.245209573881339
2009,10,"dummy","pair_1987_2184",NA,0.240290573700981
2009,10,"dummy","3027","Brandon Roy",0.237848871688612
2009,10,"dummy","1979","T.J. Ford",0.236620211436637
2009,10,"dummy","pair_1724_3235",NA,0.235244562110239
2009,10,"dummy","pair_136_2382",NA,0.218657864403486
2009,10,"dummy","2004","Willie Green",0.207157146296714
2009,10,"dummy","510","Shawn Marion",0.20534049870388
2009,10,"dummy","2986","Renaldo Balkman",0.205154989341833
2009,10,"dummy","1016","Vladimir Radmanovic",0.182820658103331
2009,10,"dummy","137","Anthony Carter",0.177144420568159
2009,10,"dummy","3192","Aaron Brooks",0.17570648687568
2009,10,"dummy","3448","Brook Lopez",0.169820460667707
2009,10,"dummy","pair_2757_3003",NA,0.168666015014191
2009,10,"dummy","2801","Antoine Wright",0.167115363877379
2009,10,"dummy","3196","Daequan Cook",0.166078915113895
2009,10,"dummy","83","Bruce Bowen",0.161743218700925
2009,10,"dummy","3468","Russell Westbrook",0.161500171927569
2009,10,"dummy","pair_609_841",NA,0.155182510380519
2009,10,"dummy","2429","Luol Deng",0.152472008484447
2009,10,"dummy","49","Raja Bell",0.14922267226332
2009,10,"dummy","1781","Luis Scola",0.147758207636689
2009,10,"dummy","376","Bobby Jackson",0.134835701690016
2009,10,"dummy","3438","George Hill",0.12949463592623
2009,10,"dummy","2381","Ben Gordon",0.119538495082376
2009,10,"dummy","2995","Rodney Carney",0.119507818549906
2009,10,"dummy","1784","Darius Songaila",0.116711735091723
2009,10,"dummy","635","Anthony Parker",0.112041445046006
2009,10,"dummy","671","James Posey",0.101507161773061
2009,10,"dummy","pair_2821_3277",NA,0.0977898288475858
2009,10,"dummy","2015","Travis Outlaw",0.0911050842573536
2009,10,"dummy","2184","Udonis Haslem",0.0790064852702592
2009,10,"dummy","2427","Andris Biedrins",0.0789470164183407
2009,10,"dummy","2805","Fabricio Oberto",0.0761042623414335
2009,10,"dummy","2792","Charlie Villanueva",0.0722801606457442
2009,10,"dummy","63","Chauncey Billups",0.0717673593508873
2009,10,"dummy","2417","Sebastian Telfair",0.0715988827146383
2009,10,"dummy","61","Mike Bibby",0.0680620632414419
2009,10,"dummy","1031","Maurice Evans",0.0668773787362492
2009,10,"dummy","3415","D.J. Augustin",0.0667249404431808
2009,10,"dummy","pair_1015_215",NA,0.0661080315366581
2009,10,"dummy","1034","Charlie Bell",0.0628697916669676
2009,10,"dummy","2753","Raymond Felton",0.0620297522946669
2009,10,"dummy","2745","Brandon Bass",0.0602369084706273
2009,10,"dummy","1013","Troy Murphy",0.0554582808140204
2009,10,"dummy","1765","Matt Barnes",0.0479548125667282
2009,10,"dummy","1727","Amare Stoudemire",0.0366982959066519
2009,10,"dummy","518","Desmond Mason",0.0298723633510614
2009,10,"dummy","308","Al Harrington",0.0263447748658334
2009,10,"dummy","215","Tim Duncan",0.0222102681444449
2009,10,"dummy","2399","Emeka Okafor",0.0205531028274896
2009,10,"dummy","3204","Rudy Fernandez",-0.00191698870838676
2009,10,"dummy","pair_1713_63",NA,-0.00353164442551019
2009,10,"dummy","2010","Jason Kapono",-0.00606964648166277
2009,10,"dummy","1724","Tayshaun Prince",-0.0117132056586334
2009,10,"dummy","1977","Chris Bosh",-0.0202512808648225
2009,10,"dummy","3206","Marc Gasol",-0.0222324563447325
2009,10,"dummy","1980","Jarvis Hayes",-0.0336205741154483
2009,10,"dummy","1006","Richard Jefferson",-0.037493820160039
2009,10,"dummy","3055","Jose Juan",-0.0496165137684216
2009,10,"dummy","348","Eddie House",-0.0609402485828235
2009,10,"dummy","2798","Deron Williams",-0.0667791715458547
2009,10,"dummy","3209","Jeff Green",-0.0698105425167024
2009,10,"dummy","2991","Ronnie Brewer",-0.0904523728106994
2009,10,"dummy","2797","Marvin Williams",-0.0925646300301025
2009,10,"dummy","984","Tyson Chandler",-0.0955277310950323
2009,10,"dummy","3460","Marreese Speights",-0.0971386340307375
2009,10,"dummy","pair_3237_3431",NA,-0.101593539943718
2009,10,"dummy","532","Tracy McGrady",-0.102467516662347
2009,10,"dummy","3214","Yi Jianlian",-0.114565379313323
2009,10,"dummy","575","Mikki Moore",-0.117373226861539
2009,10,"dummy","366","Allen Iverson",-0.118850839948108
2009,10,"dummy","3200","Glen Davis",-0.147741363974422
2009,10,"dummy","1018","Jason Richardson",-0.154828901841533
2009,10,"dummy","3462","Jason Thompson",-0.156421261144606
2009,10,"dummy","pair_1007_61",NA,-0.161137017991276
2009,10,"dummy","3194","Wilson Chandler",-0.166836555210903
2009,10,"dummy","3195","Mike Conley",-0.177335606652392
2009,10,"dummy","3231","Ramon Sessions",-0.181230671996335
2009,10,"dummy","194","Baron Davis",-0.189877116077448
2009,10,"dummy","3028","Thabo Sefolosha",-0.195218787640014
2009,10,"dummy","703","Quentin Richardson",-0.195519209377122
2009,10,"dummy","3225","Greg Oden",-0.198232993310742
2009,10,"dummy","91","Elton Brand",-0.198234693608983
2009,10,"dummy","808","DeShawn Stevenson",-0.200316575605129
2009,10,"dummy","294","Richard Hamilton",-0.202758916187647
2009,10,"dummy","2416","Robert Swift",-0.208175731968498
2009,10,"dummy","1721","Roger Mason",-0.211260613829036
2009,10,"dummy","234","Francisco Elson",-0.211696716579298
2009,10,"dummy","2821","Kelenna Azubuike",-0.21361020306589
2009,10,"dummy","598","Rasho Nesterovic",-0.214552557471363
2009,10,"dummy","272","Manu Ginobili",-0.226054874113063
2009,10,"dummy","3006","Daniel Gibson",-0.228359839351738
2009,10,"dummy","2166","Leandro Barbosa",-0.230653516921442
2009,10,"dummy","557","Andre Miller",-0.234686927745919
2009,10,"dummy","pair_1013_2768",NA,-0.244422405930523
2009,10,"dummy","3431","Eric Gordon",-0.25337398743564
2009,10,"dummy","2",NA,-0.257843188978917
2009,10,"dummy","pair_1014_2798",NA,-0.266175655644831
2009,10,"dummy","2772","David Lee",-0.26929366231839
2009,10,"dummy","3246","Dominic McGuire",-0.276699168624747
2009,10,"dummy","2768","Jarrett Jack",-0.303741044553421
2009,10,"dummy","pair_2381_3456",NA,-0.304366434592845
2009,10,"dummy","165","Jamal Crawford",-0.308992467581392
2009,10,"dummy","pair_1006_3231",NA,-0.30967770481618
2009,10,"dummy","530","Antonio McDyess",-0.309966958407147
2009,10,"dummy","356","Larry Hughes",-0.312990132369254
2009,10,"dummy","1022","Bobby Simmons",-0.315258751104828
2009,10,"dummy","2990","Josh Boone",-0.316697263811297
2009,10,"dummy","3235","Rodney Stuckey",-0.317029317617835
2009,10,"dummy","2799","Lou Williams",-0.318722446472962
2009,10,"dummy","3419","Mario Chalmers",-0.319468574323982
2009,10,"dummy","3456","Derrick Rose",-0.322730738299212
2009,10,"dummy","2173","Mickael Pietrus",-0.326901462870004
2009,10,"dummy","2994","Dee Brown",-0.332613111070107
2009,10,"dummy","2389","Al Jefferson",-0.337753351897542
2009,10,"dummy","3048","Yakhouba Diawara",-0.337921149286126
2009,10,"dummy","2421","Sasha Vujacic",-0.342705344048822
2009,10,"dummy","2382","Devin Harris",-0.350831314512443
2009,10,"dummy","396","Anthony Johnson",-0.356110198780697
2009,10,"dummy","788","Joe Smith",-0.357243003365991
2009,10,"dummy","1707","Juan Dixon",-0.370419820702486
2009,10,"dummy","pair_3005_3450",NA,-0.373683408063725
2009,10,"dummy","2794","Hakim Warrick",-0.379115338554389
2009,10,"dummy","1978","Nick Collison",-0.380944954836662
2009,10,"dummy","pair_1726_2448",NA,-0.382761775598391
2009,10,"dummy","3449","Kevin Love",-0.386333588083043
2009,10,"dummy","2377","Chris Duhon",-0.39589772569082
2009,10,"dummy","3436","Roy Hibbert",-0.397299703774953
2009,10,"dummy","2778","C.J. Miles",-0.404477179298558
2009,10,"dummy","1135","Chris Andersen",-0.404850462791343
2009,10,"dummy","3277","C.J. Watson",-0.410462429541766
2009,10,"dummy","3032","Tyrus Thomas",-0.414011165705446
2009,10,"dummy","3450","O.J. Mayo",-0.419276221632203
2009,10,"dummy","378","Stephen Jackson",-0.444776267121768
2009,10,"dummy","1982","Chris Kaman",-0.451392138657919
2009,10,"dummy","498","Jamaal Magloire",-0.4547073612782
2009,10,"dummy","3217","Carl Landry",-0.458343409035459
2009,10,"dummy","1711","Drew Gooden",-0.458346564414936
2009,10,"dummy","2008","Dahntay Jones",-0.464887141800233
2009,10,"dummy","3202","Kevin Durant",-0.474720564069159
2009,10,"dummy","3005","Rudy Gay",-0.480820482682483
2009,10,"dummy","2757","Ryan Gomes",-0.491999015314155
2009,10,"dummy","2448","Beno Udrih",-0.494069595504714
2009,10,"dummy","pair_2377_2772",NA,-0.500779899334526
2009,10,"dummy","3242","Brandan Wright",-0.520704225158132
2009,10,"dummy","1710","Dan Gadzuric",-0.521612689943802
2009,10,"dummy","831","Wally Szczerbiak",-0.522361432095832
2009,10,"dummy","3191","Corey Brewer",-0.522680064111821
2009,10,"dummy","3024","J.J. Redick",-0.526179108218028
2009,10,"dummy","558","Mike Miller",-0.529818759028256
2009,10,"dummy","1718","Fred Jones",-0.536941090541333
2009,10,"dummy","3207","Aaron Gray",-0.53968336727936
2009,10,"dummy","pair_1705_385",NA,-0.539713360588072
2009,10,"dummy","2806","Jose Calderon",-0.547134822342006
2009,10,"dummy","3444","Kosta Koufos",-0.563670786672082
2009,10,"dummy","3046","Chris Quinn",-0.59025945325974
2009,10,"dummy","11","Rafer Alston",-0.598910739316508
2009,10,"dummy","2807","Ronnie Price",-0.602663304661307
2009,10,"dummy","497","Corey Maggette",-0.6105531859822
2009,10,"dummy","615","Jermaine O'Neal",-0.617947839726756
2009,10,"dummy","3455","Anthony Randolph",-0.629586954195148
2009,10,"dummy","3002","Jordan Farmar",-0.642923680316837
2009,10,"dummy","2984","Hilton Armstrong",-0.651438969254112
2009,10,"dummy","209","Keyon Dooling",-0.655277297374665
2009,10,"dummy","385","Antawn Jamison",-0.66760340311508
2009,10,"dummy","1705","Caron Butler",-0.672419841561259
2009,10,"dummy","pair_3202_3209",NA,-0.673176624315614
2009,10,"dummy","3237","Al Thornton",-0.686063692053624
2009,10,"dummy","1985","Luke Ridnour",-0.693997886165778
2009,10,"dummy","3031","Craig Smith",-0.695162677043641
2009,10,"dummy","2770","Linas Kleiza",-0.695304155851293
2009,10,"dummy","2188","Quinton Ross",-0.760194762462078
2009,10,"dummy","242","Michael Finley",-0.761987348300627
2009,10,"dummy","1731","Chris Wilcox",-0.78454445519538
2009,10,"dummy","3213","Al Horford",-0.791344591541163
2009,10,"dummy","3012","Kyle Lowry",-0.79649792136349
2009,10,"dummy","3201","Jared Dudley",-0.823684772198779
2009,10,"dummy","1719","Nenad Krstic",-0.84749148822873
2009,10,"dummy","566","Cuttino Mobley",-0.851591291315309
2009,10,"dummy","1051","Mike James",-0.875469248471224
2009,10,"dummy","511","Sean Marks",-0.882751264745734
2009,10,"dummy","5",NA,-0.885188428352062
2009,10,"dummy","1",NA,-0.892359130052662
2009,10,"dummy","1027","Earl Watson",-0.902278620188198
2009,10,"dummy","2459","Desmon Farmer",-0.966861190250917
2009,10,"dummy","3190","Marco Belinelli",-0.969807139847978
2009,10,"dummy","1708","Mike Dunleavy",-0.987843803671844
2009,10,"dummy","1717","Jared Jeffries",-0.988676946938032
2009,10,"dummy","1767","Rasual Butler",-0.998866486485915
2009,10,"dummy","992","DeSagana Diop",-1.0142793769256
2009,10,"dummy","556","Brad Miller",-1.03111455014012
2009,10,"dummy","1703","Carlos Boozer",-1.04481415217376
2009,10,"dummy","2987","Andrea Bargnani",-1.05508221994938
2009,10,"dummy","1726","John Salmons",-1.0593434307983
2009,10,"dummy","998","Trenton Hassell",-1.11098880618698
2009,10,"dummy","3418","Michael Beasley",-1.14450155103292
2009,10,"dummy","351","Juwan Howard",-1.14502992258926
2009,10,"dummy","2755","Francisco Garcia",-1.15394099557761
2009,10,"dummy","2394","Kevin Martin",-1.17411497435717
2009,10,"dummy","2777","Rashad McCants",-1.1982439638123
2009,10,"dummy","84","Ryan Bowen",-1.23512313951783
2009,10,"dummy","656","Morris Peterson",-1.28039347883609
2009,10,"dummy","3247","Joel Anthony",-1.29796230312331
2009,10,"dummy","2211","Matt Carroll",-1.33848523951215
2009,10,"dummy","3211","Spencer Hawes",-1.39366684246426
2009,10,"dummy","3447","Robin Lopez",-1.43966862375675
2009,10,"dummy","3413","Darrell Arthur",-1.47863483293591
2009,10,"dummy","3457","Brandon Rush",-1.48156557286776
2009,10,"dummy","2775","Jason Maxiell",-1.48908324623005
2009,10,"dummy","2761","Gerald Green",-1.51571615268914
2009,10,"dummy","3838","DeMarcus Nelson",-1.52376381962565
2009,10,"dummy","3197","Javaris Crittenton",-1.57346306382396
2009,10,"dummy","3016","Adam Morrison",-1.6655404743884
2009,10,"dummy","620","Kevin Ollie",-1.70396401424324
2009,10,"dummy","193","Ricky Davis",-1.81065909517174
2009,10,"dummy","2506","Damien Wilkins",-1.85078058875705
2009,10,"dummy","1023","Will Solomon",-1.92573361450278
2009,10,"dummy","2780","Johan Petro",-1.96182808713284
2009,10,"dummy","3442","DeAndre Jordan",-2.08936585871933
2009,10,"dummy","3018","Steve Novak",-2.1484279689703
2009,10,"dummy","779","Brian Skinner",-2.1795019642133
2009,10,"dummy","183","Antonio Daniels",-2.20603982081898
2009,10,"dummy","987","Jason Collins",-2.34879862083539
2009,10,"dummy","2776","Sean May",-2.49827672915768
2009,10,"dummy","802","Jerry Stackhouse",-2.52705445143282
2009,10,"dummy","3452","JaVale McGee",-2.61904321245614
2009,10,"dummy","2763","Luther Head",-2.9104465890587
2009,10,"dummy","267","Devean George",-2.93531478840966
2009,10,"dummy","3",NA,-3.07933470456503
2009,10,"dummy","851","Etan Thomas",-3.11898641962569
2009,15,"dummy","2439","Jameer Nelson",2.06525607256956
2009,15,"dummy","1996","Matt Bonner",2.03654506179088
2009,15,"dummy","617","Lamar Odom",2.0347204773982
2009,15,"dummy","pair_1722_25",NA,2.03178797793459
2009,15,"dummy","2779","Chris Paul",1.8783525839753
2009,15,"dummy","1966","LeBron James",1.8241640086678
2009,15,"dummy","pair_2177_2779",NA,1.78766521321319
2009,15,"dummy","885","Ben Wallace",1.69178986136641
2009,15,"dummy","3015","Paul Millsap",1.57778922218784
2009,15,"dummy","1981","Kirk Hinrich",1.57542393280151
2009,15,"dummy","261","Kevin Garnett",1.56614933577619
2009,15,"dummy","9","Ray Allen",1.48795028675377
2009,15,"dummy","2793","Von Wafer",1.40033340823077
2009,15,"dummy","3416","Nicolas Batum",1.34267083646026
2009,15,"dummy","2011","Kyle Korver",1.34186794431605
2009,15,"dummy","2422","Delonte West",1.30673956103395
2009,15,"dummy","1722","Yao Ming",1.30098293306342
2009,15,"dummy","362","Zydrunas Ilgauskas",1.2219389820595
2009,15,"dummy","2200","Marquis Daniels",1.20571148252314
2009,15,"dummy","3026","Rajon Rondo",1.1981639398657
2009,15,"dummy","429","Jason Kidd",1.15153775538738
2009,15,"dummy","pair_1966_2178",NA,1.10256661731502
2009,15,"dummy","3445","Courtney Lee",1.08578969236917
2009,15,"dummy","250","Jeff Foster",1.08479333934647
2009,15,"dummy","2386","Andre Iguodala",1.02034569971529
2009,15,"dummy","3249","Jamario Moon",1.01811255560763
2009,15,"dummy","469","Rashard Lewis",0.989934129183141
2009,15,"dummy","434","Andrei Kirilenko",0.956401430817133
2009,15,"dummy","862","Hedo Turkoglu",0.889005501312335
2009,15,"dummy","614","Shaquille O'Neal",0.885131925594713
2009,15,"dummy","pair_110_996",NA,0.882233747005355
2009,15,"dummy","2751","Monta Ellis",0.86856706910983
2009,15,"dummy","1713","Nene Hilario",0.86536975144215
2009,15,"dummy","110","Kobe Bryant",0.864837540678156
2009,15,"dummy","2746","Andray Blatche",0.861453874188971
2009,15,"dummy","692","Michael Redd",0.846621091095137
2009,15,"dummy","2747","Andrew Bogut",0.789068334534285
2009,15,"dummy","pair_2384_469",NA,0.77928160565844
2009,15,"dummy","1017","Zach Randolph",0.765129723208543
2009,15,"dummy","2384","Dwight Howard",0.751734735541507
2009,15,"dummy","592","Steve Nash",0.739800922059529
2009,15,"dummy","2411","Josh Smith",0.735679138448224
2009,15,"dummy","pair_2983_3027",NA,0.732376837712237
2009,15,"dummy","2789","Ronny Turiaf",0.725564144054708
2009,15,"dummy","1014","Mehmet Okur",0.723136697490238
2009,15,"dummy","2456","Andres Nocioni",0.714498677997149
2009,15,"dummy","515","Kenyon Martin",0.6998306523514
2009,15,"dummy","2444","J.R. Smith",0.685514988060258
2009,15,"dummy","2419","Anderson Varejao",0.681072883021801
2009,15,"dummy","125","Marcus Camby",0.665505257223748
2009,15,"dummy","1015","Tony Parker",0.66079437467834
2009,15,"dummy","2016","Zaza Pachulia",0.639156494206664
2009,15,"dummy","841","Jason Terry",0.633727214406634
2009,15,"dummy","pair_1026_2753",NA,0.620805622890797
2009,15,"dummy","1975","Carmelo Anthony",0.618808920630514
2009,15,"dummy","246","Derek Fisher",0.617089217551338
2009,15,"dummy","1007","Joe Johnson",0.598251584559667
2009,15,"dummy","3412","Ryan Anderson",0.596270070755017
2009,15,"dummy","682","Joel Przybilla",0.595252415315759
2009,15,"dummy","981","Kwame Brown",0.589012422180875
2009,15,"dummy","pair_1977_635",NA,0.584610851483787
2009,15,"dummy","3451","Luc Mbah",0.58100636948325
2009,15,"dummy","662","Paul Pierce",0.577361470206863
2009,15,"dummy","3224","Joakim Noah",0.568020770740946
2009,15,"dummy","2769","Amir Johnson",0.563624054689754
2009,15,"dummy","976","Shane Battier",0.56289885416338
2009,15,"dummy","2782","Nate Robinson",0.562869366076865
2009,15,"dummy","2171","Darko Milicic",0.552650103633838
2009,15,"dummy","1995","Keith Bogans",0.549799895621865
2009,15,"dummy","813","Peja Stojakovic",0.535912952965692
2009,15,"dummy","3466","Kyle Weaver",0.529260263630498
2009,15,"dummy","2983","LaMarcus Aldridge",0.518723402283323
2009,15,"dummy","847","Tim Thomas",0.505761851027681
2009,15,"dummy","2018","Kendrick Perkins",0.501852608382297
2009,15,"dummy","1026","Gerald Wallace",0.493818073311138
2009,15,"dummy","883","Rasheed Wallace",0.478524031627282
2009,15,"dummy","83","Bruce Bowen",0.476715399059791
2009,15,"dummy","pair_3026_662",NA,0.472088531869957
2009,15,"dummy","2167","Boris Diaw",0.470496126088787
2009,15,"dummy","pair_336_592",NA,0.469488807958235
2009,15,"dummy","996","Pau Gasol",0.416271702996266
2009,15,"dummy","336","Grant Hill",0.409503288624143
2009,15,"dummy","2006","Josh Howard",0.388625327124784
2009,15,"dummy","1777","Ronald Murray",0.385213904605317
2009,15,"dummy","2178","Mo Williams",0.375886497880838
2009,15,"dummy","3474","Anthony Morrow",0.371647897623983
2009,15,"dummy","2760","Danny Granger",0.362304593370587
2009,15,"dummy","2027","Luke Walton",0.361877900137753
2009,15,"dummy","3003","Randy Foye",0.361479341659773
2009,15,"dummy","3244","Thaddeus Young",0.35587966089225
2009,15,"dummy","136","Vince Carter",0.335688759260229
2009,15,"dummy","2748","Andrew Bynum",0.33116416048122
2009,15,"dummy","609","Dirk Nowitzki",0.328882670301292
2009,15,"dummy","2426","Trevor Ariza",0.323483975408542
2009,15,"dummy","25","Ron Artest",0.317216651197638
2009,15,"dummy","pair_1987_2184",NA,0.306980180821592
2009,15,"dummy","181","Erick Dampier",0.305184009444714
2009,15,"dummy","1987","Dwyane Wade",0.302915939794933
2009,15,"dummy","991","Samuel Dalembert",0.30135423298534
2009,15,"dummy","3027","Brandon Roy",0.296426341283761
2009,15,"dummy","2759","Joey Graham",0.287052142504822
2009,15,"dummy","2997","Mardy Collins",0.286067428271908
2009,15,"dummy","pair_136_2382",NA,0.279111083640608
2009,15,"dummy","510","Shawn Marion",0.27721269871281
2009,15,"dummy","pair_2386_557",NA,0.276999474689387
2009,15,"dummy","2177","David West",0.27584923005895
2009,15,"dummy","pair_1724_3235",NA,0.270616943636446
2009,15,"dummy","376","Bobby Jackson",0.269578692337217
2009,15,"dummy","2015","Travis Outlaw",0.231734642763643
2009,15,"dummy","pair_2757_3003",NA,0.230457922557908
2009,15,"dummy","1979","T.J. Ford",0.229805031459689
2009,15,"dummy","3192","Aaron Brooks",0.227329071844904
2009,15,"dummy","1016","Vladimir Radmanovic",0.221524746371477
2009,15,"dummy","2004","Willie Green",0.21727497925657
2009,15,"dummy","137","Anthony Carter",0.211913794817528
2009,15,"dummy","2801","Antoine Wright",0.200165187329056
2009,15,"dummy","3196","Daequan Cook",0.192046454578416
2009,15,"dummy","2429","Luol Deng",0.188289389091808
2009,15,"dummy","3448","Brook Lopez",0.184808088473812
2009,15,"dummy","3243","Nick Young",0.164644146228306
2009,15,"dummy","1994","Steve Blake",0.159230317550404
2009,15,"dummy","2381","Ben Gordon",0.152584118677877
2009,15,"dummy","1781","Luis Scola",0.151079909440872
2009,15,"dummy","3468","Russell Westbrook",0.1510057240322
2009,15,"dummy","3204","Rudy Fernandez",0.1497601325251
2009,15,"dummy","2417","Sebastian Telfair",0.148001247719215
2009,15,"dummy","215","Tim Duncan",0.144668845153583
2009,15,"dummy","2427","Andris Biedrins",0.13991408004664
2009,15,"dummy","pair_609_841",NA,0.135883171063141
2009,15,"dummy","pair_2821_3277",NA,0.12935332830805
2009,15,"dummy","635","Anthony Parker",0.124435340844337
2009,15,"dummy","2184","Udonis Haslem",0.111943232343427
2009,15,"dummy","1013","Troy Murphy",0.111711510260482
2009,15,"dummy","63","Chauncey Billups",0.10753160709573
2009,15,"dummy","49","Raja Bell",0.10549903189737
2009,15,"dummy","2792","Charlie Villanueva",0.0930540864676826
2009,15,"dummy","1784","Darius Songaila",0.0911462055126694
2009,15,"dummy","1034","Charlie Bell",0.0895642937321544
2009,15,"dummy","61","Mike Bibby",0.0830348699500279
2009,15,"dummy","2745","Brandon Bass",0.0791528580875295
2009,15,"dummy","308","Al Harrington",0.0783989495056033
2009,15,"dummy","1031","Maurice Evans",0.077780019511163
2009,15,"dummy","518","Desmond Mason",0.0712138401602233
2009,15,"dummy","1765","Matt Barnes",0.0598204881134916
2009,15,"dummy","3206","Marc Gasol",0.0380615304227455
2009,15,"dummy","1727","Amare Stoudemire",0.0374340157807841
2009,15,"dummy","pair_1713_63",NA,0.0117011012582619
2009,15,"dummy","1724","Tayshaun Prince",-0.00362962679494889
2009,15,"dummy","1980","Jarvis Hayes",-0.0046788700548104
2009,15,"dummy","pair_1015_215",NA,-0.00933100127387507
2009,15,"dummy","1721","Roger Mason",-0.0122296205999105
2009,15,"dummy","671","James Posey",-0.023123258629118
2009,15,"dummy","2991","Ronnie Brewer",-0.0309886055007096
2009,15,"dummy","1006","Richard Jefferson",-0.0374042606722982
2009,15,"dummy","2010","Jason Kapono",-0.0455730154529265
2009,15,"dummy","1977","Chris Bosh",-0.0563400913318918
2009,15,"dummy","3209","Jeff Green",-0.0767381450507883
2009,15,"dummy","2399","Emeka Okafor",-0.0768037057830698
2009,15,"dummy","3214","Yi Jianlian",-0.0874855140380916
2009,15,"dummy","2797","Marvin Williams",-0.0902144953129803
2009,15,"dummy","272","Manu Ginobili",-0.090979483023643
2009,15,"dummy","532","Tracy McGrady",-0.105774875644353
2009,15,"dummy","pair_3237_3431",NA,-0.115964855926988
2009,15,"dummy","2753","Raymond Felton",-0.116128713031573
2009,15,"dummy","3194","Wilson Chandler",-0.124418807018014
2009,15,"dummy","3462","Jason Thompson",-0.13377966518876
2009,15,"dummy","366","Allen Iverson",-0.14477847599371
2009,15,"dummy","984","Tyson Chandler",-0.147970650929124
2009,15,"dummy","598","Rasho Nesterovic",-0.148588934702123
2009,15,"dummy","3225","Greg Oden",-0.15919044411831
2009,15,"dummy","2416","Robert Swift",-0.171922595544473
2009,15,"dummy","2798","Deron Williams",-0.184298782827434
2009,15,"dummy","pair_1007_61",NA,-0.188809219774687
2009,15,"dummy","703","Quentin Richardson",-0.192581611099309
2009,15,"dummy","3231","Ramon Sessions",-0.195366730226454
2009,15,"dummy","3195","Mike Conley",-0.197238822781783
2009,15,"dummy","194","Baron Davis",-0.214794972749794
2009,15,"dummy","234","Francisco Elson",-0.235206337709611
2009,15,"dummy","pair_1013_2768",NA,-0.237945179985662
2009,15,"dummy","2166","Leandro Barbosa",-0.239759492753824
2009,15,"dummy","3415","D.J. Augustin",-0.239770576865568
2009,15,"dummy","91","Elton Brand",-0.243257098088321
2009,15,"dummy","1018","Jason Richardson",-0.254708006492289
2009,15,"dummy","2821","Kelenna Azubuike",-0.267322422965573
2009,15,"dummy","2173","Mickael Pietrus",-0.278005610493418
2009,15,"dummy","294","Richard Hamilton",-0.279431847262623
2009,15,"dummy","2772","David Lee",-0.28000504030971
2009,15,"dummy","3006","Daniel Gibson",-0.281981013305053
2009,15,"dummy","530","Antonio McDyess",-0.293482840303096
2009,15,"dummy","pair_2381_3456",NA,-0.301344343551141
2009,15,"dummy","2768","Jarrett Jack",-0.302866312309725
2009,15,"dummy","557","Andre Miller",-0.312074345857171
2009,15,"dummy","pair_1726_2448",NA,-0.313421815061894
2009,15,"dummy","396","Anthony Johnson",-0.315503803333424
2009,15,"dummy","165","Jamal Crawford",-0.323927434251434
2009,15,"dummy","3419","Mario Chalmers",-0.328648048784065
2009,15,"dummy","3456","Derrick Rose",-0.33667155810971
2009,15,"dummy","pair_1006_3231",NA,-0.338669738149308
2009,15,"dummy","2799","Lou Williams",-0.354509795836032
2009,15,"dummy","1022","Bobby Simmons",-0.35514856491242
2009,15,"dummy","2389","Al Jefferson",-0.356167062166997
2009,15,"dummy","3235","Rodney Stuckey",-0.366137107353126
2009,15,"dummy","pair_3005_3450",NA,-0.379134971194994
2009,15,"dummy","356","Larry Hughes",-0.387064440740244
2009,15,"dummy","2382","Devin Harris",-0.38826221240023
2009,15,"dummy","3431","Eric Gordon",-0.40308000796893
2009,15,"dummy","3246","Dominic McGuire",-0.403301942374671
2009,15,"dummy","pair_1014_2798",NA,-0.413642840660586
2009,15,"dummy","2794","Hakim Warrick",-0.417649566960606
2009,15,"dummy","1978","Nick Collison",-0.429145092452468
2009,15,"dummy","2448","Beno Udrih",-0.434929254880865
2009,15,"dummy","2377","Chris Duhon",-0.440622407493456
2009,15,"dummy","3450","O.J. Mayo",-0.446220888155349
2009,15,"dummy","808","DeShawn Stevenson",-0.446944850116942
2009,15,"dummy","2778","C.J. Miles",-0.447595427971512
2009,15,"dummy","3032","Tyrus Thomas",-0.452322427575415
2009,15,"dummy","1982","Chris Kaman",-0.458515377967421
2009,15,"dummy","3277","C.J. Watson",-0.460146219732266
2009,15,"dummy","788","Joe Smith",-0.479551270772205
2009,15,"dummy","3217","Carl Landry",-0.485605891035401
2009,15,"dummy","1",NA,-0.510410628235052
2009,15,"dummy","3005","Rudy Gay",-0.516616591187623
2009,15,"dummy","3449","Kevin Love",-0.517553139266336
2009,15,"dummy","1711","Drew Gooden",-0.518860150750964
2009,15,"dummy","378","Stephen Jackson",-0.525992689330872
2009,15,"dummy","3202","Kevin Durant",-0.529215042650177
2009,15,"dummy","3242","Brandan Wright",-0.531230281605755
2009,15,"dummy","558","Mike Miller",-0.531451587663687
2009,15,"dummy","2008","Dahntay Jones",-0.537321830121876
2009,15,"dummy","2806","Jose Calderon",-0.542812276437951
2009,15,"dummy","pair_2377_2772",NA,-0.545287282318194
2009,15,"dummy","3191","Corey Brewer",-0.579884574657435
2009,15,"dummy","2757","Ryan Gomes",-0.582780564135102
2009,15,"dummy","3207","Aaron Gray",-0.586002998816096
2009,15,"dummy","831","Wally Szczerbiak",-0.623208880264666
2009,15,"dummy","pair_1705_385",NA,-0.656778185473431
2009,15,"dummy","4",NA,-0.664135097338746
2009,15,"dummy","615","Jermaine O'Neal",-0.684348458569246
2009,15,"dummy","497","Corey Maggette",-0.690758704536782
2009,15,"dummy","2807","Ronnie Price",-0.695345456344769
2009,15,"dummy","3",NA,-0.7069710389717
2009,15,"dummy","209","Keyon Dooling",-0.733789460213303
2009,15,"dummy","11","Rafer Alston",-0.739281200636228
2009,15,"dummy","2770","Linas Kleiza",-0.742551268102736
2009,15,"dummy","pair_3202_3209",NA,-0.745541606997561
2009,15,"dummy","242","Michael Finley",-0.765976777374477
2009,15,"dummy","566","Cuttino Mobley",-0.814266407658269
2009,15,"dummy","1985","Luke Ridnour",-0.818400016709641
2009,15,"dummy","2984","Hilton Armstrong",-0.823383471656622
2009,15,"dummy","3012","Kyle Lowry",-0.840395323828452
2009,15,"dummy","1719","Nenad Krstic",-0.860454154170107
2009,15,"dummy","3237","Al Thornton",-0.862774082891103
2009,15,"dummy","3213","Al Horford",-0.865890979183037
2009,15,"dummy","1051","Mike James",-0.867227658525816
2009,15,"dummy","3031","Craig Smith",-0.877808189525326
2009,15,"dummy","385","Antawn Jamison",-0.914273168755303
2009,15,"dummy","1718","Fred Jones",-0.939574209127783
2009,15,"dummy","1705","Caron Butler",-0.949028711214365
2009,15,"dummy","1703","Carlos Boozer",-0.95649063801745
2009,15,"dummy","1731","Chris Wilcox",-0.989836705025432
2009,15,"dummy","1027","Earl Watson",-1.04239327341787
2009,15,"dummy","1717","Jared Jeffries",-1.06513379981511
2009,15,"dummy","1708","Mike Dunleavy",-1.06902850094582
2009,15,"dummy","556","Brad Miller",-1.0856967515922
2009,15,"dummy","3190","Marco Belinelli",-1.1046301708694
2009,15,"dummy","2",NA,-1.11931144549206
2009,15,"dummy","1726","John Salmons",-1.13096576942408
2009,15,"dummy","1767","Rasual Butler",-1.22482200140024
2009,15,"dummy","2755","Francisco Garcia",-1.23409615900879
2009,15,"dummy","998","Trenton Hassell",-1.23723706794343
2009,15,"dummy","2987","Andrea Bargnani",-1.26409070033791
2009,15,"dummy","2394","Kevin Martin",-1.29993778432385
2009,15,"dummy","3418","Michael Beasley",-1.32316122429198
2009,15,"dummy","3247","Joel Anthony",-1.38164119644546
2009,15,"dummy","3211","Spencer Hawes",-1.52707100232017
2009,15,"dummy","3413","Darrell Arthur",-1.59753805296966
2009,15,"dummy","3457","Brandon Rush",-1.6453967738027
2009,15,"dummy","193","Ricky Davis",-2.21070180687628
2009,15,"dummy","5",NA,-2.34184595115216
2009,15,"dummy","779","Brian Skinner",-2.4571211370857
2009,15,"dummy","987","Jason Collins",-2.60046062199937
2009,15,"dummy","267","Devean George",-3.16618527422769
2009,20,"dummy","2439","Jameer Nelson",2.14406002610695
2009,20,"dummy","617","Lamar Odom",2.13584707520424
2009,20,"dummy","1996","Matt Bonner",2.06621818469238
2009,20,"dummy","pair_1722_25",NA,2.02578885372129
2009,20,"dummy","2779","Chris Paul",1.8422093188724
2009,20,"dummy","pair_2177_2779",NA,1.78078303708536
2009,20,"dummy","1966","LeBron James",1.75731754274142
2009,20,"dummy","3015","Paul Millsap",1.73959307481135
2009,20,"dummy","885","Ben Wallace",1.70609736168706
2009,20,"dummy","1981","Kirk Hinrich",1.68561299722287
2009,20,"dummy","261","Kevin Garnett",1.56485747450484
2009,20,"dummy","9","Ray Allen",1.47329670499282
2009,20,"dummy","1722","Yao Ming",1.40302795834043
2009,20,"dummy","2422","Delonte West",1.32493275967283
2009,20,"dummy","362","Zydrunas Ilgauskas",1.24999589122031
2009,20,"dummy","434","Andrei Kirilenko",1.18408246500882
2009,20,"dummy","3026","Rajon Rondo",1.17603081627642
2009,20,"dummy","2200","Marquis Daniels",1.12544705686019
2009,20,"dummy","pair_1966_2178",NA,1.1035352874029
2009,20,"dummy","3445","Courtney Lee",1.04870078697788
2009,20,"dummy","3249","Jamario Moon",1.03081652157898
2009,20,"dummy","469","Rashard Lewis",1.0206814993376
2009,20,"dummy","429","Jason Kidd",0.987463594993282
2009,20,"dummy","2386","Andre Iguodala",0.984781686559823
2009,20,"dummy","pair_110_996",NA,0.949805321179926
2009,20,"dummy","2751","Monta Ellis",0.949059731330435
2009,20,"dummy","614","Shaquille O'Neal",0.946498222635826
2009,20,"dummy","110","Kobe Bryant",0.943061363884094
2009,20,"dummy","250","Jeff Foster",0.925078471557962
2009,20,"dummy","862","Hedo Turkoglu",0.899648390074205
2009,20,"dummy","2746","Andray Blatche",0.89600382589199
2009,20,"dummy","1017","Zach Randolph",0.889824344176167
2009,20,"dummy","1713","Nene Hilario",0.874314772785079
2009,20,"dummy","2411","Josh Smith",0.861780906794371
2009,20,"dummy","pair_2983_3027",NA,0.846369152466567
2009,20,"dummy","1014","Mehmet Okur",0.840919748210748
2009,20,"dummy","2747","Andrew Bogut",0.8398783304126
2009,20,"dummy","692","Michael Redd",0.83293778345212
2009,20,"dummy","pair_2384_469",NA,0.824385136739721
2009,20,"dummy","2384","Dwight Howard",0.780924038770777
2009,20,"dummy","592","Steve Nash",0.769008473608784
2009,20,"dummy","1007","Joe Johnson",0.740660787364363
2009,20,"dummy","1015","Tony Parker",0.687287488747876
2009,20,"dummy","246","Derek Fisher",0.682827132444058
2009,20,"dummy","682","Joel Przybilla",0.671900301519076
2009,20,"dummy","515","Kenyon Martin",0.665346111383004
2009,20,"dummy","2983","LaMarcus Aldridge",0.659064467792997
2009,20,"dummy","125","Marcus Camby",0.653597353565354
2009,20,"dummy","976","Shane Battier",0.632467300121231
2009,20,"dummy","2782","Nate Robinson",0.631743956524005
2009,20,"dummy","1975","Carmelo Anthony",0.615831652353179
2009,20,"dummy","2444","J.R. Smith",0.614121646917649
2009,20,"dummy","3224","Joakim Noah",0.612924472470293
2009,20,"dummy","pair_1026_2753",NA,0.608505025626844
2009,20,"dummy","3451","Luc Mbah",0.59921383681161
2009,20,"dummy","2419","Anderson Varejao",0.585734326647625
2009,20,"dummy","662","Paul Pierce",0.571793505238769
2009,20,"dummy","pair_1977_635",NA,0.569692365912625
2009,20,"dummy","841","Jason Terry",0.541521400662997
2009,20,"dummy","2018","Kendrick Perkins",0.517878419910104
2009,20,"dummy","883","Rasheed Wallace",0.512741738272172
2009,20,"dummy","996","Pau Gasol",0.498951334385759
2009,20,"dummy","pair_336_592",NA,0.48946211570902
2009,20,"dummy","813","Peja Stojakovic",0.479537618439856
2009,20,"dummy","2167","Boris Diaw",0.466623866346704
2009,20,"dummy","1026","Gerald Wallace",0.464822749922093
2009,20,"dummy","pair_3026_662",NA,0.463769316614184
2009,20,"dummy","2006","Josh Howard",0.429527552374632
2009,20,"dummy","2748","Andrew Bynum",0.412440894763359
2009,20,"dummy","336","Grant Hill",0.401411541808762
2009,20,"dummy","3027","Brandon Roy",0.401070385433599
2009,20,"dummy","136","Vince Carter",0.369051534883214
2009,20,"dummy","991","Samuel Dalembert",0.3539401913313
2009,20,"dummy","25","Ron Artest",0.346290808784115
2009,20,"dummy","3244","Thaddeus Young",0.338060553244922
2009,20,"dummy","1994","Steve Blake",0.334776269314041
2009,20,"dummy","pair_1724_3235",NA,0.322375943470705
2009,20,"dummy","2178","Mo Williams",0.320919817998801
2009,20,"dummy","2760","Danny Granger",0.297261689243713
2009,20,"dummy","pair_2386_557",NA,0.296259216749186
2009,20,"dummy","pair_136_2382",NA,0.289293479081743
2009,20,"dummy","pair_1987_2184",NA,0.287461503513633
2009,20,"dummy","2801","Antoine Wright",0.282824660545735
2009,20,"dummy","510","Shawn Marion",0.274949133977441
2009,20,"dummy","1781","Luis Scola",0.267857313249526
2009,20,"dummy","1987","Dwyane Wade",0.25470151080014
2009,20,"dummy","3003","Randy Foye",0.233655708108023
2009,20,"dummy","2429","Luol Deng",0.229892845967552
2009,20,"dummy","2177","David West",0.226703171837994
2009,20,"dummy","3448","Brook Lopez",0.226625804302812
2009,20,"dummy","2381","Ben Gordon",0.209386205012637
2009,20,"dummy","61","Mike Bibby",0.194325426250133
2009,20,"dummy","2004","Willie Green",0.18329210651591
2009,20,"dummy","2015","Travis Outlaw",0.176767945758512
2009,20,"dummy","3468","Russell Westbrook",0.176538436000868
2009,20,"dummy","pair_2821_3277",NA,0.169150400034623
2009,20,"dummy","215","Tim Duncan",0.162936756901235
2009,20,"dummy","181","Erick Dampier",0.157972512549988
2009,20,"dummy","1979","T.J. Ford",0.157401826759304
2009,20,"dummy","49","Raja Bell",0.14539123091577
2009,20,"dummy","609","Dirk Nowitzki",0.140592798286347
2009,20,"dummy","pair_2757_3003",NA,0.138810131194361
2009,20,"dummy","635","Anthony Parker",0.136307780030588
2009,20,"dummy","2792","Charlie Villanueva",0.133727827903893
2009,20,"dummy","308","Al Harrington",0.128418345763207
2009,20,"dummy","2427","Andris Biedrins",0.123302709607148
2009,20,"dummy","2184","Udonis Haslem",0.109110168120006
2009,20,"dummy","pair_609_841",NA,0.0993875310488305
2009,20,"dummy","2417","Sebastian Telfair",0.0887833320004862
2009,20,"dummy","63","Chauncey Billups",0.0696815511776724
2009,20,"dummy","1727","Amare Stoudemire",0.0659870196947158
2009,20,"dummy","1724","Tayshaun Prince",0.0647359152786677
2009,20,"dummy","1013","Troy Murphy",0.0632283300875941
2009,20,"dummy","2797","Marvin Williams",0.0533728572762798
2009,20,"dummy","1765","Matt Barnes",0.0426745094934485
2009,20,"dummy","pair_1015_215",NA,0.0331447108545703
2009,20,"dummy","3225","Greg Oden",0.0320022267215718
2009,20,"dummy","1",NA,0.016546329163693
2009,20,"dummy","pair_1713_63",NA,-0.00406469709473623
2009,20,"dummy","1977","Chris Bosh",-0.0109961097907424
2009,20,"dummy","1006","Richard Jefferson",-0.0166578344625401
2009,20,"dummy","518","Desmond Mason",-0.0194292676498054
2009,20,"dummy","1721","Roger Mason",-0.0259207882562908
2009,20,"dummy","3206","Marc Gasol",-0.0328999233304015
2009,20,"dummy","272","Manu Ginobili",-0.0483527178771515
2009,20,"dummy","2991","Ronnie Brewer",-0.0707242078775583
2009,20,"dummy","2798","Deron Williams",-0.0746012894797072
2009,20,"dummy","2399","Emeka Okafor",-0.0836277215479728
2009,20,"dummy","3209","Jeff Green",-0.0939800496084913
2009,20,"dummy","984","Tyson Chandler",-0.0960929230213704
2009,20,"dummy","366","Allen Iverson",-0.106127537954945
2009,20,"dummy","532","Tracy McGrady",-0.106254365348224
2009,20,"dummy","3214","Yi Jianlian",-0.106366722820714
2009,20,"dummy","3194","Wilson Chandler",-0.111049763560359
2009,20,"dummy","3195","Mike Conley",-0.113416213408951
2009,20,"dummy","3462","Jason Thompson",-0.121017657207461
2009,20,"dummy","671","James Posey",-0.135552692219252
2009,20,"dummy","pair_1007_61",NA,-0.146584127136755
2009,20,"dummy","2753","Raymond Felton",-0.149661814001317
2009,20,"dummy","2821","Kelenna Azubuike",-0.168713467722212
2009,20,"dummy","703","Quentin Richardson",-0.175961591625547
2009,20,"dummy","pair_3237_3431",NA,-0.177574489411951
2009,20,"dummy","3231","Ramon Sessions",-0.19681637076965
2009,20,"dummy","91","Elton Brand",-0.228584205758671
2009,20,"dummy","pair_1013_2768",NA,-0.230896732675888
2009,20,"dummy","3415","D.J. Augustin",-0.251740847694922
2009,20,"dummy","2772","David Lee",-0.262829957129787
2009,20,"dummy","1018","Jason Richardson",-0.26663651633029
2009,20,"dummy","2166","Leandro Barbosa",-0.27433099267596
2009,20,"dummy","pair_2381_3456",NA,-0.281158453353799
2009,20,"dummy","294","Richard Hamilton",-0.289518805144439
2009,20,"dummy","165","Jamal Crawford",-0.289727896390905
2009,20,"dummy","3456","Derrick Rose",-0.2923729191403
2009,20,"dummy","2173","Mickael Pietrus",-0.29519117454575
2009,20,"dummy","356","Larry Hughes",-0.297054033238508
2009,20,"dummy","1022","Bobby Simmons",-0.308901382080301
2009,20,"dummy","557","Andre Miller",-0.31465386325541
2009,20,"dummy","194","Baron Davis",-0.326193168040227
2009,20,"dummy","pair_1726_2448",NA,-0.332925954651356
2009,20,"dummy","pair_1014_2798",NA,-0.348496576753484
2009,20,"dummy","3235","Rodney Stuckey",-0.35229135544211
2009,20,"dummy","3246","Dominic McGuire",-0.353379715397907
2009,20,"dummy","pair_1006_3231",NA,-0.357214882242069
2009,20,"dummy","3277","C.J. Watson",-0.357934377806649
2009,20,"dummy","pair_3005_3450",NA,-0.358064398830767
2009,20,"dummy","3419","Mario Chalmers",-0.379650729377599
2009,20,"dummy","2382","Devin Harris",-0.38550442574858
2009,20,"dummy","1978","Nick Collison",-0.389522108093604
2009,20,"dummy","530","Antonio McDyess",-0.405003505173474
2009,20,"dummy","2377","Chris Duhon",-0.425050526004074
2009,20,"dummy","3032","Tyrus Thomas",-0.4299527170758
2009,20,"dummy","2389","Al Jefferson",-0.43456019824013
2009,20,"dummy","2448","Beno Udrih",-0.438079400445653
2009,20,"dummy","3450","O.J. Mayo",-0.440847659125197
2009,20,"dummy","378","Stephen Jackson",-0.454552700771248
2009,20,"dummy","2806","Jose Calderon",-0.459752379554523
2009,20,"dummy","808","DeShawn Stevenson",-0.463393190525421
2009,20,"dummy","2768","Jarrett Jack",-0.466142982386834
2009,20,"dummy","2",NA,-0.470767078771744
2009,20,"dummy","2794","Hakim Warrick",-0.476761596706059
2009,20,"dummy","4",NA,-0.493308606028608
2009,20,"dummy","3005","Rudy Gay",-0.50097715501971
2009,20,"dummy","1711","Drew Gooden",-0.517899755879975
2009,20,"dummy","3449","Kevin Love",-0.522217094358023
2009,20,"dummy","pair_2377_2772",NA,-0.553105103920835
2009,20,"dummy","3202","Kevin Durant",-0.569793611118097
2009,20,"dummy","2778","C.J. Miles",-0.583784221332199
2009,20,"dummy","615","Jermaine O'Neal",-0.600199818261824
2009,20,"dummy","497","Corey Maggette",-0.61635862412196
2009,20,"dummy","558","Mike Miller",-0.6256685999238
2009,20,"dummy","3431","Eric Gordon",-0.644098194948521
2009,20,"dummy","1982","Chris Kaman",-0.654134220542806
2009,20,"dummy","pair_1705_385",NA,-0.667027035258031
2009,20,"dummy","11","Rafer Alston",-0.69016978210774
2009,20,"dummy","2757","Ryan Gomes",-0.698338740997532
2009,20,"dummy","209","Keyon Dooling",-0.72544921486052
2009,20,"dummy","242","Michael Finley",-0.745113804826997
2009,20,"dummy","3",NA,-0.760776439267178
2009,20,"dummy","pair_3202_3209",NA,-0.76370471694689
2009,20,"dummy","1051","Mike James",-0.768355756151247
2009,20,"dummy","1985","Luke Ridnour",-0.787288379508001
2009,20,"dummy","1719","Nenad Krstic",-0.808303744658951
2009,20,"dummy","566","Cuttino Mobley",-0.843921887674339
2009,20,"dummy","3213","Al Horford",-0.861888489500609
2009,20,"dummy","385","Antawn Jamison",-0.885832557633371
2009,20,"dummy","1705","Caron Butler",-0.917233360958317
2009,20,"dummy","1703","Carlos Boozer",-0.982476997506478
2009,20,"dummy","1717","Jared Jeffries",-1.00022675057749
2009,20,"dummy","3190","Marco Belinelli",-1.02463636621202
2009,20,"dummy","1708","Mike Dunleavy",-1.04063756169633
2009,20,"dummy","556","Brad Miller",-1.0472046523211
2009,20,"dummy","3237","Al Thornton",-1.06502134331433
2009,20,"dummy","1027","Earl Watson",-1.1044870474362
2009,20,"dummy","1726","John Salmons",-1.11813973033124
2009,20,"dummy","2755","Francisco Garcia",-1.19204324424493
2009,20,"dummy","2987","Andrea Bargnani",-1.23016079697698
2009,20,"dummy","2394","Kevin Martin",-1.2796085180524
2009,20,"dummy","3418","Michael Beasley",-1.29208607449783
2009,20,"dummy","1767","Rasual Butler",-1.29520017072712
2009,20,"dummy","1718","Fred Jones",-1.33773050049218
2009,20,"dummy","3211","Spencer Hawes",-1.51042472541767
2009,20,"dummy","3413","Darrell Arthur",-1.58784784825881
2009,20,"dummy","5",NA,-3.03108030509887
2009,25,"dummy","617","Lamar Odom",2.4377650959331
2009,25,"dummy","2439","Jameer Nelson",2.41258439194512
2009,25,"dummy","pair_1722_25",NA,2.32918963435111
2009,25,"dummy","3015","Paul Millsap",2.21684544550204
2009,25,"dummy","2779","Chris Paul",2.18434600865025
2009,25,"dummy","1966","LeBron James",2.11901762596737
2009,25,"dummy","pair_2177_2779",NA,2.0735890291836
2009,25,"dummy","885","Ben Wallace",1.85788565404502
2009,25,"dummy","261","Kevin Garnett",1.77294273437903
2009,25,"dummy","9","Ray Allen",1.64277282739924
2009,25,"dummy","1722","Yao Ming",1.57284321184033
2009,25,"dummy","2422","Delonte West",1.48782139318057
2009,25,"dummy","2200","Marquis Daniels",1.45958449799818
2009,25,"dummy","362","Zydrunas Ilgauskas",1.34700373754607
2009,25,"dummy","3026","Rajon Rondo",1.28086797414989
2009,25,"dummy","2386","Andre Iguodala",1.19136669389328
2009,25,"dummy","2751","Monta Ellis",1.18614287859712
2009,25,"dummy","469","Rashard Lewis",1.18488662286615
2009,25,"dummy","pair_1966_2178",NA,1.17666672231669
2009,25,"dummy","1017","Zach Randolph",1.1749650161297
2009,25,"dummy","1015","Tony Parker",1.15393223090146
2009,25,"dummy","429","Jason Kidd",1.14306555641263
2009,25,"dummy","1713","Nene Hilario",1.12145587796096
2009,25,"dummy","1014","Mehmet Okur",1.1195704432331
2009,25,"dummy","614","Shaquille O'Neal",1.11474163256163
2009,25,"dummy","2747","Andrew Bogut",1.08611461346283
2009,25,"dummy","692","Michael Redd",1.07971778400861
2009,25,"dummy","862","Hedo Turkoglu",1.03360261484694
2009,25,"dummy","2746","Andray Blatche",1.03147374055787
2009,25,"dummy","pair_110_996",NA,1.00669002414957
2009,25,"dummy","2411","Josh Smith",0.995364564428176
2009,25,"dummy","pair_2983_3027",NA,0.974292442519286
2009,25,"dummy","110","Kobe Bryant",0.957893999804966
2009,25,"dummy","2983","LaMarcus Aldridge",0.912230435104385
2009,25,"dummy","2384","Dwight Howard",0.892448954702084
2009,25,"dummy","592","Steve Nash",0.874132304370014
2009,25,"dummy","1007","Joe Johnson",0.856195769353298
2009,25,"dummy","515","Kenyon Martin",0.83328572954577
2009,25,"dummy","pair_2384_469",NA,0.833117721478874
2009,25,"dummy","pair_1977_635",NA,0.800121738311642
2009,25,"dummy","125","Marcus Camby",0.788674988095074
2009,25,"dummy","pair_1026_2753",NA,0.724658787514931
2009,25,"dummy","1975","Carmelo Anthony",0.707526001894701
2009,25,"dummy","246","Derek Fisher",0.670511840682096
2009,25,"dummy","976","Shane Battier",0.625744058981038
2009,25,"dummy","841","Jason Terry",0.597144858764758
2009,25,"dummy","883","Rasheed Wallace",0.58691608921756
2009,25,"dummy","3027","Brandon Roy",0.550672534239745
2009,25,"dummy","662","Paul Pierce",0.544280814199279
2009,25,"dummy","1026","Gerald Wallace",0.530076116343436
2009,25,"dummy","2167","Boris Diaw",0.510925826699192
2009,25,"dummy","2018","Kendrick Perkins",0.504257458807144
2009,25,"dummy","pair_336_592",NA,0.503234846851586
2009,25,"dummy","2429","Luol Deng",0.481789250867536
2009,25,"dummy","2006","Josh Howard",0.477484928559066
2009,25,"dummy","2381","Ben Gordon",0.458679227515529
2009,25,"dummy","2760","Danny Granger",0.45441422868938
2009,25,"dummy","813","Peja Stojakovic",0.446780428485788
2009,25,"dummy","996","Pau Gasol",0.426912923122723
2009,25,"dummy","1994","Steve Blake",0.412685247380574
2009,25,"dummy","336","Grant Hill",0.393447909268566
2009,25,"dummy","215","Tim Duncan",0.391788182329762
2009,25,"dummy","1",NA,0.385189295242956
2009,25,"dummy","pair_3026_662",NA,0.382151304418051
2009,25,"dummy","3244","Thaddeus Young",0.37801382221591
2009,25,"dummy","2748","Andrew Bynum",0.371215178017393
2009,25,"dummy","991","Samuel Dalembert",0.363156322371056
2009,25,"dummy","pair_1724_3235",NA,0.359437690001746
2009,25,"dummy","pair_136_2382",NA,0.329217682306219
2009,25,"dummy","136","Vince Carter",0.324579316234718
2009,25,"dummy","2178","Mo Williams",0.318662651526201
2009,25,"dummy","pair_2386_557",NA,0.296387295659992
2009,25,"dummy","3003","Randy Foye",0.271122666007226
2009,25,"dummy","635","Anthony Parker",0.268077085190962
2009,25,"dummy","pair_1987_2184",NA,0.267430321806043
2009,25,"dummy","1781","Luis Scola",0.253106676114604
2009,25,"dummy","25","Ron Artest",0.251005053170843
2009,25,"dummy","1979","T.J. Ford",0.244611535729089
2009,25,"dummy","308","Al Harrington",0.215658043272908
2009,25,"dummy","pair_1015_215",NA,0.213304419169734
2009,25,"dummy","510","Shawn Marion",0.19704760702041
2009,25,"dummy","pair_2757_3003",NA,0.196033115879075
2009,25,"dummy","181","Erick Dampier",0.185046123104293
2009,25,"dummy","1721","Roger Mason",0.171017224083353
2009,25,"dummy","3448","Brook Lopez",0.161560907790407
2009,25,"dummy","61","Mike Bibby",0.157111554176408
2009,25,"dummy","1987","Dwyane Wade",0.152674348657684
2009,25,"dummy","1977","Chris Bosh",0.148635941803301
2009,25,"dummy","pair_2821_3277",NA,0.145982192736082
2009,25,"dummy","1006","Richard Jefferson",0.134948764047771
2009,25,"dummy","3468","Russell Westbrook",0.13231742438438
2009,25,"dummy","49","Raja Bell",0.1266586297586
2009,25,"dummy","2",NA,0.121242917971224
2009,25,"dummy","2177","David West",0.0969029335598646
2009,25,"dummy","2427","Andris Biedrins",0.069006219437181
2009,25,"dummy","609","Dirk Nowitzki",0.0679304370825024
2009,25,"dummy","2417","Sebastian Telfair",0.0415208534233434
2009,25,"dummy","2797","Marvin Williams",0.0360873540974753
2009,25,"dummy","1013","Troy Murphy",0.0342559974643855
2009,25,"dummy","63","Chauncey Billups",0.0335617235949049
2009,25,"dummy","2184","Udonis Haslem",0.0300241835546453
2009,25,"dummy","1724","Tayshaun Prince",0.00856064612504645
2009,25,"dummy","pair_609_841",NA,0.00334721076629252
2009,25,"dummy","1727","Amare Stoudemire",-0.00749516799550818
2009,25,"dummy","2798","Deron Williams",-0.0171260747553305
2009,25,"dummy","2991","Ronnie Brewer",-0.0200186880893163
2009,25,"dummy","3194","Wilson Chandler",-0.0337923879262544
2009,25,"dummy","3206","Marc Gasol",-0.105047328920498
2009,25,"dummy","2399","Emeka Okafor",-0.119422453866187
2009,25,"dummy","pair_1713_63",NA,-0.126510182366853
2009,25,"dummy","532","Tracy McGrady",-0.131289498908121
2009,25,"dummy","pair_3237_3431",NA,-0.133313422895076
2009,25,"dummy","3225","Greg Oden",-0.144682815211126
2009,25,"dummy","518","Desmond Mason",-0.158675110988156
2009,25,"dummy","pair_1006_3231",NA,-0.173044397215681
2009,25,"dummy","366","Allen Iverson",-0.17939614606354
2009,25,"dummy","3456","Derrick Rose",-0.194046267305881
2009,25,"dummy","703","Quentin Richardson",-0.20045819752998
2009,25,"dummy","3214","Yi Jianlian",-0.219964637421959
2009,25,"dummy","3209","Jeff Green",-0.221258320107827
2009,25,"dummy","2753","Raymond Felton",-0.225644186311348
2009,25,"dummy","91","Elton Brand",-0.235717699299774
2009,25,"dummy","984","Tyson Chandler",-0.247359280899169
2009,25,"dummy","2821","Kelenna Azubuike",-0.271153345437277
2009,25,"dummy","2772","David Lee",-0.274787227349597
2009,25,"dummy","pair_1007_61",NA,-0.287157991425101
2009,25,"dummy","pair_1726_2448",NA,-0.287741169822338
2009,25,"dummy","3195","Mike Conley",-0.28782436416313
2009,25,"dummy","pair_1013_2768",NA,-0.309650473134972
2009,25,"dummy","1018","Jason Richardson",-0.338853763241444
2009,25,"dummy","294","Richard Hamilton",-0.394090388084499
2009,25,"dummy","165","Jamal Crawford",-0.395028074416325
2009,25,"dummy","194","Baron Davis",-0.407137811049823
2009,25,"dummy","2448","Beno Udrih",-0.415032078156309
2009,25,"dummy","pair_2381_3456",NA,-0.431210194482068
2009,25,"dummy","4",NA,-0.441703582650355
2009,25,"dummy","2806","Jose Calderon",-0.442749524145673
2009,25,"dummy","2768","Jarrett Jack",-0.456310444038224
2009,25,"dummy","557","Andre Miller",-0.467829757506431
2009,25,"dummy","pair_3005_3450",NA,-0.503164159156677
2009,25,"dummy","2377","Chris Duhon",-0.515067474290959
2009,25,"dummy","pair_1014_2798",NA,-0.519186876544696
2009,25,"dummy","2389","Al Jefferson",-0.530910009087613
2009,25,"dummy","3235","Rodney Stuckey",-0.53262059637748
2009,25,"dummy","378","Stephen Jackson",-0.569069828848968
2009,25,"dummy","2382","Devin Harris",-0.600845294115074
2009,25,"dummy","615","Jermaine O'Neal",-0.601366621516689
2009,25,"dummy","1711","Drew Gooden",-0.618185186391729
2009,25,"dummy","3419","Mario Chalmers",-0.623540010032058
2009,25,"dummy","1982","Chris Kaman",-0.639698675649118
2009,25,"dummy","pair_1705_385",NA,-0.672729710261724
2009,25,"dummy","pair_2377_2772",NA,-0.675341238985682
2009,25,"dummy","3450","O.J. Mayo",-0.69174870720862
2009,25,"dummy","2778","C.J. Miles",-0.722782933792305
2009,25,"dummy","242","Michael Finley",-0.73803337876737
2009,25,"dummy","3005","Rudy Gay",-0.746840398244798
2009,25,"dummy","497","Corey Maggette",-0.76331807508963
2009,25,"dummy","558","Mike Miller",-0.794532354335128
2009,25,"dummy","3202","Kevin Durant",-0.813493693599536
2009,25,"dummy","1985","Luke Ridnour",-0.842645620128619
2009,25,"dummy","11","Rafer Alston",-0.879928741943981
2009,25,"dummy","3431","Eric Gordon",-0.883772957243439
2009,25,"dummy","2757","Ryan Gomes",-0.896276006641542
2009,25,"dummy","566","Cuttino Mobley",-0.921384947244497
2009,25,"dummy","1051","Mike James",-0.930762431834156
2009,25,"dummy","3",NA,-0.957165971841432
2009,25,"dummy","pair_3202_3209",NA,-0.990165557681768
2009,25,"dummy","385","Antawn Jamison",-1.0382523887671
2009,25,"dummy","3213","Al Horford",-1.04445262081485
2009,25,"dummy","1703","Carlos Boozer",-1.05453891674814
2009,25,"dummy","1705","Caron Butler",-1.05615984867376
2009,25,"dummy","556","Brad Miller",-1.13133386058446
2009,25,"dummy","1708","Mike Dunleavy",-1.19914045419138
2009,25,"dummy","1726","John Salmons",-1.23643316251825
2009,25,"dummy","2755","Francisco Garcia",-1.29901156530854
2009,25,"dummy","3237","Al Thornton",-1.37912524439187
2009,25,"dummy","2987","Andrea Bargnani",-1.40791920958001
2009,25,"dummy","2394","Kevin Martin",-1.42401613801481
2009,25,"dummy","5",NA,-1.63263304213268
2009,25,"dummy","1767","Rasual Butler",-1.67817586189243
2009,25,"dummy","3211","Spencer Hawes",-1.68972280051946
2009,30,"dummy","1966","LeBron James",2.63661522689437
2009,30,"dummy","2439","Jameer Nelson",2.44290204786661
2009,30,"dummy","pair_1722_25",NA,2.44112148245196
2009,30,"dummy","3015","Paul Millsap",2.24054600821735
2009,30,"dummy","2779","Chris Paul",2.04473454142936
2009,30,"dummy","pair_2177_2779",NA,1.94835153575547
2009,30,"dummy","261","Kevin Garnett",1.83542891572033
2009,30,"dummy","2422","Delonte West",1.83411971669561
2009,30,"dummy","9","Ray Allen",1.65755191042594
2009,30,"dummy","1722","Yao Ming",1.63864546320313
2009,30,"dummy","pair_1966_2178",NA,1.62507369367227
2009,30,"dummy","429","Jason Kidd",1.39908292244268
2009,30,"dummy","110","Kobe Bryant",1.38185459183633
2009,30,"dummy","1015","Tony Parker",1.33416572358251
2009,30,"dummy","2386","Andre Iguodala",1.27834133103932
2009,30,"dummy","3026","Rajon Rondo",1.27529962601329
2009,30,"dummy","1017","Zach Randolph",1.2356410062457
2009,30,"dummy","pair_110_996",NA,1.17890263804015
2009,30,"dummy","469","Rashard Lewis",1.16055906049208
2009,30,"dummy","614","Shaquille O'Neal",1.14301028392975
2009,30,"dummy","1713","Nene Hilario",1.14033868948842
2009,30,"dummy","1014","Mehmet Okur",1.0863262286961
2009,30,"dummy","2751","Monta Ellis",1.06969608033994
2009,30,"dummy","2411","Josh Smith",1.05249776345161
2009,30,"dummy","862","Hedo Turkoglu",1.00532389754296
2009,30,"dummy","pair_2983_3027",NA,0.986636189993315
2009,30,"dummy","2747","Andrew Bogut",0.985914141233457
2009,30,"dummy","692","Michael Redd",0.966043212237463
2009,30,"dummy","2983","LaMarcus Aldridge",0.962000656568273
2009,30,"dummy","592","Steve Nash",0.916225580536552
2009,30,"dummy","246","Derek Fisher",0.890803403828697
2009,30,"dummy","1007","Joe Johnson",0.87271257880306
2009,30,"dummy","125","Marcus Camby",0.862209533063502
2009,30,"dummy","pair_1977_635",NA,0.851494000639924
2009,30,"dummy","515","Kenyon Martin",0.839292686520818
2009,30,"dummy","2384","Dwight Howard",0.837196928456218
2009,30,"dummy","pair_2384_469",NA,0.800599524596094
2009,30,"dummy","2760","Danny Granger",0.77084825323632
2009,30,"dummy","pair_1026_2753",NA,0.749160701246017
2009,30,"dummy","2178","Mo Williams",0.746111846708103
2009,30,"dummy","996","Pau Gasol",0.731688180745142
2009,30,"dummy","1975","Carmelo Anthony",0.696839546448933
2009,30,"dummy","pair_336_592",NA,0.650025053714047
2009,30,"dummy","976","Shane Battier",0.640555976007338
2009,30,"dummy","1",NA,0.632395330973094
2009,30,"dummy","883","Rasheed Wallace",0.594625414174567
2009,30,"dummy","3027","Brandon Roy",0.56637799907264
2009,30,"dummy","2167","Boris Diaw",0.553387973013748
2009,30,"dummy","662","Paul Pierce",0.519526427134699
2009,30,"dummy","1026","Gerald Wallace",0.512449234708361
2009,30,"dummy","2006","Josh Howard",0.481377405290923
2009,30,"dummy","2",NA,0.473675844017877
2009,30,"dummy","2018","Kendrick Perkins",0.469074384289382
2009,30,"dummy","1013","Troy Murphy",0.467122889603468
2009,30,"dummy","2381","Ben Gordon",0.458631785723629
2009,30,"dummy","215","Tim Duncan",0.458340846509496
2009,30,"dummy","2429","Luol Deng",0.434030781347332
2009,30,"dummy","3244","Thaddeus Young",0.413313076979336
2009,30,"dummy","2748","Andrew Bynum",0.410937229566901
2009,30,"dummy","pair_1724_3235",NA,0.368242539827339
2009,30,"dummy","pair_609_841",NA,0.367723153765958
2009,30,"dummy","pair_3026_662",NA,0.3371391527309
2009,30,"dummy","1994","Steve Blake",0.327875946559164
2009,30,"dummy","136","Vince Carter",0.323377177677546
2009,30,"dummy","pair_136_2382",NA,0.322470943208651
2009,30,"dummy","pair_2386_557",NA,0.306519513342039
2009,30,"dummy","pair_1015_215",NA,0.287897244898064
2009,30,"dummy","pair_1987_2184",NA,0.267144327347066
2009,30,"dummy","635","Anthony Parker",0.254237428069239
2009,30,"dummy","3003","Randy Foye",0.250453952782121
2009,30,"dummy","1781","Luis Scola",0.239023528499253
2009,30,"dummy","813","Peja Stojakovic",0.231551832511588
2009,30,"dummy","pair_2821_3277",NA,0.230087876140845
2009,30,"dummy","609","Dirk Nowitzki",0.218520632964118
2009,30,"dummy","pair_2757_3003",NA,0.175216965787427
2009,30,"dummy","25","Ron Artest",0.173298109979765
2009,30,"dummy","510","Shawn Marion",0.150333503519055
2009,30,"dummy","308","Al Harrington",0.145258840293276
2009,30,"dummy","61","Mike Bibby",0.126529568401534
2009,30,"dummy","1987","Dwyane Wade",0.124060710592618
2009,30,"dummy","3468","Russell Westbrook",0.116131476429895
2009,30,"dummy","1977","Chris Bosh",0.105412385877999
2009,30,"dummy","3448","Brook Lopez",0.0896466442158274
2009,30,"dummy","49","Raja Bell",0.0717320840863059
2009,30,"dummy","2427","Andris Biedrins",0.0388418774517857
2009,30,"dummy","1006","Richard Jefferson",0.0290094811018573
2009,30,"dummy","2184","Udonis Haslem",0.016955184666928
2009,30,"dummy","2797","Marvin Williams",-0.0134890392168852
2009,30,"dummy","1727","Amare Stoudemire",-0.0249067004876551
2009,30,"dummy","1724","Tayshaun Prince",-0.0342313202879589
2009,30,"dummy","63","Chauncey Billups",-0.0382862923083454
2009,30,"dummy","3194","Wilson Chandler",-0.0817671653652805
2009,30,"dummy","pair_3237_3431",NA,-0.118764232345442
2009,30,"dummy","532","Tracy McGrady",-0.133532983323091
2009,30,"dummy","2991","Ronnie Brewer",-0.138899813493964
2009,30,"dummy","2798","Deron Williams",-0.139810279631019
2009,30,"dummy","3206","Marc Gasol",-0.159274259898751
2009,30,"dummy","pair_1006_3231",NA,-0.161122262360852
2009,30,"dummy","2399","Emeka Okafor",-0.179291207777043
2009,30,"dummy","pair_1713_63",NA,-0.197280432152893
2009,30,"dummy","2177","David West",-0.204368282907625
2009,30,"dummy","pair_1013_2768",NA,-0.221485811196613
2009,30,"dummy","3209","Jeff Green",-0.238494980777304
2009,30,"dummy","366","Allen Iverson",-0.244216249163657
2009,30,"dummy","3456","Derrick Rose",-0.264162190545589
2009,30,"dummy","2753","Raymond Felton",-0.307185601370374
2009,30,"dummy","pair_1007_61",NA,-0.34316145728376
2009,30,"dummy","91","Elton Brand",-0.357671079231808
2009,30,"dummy","2772","David Lee",-0.36551307956958
2009,30,"dummy","pair_1726_2448",NA,-0.383455156670953
2009,30,"dummy","1018","Jason Richardson",-0.428456831021699
2009,30,"dummy","194","Baron Davis",-0.431366868897998
2009,30,"dummy","294","Richard Hamilton",-0.457271496868575
2009,30,"dummy","165","Jamal Crawford",-0.457705246110817
2009,30,"dummy","557","Andre Miller",-0.492225944825254
2009,30,"dummy","2806","Jose Calderon",-0.492339897469775
2009,30,"dummy","984","Tyson Chandler",-0.493088015190252
2009,30,"dummy","pair_2381_3456",NA,-0.523238096615676
2009,30,"dummy","pair_3005_3450",NA,-0.536351377959441
2009,30,"dummy","2389","Al Jefferson",-0.575187805023471
2009,30,"dummy","2377","Chris Duhon",-0.603597404561621
2009,30,"dummy","3",NA,-0.610222137227264
2009,30,"dummy","3235","Rodney Stuckey",-0.624827331431691
2009,30,"dummy","pair_1705_385",NA,-0.635907314705012
2009,30,"dummy","1982","Chris Kaman",-0.666637468275557
2009,30,"dummy","2382","Devin Harris",-0.667064152066244
2009,30,"dummy","1711","Drew Gooden",-0.671375312576285
2009,30,"dummy","615","Jermaine O'Neal",-0.678806659699649
2009,30,"dummy","378","Stephen Jackson",-0.718644271226664
2009,30,"dummy","4",NA,-0.722287145888974
2009,30,"dummy","3419","Mario Chalmers",-0.722901815389651
2009,30,"dummy","pair_1014_2798",NA,-0.724127843087446
2009,30,"dummy","3450","O.J. Mayo",-0.735838722665703
2009,30,"dummy","3005","Rudy Gay",-0.801589909225015
2009,30,"dummy","pair_2377_2772",NA,-0.812624764739982
2009,30,"dummy","5",NA,-0.850244766841986
2009,30,"dummy","3202","Kevin Durant",-0.887097079644977
2009,30,"dummy","385","Antawn Jamison",-0.971155069446902
2009,30,"dummy","11","Rafer Alston",-0.976448844312231
2009,30,"dummy","1705","Caron Butler",-0.980619515572489
2009,30,"dummy","2757","Ryan Gomes",-0.980764955354802
2009,30,"dummy","3431","Eric Gordon",-0.994966693374978
2009,30,"dummy","566","Cuttino Mobley",-0.998044165206977
2009,30,"dummy","pair_3202_3209",NA,-1.10419554163275
2009,30,"dummy","3213","Al Horford",-1.11402907575022
2009,30,"dummy","1703","Carlos Boozer",-1.2730059441016
2009,30,"dummy","556","Brad Miller",-1.4159267541399
2009,30,"dummy","3237","Al Thornton",-1.49383295018243
2009,30,"dummy","2987","Andrea Bargnani",-1.55304060437341
2009,30,"dummy","1726","John Salmons",-1.56147935505848
2009,30,"dummy","2394","Kevin Martin",-1.85192095656969
