"season","min_minutes","dummy_penalty_ratio","n_players_inner","n_players_outer","inner_dummy_lambda","inner_no_dummy_lambda","inner_dummy_RMSE","inner_dummy_R2","inner_no_dummy_RMSE","inner_no_dummy_R2","neutral_inner_RMSE","outer_dummy_lambda","outer_no_dummy_lambda","outer_dummy_RMSE","outer_dummy_R2","outer_no_dummy_RMSE","outer_no_dummy_R2"
2007,0,0,421,447,11.6700695867096,11.6700695867096,11.9480233446892,0.0965897996854539,11.9480233446892,0.0965897996854539,11.9480233446892,4.53635034824729,4.53635034824729,12.6260347714636,0.118333196194788,12.6260347714636,0.118333196194788
2007,0,0.1,421,447,11.6700695867096,11.6700695867096,11.9480233446892,0.0965897996854539,11.9480233446892,0.0965897996854539,11.9480233446892,4.53635034824729,4.53635034824729,12.6260347714636,0.118333196194788,12.6260347714636,0.118333196194788
2007,0,0.25,421,447,11.6700695867096,11.6700695867096,11.9480233446892,0.0965897996854539,11.9480233446892,0.0965897996854539,11.9480233446892,4.53635034824729,4.53635034824729,12.6260347714636,0.118333196194788,12.6260347714636,0.118333196194788
2007,0,0.5,421,447,11.6700695867096,11.6700695867096,11.9480233446892,0.0965897996854539,11.9480233446892,0.0965897996854539,11.9480233446892,4.53635034824729,4.53635034824729,12.6260347714636,0.118333196194788,12.6260347714636,0.118333196194788
2007,0,1,421,447,11.6700695867096,11.6700695867096,11.9480233446892,0.0965897996854539,11.9480233446892,0.0965897996854539,11.9480233446892,4.53635034824729,4.53635034824729,12.6260347714636,0.118333196194788,12.6260347714636,0.118333196194788
2007,0,2,421,447,11.6700695867096,11.6700695867096,11.9480233446892,0.0965897996854539,11.9480233446892,0.0965897996854539,11.9480233446892,4.53635034824729,4.53635034824729,12.6260347714636,0.118333196194788,12.6260347714636,0.118333196194788
2007,5,0,412,436,11.3817321741528,11.6700695867096,14.0240592427861,-0.244630216295341,11.9500019141403,0.0962905689637761,12.9870305784632,4.43615142907296,4.53635034824729,12.7296309249851,0.103805753370193,12.6274908655826,0.118129828487111
2007,5,0.1,412,436,12.2470782513146,11.6700695867096,11.8722372490869,0.108014081469609,11.9500019141403,0.0962905689637761,11.9111195816136,4.87817309950412,4.53635034824729,12.5655612598518,0.126758613080785,12.6274908655826,0.118129828487111
2007,5,0.25,412,436,12.4654330730508,11.6700695867096,11.8820270434863,0.106542419659188,11.9500019141403,0.0962905689637761,11.9160144788133,4.46006642983506,4.53635034824729,12.5889141764825,0.12350978357173,12.6274908655826,0.118129828487111
2007,5,0.5,412,436,11.5317986200424,11.6700695867096,11.8986528245252,0.104040351201726,11.9500019141403,0.0962905689637761,11.9243273693327,4.48549440263914,4.53635034824729,12.6055933792916,0.121185700267396,12.6274908655826,0.118129828487111
2007,5,1,412,436,11.6700695867096,11.6700695867096,11.9210663669766,0.100661726101106,11.9500019141403,0.0962905689637761,11.9355341405584,4.53635034824729,4.53635034824729,12.6157985257045,0.119762195855225,12.6274908655826,0.118129828487111
2007,5,2,412,436,11.9466115200439,11.6700695867096,11.934657908267,0.0986098356034748,11.9500019141403,0.0962905689637761,11.9423299112036,4.6380622394636,4.53635034824729,12.6214457576236,0.118973974708267,12.6274908655826,0.118129828487111
2007,10,0,386,411,11.1299879335011,11.6700695867096,12.2149016230054,0.0557808330776989,11.9534931317355,0.0957624506980401,12.0841973773705,4.36549403445638,4.53635034824729,12.635936669281,0.116949769322645,12.6475491143108,0.11532597451856
2007,10,0.1,386,411,12.9544483421019,11.6700695867096,11.9993567392977,0.0888103145268971,11.9534931317355,0.0957624506980401,11.9764249355166,4.54664846161187,4.53635034824729,12.6811526843792,0.110618707028633,12.6475491143108,0.11532597451856
2007,10,0.25,386,411,13.1886206615094,11.6700695867096,11.9613006703405,0.0945808420908893,11.9534931317355,0.0957624506980401,11.957396901038,4.62775192231228,4.53635034824729,12.661933489497,0.11331250621878,12.6475491143108,0.11532597451856
2007,10,0.5,386,411,12.7286808796265,11.6700695867096,11.9446098664258,0.0971059236476215,11.9534931317355,0.0957624506980401,11.9490514990806,4.91951017893322,4.53635034824729,12.645250461912,0.115647518757054,12.6475491143108,0.11532597451856
2007,10,1,386,411,12.8078869646318,11.6700695867096,11.944740369889,0.0970861940040558,11.9534931317355,0.0957624506980401,11.9491167508122,4.53635034824729,4.53635034824729,12.6364832475912,0.116873373475711,12.6475491143108,0.11532597451856
2007,10,2,386,411,13.1313184536377,11.6700695867096,11.9503879114754,0.0962321865353138,11.9534931317355,0.0957624506980401,11.9519405216055,4.64410213799188,4.53635034824729,12.6358628882269,0.116960081527961,12.6475491143108,0.11532597451856
2007,15,0,335,348,9.93599410064816,11.6700695867096,12.3151801486073,0.0402140167687983,11.9448562723927,0.0970686715673602,12.1300182105,4.78043873608456,4.53635034824729,12.5960229635668,0.122519620089581,12.6554483031726,0.114220560428853
2007,15,0.1,335,348,12.3723459148457,11.6700695867096,12.0948216529531,0.0742540891755098,11.9448562723927,0.0970686715673602,12.0198389626729,5.04609682057785,4.53635034824729,12.4847962795239,0.137948032360782,12.6554483031726,0.114220560428853
2007,15,0.25,335,348,12.6033776275243,11.6700695867096,12.0525932708577,0.0807071825909879,11.9448562723927,0.0970686715673602,11.9987247716252,4.68289617904479,4.53635034824729,12.5002013476971,0.135819337242102,12.6554483031726,0.114220560428853
2007,15,0.5,335,348,13.362706093376,11.6700695867096,12.0306579309347,0.0840503055444014,11.9448562723927,0.0970686715673602,11.9877571016637,4.96367730981967,4.53635034824729,12.5302549554945,0.131658929378909,12.6554483031726,0.114220560428853
2007,15,1,335,348,13.0026802108364,11.6700695867096,12.0040736479018,0.0880938022462017,11.9448562723927,0.0970686715673602,11.9744649601473,4.97863890704539,4.53635034824729,12.5590686359683,0.127660787368031,12.6554483031726,0.114220560428853
2007,15,2,335,348,13.1791300650559,11.6700695867096,11.9835022583035,0.0912165927942656,11.9448562723927,0.0970686715673602,11.9641792653481,5.11770703294052,4.53635034824729,12.5867213857487,0.12381509858307,12.6554483031726,0.114220560428853
2007,20,0,247,261,8.72884691377903,10.6333327686859,12.1641047965194,0.0636177536885479,11.9558648482857,0.0954035919286179,12.0599848224026,4.19270433381541,4.53635034824729,12.3242499290002,0.159976334924265,12.6732319386549,0.111729388873519
2007,20,0.1,247,261,11.6175922182102,10.6333327686859,12.0789529556269,0.0766816974551187,11.9558648482857,0.0954035919286179,12.0174089019563,4.76603579341766,4.53635034824729,12.3651435360476,0.154392451182541,12.6732319386549,0.111729388873519
2007,20,0.25,247,261,11.8531940136462,10.6333327686859,12.0367371860983,0.0831243879747329,11.9558648482857,0.0954035919286179,11.996301017192,5.33508156659329,4.53635034824729,12.4319535242213,0.145229976998788,12.6732319386549,0.111729388873519
2007,20,0.5,247,261,11.4805758175481,10.6333327686859,12.0036246807919,0.0881620137960136,11.9558648482857,0.0954035919286179,11.9797447645388,5.16464372636075,4.53635034824729,12.4729611928403,0.139581639153053,12.6732319386549,0.111729388873519
2007,20,1,247,261,11.6700695867096,10.6333327686859,11.9828363398402,0.0913175914543027,11.9558648482857,0.0954035919286179,11.969350594063,5.5377117966384,4.53635034824729,12.5279320817996,0.131980847755999,12.6732319386549,0.111729388873519
2007,20,2,247,261,11.0470811254441,10.6333327686859,11.9626714252856,0.0943733096598776,11.9558648482857,0.0954035919286179,11.9592681367857,5.1623525198515,4.53635034824729,12.5571955641715,0.127920971013662,12.6732319386549,0.111729388873519
2007,25,0,162,155,8.2318218884249,8.82797967235641,12.1394438564487,0.0674106605986663,11.977679525425,0.0920995262350661,12.0585616909368,3.04129335717734,3.12673033199002,12.6040107397761,0.121406357698581,12.6287980122488,0.117947243786776
2007,25,0.1,162,155,9.52185666660709,8.82797967235641,12.1393313772784,0.0674279425088427,11.977679525425,0.0920995262350661,12.0585054513517,3.25896413649982,3.12673033199002,12.6438462850169,0.115843911604883,12.6287980122488,0.117947243786776
2007,25,0.25,162,155,9.74541488923059,8.82797967235641,12.1286390426344,0.0690700397234844,11.977679525425,0.0920995262350661,12.0531592840297,3.33684425259376,3.12673033199002,12.6602617105494,0.113546632804263,12.6287980122488,0.117947243786776
2007,25,0.5,162,155,10.4124572029946,8.82797967235641,12.1141644298028,0.0712907027498402,11.977679525425,0.0920995262350661,12.0459219776139,3.56761259523846,3.12673033199002,12.6690748883291,0.112312031096686,12.6287980122488,0.117947243786776
2007,25,1,162,155,10.6333327686859,8.82797967235641,12.0881820980326,0.0752702023346432,11.977679525425,0.0920995262350661,12.0329308117288,3.8720769335174,3.12673033199002,12.6703872723073,0.112128111146956,12.6287980122488,0.117947243786776
2007,25,2,162,155,11.2515497901211,8.82797967235641,12.0600582861895,0.0795680650506484,11.977679525425,0.0920995262350661,12.0188689058073,3.99440973942659,3.12673033199002,12.6606634659251,0.113490371241203,12.6287980122488,0.117947243786776
2007,30,0,75,83,8.22861187105385,9.01869037849797,12.4086283499395,0.0255929458877681,12.1742558334642,0.0620542655342674,12.2914420917018,3.09052706235114,3.43158267938874,13.2960041603578,0.0222837985050129,13.0281898136586,0.0612743562584592
2007,30,0.1,75,83,10.5760065575878,9.01869037849797,12.3789165779273,0.030253686496735,12.1742558334642,0.0620542655342674,12.2765862056957,3.18214049246776,3.43158267938874,13.3002953633389,0.0216525929673969,13.0281898136586,0.0612743562584592
2007,30,0.25,75,83,13.1740193751024,9.01869037849797,12.3448429866344,0.0355848903115468,12.1742558334642,0.0620542655342674,12.2595494100493,3.28478216505255,3.43158267938874,13.2888571087325,0.023334627009062,13.0281898136586,0.0612743562584592
2007,30,0.5,75,83,14.3122828296954,9.01869037849797,12.3054219722395,0.0417344249502265,12.1742558334642,0.0620542655342674,12.2398389028519,3.55815988413666,3.43158267938874,13.2684833342589,0.0263270749411781,13.0281898136586,0.0612743562584592
2007,30,1,75,83,13.2871578792248,9.01869037849797,12.2571386754117,0.0492396448493304,12.1742558334642,0.0620542655342674,12.215697254438,3.60598588616199,3.43158267938874,13.2340515848206,0.031373885835069,13.0281898136586,0.0612743562584592
2007,30,2,75,83,13.3247870832713,9.01869037849797,12.2216017227612,0.0547447055887472,12.1742558334642,0.0620542655342674,12.1979287781127,4.17112095370537,3.43158267938874,13.1827349029383,0.0388712581900894,13.0281898136586,0.0612743562584592
2008,0,0,428,439,6.53738026442712,6.53738026442712,12.3898534643257,0.157411070321186,12.3898534643257,0.157411070321186,12.3898534643257,4.45563159457281,4.45563159457281,12.5317022940694,0.238663734428893,12.5317022940694,0.238663734428893
2008,0,0.1,428,439,6.53738026442712,6.53738026442712,12.3898534643257,0.157411070321186,12.3898534643257,0.157411070321186,12.3898534643257,4.45563159457281,4.45563159457281,12.5317022940694,0.238663734428893,12.5317022940694,0.238663734428893
2008,0,0.25,428,439,6.53738026442712,6.53738026442712,12.3898534643257,0.157411070321186,12.3898534643257,0.157411070321186,12.3898534643257,4.45563159457281,4.45563159457281,12.5317022940694,0.238663734428893,12.5317022940694,0.238663734428893
2008,0,0.5,428,439,6.53738026442712,6.53738026442712,12.3898534643257,0.157411070321186,12.3898534643257,0.157411070321186,12.3898534643257,4.45563159457281,4.45563159457281,12.5317022940694,0.238663734428893,12.5317022940694,0.238663734428893
2008,0,1,428,439,6.53738026442712,6.53738026442712,12.3898534643257,0.157411070321186,12.3898534643257,0.157411070321186,12.3898534643257,4.45563159457281,4.45563159457281,12.5317022940694,0.238663734428893,12.5317022940694,0.238663734428893
2008,0,2,428,439,6.53738026442712,6.53738026442712,12.3898534643257,0.157411070321186,12.3898534643257,0.157411070321186,12.3898534643257,4.45563159457281,4.45563159457281,12.5317022940694,0.238663734428893,12.5317022940694,0.238663734428893
2008,5,0,411,426,6.05823722388715,6.53738026442712,13.4725426719534,0.00371740206506643,12.3862389300467,0.157902621303833,12.9293908010001,4.352306717158,4.45563159457281,12.5301835030485,0.238848264923919,12.5323292732234,0.238587551018598
2008,5,0.1,411,426,6.88555189359691,6.53738026442712,12.5046673356104,0.141722566043214,12.3862389300467,0.157902621303833,12.4454531328286,4.36365754789584,4.45563159457281,12.5189706461188,0.240209915660772,12.5323292732234,0.238587551018598
2008,5,0.25,411,426,6.42091862076155,6.53738026442712,12.4190166402182,0.153439838760116,12.3862389300467,0.157902621303833,12.4026277851324,4.37898655567534,4.45563159457281,12.5250056677423,0.239477194904735,12.5323292732234,0.238587551018598
2008,5,0.5,411,426,6.45973916865008,6.53738026442712,12.3956815387012,0.156618191546346,12.3862389300467,0.157902621303833,12.3909602343739,4.40453490197449,4.45563159457281,12.5282102311158,0.23908798066146,12.5323292732234,0.238587551018598
2008,5,1,411,426,6.53738026442712,6.53738026442712,12.3885507733983,0.157588243562793,12.3862389300467,0.157902621303833,12.3873948517225,4.45563159457281,4.45563159457281,12.5301388279665,0.238853692530872,12.5323292732234,0.238587551018598
2008,5,2,411,426,6.69266245598121,6.53738026442712,12.3866809143079,0.157842522280961,12.3862389300467,0.157902621303833,12.3864599221773,4.55782497976943,4.45563159457281,12.5311989254066,0.238724895333003,12.5323292732234,0.238587551018598
2008,10,0,385,407,5.99397753771002,6.53738026442712,12.9896298947979,0.0738593144473902,12.382796612084,0.158370618755587,12.6862132534409,4.32231237477578,4.45563159457281,13.5916511721476,0.104427356396513,12.5336067882799,0.23843231005346
2008,10,0.1,385,407,6.36696296828579,6.53738026442712,12.4282815315012,0.152176258280535,12.382796612084,0.158370618755587,12.4055390717926,4.39216187397618,4.45563159457281,12.6506722152762,0.224139600945616,12.5336067882799,0.23843231005346
2008,10,0.25,385,407,6.41325279105193,6.53738026442712,12.406380814984,0.155161640846611,12.382796612084,0.158370618755587,12.394588713534,4.37549433567761,4.45563159457281,12.5975478692225,0.230642106674702,12.5336067882799,0.23843231005346
2008,10,0.5,385,407,6.45462861551033,6.53738026442712,12.3972680347712,0.156402292558349,12.382796612084,0.158370618755587,12.3900323234276,4.40220675530934,4.45563159457281,12.5700868196233,0.233992655209042,12.5336067882799,0.23843231005346
2008,10,1,385,407,6.53738026442712,6.53738026442712,12.391146748207,0.157235158062392,12.382796612084,0.158370618755587,12.3869716801455,4.45563159457281,4.45563159457281,12.5527458697274,0.236104674441922,12.5336067882799,0.23843231005346
2008,10,2,385,407,6.70288356226072,6.53738026442712,12.38732378926,0.157755103221513,12.382796612084,0.158370618755587,12.385060200672,4.56248127309973,4.45563159457281,12.5432019049358,0.237265825733735,12.5336067882799,0.23843231005346
2008,15,0,335,348,6.39637086027365,6.53738026442712,13.146527365527,0.0513510978303846,12.4261011575833,0.152473710605733,12.7863142615551,4.27233446892221,4.45563159457281,12.2520755432299,0.272260897168349,12.5888823658883,0.231700182497149
2008,15,0.1,335,348,6.58515627863377,6.53738026442712,12.4881607506894,0.143986981138452,12.4261011575833,0.152473710605733,12.4571309541363,4.06927305517192,4.45563159457281,12.2736274064864,0.269698404296556,12.5888823658883,0.231700182497149
2008,15,0.25,335,348,6.70812244396571,6.53738026442712,12.4455343519597,0.149820742993444,12.4261011575833,0.152473710605733,12.4358177547715,4.14457328634204,4.45563159457281,12.3298110260511,0.262997060488047,12.5888823658883,0.231700182497149
2008,15,0.5,335,348,7.11227349574394,6.53738026442712,12.4222607173508,0.15299750661208,12.4261011575833,0.152473710605733,12.424180937467,4.39307718850539,4.45563159457281,12.3890657383287,0.255896248638899,12.5888823658883,0.231700182497149
2008,15,1,335,348,6.9206504424286,6.53738026442712,12.4108549596339,0.154552178560434,12.4261011575833,0.152473710605733,12.4184780586086,4.27243478699018,4.45563159457281,12.4291373103862,0.251074960434102,12.5888823658883,0.231700182497149
2008,15,2,335,348,6.726869547454,6.53738026442712,12.4077794404182,0.154971145481568,12.4261011575833,0.152473710605733,12.4169402990008,4.17320795400057,4.45563159457281,12.4630968862188,0.246976860782701,12.5888823658883,0.231700182497149
2008,20,0,254,254,6.1144779914695,5.95661741951042,12.6015713606088,0.128368704202374,12.4330041948349,0.151531801227937,12.5172877777219,3.9700582134596,4.05980556394621,12.4793078437327,0.24501664731418,12.631534292498,0.226485266830063
2008,20,0.1,254,254,6.472845658029,5.95661741951042,12.5466917446681,0.135944050095997,12.4330041948349,0.151531801227937,12.4898479697515,4.2661077461538,4.05980556394621,12.4875662911691,0.244017064087229,12.631534292498,0.226485266830063
2008,20,0.25,254,254,6.60302339442334,5.95661741951042,12.5153982791956,0.140248863731047,12.4330041948349,0.151531801227937,12.4742012370153,4.35190497954215,4.05980556394621,12.5013320972828,0.242349413200519,12.631534292498,0.226485266830063
2008,20,0.5,254,254,6.39371859355372,5.95661741951042,12.4917496487344,0.143494901487378,12.4330041948349,0.151531801227937,12.4623769217846,4.21395686839115,4.05980556394621,12.5140938806405,0.240801752874123,12.631534292498,0.226485266830063
2008,20,1,254,254,6.53738026442712,5.95661741951042,12.4710092832135,0.146336694209017,12.4330041948349,0.151531801227937,12.4520067390242,4.45563159457281,4.05980556394621,12.548421811423,0.236630863539419,12.631534292498,0.226485266830063
2008,20,2,254,254,6.78500830474634,5.95661741951042,12.4561189490241,0.148374018210736,12.4330041948349,0.151531801227937,12.4445615719295,4.21358607773205,4.05980556394621,12.5619740643309,0.234981101005448,12.631534292498,0.226485266830063
2008,25,0,161,169,4.66561346469114,4.9452884283185,12.5263429605092,0.138744506240409,12.4625852738228,0.147489582276994,12.494464117166,3.55656687822134,3.69914362693823,12.7827892817763,0.207849612618247,12.750307395424,0.211870307447317
2008,25,0.1,161,169,5.16942872909323,4.9452884283185,12.5088457779758,0.14114888233441,12.4625852738228,0.147489582276994,12.4857155258993,3.67746711872796,3.69914362693823,12.7424908631998,0.212836331658195,12.750307395424,0.211870307447317
2008,25,0.25,161,169,5.29109659211063,4.9452884283185,12.5096037402949,0.141044796550773,12.4625852738228,0.147489582276994,12.4860945070589,3.76239506973405,3.69914362693823,12.7387307915521,0.213300817783152,12.750307395424,0.211870307447317
2008,25,0.5,161,169,5.15150716397109,4.9452884283185,12.5066924001939,0.141444556573136,12.4625852738228,0.147489582276994,12.4846388370084,3.66056234289024,3.69914362693823,12.7350371860312,0.213756959800285,12.750307395424,0.211870307447317
2008,25,1,161,169,5.42744794508665,4.9452884283185,12.5023500401141,0.142040638982638,12.4625852738228,0.147489582276994,12.4824676569685,3.69914362693823,3.69914362693823,12.7371402059323,0.213497263458323,12.750307395424,0.211870307447317
2008,25,2,161,169,5.74484256175839,4.9452884283185,12.494483492304,0.143119964869497,12.4625852738228,0.147489582276994,12.4785343830634,3.90579969548226,3.69914362693823,12.7423539385516,0.212853248527959,12.750307395424,0.211870307447317
2008,30,0,85,83,3.06283906651941,3.74092934020321,12.5445982999904,0.136232365527768,12.5428047781573,0.136479336427801,12.5437015390739,1.84316939885611,1.75739291339359,12.7941266423743,0.206443835353784,12.7412679189428,0.212987418459502
2008,30,0.1,85,83,3.60291370255445,3.74092934020321,12.5501814477549,0.135463330857736,12.5428047781573,0.136479336427801,12.5464931129561,2.06323498424308,1.75739291339359,12.7571292855806,0.211026724253885,12.7412679189428,0.212987418459502
2008,30,0.25,85,83,4.08007266213293,3.74092934020321,12.5561380071166,0.134642484390028,12.5428047781573,0.136479336427801,12.5494713926369,2.12978575100509,1.75739291339359,12.7538615872897,0.211430858503456,12.7412679189428,0.212987418459502
2008,30,0.5,85,83,4.02439537392384,3.74092934020321,12.5531014125879,0.135060992397432,12.5428047781573,0.136479336427801,12.5479530953726,2.10208736454651,1.75739291339359,12.7457554326659,0.212432944332518,12.7412679189428,0.212987418459502
2008,30,1,85,83,4.47078787591162,3.74092934020321,12.55648413764,0.134594773735975,12.5428047781573,0.136479336427801,12.5496444578987,2.33804769168016,1.75739291339359,12.7479321573416,0.212163919394971,12.7412679189428,0.212987418459502
2008,30,2,85,83,4.98027449035722,3.74092934020321,12.5565408883845,0.134586951084143,12.5428047781573,0.136479336427801,12.5496728332709,2.57297323271475,1.75739291339359,12.7455164760493,0.212462474570391,12.7412679189428,0.212987418459502
2009,0,0,413,435,5.84893640899447,5.84893640899447,12.1659910505151,0.148931182699252,12.1659910505151,0.148931182699252,12.1659910505151,3.36710949677689,3.36710949677689,11.5714227771221,0.153396508213261,11.5714227771221,0.153396508213261
2009,0,0.1,413,435,5.84893640899447,5.84893640899447,12.1659910505151,0.148931182699252,12.1659910505151,0.148931182699252,12.1659910505151,3.36710949677689,3.36710949677689,11.5714227771221,0.153396508213261,11.5714227771221,0.153396508213261
2009,0,0.25,413,435,5.84893640899447,5.84893640899447,12.1659910505151,0.148931182699252,12.1659910505151,0.148931182699252,12.1659910505151,3.36710949677689,3.36710949677689,11.5714227771221,0.153396508213261,11.5714227771221,0.153396508213261
2009,0,0.5,413,435,5.84893640899447,5.84893640899447,12.1659910505151,0.148931182699252,12.1659910505151,0.148931182699252,12.1659910505151,3.36710949677689,3.36710949677689,11.5714227771221,0.153396508213261,11.5714227771221,0.153396508213261
2009,0,1,413,435,5.84893640899447,5.84893640899447,12.1659910505151,0.148931182699252,12.1659910505151,0.148931182699252,12.1659910505151,3.36710949677689,3.36710949677689,11.5714227771221,0.153396508213261,11.5714227771221,0.153396508213261
2009,0,2,413,435,5.84893640899447,5.84893640899447,12.1659910505151,0.148931182699252,12.1659910505151,0.148931182699252,12.1659910505151,3.36710949677689,3.36710949677689,11.5714227771221,0.153396508213261,11.5714227771221,0.153396508213261
2009,5,0,394,420,5.64713071885128,5.84893640899447,13.4669901463204,-0.0428234242873373,12.1635346697272,0.149274818994332,12.8152624080238,3.29419941239451,3.36710949677689,11.9375662704893,0.0989723391498065,11.5714165057097,0.153397425887481
2009,5,0.1,394,420,5.71863832067529,5.84893640899447,12.3843910265243,0.118100685049366,12.1635346697272,0.149274818994332,12.2739628481257,3.35070073038977,3.36710949677689,11.6011802241638,0.149036603244525,11.5714165057097,0.153397425887481
2009,5,0.25,394,420,5.74035466872849,5.84893640899447,12.2424588284942,0.138198992444275,12.1635346697272,0.149274818994332,12.2029967491107,3.30838084276334,3.36710949677689,11.572232284456,0.153278051611905,11.5714165057097,0.153397425887481
2009,5,0.5,394,420,5.77654858215049,5.84893640899447,12.1982956303068,0.144405464688284,12.1635346697272,0.149274818994332,12.180915150017,3.32795706076785,3.36710949677689,11.5677221154165,0.153937926878927,11.5714165057097,0.153397425887481
2009,5,1,394,420,5.84893640899447,5.84893640899447,12.179189960781,0.147083528142499,12.1635346697272,0.149274818994332,12.1713623152541,3.36710949677689,3.36710949677689,11.5681905150091,0.153869408090223,11.5714165057097,0.153397425887481
2009,5,2,394,420,5.99371206268246,5.84893640899447,12.1708404058342,0.148252576638222,12.1635346697272,0.149274818994332,12.1671875377807,3.44541436879495,3.36710949677689,11.5694009531481,0.15369232900067,11.5714165057097,0.153397425887481
2009,10,0,374,398,5.24491163129851,5.84893640899447,12.4911721091004,0.102827242563292,12.1665366282653,0.148854849481534,12.3288543686829,3.29063562050146,3.36710949677689,11.7534020918725,0.126558705902309,11.5699898561368,0.153606169690724
2009,10,0.1,374,398,5.65447609786524,5.84893640899447,12.2306828731763,0.139856118580734,12.1665366282653,0.148854849481534,12.1986097507208,3.2964873623447,3.36710949677689,11.5727829321389,0.153197469653246,11.5699898561368,0.153606169690724
2009,10,0.25,374,398,5.7346993697563,5.84893640899447,12.1973498842835,0.144538129740147,12.1665366282653,0.148854849481534,12.1819432562744,3.30521410161555,3.36710949677689,11.5672566321855,0.154006016305651,11.5699898561368,0.153606169690724
2009,10,0.5,374,398,5.77277838283569,5.84893640899447,12.1787650749332,0.147143037160448,12.1665366282653,0.148854849481534,12.1726508515993,3.32584590000266,3.36710949677689,11.5651072359656,0.154320387705113,11.5699898561368,0.153606169690724
2009,10,1,374,398,5.84893640899447,5.84893640899447,12.1689958837653,0.14851072608683,12.1665366282653,0.148854849481534,12.1677662560153,3.36710949677689,3.36710949677689,11.5651741987549,0.154310594587171,11.5699898561368,0.153606169690724
2009,10,2,374,398,6.00125246131204,5.84893640899447,12.1657483754246,0.148965134909393,12.1665366282653,0.148854849481534,12.166142501845,3.44963669032534,3.36710949677689,11.5664574734936,0.154122908341889,11.5699898561368,0.153606169690724
2009,15,0,330,347,5.00339343562776,5.32933301876364,12.5228333157004,0.0982733750171401,12.1868882530582,0.146004954699263,12.3548607843793,3.33235087459527,3.36710949677689,12.0000180351283,0.0895201681960974,11.5452538366403,0.157221390461237
2009,15,0.1,330,347,5.52299053913932,5.32933301876364,12.3611908958981,0.121401778314721,12.1868882530582,0.146004954699263,12.2740395744781,3.43061965593614,3.36710949677689,11.717659187449,0.131863018370743,11.5452538366403,0.157221390461237
2009,15,0.25,330,347,5.62650035374945,5.32933301876364,12.3122462547997,0.128345694894717,12.1868882530582,0.146004954699263,12.2495672539289,3.49414483696296,3.36710949677689,11.675385733309,0.138115623788697,11.5452538366403,0.157221390461237
2009,15,0.5,330,347,5.43612951357832,5.32933301876364,12.2766902970704,0.133372844626555,12.1868882530582,0.146004954699263,12.2317892750643,3.37469613158882,3.36710949677689,11.6566226769993,0.140883599269948,11.5452538366403,0.157221390461237
2009,15,1,330,347,5.32933301876364,5.32933301876364,12.2455429882878,0.137764722359766,12.1868882530582,0.146004954699263,12.216215620673,3.60215630534722,3.36710949677689,11.6269020276093,0.145258956853928,11.5452538366403,0.157221390461237
2009,15,2,330,347,5.48607810755081,5.32933301876364,12.2204165831554,0.141299501674729,12.1868882530582,0.146004954699263,12.2036524181068,3.79891107946576,3.36710949677689,11.5999288538426,0.149220172999838,11.5452538366403,0.157221390461237
2009,20,0,252,255,5.01849566420725,5.32933301876364,12.5115023016671,0.0999044523066382,12.2244697951661,0.140729787484201,12.3679860484166,3.26139616018912,3.36710949677689,11.6790887120778,0.137568824610429,11.5456334343701,0.157165969920338
2009,20,0.1,252,255,5.83591828825307,5.32933301876364,12.4123605869695,0.114112731177571,12.2244697951661,0.140729787484201,12.3184151910678,3.55723385789897,3.36710949677689,11.6378991102951,0.143641311302715,11.5456334343701,0.157165969920338
2009,20,0.25,252,255,5.4246637438423,5.32933301876364,12.3827722112035,0.118331223444595,12.2244697951661,0.140729787484201,12.3036210031848,3.62869177838568,3.36710949677689,11.6051276616478,0.148457404191363,11.5456334343701,0.157165969920338
2009,20,0.5,252,255,5.76528109946644,5.32933301876364,12.358439997239,0.121792786875971,12.2244697951661,0.140729787484201,12.2914548962025,3.51353660492281,3.36710949677689,11.5868918275004,0.151131461641874,11.5456334343701,0.157165969920338
2009,20,1,252,255,5.63620709515254,5.32933301876364,12.3333509869845,0.125354884471297,12.2244697951661,0.140729787484201,12.2789103910753,3.69539851599258,3.36710949677689,11.5727902994784,0.153196391488417,11.5456334343701,0.157165969920338
2009,20,2,252,255,6.07217825666602,5.32933301876364,12.3066798461288,0.129133672519972,12.2244697951661,0.140729787484201,12.2655748206474,3.83484751659607,3.36710949677689,11.565834935747,0.1542139606366,11.5456334343701,0.157165969920338
2009,25,0,171,181,4.39354336481578,4.42450589860338,12.4011321898903,0.11571477855786,12.3436402503744,0.123894906897739,12.3723862201323,2.48232387459183,2.54709485417264,11.7169609810575,0.131966472605244,11.614269145731,0.147115337266106
2009,25,0.1,171,181,4.69595815635149,4.42450589860338,12.3863991229265,0.117814666558148,12.3436402503744,0.123894906897739,12.3650196866505,2.65306743557983,2.54709485417264,11.6905780471178,0.135871151983314,11.614269145731,0.147115337266106
2009,25,0.25,171,181,4.80391866796474,4.42450589860338,12.3802511133136,0.118690197506137,12.3436402503744,0.123894906897739,12.361945681844,2.71277244208112,2.54709485417264,11.6743438823696,0.138269437119249,11.614269145731,0.147115337266106
2009,25,0.5,171,181,5.12874565787085,4.42450589860338,12.3769343605823,0.119162351925379,12.3436402503744,0.123894906897739,12.3602873054784,2.89396029400693,2.54709485417264,11.6550302854902,0.141118308114236,11.614269145731,0.147115337266106
2009,25,1,171,181,5.05795960437417,4.42450589860338,12.3756311298838,0.119347837958345,12.3436402503744,0.123894906897739,12.3596356901291,3.06798476922587,2.54709485417264,11.6361539441542,0.143898123313281,11.614269145731,0.147115337266106
2009,25,2,171,181,5.12417096393418,4.42450589860338,12.3720847528344,0.11985248731318,12.3436402503744,0.123894906897739,12.3578625016044,3.22861224405444,2.54709485417264,11.6203069160937,0.14622834899594,11.614269145731,0.147115337266106
2009,30,0,91,97,2.22357284744227,2.10199875853687,12.5369592042542,0.0962379132947468,12.3667239159634,0.120615059685444,12.4518415601088,1.52303047645934,1.59964980142005,11.9433615983313,0.0980972833683961,11.9432960916204,0.0981071768172345
2009,30,0.1,91,97,2.35059209765789,2.10199875853687,12.4499293326286,0.108741949300524,12.3667239159634,0.120615059685444,12.408326624296,1.54920180736172,1.59964980142005,11.9411231788792,0.0984353200900436,11.9432960916204,0.0981071768172345
2009,30,0.25,91,97,2.42271010471086,2.10199875853687,12.4351497990139,0.110856750017079,12.3667239159634,0.120615059685444,12.4009368574887,1.59516420412136,1.59964980142005,11.935681392375,0.0992568516210107,11.9432960916204,0.0981071768172345
2009,30,0.5,91,97,2.61796237365923,2.10199875853687,12.416396631571,0.113536521388734,12.3667239159634,0.120615059685444,12.3915602737672,1.56812534274358,1.59964980142005,11.938725496648,0.0987973377258018,11.9432960916204,0.0981071768172345
2009,30,1,91,97,2.53186494627723,2.10199875853687,12.4048389110511,0.115186070604052,12.3667239159634,0.120615059685444,12.3857814135072,1.75561368227971,1.59964980142005,11.9261041769715,0.100701788004021,11.9432960916204,0.0981071768172345
2009,30,2,91,97,2.78254464392844,2.10199875853687,12.3877430818361,0.11762321702571,12.3667239159634,0.120615059685444,12.3772334988998,1.91968972735258,1.59964980142005,11.9262388492066,0.10068147773636,11.9432960916204,0.0981071768172345
2010,0,0,413,432,6.05388472540986,6.05388472540986,12.5883806924359,0.0773195238792007,12.5883806924359,0.0773195238792007,12.5883806924359,4.49355138931746,4.49355138931746,12.0555282644605,0.207479012976265,12.0555282644605,0.207479012976265
2010,0,0.1,413,432,6.05388472540986,6.05388472540986,12.5883806924359,0.0773195238792007,12.5883806924359,0.0773195238792007,12.5883806924359,4.49355138931746,4.49355138931746,12.0555282644605,0.207479012976265,12.0555282644605,0.207479012976265
2010,0,0.25,413,432,6.05388472540986,6.05388472540986,12.5883806924359,0.0773195238792007,12.5883806924359,0.0773195238792007,12.5883806924359,4.49355138931746,4.49355138931746,12.0555282644605,0.207479012976265,12.0555282644605,0.207479012976265
2010,0,0.5,413,432,6.05388472540986,6.05388472540986,12.5883806924359,0.0773195238792007,12.5883806924359,0.0773195238792007,12.5883806924359,4.49355138931746,4.49355138931746,12.0555282644605,0.207479012976265,12.0555282644605,0.207479012976265
2010,0,1,413,432,6.05388472540986,6.05388472540986,12.5883806924359,0.0773195238792007,12.5883806924359,0.0773195238792007,12.5883806924359,4.49355138931746,4.49355138931746,12.0555282644605,0.207479012976265,12.0555282644605,0.207479012976265
2010,0,2,413,432,6.05388472540986,6.05388472540986,12.5883806924359,0.0773195238792007,12.5883806924359,0.0773195238792007,12.5883806924359,4.49355138931746,4.49355138931746,12.0555282644605,0.207479012976265,12.0555282644605,0.207479012976265
2010,5,0,398,422,5.8591644437341,6.05388472540986,15.6356295874687,-0.423450408286671,12.5859402898032,0.077677233684447,14.110784938636,4.36762381531797,4.49355138931746,12.6163719384396,0.132024936859009,12.0584783726478,0.20709108991393
2010,5,0.1,398,422,6.19317497060325,6.05388472540986,12.7641772833195,0.0513691375294392,12.5859402898032,0.077677233684447,12.6750587865613,4.52685356750069,4.49355138931746,12.0299150614516,0.21084301940264,12.0584783726478,0.20709108991393
2010,5,0.25,398,422,5.94260007972218,6.05388472540986,12.6227945467239,0.0722678186485675,12.5859402898032,0.077677233684447,12.6043674182636,4.41553834436403,4.49355138931746,12.0137672863706,0.212960170986709,12.0584783726478,0.20709108991393
2010,5,0.5,398,422,5.97969496161808,6.05388472540986,12.5906700712313,0.0769838878271004,12.5859402898032,0.077677233684447,12.5883051805173,4.44154269268184,4.49355138931746,12.0267728760558,0.211255217441246,12.0584783726478,0.20709108991393
2010,5,1,398,422,6.05388472540986,6.05388472540986,12.5838465179383,0.0779840797021912,12.5859402898032,0.077677233684447,12.5848934038708,4.49355138931746,4.49355138931746,12.0396713430974,0.209562485039164,12.0584783726478,0.20709108991393
2010,5,2,398,422,6.20226425299344,6.05388472540986,12.5836169126957,0.0780177256557449,12.5859402898032,0.077677233684447,12.5847786012495,4.5975687825887,4.49355138931746,12.0482398636625,0.208436990828112,12.0584783726478,0.20709108991393
2010,10,0,372,400,5.85131545172128,6.05388472540986,13.0948000975841,0.00158903815542033,12.5745135051314,0.0793512284976513,12.8346568013578,4.42075157413434,4.49355138931746,12.3445013200857,0.169029930220749,12.0627909547796,0.206523838198976
2010,10,0.1,372,400,6.83888297456325,6.05388472540986,12.7257441532578,0.0570732206726865,12.5745135051314,0.0793512284976513,12.6501288291946,4.63091461877363,4.49355138931746,12.2394386795678,0.183114321427343,12.0627909547796,0.206523838198976
2010,10,0.25,372,400,6.34489613915485,6.05388472540986,12.6678511638411,0.0656329841543423,12.5745135051314,0.0793512284976513,12.6211823344863,4.71399026520292,4.49355138931746,12.1945895459607,0.189090002483682,12.0627909547796,0.206523838198976
2010,10,0.5,372,400,6.55716594696498,6.05388472540986,12.62254956196,0.072303829381856,12.5745135051314,0.0793512284976513,12.5985315335457,4.87152482071826,4.49355138931746,12.1582406552214,0.193917020093877,12.0627909547796,0.206523838198976
2010,10,1,372,400,6.64413101257459,6.05388472540986,12.5949968246908,0.076349394294938,12.5745135051314,0.0793512284976513,12.5847551649111,4.93166710245552,4.49355138931746,12.1256062814464,0.198238485599254,12.0627909547796,0.206523838198976
2010,10,2,372,400,6.81806114379382,6.05388472540986,12.5790633685662,0.0786848672891597,12.5745135051314,0.0793512284976513,12.5767884368488,5.05195166593004,4.49355138931746,12.1035274940348,0.201155586062205,12.0627909547796,0.206523838198976
2010,15,0,339,348,5.83173022008023,6.05388472540986,13.0050179708735,0.0152329518395077,12.5833534104074,0.0780563380669633,12.7941856906405,4.61035387652132,4.93166710245552,12.300287581105,0.174971765746606,12.0783188844513,0.204479705582298
2010,15,0.1,339,348,6.61040849700165,6.05388472540986,12.7403997358556,0.0549001298848368,12.5833534104074,0.0780563380669633,12.6618765731315,5.29565926763408,4.93166710245552,12.1590009359396,0.193816204766128,12.0783188844513,0.204479705582298
2010,15,0.25,339,348,6.73349410638736,6.05388472540986,12.6652649497643,0.0660144579228017,12.5833534104074,0.0780563380669633,12.6243091800858,5.39365327335563,4.93166710245552,12.1159658335394,0.199512857755681,12.0783188844513,0.204479705582298
2010,15,0.5,339,348,6.50438899060282,6.05388472540986,12.6303835332324,0.0711519542628464,12.5833534104074,0.0780563380669633,12.6068684718199,5.20916357373448,4.93166710245552,12.0848608668697,0.203617716554371,12.0783188844513,0.204479705582298
2010,15,1,339,348,6.64413101257459,6.05388472540986,12.6004560447051,0.0755485199885019,12.5833534104074,0.0780563380669633,12.5919047275562,5.06610986070954,4.93166710245552,12.0638337910943,0.206386639183099,12.0783188844513,0.204479705582298
2010,15,2,339,348,6.83450725935323,6.05388472540986,12.5838977875657,0.0779765666561811,12.5833534104074,0.0780563380669633,12.5836255989865,5.06942316676992,4.93166710245552,12.0545115206055,0.207612687228654,12.0783188844513,0.204479705582298
2010,20,0,251,262,5.55403072901136,6.05388472540986,12.9512375127299,0.023360847735783,12.6313247806489,0.0710135089974687,12.7912811466894,4.81754301641569,4.93166710245552,11.9969120247136,0.21516704848551,12.1653930605754,0.192968342037819
2010,20,0.1,251,262,6.21210978964907,6.05388472540986,12.7420938022228,0.0546487769631369,12.6313247806489,0.0710135089974687,12.6867092914359,5.09237871581227,4.93166710245552,11.9973817238347,0.215105592243574,12.1653930605754,0.192968342037819
2010,20,0.25,251,262,6.33748494826464,6.05388472540986,12.6960203530769,0.0614729060298987,12.6313247806489,0.0710135089974687,12.6636725668629,5.19386930977296,4.93166710245552,12.0329650236236,0.210442816402266,12.1653930605754,0.192968342037819
2010,20,0.5,251,262,6.13729826106656,6.05388472540986,12.6779107447357,0.0641484273052568,12.6313247806489,0.0710135089974687,12.6546177626923,5.02776406606584,4.93166710245552,12.0559308109322,0.207426085913036,12.1653930605754,0.192968342037819
2010,20,1,251,262,6.58536876261804,6.05388472540986,12.6497482746447,0.0683015751254125,12.6313247806489,0.0710135089974687,12.6405365276468,4.93166710245552,4.93166710245552,12.0795240337776,0.204320946969352,12.1653930605754,0.192968342037819
2010,20,2,251,262,6.28583433174741,6.05388472540986,12.6533116458556,0.0677765915629883,12.6313247806489,0.0710135089974687,12.6423182132523,5.11297839298696,4.93166710245552,12.1065116028897,0.200761629414984,12.1653930605754,0.192968342037819
2010,25,0,170,173,5.32663405232561,5.51607429160991,12.7685869524299,0.0507135730227073,12.606429305876,0.0746718375948863,12.687508129153,3.75865078218545,3.7306253067152,11.8464436180878,0.234730747800532,12.1448389561057,0.195693087537098
2010,25,0.1,170,173,5.14280487749173,5.51607429160991,12.7021529446762,0.0605660087055139,12.606429305876,0.0746718375948863,12.6542911252761,4.12016111771494,3.7306253067152,11.9590266527762,0.220116112012485,12.1448389561057,0.195693087537098
2010,25,0.25,170,173,5.26130442760708,5.51607429160991,12.6880225562338,0.0626549748340371,12.606429305876,0.0746718375948863,12.6472259310549,3.84006368399258,3.7306253067152,12.0094376064092,0.213527356358606,12.1448389561057,0.195693087537098
2010,25,0.5,170,173,5.61752104829471,5.51607429160991,12.6736557241919,0.0647765117755951,12.606429305876,0.0746718375948863,12.6400425150339,4.09905396445995,3.7306253067152,12.0699581551548,0.20558065810837,12.1448389561057,0.195693087537098
2010,25,1,170,173,5.51607429160991,5.51607429160991,12.663975782289,0.0662045846210715,12.606429305876,0.0746718375948863,12.6352025440825,4.09435666863708,3.7306253067152,12.1012993560507,0.201449677474609,12.1448389561057,0.195693087537098
2010,25,2,170,173,5.82252286336602,5.51607429160991,12.6485967585683,0.068471193818106,12.606429305876,0.0746718375948863,12.6275130322222,4.31809200572107,3.7306253067152,12.1275966438341,0.197975253081825,12.1448389561057,0.195693087537098
2010,30,0,88,81,3.49970958251268,3.15650051328817,12.9319505584917,0.0262674995611119,12.8285843484777,0.04177154613415,12.8802674534847,2.22929000938724,1.61489863819373,12.1481131288021,0.195259356843543,12.2375606598668,0.183364988102464
2010,30,0.1,88,81,3.89840844680794,3.15650051328817,12.8563452716067,0.0376198660734961,12.8285843484777,0.04177154613415,12.8424648100422,2.26886527306795,1.61489863819373,12.1519416826218,0.194752038821778,12.2375606598668,0.183364988102464
2010,30,0.25,88,81,4.02018748535828,3.15650051328817,12.844484244882,0.0393947952150608,12.8285843484777,0.04177154613415,12.8365342966799,2.34305091701145,1.61489863819373,12.1590234860322,0.193813214465173,12.2375606598668,0.183364988102464
2010,30,0.5,88,81,3.96167608495848,3.15650051328817,12.8383367614816,0.0403140834126716,12.8285843484777,0.04177154613415,12.8334605549797,2.31415257588464,1.61489863819373,12.1592699544337,0.193780530659194,12.2375606598668,0.183364988102464
2010,30,1,88,81,4.00332066259628,3.15650051328817,12.830563421151,0.0414758704811095,12.8285843484777,0.04177154613415,12.8295738848144,2.34818990979775,1.61489863819373,12.1636875532581,0.193194607134263,12.2375606598668,0.183364988102464
2010,30,2,88,81,4.18997686380715,3.15650051328817,12.8245081519717,0.042380390700072,12.8285843484777,0.04177154613415,12.8265462502247,2.6004075086064,1.61489863819373,12.1799431153291,0.191036735422391,12.2375606598668,0.183364988102464
2011,0,0,431,442,6.33509694280288,6.33509694280288,11.1958393939698,0.179260191086164,11.1958393939698,0.179260191086164,11.1958393939698,5.17405475440868,5.17405475440868,12.1824466266281,0.167724382011442,12.1824466266281,0.167724382011442
2011,0,0.1,431,442,6.33509694280288,6.33509694280288,11.1958393939698,0.179260191086164,11.1958393939698,0.179260191086164,11.1958393939698,5.17405475440868,5.17405475440868,12.1824466266281,0.167724382011442,12.1824466266281,0.167724382011442
2011,0,0.25,431,442,6.33509694280288,6.33509694280288,11.1958393939698,0.179260191086164,11.1958393939698,0.179260191086164,11.1958393939698,5.17405475440868,5.17405475440868,12.1824466266281,0.167724382011442,12.1824466266281,0.167724382011442
2011,0,0.5,431,442,6.33509694280288,6.33509694280288,11.1958393939698,0.179260191086164,11.1958393939698,0.179260191086164,11.1958393939698,5.17405475440868,5.17405475440868,12.1824466266281,0.167724382011442,12.1824466266281,0.167724382011442
2011,0,1,431,442,6.33509694280288,6.33509694280288,11.1958393939698,0.179260191086164,11.1958393939698,0.179260191086164,11.1958393939698,5.17405475440868,5.17405475440868,12.1824466266281,0.167724382011442,12.1824466266281,0.167724382011442
2011,0,2,431,442,6.33509694280288,6.33509694280288,11.1958393939698,0.179260191086164,11.1958393939698,0.179260191086164,11.1958393939698,5.17405475440868,5.17405475440868,12.1824466266281,0.167724382011442,12.1824466266281,0.167724382011442
2011,5,0,425,434,6.18926696146251,6.33509694280288,12.1624387585647,0.0314244270117312,11.1930398134328,0.179670600673969,11.6777392859988,4.60495784266431,5.17405475440868,12.4950322561678,0.124466232778372,12.1828668763372,0.16766696011091
2011,5,0.1,425,434,6.20402597157248,6.33509694280288,11.2383629452466,0.173013754456222,11.1930398134328,0.179670600673969,11.2157013793397,4.61884370673191,5.17405475440868,12.1399728167795,0.173517683488733,12.1828668763372,0.16766696011091
2011,5,0.25,425,434,6.22587113344421,6.33509694280288,11.2104898290493,0.177110810042234,11.1930398134328,0.179670600673969,11.201764821241,4.63477075399649,5.17405475440868,12.1474706493182,0.172496472036932,12.1828668763372,0.16766696011091
2011,5,0.5,425,434,6.26227973656377,6.33509694280288,11.2016011038778,0.178415219784018,11.1930398134328,0.179670600673969,11.1973204586553,4.66131583277082,5.17405475440868,12.1583623019206,0.171011896066478,12.1828668763372,0.16766696011091
2011,5,1,425,434,6.33509694280288,6.33509694280288,11.1972737102577,0.179049885124978,11.1930398134328,0.179670600673969,11.1951567618452,4.71440599031946,5.17405475440868,12.1663706200869,0.16991948136316,12.1828668763372,0.16766696011091
2011,5,2,425,434,6.48073135528111,6.33509694280288,11.195144283917,0.179362101583729,11.1930398134328,0.179670600673969,11.1940920486749,5.29058751914761,5.17405475440868,12.1778350091719,0.16835437209964,12.1828668763372,0.16766696011091
2011,10,0,405,417,5.63490354892593,6.33509694280288,11.7946213780232,0.0891220536971883,11.194882666232,0.179400455868973,11.4947520221276,4.59117753851653,4.71440599031946,12.2875558861762,0.153300800013449,12.1751329127589,0.168723392924156
2011,10,0.1,405,417,6.12697713139595,6.33509694280288,11.2227595216551,0.175308547546748,11.194882666232,0.179400455868973,11.2088210939436,4.84907367610159,4.71440599031946,12.141755835065,0.173274891956555,12.1751329127589,0.168723392924156
2011,10,0.25,405,417,6.22060723901729,6.33509694280288,11.2014611639051,0.178435747534022,11.194882666232,0.179400455868973,11.1981719150685,5.08317557253967,4.71440599031946,12.1479331458145,0.17243345895724,12.1751329127589,0.168723392924156
2011,10,0.5,405,417,6.25877047361248,6.33509694280288,11.1958041315757,0.179265361079061,11.194882666232,0.179400455868973,11.1953433989038,5.11346863316268,4.71440599031946,12.1554065641962,0.171414906524067,12.1751329127589,0.168723392924156
2011,10,1,405,417,6.33509694280288,6.33509694280288,11.1940770039564,0.179518563816351,11.194882666232,0.179400455868973,11.1944798350942,5.17405475440868,4.71440599031946,12.1640010497857,0.170242789383613,12.1751329127589,0.168723392924156
2011,10,2,405,417,6.48774988118367,6.33509694280288,11.1939621345607,0.179535402671971,11.194882666232,0.179400455868973,11.1944224003963,4.82481362475317,4.71440599031946,12.1638423130524,0.170264445430689,12.1751329127589,0.168723392924156
2011,15,0,340,352,6.17230146345311,6.33509694280288,11.1445608581843,0.186761183818324,11.1857315123725,0.180741490634732,11.1651461852784,4.59399086869286,4.71440599031946,12.2071119628899,0.164350816733003,12.1688115216182,0.16958637494681
2011,15,0.1,340,352,6.46582598263091,6.33509694280288,11.1114805851014,0.191581873618845,11.1857315123725,0.180741490634732,11.148606048737,4.59719700160986,4.71440599031946,12.1527279363423,0.17178004882547,12.1688115216182,0.16958637494681
2011,15,0.25,340,352,6.00104058478642,6.33509694280288,11.1203232497027,0.190294661755706,11.1857315123725,0.180741490634732,11.1530273810376,4.61673183306146,4.71440599031946,12.1398837299369,0.173529813405506,12.1688115216182,0.16958637494681
2011,15,0.5,340,352,6.2445955579057,6.33509694280288,11.1312845627679,0.188697620417018,11.1857315123725,0.180741490634732,11.1585080375702,4.6492898854808,4.71440599031946,12.1376913937027,0.173828290223195,12.1688115216182,0.16958637494681
2011,15,1,340,352,6.33509694280288,6.33509694280288,11.1447012419984,0.18674069556629,11.1857315123725,0.180741490634732,11.1652163771855,4.71440599031946,4.71440599031946,12.14056438516,0.173437134260965,12.1688115216182,0.16958637494681
2011,15,2,340,352,6.51609971259725,6.33509694280288,11.1577415702512,0.18483640534504,11.1857315123725,0.180741490634732,11.1717365413119,4.84463819999679,4.71440599031946,12.1463381578159,0.172650758810941,12.1688115216182,0.16958637494681
2011,20,0,252,267,5.12169817397454,5.25950877773411,11.156766295564,0.184978902582459,11.0998422167619,0.19327449062871,11.1283042561629,4.47036769856315,4.29559115558685,12.0092958103698,0.19121475055148,12.1175474378652,0.176568276913273
2011,20,0.1,252,267,5.11113385936993,5.25950877773411,11.0990626132933,0.193387808260896,11.0998422167619,0.19327449062871,11.0994524150276,4.416820214607,4.29559115558685,12.0445523220298,0.186458967420029,12.1175474378652,0.176568276913273
2011,20,0.25,252,267,5.21416675200494,5.25950877773411,11.0996675513238,0.193299879450128,11.0998422167619,0.19327449062871,11.0997548840428,4.50437036639419,4.29559115558685,12.0647982097087,0.183721679557745,12.1175474378652,0.176568276913273
2011,20,0.5,252,267,5.04926936615646,5.25950877773411,11.1024399885531,0.192896839493729,11.0998422167619,0.19327449062871,11.1011411026575,4.78461012229712,4.29559115558685,12.0869098731709,0.180726882458135,12.1175474378652,0.176568276913273
2011,20,1,252,267,5.41750143984833,5.25950877773411,11.1116510626405,0.191557067169531,11.0998422167619,0.19327449062871,11.1057466397012,4.71440599031946,4.29559115558685,12.0984844861152,0.179157033794667,12.1175474378652,0.176568276913273
2011,20,2,252,267,5.4602533875713,5.25950877773411,11.1125625329345,0.191424431265874,11.0998422167619,0.19327449062871,11.1062023748482,4.88460115242485,4.29559115558685,12.1100791556716,0.177582958380922,12.1175474378652,0.176568276913273
2011,25,0,171,170,5.21888281571958,4.36653658701919,11.2009679520128,0.178508094584613,11.1863970311205,0.180644000700053,11.1936824915667,3.41286471191335,3.56627524288054,12.509842189878,0.122389522415522,12.328175341008,0.147693613933471
2011,25,0.1,171,170,5.11173092953386,4.36653658701919,11.1732825013349,0.182564041590309,11.1863970311205,0.180644000700053,11.1798397662277,3.42680732580303,3.56627524288054,12.426586215114,0.134032063994427,12.328175341008,0.147693613933471
2011,25,0.25,171,170,5.22925009559272,4.36653658701919,11.1648352959467,0.183799567365288,11.1863970311205,0.180644000700053,11.1756161635336,3.50576718061239,3.56627524288054,12.3940492729789,0.138560912244139,12.328175341008,0.147693613933471
2011,25,0.5,171,170,5.08687292731206,4.36653658701919,11.1584847373768,0.184727812946366,11.1863970311205,0.180644000700053,11.1724408842486,3.41059622863173,3.56627524288054,12.373293408495,0.141443737889329,12.328175341008,0.147693613933471
2011,25,1,171,170,5.50578341824497,4.36653658701919,11.1588032517013,0.184681269068377,11.1863970311205,0.180644000700053,11.1726001414109,3.6920458989792,3.56627524288054,12.3594261287265,0.143367101022904,12.328175341008,0.147693613933471
2011,25,2,171,170,5.55008937318904,4.36653658701919,11.1575016785086,0.184871457046468,11.1863970311205,0.180644000700053,11.1719493548145,3.76440164526279,3.56627524288054,12.3474493139318,0.14502652475504,12.328175341008,0.147693613933471
2011,30,0,78,79,2.34793049865709,2.49869277489281,11.4849262839117,0.136328471122097,11.3803098969333,0.151991205687787,11.4326180904225,1.80998014905122,1.85945886736672,12.3338973294188,0.146902252859227,12.4081939134179,0.136593565047899
2011,30,0.1,78,79,2.49414149584557,2.49869277489281,11.4729797525157,0.138124305503915,11.3803098969333,0.151991205687787,11.4266448247245,1.83128003872808,1.85945886736672,12.3478499773033,0.144971037649277,12.4081939134179,0.136593565047899
2011,30,0.25,78,79,2.34847657131087,2.49869277489281,11.4597205296715,0.140115278840938,11.3803098969333,0.151991205687787,11.4200152133024,1.89200717339826,1.85945886736672,12.357461467294,0.143639421086317,12.4081939134179,0.136593565047899
2011,30,0.5,78,79,2.54841863145376,2.49869277489281,11.4465398571008,0.142092175393332,11.3803098969333,0.151991205687787,11.413424877017,2.05232806270876,1.85945886736672,12.3718388842278,0.141645578656677,12.4081939134179,0.136593565047899
2011,30,1,78,79,2.74231223579128,2.49869277489281,11.4324577681991,0.144201756630528,11.3803098969333,0.151991205687787,11.4063838325662,2.28854697746051,1.85945886736672,12.3917532904135,0.13888004377024,12.4081939134179,0.136593565047899
2011,30,2,78,79,3.0539386262221,2.49869277489281,11.4190568129692,0.146206888434684,11.3803098969333,0.151991205687787,11.3996833549513,2.49137925935024,1.85945886736672,12.4079763429262,0.136623843445694,12.4081939134179,0.136593565047899
2012,0,0,368,450,45.9246612637716,45.9246612637716,12.7070980484574,0.085271821065712,12.7070980484574,0.085271821065712,12.7070980484574,5.1477905686116,5.1477905686116,12.6760746298152,0.105653053325411,12.6760746298152,0.105653053325411
2012,0,0.1,368,450,45.9246612637716,45.9246612637716,12.7070980484574,0.085271821065712,12.7070980484574,0.085271821065712,12.7070980484574,5.1477905686116,5.1477905686116,12.6760746298152,0.105653053325411,12.6760746298152,0.105653053325411
2012,0,0.25,368,450,45.9246612637716,45.9246612637716,12.7070980484574,0.085271821065712,12.7070980484574,0.085271821065712,12.7070980484574,5.1477905686116,5.1477905686116,12.6760746298152,0.105653053325411,12.6760746298152,0.105653053325411
2012,0,0.5,368,450,45.9246612637716,45.9246612637716,12.7070980484574,0.085271821065712,12.7070980484574,0.085271821065712,12.7070980484574,5.1477905686116,5.1477905686116,12.6760746298152,0.105653053325411,12.6760746298152,0.105653053325411
2012,0,1,368,450,45.9246612637716,45.9246612637716,12.7070980484574,0.085271821065712,12.7070980484574,0.085271821065712,12.7070980484574,5.1477905686116,5.1477905686116,12.6760746298152,0.105653053325411,12.6760746298152,0.105653053325411
2012,0,2,368,450,45.9246612637716,45.9246612637716,12.7070980484574,0.085271821065712,12.7070980484574,0.085271821065712,12.7070980484574,5.1477905686116,5.1477905686116,12.6760746298152,0.105653053325411,12.6760746298152,0.105653053325411
2012,5,0,344,433,40.1755934527137,45.9246612637716,15.0705237267657,-0.286636851741102,12.7164607279466,0.0839233681227561,13.8934922273562,5.02095358489237,5.1477905686116,14.1817812768734,-0.119432779546168,12.6791394397813,0.105220532237609
2012,5,0.1,344,433,38.3553831991432,45.9246612637716,13.0411975814513,0.0365387644845521,12.7164607279466,0.0839233681227561,12.878829154699,4.59518322438428,5.1477905686116,12.5190850264632,0.12766834586333,12.6791394397813,0.105220532237609
2012,5,0.25,344,433,39.0670722110132,45.9246612637716,12.7594497534401,0.0777191563905196,12.7164607279466,0.0839233681227561,12.7379552406934,4.61106519405381,5.1477905686116,12.587183112465,0.118152365827259,12.6791394397813,0.105220532237609
2012,5,0.5,344,433,41.2538121040626,45.9246612637716,12.7059978602345,0.085430209645006,12.7164607279466,0.0839233681227561,12.7112292940906,4.63753514350303,5.1477905686116,12.6287274352866,0.112321637680045,12.6791394397813,0.105220532237609
2012,5,1,344,433,45.9246612637716,45.9246612637716,12.711578199399,0.0846266945804722,12.7164607279466,0.0839233681227561,12.7140194636728,4.69047504240146,5.1477905686116,12.6562698934103,0.108445474394309,12.6791394397813,0.105220532237609
2012,5,2,344,433,47.2219680791324,45.9246612637716,12.7120057202531,0.08456512114685,12.7164607279466,0.0839233681227561,12.7142332240999,4.79635484019833,5.1477905686116,12.6723505415502,0.106178474296141,12.6791394397813,0.105220532237609
2012,10,0,308,402,37.0257893642704,45.9246612637716,16.3561435652987,-0.515518087371116,12.703241623464,0.0858269510115962,14.5296925943813,4.58361678082002,4.69047504240146,12.6398442448088,0.110758139744579,12.6762528507803,0.105627904767814
2012,10,0.1,308,402,59.8264356515825,45.9246612637716,12.9085463951703,0.0560391641182599,12.703241623464,0.0858269510115962,12.8058940093171,5.2789032058341,4.69047504240146,12.4783822460688,0.133331475965538,12.6762528507803,0.105627904767814
2012,10,0.25,308,402,55.5510931081724,45.9246612637716,12.8117881196491,0.0701373758391253,12.703241623464,0.0858269510115962,12.7575148715565,5.05408078884318,4.69047504240146,12.5409186929904,0.124622946463454,12.6762528507803,0.105627904767814
2012,10,0.5,308,402,54.4466620919046,45.9246612637716,12.7749489525836,0.0754771637125659,12.703241623464,0.0858269510115962,12.7390952880238,5.08531738209932,4.69047504240146,12.5845160029009,0.118526037212847,12.6762528507803,0.105627904767814
2012,10,1,308,402,50.4022590426761,45.9246612637716,12.7394661606324,0.0806058094142993,12.703241623464,0.0858269510115962,12.7213538920482,5.1477905686116,4.69047504240146,12.6172909291539,0.11392866298271,12.6762528507803,0.105627904767814
2012,10,2,308,402,51.9872357421313,45.9246612637716,12.7308731400481,0.0818456900539889,12.703241623464,0.0858269510115962,12.717057381756,5.27273694163615,4.69047504240146,12.6387881459031,0.110906731468296,12.6762528507803,0.105627904767814
2012,15,0,271,340,61.4698986089212,45.9246612637716,14.5014127314019,-0.1912966565213,12.7216811112449,0.0831710750336027,13.6115469213234,4.48104593903092,4.69047504240146,12.8755605203015,0.0772825307704003,12.6542210992458,0.108734100328972
2012,15,0.1,271,340,64.2344321144068,45.9246612637716,12.8753903334038,0.0608821305960566,12.7216811112449,0.0831710750336027,12.7985357223244,5.29631789215865,4.69047504240146,12.5256387937939,0.126754771887207,12.6542210992458,0.108734100328972
2012,15,0.25,271,340,59.6832783524414,45.9246612637716,12.8321369483404,0.0671812480027644,12.7216811112449,0.0831710750336027,12.7769090297927,4.91560068367971,4.69047504240146,12.520354274175,0.127491454168673,12.6542210992458,0.108734100328972
2012,15,0.5,271,340,52.6257948879371,45.9246612637716,12.7883362582117,0.0735384702762384,12.7216811112449,0.0831710750336027,12.7550086847283,4.74824809162365,4.69047504240146,12.5411341015679,0.124592874448806,12.6542210992458,0.108734100328972
2012,15,1,271,340,51.3800110949877,45.9246612637716,12.7649055881778,0.0769302685086493,12.7216811112449,0.0831710750336027,12.7432933497114,4.69047504240146,4.69047504240146,12.5711733047924,0.120394206963959,12.6542210992458,0.108734100328972
2012,15,2,271,340,52.1959337417038,45.9246612637716,12.7512892969024,0.0788984903178973,12.7216811112449,0.0831710750336027,12.7364852040736,4.82448861504151,4.69047504240146,12.5987679090866,0.116528376307859,12.6542210992458,0.108734100328972
2012,20,0,225,255,47.8839809008694,38.1274605916932,13.6073406207379,-0.0489283140696948,12.7124814502326,0.0844966019887045,13.1599110354853,4.81101360097932,4.69047504240146,12.8228434335389,0.0848229242240006,12.6920583747441,0.103396199140718
2012,20,0.1,225,255,8625.43746449829,38.1274605916932,13.288814686291,-0.000395631330275314,12.7124814502326,0.0844966019887045,13.0006480682618,5.0379049073193,4.69047504240146,12.6339815696108,0.111582853571812,12.6920583747441,0.103396199140718
2012,20,0.25,225,255,101.241961009621,38.1274605916932,13.0067438151791,0.0416228097134529,12.7124814502326,0.0844966019887045,12.8596126327058,5.13910663390453,4.69047504240146,12.5981550671029,0.116614323654126,12.6920583747441,0.103396199140718
2012,20,0.5,225,255,67.653319270995,38.1274605916932,12.8905580858127,0.0586681864508444,12.7124814502326,0.0844966019887045,12.8015197680226,4.97601901114294,4.69047504240146,12.5943557984016,0.11714705459134,12.6920583747441,0.103396199140718
2012,20,1,225,255,60.7096994539436,38.1274605916932,12.8331142876154,0.067039149282213,12.7124814502326,0.0844966019887045,12.772797868924,4.86354394191025,4.69047504240146,12.6031661938363,0.115911421052364,12.6920583747441,0.103396199140718
2012,20,2,225,255,52.5470360232155,38.1274605916932,12.7783914775834,0.0749788256266548,12.7124814502326,0.0844966019887045,12.745436463908,4.86747410060529,4.69047504240146,12.6196455496378,0.11359791743536,12.6920583747441,0.103396199140718
2012,25,0,136,158,399.057273166327,34.7403220764119,13.5841454434096,-0.0453553394072754,12.7461282132568,0.0796439709920614,13.1651368283332,3.61543258817129,3.54817235838695,12.610211745714,0.114922680140545,12.6881765728919,0.103944558745585
2012,25,0.1,136,158,61.5477260324347,34.7403220764119,13.0422378477028,0.0363850521931117,12.7461282132568,0.0796439709920614,12.8941830304798,3.6571123653341,3.54817235838695,12.618081538976,0.113817615586851,12.6881765728919,0.103944558745585
2012,25,0.25,136,158,43.4936096025218,34.7403220764119,12.9180217009292,0.0546528577155123,12.7461282132568,0.0796439709920614,12.832074957093,3.41124232608251,3.54817235838695,12.6317051480488,0.111902979058058,12.6881765728919,0.103944558745585
2012,25,0.5,136,158,38.6891365988981,34.7403220764119,12.8454172884504,0.0652494480601243,12.7461282132568,0.0796439709920614,12.7957727508536,3.64609069142449,3.54817235838695,12.6415586823031,0.11051689421176,12.6881765728919,0.103944558745585
2012,25,1,136,158,31.8942935757613,34.7403220764119,12.7770473468616,0.0751734172524291,12.7461282132568,0.0796439709920614,12.7615877800592,3.95504538798941,3.54817235838695,12.6515027922998,0.109116972423255,12.6881765728919,0.103944558745585
2012,25,2,136,158,33.8221758040506,34.7403220764119,12.7478175842893,0.0793999869638189,12.7461282132568,0.0796439709920614,12.7469728987731,4.12590732969854,3.54817235838695,12.6604831239498,0.107851784465032,12.6881765728919,0.103944558745585
2012,30,0,77,72,143.572304365709,38.2187509484693,13.6294268155429,-0.0523361270839486,12.7967470908195,0.0723194101621396,13.2130869531812,1.89648252549253,2.03039467534339,12.6418541751233,0.110475310899135,12.5925137112658,0.117405292987407
2012,30,0.1,77,72,501.701389180712,38.2187509484693,13.2521496417993,0.00511711756334032,12.7967470908195,0.0723194101621396,13.0244483663094,1.93927218969181,2.03039467534339,12.6513419025737,0.109139631077691,12.5925137112658,0.117405292987407
2012,30,0.25,77,72,186.369045286015,38.2187509484693,13.1804458721426,0.0158540716163358,12.7967470908195,0.0723194101621396,12.988596481481,2.20280786209588,2.03039467534339,12.649382819481,0.109415512382786,12.5925137112658,0.117405292987407
2012,30,0.5,77,72,87.5762748585426,38.2187509484693,13.0661204485649,0.0328527286105371,12.7967470908195,0.0723194101621396,12.9314337696922,2.18327960299934,2.03039467534339,12.6381414989498,0.110997707713638,12.5925137112658,0.117405292987407
2012,30,1,77,72,61.4149346264904,38.2187509484693,12.9609356120448,0.0483615030622814,12.7967470908195,0.0723194101621396,12.8788413514321,2.44700474914619,2.03039467534339,12.6276996974019,0.112466112024765,12.5925137112658,0.117405292987407
2012,30,2,77,72,51.3259565483321,38.2187509484693,12.8715798153897,0.0614379189531223,12.7967470908195,0.0723194101621396,12.8341634531046,2.74386362025341,2.03039467534339,12.6148005708152,0.114278408008982,12.5925137112658,0.117405292987407
2013,0,0,433,453,6.36240534973564,6.36240534973564,12.3526340655067,0.137806299237348,12.3526340655067,0.137806299237348,12.3526340655067,3.98600266108368,3.98600266108368,12.3964902449109,0.170170185970681,12.3964902449109,0.170170185970681
2013,0,0.1,433,453,6.36240534973564,6.36240534973564,12.3526340655067,0.137806299237348,12.3526340655067,0.137806299237348,12.3526340655067,3.98600266108368,3.98600266108368,12.3964902449109,0.170170185970681,12.3964902449109,0.170170185970681
2013,0,0.25,433,453,6.36240534973564,6.36240534973564,12.3526340655067,0.137806299237348,12.3526340655067,0.137806299237348,12.3526340655067,3.98600266108368,3.98600266108368,12.3964902449109,0.170170185970681,12.3964902449109,0.170170185970681
2013,0,0.5,433,453,6.36240534973564,6.36240534973564,12.3526340655067,0.137806299237348,12.3526340655067,0.137806299237348,12.3526340655067,3.98600266108368,3.98600266108368,12.3964902449109,0.170170185970681,12.3964902449109,0.170170185970681
2013,0,1,433,453,6.36240534973564,6.36240534973564,12.3526340655067,0.137806299237348,12.3526340655067,0.137806299237348,12.3526340655067,3.98600266108368,3.98600266108368,12.3964902449109,0.170170185970681,12.3964902449109,0.170170185970681
2013,0,2,433,453,6.36240534973564,6.36240534973564,12.3526340655067,0.137806299237348,12.3526340655067,0.137806299237348,12.3526340655067,3.98600266108368,3.98600266108368,12.3964902449109,0.170170185970681,12.3964902449109,0.170170185970681
2013,5,0,406,433,6.22438356180444,6.36240534973564,17.9723467593592,-0.825136170476702,12.3511156449771,0.138018252760008,15.1617312021682,3.89747902009039,3.98600266108368,13.3522642464281,0.0372769161414374,12.3966635744007,0.170146980211473
2013,5,0.1,406,433,6.66220405457524,6.36240534973564,13.2248916651511,0.0117429080875483,12.3511156449771,0.138018252760008,12.7880036550641,4.07351022470216,3.98600266108368,12.6087624369094,0.141507565030768,12.3966635744007,0.170146980211473
2013,5,0.25,406,433,6.17891096133528,6.36240534973564,12.6879442431244,0.0903627923064979,12.3511156449771,0.138018252760008,12.5195299440507,3.91851954605404,3.98600266108368,12.4769917983106,0.159357529744611,12.3966635744007,0.170146980211473
2013,5,0.5,406,433,6.28593413158978,6.36240534973564,12.4963748368734,0.117623809691746,12.3511156449771,0.138018252760008,12.4237452409252,3.94101391773059,3.98600266108368,12.4285619644556,0.165870824460561,12.3966635744007,0.170146980211473
2013,5,1,406,433,6.36240534973564,6.36240534973564,12.4159756651017,0.128941348017115,12.3511156449771,0.138018252760008,12.3835456550394,3.98600266108368,3.98600266108368,12.408923746965,0.168504736356921,12.3966635744007,0.170146980211473
2013,5,2,406,433,6.51534778602736,6.36240534973564,12.3811853758511,0.133816023346358,12.3511156449771,0.138018252760008,12.3661505104141,4.07598014778985,3.98600266108368,12.4015573505585,0.169491656060336,12.3966635744007,0.170146980211473
2013,10,0,392,418,6.24621485426886,6.36240534973564,14.0807398608067,-0.12030595250941,12.3476770737563,0.138498140265692,13.2142084672815,4.10887657357698,3.98600266108368,12.807960279439,0.114167740086703,12.3895364168429,0.171100913177394
2013,10,0.1,392,418,6.56885296450561,6.36240534973564,13.001907446699,0.044787858947762,12.3476770737563,0.138498140265692,12.6747922602277,4.40087504435724,3.98600266108368,12.5362042903337,0.151359664636581,12.3895364168429,0.171100913177394
2013,10,0.25,392,418,6.68720124964823,6.36240534973564,12.7375961491283,0.0832294706105354,12.3476770737563,0.138498140265692,12.5426366114423,4.47910672048418,3.98600266108368,12.4698134999153,0.160324533127113,12.3895364168429,0.171100913177394
2013,10,0.5,392,418,6.28327095483843,6.36240534973564,12.591219216,0.104178949052782,12.3476770737563,0.138498140265692,12.4694481448781,4.32352747409287,3.98600266108368,12.4342607766194,0.165105710151079,12.3895364168429,0.171100913177394
2013,10,1,392,418,6.36240534973564,6.36240534973564,12.4812358953538,0.119760453348087,12.3476770737563,0.138498140265692,12.414456484555,4.37463299979137,3.98600266108368,12.4105213730941,0.168290615599595,12.3895364168429,0.171100913177394
2013,10,2,392,418,6.52067413953006,6.36240534973564,12.4171377908196,0.128778279553887,12.3476770737563,0.138498140265692,12.382407432288,4.47684405118837,3.98600266108368,12.3984364313097,0.16990960733283,12.3895364168429,0.171100913177394
2013,15,0,331,347,5.64085152697628,5.79718679398906,12.6912372687083,0.089890557047595,12.3705947124584,0.135297228778558,12.5309159905834,3.95116026010995,3.98600266108368,12.5497493997057,0.149524797254299,12.4304262343474,0.16562056887354
2013,15,0.1,331,347,5.83667868536979,5.79718679398906,12.4843560514157,0.119320300133417,12.3705947124584,0.135297228778558,12.427475381937,4.18047064223165,3.98600266108368,12.4057984312374,0.168923524968242,12.4304262343474,0.16562056887354
2013,15,0.25,331,347,5.94598672913635,5.79718679398906,12.4271329816975,0.127375132982042,12.3705947124584,0.135297228778558,12.3988638470779,4.28272894517391,3.98600266108368,12.410413454639,0.16830508016541,12.4304262343474,0.16562056887354
2013,15,0.5,331,347,5.74467761883442,5.79718679398906,12.3967944514177,0.13163063425168,12.3705947124584,0.135297228778558,12.3836945819381,4.3133636300464,3.98600266108368,12.4177031361384,0.167327744206951,12.4304262343474,0.16562056887354
2013,15,1,331,347,5.79718679398906,5.79718679398906,12.3769550010294,0.134407833705832,12.3705947124584,0.135297228778558,12.3737748567439,3.98600266108368,3.98600266108368,12.4263494078745,0.166167784595956,12.4304262343474,0.16562056887354
2013,15,2,331,347,5.96719227181865,5.79718679398906,12.3680585183369,0.135651751633508,12.3705947124584,0.135297228778558,12.3693266153976,4.09765539668827,3.98600266108368,12.4297494050628,0.165711429323235,12.4304262343474,0.16562056887354
2013,20,0,241,254,5.73290803685568,5.28218069692739,12.4565775872638,0.123235073549602,12.3434049518178,0.139094172099501,12.3999912695408,3.75632631349365,3.63189717055668,12.4065505474094,0.168822751929215,12.411109039613,0.168211847058599
2013,20,0.1,241,254,5.4827409081114,5.28218069692739,12.3254942525472,0.141590766578789,12.3434049518178,0.139094172099501,12.3344496021825,3.72556554471195,3.63189717055668,12.4172200901668,0.167392524488993,12.411109039613,0.168211847058599
2013,20,0.25,241,254,5.59476331228655,5.28218069692739,12.3096670578081,0.143793921565286,12.3434049518178,0.139094172099501,12.326536004813,3.80049173869555,3.63189717055668,12.4148390238171,0.167711807476855,12.411109039613,0.168211847058599
2013,20,0.5,241,254,5.4202104233937,5.28218069692739,12.3030915655809,0.144708401655845,12.3434049518178,0.139094172099501,12.3232482586993,3.68002250527649,3.63189717055668,12.4113869524903,0.168174595395384,12.411109039613,0.168211847058599
2013,20,1,241,254,5.30338368913453,5.28218069692739,12.302054833459,0.144852539559587,12.3434049518178,0.139094172099501,12.3227298926384,3.63189717055668,3.63189717055668,12.4078719700776,0.168645684992737,12.411109039613,0.168211847058599
2013,20,2,241,254,5.49262614302012,5.28218069692739,12.3077251014197,0.144064048076787,12.3434049518178,0.139094172099501,12.3255650266187,3.76946903307776,3.63189717055668,12.4052092132688,0.16900246766043,12.411109039613,0.168211847058599
2013,25,0,157,164,4.27511023387842,3.99577598674252,12.515247106162,0.11495663369618,12.4879943848531,0.118806909888912,12.5016207455076,2.61137615355742,2.74739701897555,12.341477368662,0.177519045000286,12.3495758817986,0.17643926207615
2013,25,0.1,157,164,4.37123916836827,3.99577598674252,12.5134300327089,0.115213611772073,12.4879943848531,0.118806909888912,12.500712208781,2.77242323426224,2.74739701897555,12.3429047364449,0.17732878403375,12.3495758817986,0.17643926207615
2013,25,0.25,157,164,4.47515997683572,3.99577598674252,12.5111363162703,0.115537945400597,12.4879943848531,0.118806909888912,12.4995653505617,2.83720174827307,2.74739701897555,12.3426622209075,0.177361111690209,12.3495758817986,0.17643926207615
2013,25,0.5,157,164,4.3587421606153,3.99577598674252,12.5068331178255,0.116146261240686,12.4879943848531,0.118806909888912,12.4974137513393,2.76160126341958,2.74739701897555,12.3408704374369,0.177599939221316,12.3495758817986,0.17643926207615
2013,25,1,157,164,4.72895262737442,3.99577598674252,12.5030156674151,0.116685734799506,12.4879943848531,0.118806909888912,12.4955050261341,2.74739701897555,2.74739701897555,12.3389871840573,0.177850921439609,12.3495758817986,0.17643926207615
2013,25,2,157,164,4.64795557267484,3.99577598674252,12.4964163243973,0.117617950766326,12.4879943848531,0.118806909888912,12.4922053546252,2.90529339937644,2.74739701897555,12.3381122738322,0.17796750817774,12.3495758817986,0.17643926207615
2013,30,0,84,72,2.3563626926899,2.50946377330259,12.6833115285898,0.0910269377492869,12.5935467237431,0.103847730430118,12.6384291261665,1.39097697526077,1.43249508273641,12.4706702463351,0.160209148295888,12.4361542067585,0.164851423322264
2013,30,0.1,84,72,2.37394557908153,2.50946377330259,12.6801699145549,0.0914771811824414,12.5935467237431,0.103847730430118,12.636858319149,1.36098953795027,1.43249508273641,12.461242658795,0.161478399905802,12.4361542067585,0.164851423322264
2013,30,0.25,84,72,2.45001270212934,2.50946377330259,12.6762585833822,0.0920375814900017,12.5935467237431,0.103847730430118,12.6349026535626,1.40860295377096,1.43249508273641,12.4560559220753,0.162176289476178,12.4361542067585,0.164851423322264
2013,30,0.5,84,72,2.41735549557873,2.50946377330259,12.6704625300561,0.0928676995305839,12.5935467237431,0.103847730430118,12.6320046268996,1.53223498686615,1.43249508273641,12.4539614979739,0.16245801760202,12.4361542067585,0.164851423322264
2013,30,1,84,72,2.6870806209654,2.50946377330259,12.6618903169072,0.0940947267114735,12.5935467237431,0.103847730430118,12.6277185203252,1.56475658946457,1.43249508273641,12.4449317248347,0.163672100748015,12.4361542067585,0.164851423322264
2013,30,2,84,72,2.77642800450499,2.50946377330259,12.6506868803735,0.0956971354945585,12.5935467237431,0.103847730430118,12.6221168020583,1.76388860742419,1.43249508273641,12.4412713085541,0.164164005101707,12.4361542067585,0.164851423322264
2014,0,0,433,459,5.68555150856927,5.68555150856927,12.4758710367184,0.158872807270812,12.4758710367184,0.158872807270812,12.4758710367184,4.68175370189344,4.68175370189344,11.8132295892069,0.1740837240136,11.8132295892069,0.1740837240136
2014,0,0.1,433,459,5.68555150856927,5.68555150856927,12.4758710367184,0.158872807270812,12.4758710367184,0.158872807270812,12.4758710367184,4.68175370189344,4.68175370189344,11.8132295892069,0.1740837240136,11.8132295892069,0.1740837240136
2014,0,0.25,433,459,5.68555150856927,5.68555150856927,12.4758710367184,0.158872807270812,12.4758710367184,0.158872807270812,12.4758710367184,4.68175370189344,4.68175370189344,11.8132295892069,0.1740837240136,11.8132295892069,0.1740837240136
2014,0,0.5,433,459,5.68555150856927,5.68555150856927,12.4758710367184,0.158872807270812,12.4758710367184,0.158872807270812,12.4758710367184,4.68175370189344,4.68175370189344,11.8132295892069,0.1740837240136,11.8132295892069,0.1740837240136
2014,0,1,433,459,5.68555150856927,5.68555150856927,12.4758710367184,0.158872807270812,12.4758710367184,0.158872807270812,12.4758710367184,4.68175370189344,4.68175370189344,11.8132295892069,0.1740837240136,11.8132295892069,0.1740837240136
2014,0,2,433,459,5.68555150856927,5.68555150856927,12.4758710367184,0.158872807270812,12.4758710367184,0.158872807270812,12.4758710367184,4.68175370189344,4.68175370189344,11.8132295892069,0.1740837240136,11.8132295892069,0.1740837240136
2014,5,0,418,448,5.54931370639634,5.68555150856927,13.2420307576302,0.0523911578828976,12.4718820394814,0.15941060020544,12.8569563985558,4.57320483633973,4.68175370189344,13.6564932496812,-0.1037662853548,11.8127491525261,0.174150901647373
2014,5,0.1,418,448,5.5706621723893,5.68555150856927,12.4685310887967,0.159862239374227,12.4718820394814,0.15941060020544,12.4702065641391,4.56833029624179,4.68175370189344,11.9388331763757,0.156427325983133,11.8127491525261,0.174150901647373
2014,5,0.25,418,448,5.58592151718079,5.68555150856927,12.4407338825653,0.163604051529976,12.4718820394814,0.15941060020544,12.4563079610233,4.60508742948253,4.68175370189344,11.8361720491739,0.170872586714593,11.8127491525261,0.174150901647373
2014,5,0.5,418,448,5.61913151431028,5.68555150856927,12.4457767048479,0.162925851834889,12.4718820394814,0.15941060020544,12.4588293721646,4.6306428536195,4.68175370189344,11.8151567437381,0.17381422986549,11.8127491525261,0.174150901647373
2014,5,1,418,448,5.68555150856927,5.68555150856927,12.4551287093024,0.161667390828176,12.4718820394814,0.15941060020544,12.4635053743919,4.68175370189344,4.68175370189344,11.8108106128736,0.17442193252116,11.8127491525261,0.174150901647373
2014,5,2,418,448,5.81839149708724,5.68555150856927,12.4623929994679,0.160689212698519,12.4718820394814,0.15941060020544,12.4671375194746,4.78397539844133,4.68175370189344,11.8108618332039,0.174414771882586,11.8127491525261,0.174150901647373
2014,10,0,382,419,5.52244221292303,5.68555150856927,13.2044153661586,0.0577670782334766,12.4751148791513,0.158974764948189,12.839765122655,4.69047165706892,4.68175370189344,11.9599674229841,0.153438080290839,11.8326519972164,0.171365674779482
2014,10,0.1,382,419,6.37170588882299,5.68555150856927,12.6690368370201,0.132624566180443,12.4751148791513,0.158974764948189,12.5720758580857,5.04416053873397,4.68175370189344,11.7790645031322,0.178854087016623,11.8326519972164,0.171365674779482
2014,10,0.25,382,419,5.91084602284015,5.68555150856927,12.5593326994212,0.147581139743234,12.4751148791513,0.158974764948189,12.5172237892862,4.67771269339603,4.68175370189344,11.7617744707502,0.181262974299588,11.8326519972164,0.171365674779482
2014,10,0.5,382,419,5.61303171891915,5.68555150856927,12.5123048830478,0.153952870778016,12.4751148791513,0.158974764948189,12.4937098810996,4.62718780793198,4.68175370189344,11.7632815394776,0.181053146773729,11.8326519972164,0.171365674779482
2014,10,1,382,419,5.68555150856927,5.68555150856927,12.4885345944442,0.157164378467486,12.4751148791513,0.158974764948189,12.4818247367978,4.68175370189344,4.68175370189344,11.7753872910774,0.179366700956047,11.8326519972164,0.171365674779482
2014,10,2,382,419,5.8305910878695,5.68555150856927,12.4785944761972,0.158505536876796,12.4751148791513,0.158974764948189,12.4768546776743,4.79088548981637,4.68175370189344,11.7924404619173,0.176988089896071,11.8326519972164,0.171365674779482
2014,15,0,334,354,5.12607323599355,5.68555150856927,12.676797658744,0.131561563837384,12.4870000870872,0.157371489717228,12.5818988729156,4.33305749754869,4.68175370189344,11.6703218330849,0.193945510629488,11.8616170313747,0.167303897594786
2014,15,0.1,334,354,5.81031119427746,5.68555150856927,12.5436843347868,0.149703967697896,12.4870000870872,0.157371489717228,12.515342210937,5.21457179002134,4.68175370189344,11.7103604480005,0.188405189206567,11.8616170313747,0.167303897594786
2014,15,0.25,334,354,6.10384174083244,5.68555150856927,12.5061536880844,0.154784519569472,12.4870000870872,0.157371489717228,12.4965768875858,4.83889487261428,4.68175370189344,11.7367770160675,0.184739421336502,11.8616170313747,0.167303897594786
2014,15,0.5,334,354,5.60291267850286,5.68555150856927,12.484151689399,0.157755868244823,12.4870000870872,0.157371489717228,12.4855758882431,5.06763897811331,4.68175370189344,11.765398201524,0.180758400843903,11.8616170313747,0.167303897594786
2014,15,1,334,354,5.68555150856927,5.68555150856927,12.4755779873792,0.158912321766016,12.4870000870872,0.157371489717228,12.4812890372332,4.68175370189344,4.68175370189344,11.7844670324872,0.178100668567059,11.8616170313747,0.167303897594786
2014,15,2,334,354,5.8508291687021,5.68555150856927,12.4745735712918,0.15904774923687,12.4870000870872,0.157371489717228,12.4807868291895,4.81037330908832,4.68175370189344,11.8053396592511,0.175186596922907,11.8616170313747,0.167303897594786
2014,20,0,254,258,5.29886668597866,5.68555150856927,12.482907532181,0.157923734180185,12.5166714527229,0.153362257234145,12.499789492452,4.54635871343578,4.68175370189344,11.7868283671198,0.177771256334138,11.887868693928,0.163614038700007
2014,20,0.1,254,258,5.11993027461579,5.68555150856927,12.4626189440295,0.160658778828078,12.5166714527229,0.153362257234145,12.4896451983762,4.44330296618191,4.68175370189344,11.8101939076438,0.174508145912611,11.887868693928,0.163614038700007
2014,20,0.25,254,258,5.22289904119214,5.68555150856927,12.474757050278,0.159023011204708,12.5166714527229,0.153362257234145,12.4957142515004,4.53225446510383,4.68175370189344,11.833358121727,0.171266772780793,11.887868693928,0.163614038700007
2014,20,0.5,254,258,5.55042646410694,5.68555150856927,12.490017636823,0.156964189221338,12.5166714527229,0.153362257234145,12.5033445447729,4.3879391214897,4.68175370189344,11.8497269101919,0.168972455130395,11.887868693928,0.163614038700007
2014,20,1,254,258,5.68555150856927,5.68555150856927,12.502760581976,0.155243096495398,12.5166714527229,0.153362257234145,12.5097160173495,4.68175370189344,4.68175370189344,11.8685260790013,0.166333572464176,11.887868693928,0.163614038700007
2014,20,2,254,258,5.90091330813629,5.68555150856927,12.5108065920252,0.15415547915979,12.5166714527229,0.153362257234145,12.513739022374,4.8564460042029,4.68175370189344,11.8797173831519,0.164760636917711,11.887868693928,0.163614038700007
2014,25,0,153,170,4.4391524309446,5.18046278258455,12.6847142530158,0.130476554569506,12.5682159185801,0.146374881154507,12.626465085798,3.78976293512489,3.88687417297884,11.8528789979379,0.168530281204017,11.8602564382718,0.167494916339093
2014,25,0.1,153,170,4.73538786975946,5.18046278258455,12.6588334835245,0.134021132380176,12.5682159185801,0.146374881154507,12.6135247010523,3.92315011597372,3.88687417297884,11.847017083776,0.169352494758433,11.8602564382718,0.167494916339093
2014,25,0.25,153,170,4.84915007535232,5.18046278258455,12.648509542929,0.135433058487111,12.5682159185801,0.146374881154507,12.6083627307545,4.01354660871497,3.88687417297884,11.8461206747806,0.169478192513437,11.8602564382718,0.167494916339093
2014,25,0.5,153,170,4.72487807397262,5.18046278258455,12.6340357508211,0.137410588321276,12.5682159185801,0.146374881154507,12.6011258347006,3.90459098448455,3.88687417297884,11.8413456795522,0.170147599572795,11.8602564382718,0.167494916339093
2014,25,1,153,170,5.13007188846737,5.18046278258455,12.6203460838706,0.139278900930679,12.5682159185801,0.146374881154507,12.5942810012253,3.88687417297884,3.88687417297884,11.8378844193467,0.170632665269177,11.8602564382718,0.167494916339093
2014,25,2,153,170,5.4982825851971,5.18046278258455,12.6029422885093,0.141651178994934,12.5682159185801,0.146374881154507,12.5855791035447,4.10281162703322,3.88687417297884,11.8388346409319,0.170499514049734,11.8602564382718,0.167494916339093
2014,30,0,73,82,3.0208680773471,2.4611395231898,12.7496705884889,0.121548379981667,12.6808276965722,0.131009311422457,12.7152491425305,1.28753920042979,1.27277605693389,12.0732911707763,0.137319294496603,11.9174090480391,0.159452176605664
2014,30,0.1,73,82,3.06646357719404,2.4611395231898,12.726361532328,0.12475742933183,12.6808276965722,0.131009311422457,12.7035946144501,1.40492660652997,1.27277605693389,12.0771303652031,0.136770558364547,11.9174090480391,0.159452176605664
2014,30,0.25,73,82,3.17287847088169,2.4611395231898,12.7237977080418,0.125110042625245,12.6808276965722,0.131009311422457,12.702312702307,1.45054981900306,1.27277605693389,12.0734231085987,0.137300439515967,11.9174090480391,0.159452176605664
2014,30,0.5,73,82,3.4498754528779,2.4611395231898,12.7274952000085,0.124601488703125,12.6808276965722,0.131009311422457,12.7041614482904,1.4321663983147,1.27277605693389,12.0631080047125,0.138773929525282,11.9174090480391,0.159452176605664
2014,30,1,73,82,3.5203447256604,2.4611395231898,12.721031028319,0.125490475762822,12.6808276965722,0.131009311422457,12.7009293624456,1.59391215428045,1.27277605693389,12.0550397139585,0.139925589376136,11.9174090480391,0.159452176605664
2014,30,2,73,82,4.00089590935893,2.4611395231898,12.7232808633134,0.1251811178009,12.6808276965722,0.131009311422457,12.7020542799428,1.69970057811321,1.27277605693389,12.0353514750181,0.142732634921713,11.9174090480391,0.159452176605664
2015,0,0,446,475,4.85733717592073,4.85733717592073,12.4828654826087,0.139723068692844,12.4828654826087,0.139723068692844,12.4828654826087,4.32190993278547,4.32190993278547,12.1999714149317,0.217473936198372,12.1999714149317,0.217473936198372
2015,0,0.1,446,475,4.85733717592073,4.85733717592073,12.4828654826087,0.139723068692844,12.4828654826087,0.139723068692844,12.4828654826087,4.32190993278547,4.32190993278547,12.1999714149317,0.217473936198372,12.1999714149317,0.217473936198372
2015,0,0.25,446,475,4.85733717592073,4.85733717592073,12.4828654826087,0.139723068692844,12.4828654826087,0.139723068692844,12.4828654826087,4.32190993278547,4.32190993278547,12.1999714149317,0.217473936198372,12.1999714149317,0.217473936198372
2015,0,0.5,446,475,4.85733717592073,4.85733717592073,12.4828654826087,0.139723068692844,12.4828654826087,0.139723068692844,12.4828654826087,4.32190993278547,4.32190993278547,12.1999714149317,0.217473936198372,12.1999714149317,0.217473936198372
2015,0,1,446,475,4.85733717592073,4.85733717592073,12.4828654826087,0.139723068692844,12.4828654826087,0.139723068692844,12.4828654826087,4.32190993278547,4.32190993278547,12.1999714149317,0.217473936198372,12.1999714149317,0.217473936198372
2015,0,2,446,475,4.85733717592073,4.85733717592073,12.4828654826087,0.139723068692844,12.4828654826087,0.139723068692844,12.4828654826087,4.32190993278547,4.32190993278547,12.1999714149317,0.217473936198372,12.1999714149317,0.217473936198372
2015,5,0,428,458,4.8617498184066,4.85733717592073,16.6584797711158,-0.532076417783185,12.4833007195778,0.13966307752301,14.5708902453468,4.25469713209742,4.32190993278547,15.052656324989,-0.191262519040013,12.2008842349007,0.217356832294488
2015,5,0.1,428,458,5.20998293239117,4.85733717592073,13.4264527697922,0.00474980078907095,12.4833007195778,0.13966307752301,12.954876744685,4.54313531907554,4.32190993278547,12.467679347168,0.182754695699937,12.2008842349007,0.217356832294488
2015,5,0.25,428,458,5.30215671001368,4.85733717592073,12.781863318724,0.0980176599163742,12.4833007195778,0.13966307752301,12.6325820191509,4.2526485556575,4.32190993278547,12.2598523293701,0.209773365145436,12.2008842349007,0.217356832294488
2015,5,0.5,428,458,4.80188812140109,4.85733717592073,12.6116859531467,0.121875707436154,12.4833007195778,0.13966307752301,12.5474933363622,4.27573568136682,4.32190993278547,12.2109749175223,0.216061734428785,12.2008842349007,0.217356832294488
2015,5,1,428,458,4.85733717592073,4.85733717592073,12.5258334636105,0.13379045947588,12.4833007195778,0.13966307752301,12.5045670915941,4.32190993278547,4.32190993278547,12.1991989219911,0.217573030975149,12.2008842349007,0.217356832294488
2015,5,2,428,458,4.96823528496002,4.85733717592073,12.4973667298369,0.137723153755152,12.4833007195778,0.13966307752301,12.4903337247073,4.41425843562277,4.32190993278547,12.1980484172739,0.217720605168555,12.2008842349007,0.217356832294488
2015,10,0,394,424,4.74459580201114,4.85733717592073,12.8633338953823,0.0864826883125204,12.4878020841581,0.139042506335089,12.6755679897702,4.22745856486169,4.32190993278547,12.291548851677,0.205681992067836,12.2106048668029,0.216109247837895
2015,10,0.1,394,424,5.12579565436346,4.85733717592073,12.5989433106662,0.123649296002827,12.4878020841581,0.139042506335089,12.5433726974121,4.53868610595512,4.32190993278547,12.1322818230635,0.226133288492459,12.2106048668029,0.216109247837895
2015,10,0.25,394,424,4.75448782416094,4.85733717592073,12.5619201032431,0.128792210174595,12.4878020841581,0.139042506335089,12.5248610937006,4.20878371648546,4.32190993278547,12.1297681899762,0.226453923223696,12.2106048668029,0.216109247837895
2015,10,0.5,394,424,4.7972216168128,4.85733717592073,12.5246302993213,0.133956858356307,12.4878020841581,0.139042506335089,12.5062161917397,4.27211834369808,4.32190993278547,12.1394184216963,0.225222594109787,12.2106048668029,0.216109247837895
2015,10,1,394,424,4.85733717592073,4.85733717592073,12.4992124042046,0.137468444130887,12.4878020841581,0.139042506335089,12.4935072441813,4.32190993278547,4.32190993278547,12.1518685171424,0.223632567507721,12.2106048668029,0.216109247837895
2015,10,2,394,424,4.97756829413659,4.85733717592073,12.4875565315448,0.139076364700639,12.4878020841581,0.139042506335089,12.4876793078514,4.42149311096025,4.32190993278547,12.1685873727581,0.221494805058557,12.2106048668029,0.216109247837895
2015,15,0,349,366,4.55933395788987,4.85733717592073,12.4607447851813,0.142769334697354,12.4682764162702,0.141732751982516,12.4645106007257,3.81595784183855,3.93796336603971,12.0729123577039,0.233688609034066,12.179413105901,0.22010900107805
2015,15,0.1,349,366,4.90387798375616,4.85733717592073,12.3783486240541,0.15406865748024,12.4682764162702,0.141732751982516,12.4233125201621,4.22236119692826,3.93796336603971,12.0176042601652,0.240693736125993,12.179413105901,0.22010900107805
2015,15,0.25,349,366,4.55085811750223,4.85733717592073,12.4034449086213,0.150635040398774,12.4682764162702,0.141732751982516,12.4358606624458,3.91762772646074,3.93796336603971,12.0280730368293,0.239370266024274,12.179413105901,0.22010900107805
2015,15,0.5,349,366,4.39510763722968,4.85733717592073,12.4218614838945,0.14811090187055,12.4682764162702,0.141732751982516,12.4450689500823,3.88559683191685,3.93796336603971,12.0565373773528,0.235765957678932,12.179413105901,0.22010900107805
2015,15,1,349,366,4.42582472859416,4.85733717592073,12.4354713864085,0.146243149747415,12.4682764162702,0.141732751982516,12.4518739013394,3.93796336603971,3.93796336603971,12.092455917411,0.231205600150022,12.179413105901,0.22010900107805
2015,15,2,349,366,4.54910675446029,4.85733717592073,12.4461153860915,0.144780997411761,12.4682764162702,0.141732751982516,12.4571959011809,4.04269643428545,3.93796336603971,12.1247367786912,0.2270955218421,12.179413105901,0.22010900107805
2015,20,0,260,268,4.56612275991414,4.42582472859416,12.3934699307275,0.152000627131165,12.5043009973439,0.136766005378736,12.4488854640357,3.85931607687452,3.58812555408258,11.9690578368094,0.246815946395614,12.2597893681025,0.209781481644965
2015,20,0.1,260,268,4.57853310490915,4.42582472859416,12.4076124674571,0.150064171071549,12.5043009973439,0.136766005378736,12.4559567324005,3.64471008028794,3.58812555408258,11.9768993495857,0.245828727995057,12.2597893681025,0.209781481644965
2015,20,0.25,260,268,4.25511707811794,4.42582472859416,12.4209905245669,0.148230358160696,12.5043009973439,0.136766005378736,12.4626457609554,3.71687856791967,3.58812555408258,12.0094808958643,0.241719903501212,12.2597893681025,0.209781481644965
2015,20,0.5,260,268,4.11932793869746,4.42582472859416,12.4312642206345,0.146820737662396,12.5043009973439,0.136766005378736,12.4677826089892,3.59726173064215,3.58812555408258,12.0387452017405,0.238019897237107,12.2597893681025,0.209781481644965
2015,20,1,260,268,4.03264665778994,4.42582472859416,12.4455063825429,0.14486468917402,12.5043009973439,0.136766005378736,12.4749036899434,3.58812555408258,3.58812555408258,12.0773007179482,0.233131417608942,12.2597893681025,0.209781481644965
2015,20,2,260,268,4.18200394141179,4.42582472859416,12.458818025434,0.143034415135484,12.5043009973439,0.136766005378736,12.481559511389,3.71719481861792,3.58812555408258,12.120740563621,0.227604923996683,12.2597893681025,0.209781481644965
2015,25,0,160,164,3.44452605874609,3.05054930960383,12.6543579939965,0.115923331427858,12.6799443325537,0.11234461911701,12.6671511632751,3.7534432305169,2.7142853963251,12.2258430869832,0.214151514629622,12.5338979707226,0.174050498070845
2015,25,0.1,160,164,3.18385354186498,3.05054930960383,12.623862749506,0.120179201078558,12.6799443325537,0.11234461911701,12.6519035410298,3.74610562815477,2.7142853963251,12.2886480899907,0.206056860262089,12.5338979707226,0.174050498070845
2015,25,0.25,160,164,3.25897453144692,3.05054930960383,12.6112407664261,0.12193770111023,12.6799443325537,0.11234461911701,12.6455925494899,3.83363452811512,2.7142853963251,12.3419508734091,0.199154366123273,12.5338979707226,0.174050498070845
2015,25,0.5,160,164,3.48268241442089,3.05054930960383,12.6031122113948,0.123069243621698,12.6799443325537,0.11234461911701,12.6415282719742,3.73148295244624,2.7142853963251,12.3829927620858,0.19381925052782,12.5338979707226,0.174050498070845
2015,25,1,160,164,3.44094029675728,3.05054930960383,12.6110614650489,0.121962668782043,12.6799443325537,0.11234461911701,12.6455028988013,3.35689882673584,2.7142853963251,12.4106544417159,0.190213462854245,12.5338979707226,0.174050498070845
2015,25,2,160,164,3.54491375438743,3.05054930960383,12.619827756678,0.120741549279824,12.6799443325537,0.11234461911701,12.6498860446158,3.45726098806275,2.7142853963251,12.4495665835044,0.185127521984474,12.5338979707226,0.174050498070845
2015,30,0,69,64,2.11369403226368,1.74563647125301,12.8801923017137,0.0840866473014079,12.8877624504375,0.0830097009798377,12.8839773760756,1.57781478890519,0.888806097234761,12.6659281751001,0.156557992312535,12.6830309336463,0.154278660874047
2015,30,0.1,69,64,2.16464311486758,1.74563647125301,12.864669942107,0.0862929139965023,12.8877624504375,0.0830097009798377,12.8762161962723,1.57520253302361,0.888806097234761,12.6627213580703,0.156985031176848,12.6830309336463,0.154278660874047
2015,30,0.25,69,64,2.2423050836113,1.74563647125301,12.8555923902235,0.0875819167050325,12.8877624504375,0.0830097009798377,12.8716774203305,1.63435006835168,0.888806097234761,12.6671175884013,0.156399575458696,12.6830309336463,0.154278660874047
2015,30,0.5,69,64,2.22545422933377,1.74563647125301,12.847088103857,0.0887886908300638,12.8877624504375,0.0830097009798377,12.8674252771473,1.62618824767459,0.888806097234761,12.6685652716031,0.156206739804903,12.6830309336463,0.154278660874047
2015,30,1,69,64,2.50043958533087,1.74563647125301,12.8395990141186,0.0898507453866515,12.8877624504375,0.0830097009798377,12.8636807322781,1.67244457568367,0.888806097234761,12.6710656886821,0.155873625005454,12.6830309336463,0.154278660874047
2015,30,2,69,64,2.59973357801902,1.74563647125301,12.8357745965176,0.0903928608263853,12.8877624504375,0.0830097009798377,12.8617685234775,1.763107666885,0.888806097234761,12.6721855582515,0.155724410529476,12.6830309336463,0.154278660874047
2016,0,0,437,460,6.95538213175222,6.95538213175222,11.899622360205,0.193308912968894,11.899622360205,0.193308912968894,11.899622360205,5.36841779820058,5.36841779820058,12.2975867224085,0.187343407265686,12.2975867224085,0.187343407265686
2016,0,0.1,437,460,6.95538213175222,6.95538213175222,11.899622360205,0.193308912968894,11.899622360205,0.193308912968894,11.899622360205,5.36841779820058,5.36841779820058,12.2975867224085,0.187343407265686,12.2975867224085,0.187343407265686
2016,0,0.25,437,460,6.95538213175222,6.95538213175222,11.899622360205,0.193308912968894,11.899622360205,0.193308912968894,11.899622360205,5.36841779820058,5.36841779820058,12.2975867224085,0.187343407265686,12.2975867224085,0.187343407265686
2016,0,0.5,437,460,6.95538213175222,6.95538213175222,11.899622360205,0.193308912968894,11.899622360205,0.193308912968894,11.899622360205,5.36841779820058,5.36841779820058,12.2975867224085,0.187343407265686,12.2975867224085,0.187343407265686
2016,0,1,437,460,6.95538213175222,6.95538213175222,11.899622360205,0.193308912968894,11.899622360205,0.193308912968894,11.899622360205,5.36841779820058,5.36841779820058,12.2975867224085,0.187343407265686,12.2975867224085,0.187343407265686
2016,0,2,437,460,6.95538213175222,6.95538213175222,11.899622360205,0.193308912968894,11.899622360205,0.193308912968894,11.899622360205,5.36841779820058,5.36841779820058,12.2975867224085,0.187343407265686,12.2975867224085,0.187343407265686
2016,5,0,417,440,6.79104839520583,6.95538213175222,13.1182724179499,0.0196205686111398,11.8996926418264,0.193299383973228,12.5089825298881,5.26067756321176,5.36841779820058,14.5457479726904,-0.136944832637539,12.2959839979621,0.187555217882367
2016,5,0.1,417,440,7.71749463856449,6.95538213175222,12.0356307421927,0.174763154529918,11.8996926418264,0.193299383973228,11.9676616920095,5.24877079549691,5.36841779820058,12.6051753837138,0.146182483121941,12.2959839979621,0.187555217882367
2016,5,0.25,417,440,7.4994450249725,6.95538213175222,11.9209338701824,0.190416854821997,11.8996926418264,0.193299383973228,11.9103132560044,5.27894416823058,5.36841779820058,12.3464193315472,0.180876620939126,12.2959839979621,0.187555217882367
2016,5,0.5,417,440,7.54413778435851,6.95538213175222,11.8982966928969,0.193488640426029,11.8996926418264,0.193299383973228,11.8989946673616,5.30876871155391,5.36841779820058,12.2903828213118,0.188295233527858,12.2959839979621,0.187555217882367
2016,5,1,417,440,6.95538213175222,6.95538213175222,11.8930813271725,0.19419551972969,11.8996926418264,0.193299383973228,11.8963869844994,5.36841779820058,5.36841779820058,12.2818483042785,0.189422147636897,12.2959839979621,0.187555217882367
2016,5,2,417,440,7.11827164303448,6.95538213175222,11.8947696052194,0.193966728126268,11.8996926418264,0.193299383973228,11.8972311235229,5.48771597149393,5.36841779820058,12.2854497226446,0.188946704870201,12.2959839979621,0.187555217882367
2016,10,0,390,408,6.62786723935053,6.95538213175222,12.4107970020452,0.122513902166672,11.8962824995476,0.19376167653531,12.1535397507964,5.20919634438674,5.36841779820058,13.4896013369816,0.0221651640724652,12.308748022805,0.18586760218887
2016,10,0.1,390,408,7.3927008090463,6.95538213175222,12.0869311735876,0.167713215723137,11.8962824995476,0.19376167653531,11.9916068365676,5.17122774588641,5.36841779820058,12.4546065161389,0.166458364707648,12.308748022805,0.18586760218887
2016,10,0.25,390,408,7.52603838846705,6.95538213175222,11.9972228061538,0.180021719088491,11.8962824995476,0.19376167653531,11.9467526528507,5.26361255026065,5.36841779820058,12.3519511637745,0.180142437512782,12.308748022805,0.18586760218887
2016,10,0.5,390,408,7.26310212830307,6.95538213175222,11.9424845507239,0.18748707795382,11.8962824995476,0.19376167653531,11.9193835251358,5.30420227429866,5.36841779820058,12.309603758965,0.185754397052468,12.308748022805,0.18586760218887
2016,10,1,390,408,6.95538213175222,6.95538213175222,11.9094277730628,0.191978921503007,11.8962824995476,0.19376167653531,11.9028551363052,5.36841779820058,5.36841779820058,12.2924276402885,0.188025115434995,12.308748022805,0.18586760218887
2016,10,2,390,408,7.12926668504603,6.95538213175222,11.8955785179561,0.193857094603008,11.8962824995476,0.19376167653531,11.8959305087519,5.49684884600443,5.36841779820058,12.2915767350417,0.188137524439398,12.308748022805,0.18586760218887
2016,15,0,331,345,6.16626827704348,7.63352330313053,12.441240548609,0.118203694983835,11.9051434383011,0.192560176988242,12.173191993455,4.51605947654435,5.36841779820058,12.6247776306449,0.143524883381688,12.3341930090216,0.182498128783154
2016,15,0.1,331,345,7.00518155906146,7.63352330313053,12.1166842320083,0.16361067634068,11.9051434383011,0.192560176988242,12.0109138351547,5.19709879143204,5.36841779820058,12.6168118514394,0.144605352202679,12.3341930090216,0.182498128783154
2016,15,0.25,331,345,7.13637306946102,7.63352330313053,12.0209924308468,0.1767693190516,11.9051434383011,0.192560176988242,11.9630679345739,5.29346538987224,5.36841779820058,12.5601162109229,0.152275781661071,12.3341930090216,0.182498128783154
2016,15,0.5,331,345,7.56699265402199,7.63352330313053,11.9590362707244,0.18523330809395,11.9051434383011,0.192560176988242,11.9320898545127,5.11271518973446,5.36841779820058,12.5032922956381,0.159928902348727,12.3341930090216,0.182498128783154
2016,15,1,331,345,6.95538213175222,7.63352330313053,11.9169509898098,0.19095774099633,11.9051434383011,0.192560176988242,11.9110472140554,5.36841779820058,5.36841779820058,12.4511270719316,0.166924032810052,12.3341930090216,0.182498128783154
2016,15,2,331,345,7.15935228224349,7.63352330313053,11.893900202739,0.19408455163007,11.9051434383011,0.192560176988242,11.89952182052,5.02929115577628,5.36841779820058,12.4032577270853,0.173317372452579,12.3341930090216,0.182498128783154
2016,20,0,237,253,6.05394383287542,6.95538213175222,12.3553543186366,0.130336367809067,11.9049223564388,0.192590165479044,12.1301383375377,4.27581603310993,4.89150235698789,12.7601863758862,0.12505387774326,12.366099988711,0.17826311258261
2016,20,0.1,237,253,6.20688153635856,6.95538213175222,12.2165552550041,0.149766078995942,11.9049223564388,0.192590165479044,12.0607388057215,4.47499518361188,4.89150235698789,12.6019459149219,0.146619926270223,12.366099988711,0.17826311258261
2016,20,0.25,237,253,6.33435519697837,6.95538213175222,12.1180205708433,0.163426176827769,11.9049223564388,0.192590165479044,12.011471463641,4.5650985295274,4.89150235698789,12.5227073985767,0.157317953235399,12.366099988711,0.17826311258261
2016,20,0.5,237,253,6.73619403481693,6.95538213175222,12.0401852625656,0.17413846451376,11.9049223564388,0.192590165479044,11.9725538095022,4.85155863453278,4.89150235698789,12.4628754633548,0.165351176000037,12.366099988711,0.17826311258261
2016,20,1,237,253,6.59317286984736,6.95538213175222,11.9796251941438,0.18242545487189,11.9049223564388,0.192590165479044,11.9422737752913,4.89150235698789,4.89150235698789,12.4143467700502,0.17183853241308,12.366099988711,0.17826311258261
2016,20,2,237,253,7.23697655004178,6.95538213175222,11.9350726135928,0.188495314697875,11.9049223564388,0.192590165479044,11.9199974850158,5.0774910397631,4.89150235698789,12.3844644880389,0.175820629996741,12.366099988711,0.17826311258261
2016,25,0,150,152,5.29349492998136,5.77448043885192,11.8957290479644,0.193836692154179,11.9609369429244,0.184974302698023,11.9283329954444,3.10044930329526,3.07200603903031,12.4338230121748,0.169237972606219,12.4837016772702,0.162559348597483
2016,25,0.1,150,152,5.26950544615419,5.77448043885192,11.8796199652264,0.196018611100392,11.9609369429244,0.184974302698023,11.9202784540754,3.19850574540774,3.07200603903031,12.442439336096,0.168086179643042,12.4837016772702,0.162559348597483
2016,25,0.25,150,152,5.39713336123609,5.77448043885192,11.8758190005788,0.196533007346539,11.9609369429244,0.184974302698023,11.9183779717516,3.27555264222987,3.07200603903031,12.4516766277835,0.166850492178171,12.4837016772702,0.162559348597483
2016,25,0.5,150,152,5.77334261962374,5.77448043885192,11.8792525818676,0.196068337407586,11.9609369429244,0.184974302698023,11.920094762396,3.50314472542046,3.07200603903031,12.461228673789,0.165571735078701,12.4837016772702,0.162559348597483
2016,25,1,150,152,5.77448043885192,5.77448043885192,11.8859295305427,0.195164354779071,11.9609369429244,0.184974302698023,11.9234332367335,3.37152283542298,3.07200603903031,12.4607173585474,0.165640211012763,12.4837016772702,0.162559348597483
2016,25,2,150,152,6.13538546628017,5.77448043885192,11.9005686296861,0.193180610156548,11.9609369429244,0.184974302698023,11.9307527863052,3.57964152896761,3.07200603903031,12.4641552223388,0.16517975421604,12.4837016772702,0.162559348597483
2016,30,0,61,59,2.84443576670005,3.30437001128367,12.1185775645646,0.163349270360567,12.1987519599937,0.152242380275711,12.1586647622791,0.82149740306406,0.83515194993124,12.6879488184425,0.134932270544911,12.7421977165459,0.127519047635891
2016,30,0.1,61,59,2.71879096986329,3.30437001128367,12.107270515769,0.164909789703468,12.1987519599937,0.152242380275711,12.1530112378813,0.914706657265284,0.83515194993124,12.6824413194074,0.135683113051113,12.7421977165459,0.127519047635891
2016,30,0.25,61,59,3.09929053783959,3.30437001128367,12.1092948090675,0.164630518032076,12.1987519599937,0.152242380275711,12.1540233845306,1.04354249986833,0.83515194993124,12.6790957917429,0.136139052817485,12.7421977165459,0.127519047635891
2016,30,0.5,61,59,3.0890916090093,3.30437001128367,12.110829938093,0.164418700375347,12.1987519599937,0.152242380275711,12.1547909490434,1.04138972044948,0.83515194993124,12.6818696569679,0.135761029652798,12.7421977165459,0.127519047635891
2016,30,1,61,59,3.6265420081161,3.30437001128367,12.1227169913337,0.162777611534744,12.1987519599937,0.152242380275711,12.1607344756637,1.10402172783575,0.83515194993124,12.68666733454,0.13510700554785,12.7421977165459,0.127519047635891
2016,30,2,61,59,4.1373225726395,3.30437001128367,12.1358261964076,0.160965929514965,12.1987519599937,0.152242380275711,12.1672890782006,1.15173239054131,0.83515194993124,12.6948843806606,0.133986275104555,12.7421977165459,0.127519047635891
2017,0,0,442,465,6.70982534885395,6.70982534885395,12.5117336522938,0.139361203129753,12.5117336522938,0.139361203129753,12.5117336522938,4.69810596890153,4.69810596890153,12.5849927354191,0.109300140487531,12.5849927354191,0.109300140487531
2017,0,0.1,442,465,6.70982534885395,6.70982534885395,12.5117336522938,0.139361203129753,12.5117336522938,0.139361203129753,12.5117336522938,4.69810596890153,4.69810596890153,12.5849927354191,0.109300140487531,12.5849927354191,0.109300140487531
2017,0,0.25,442,465,6.70982534885395,6.70982534885395,12.5117336522938,0.139361203129753,12.5117336522938,0.139361203129753,12.5117336522938,4.69810596890153,4.69810596890153,12.5849927354191,0.109300140487531,12.5849927354191,0.109300140487531
2017,0,0.5,442,465,6.70982534885395,6.70982534885395,12.5117336522938,0.139361203129753,12.5117336522938,0.139361203129753,12.5117336522938,4.69810596890153,4.69810596890153,12.5849927354191,0.109300140487531,12.5849927354191,0.109300140487531
2017,0,1,442,465,6.70982534885395,6.70982534885395,12.5117336522938,0.139361203129753,12.5117336522938,0.139361203129753,12.5117336522938,4.69810596890153,4.69810596890153,12.5849927354191,0.109300140487531,12.5849927354191,0.109300140487531
2017,0,2,442,465,6.70982534885395,6.70982534885395,12.5117336522938,0.139361203129753,12.5117336522938,0.139361203129753,12.5117336522938,4.69810596890153,4.69810596890153,12.5849927354191,0.109300140487531,12.5849927354191,0.109300140487531
2017,5,0,418,439,6.520886337358,6.70982534885395,12.5344765079622,0.136229555035054,12.5103355592395,0.139553532335325,12.5224060336009,4.58257034918301,4.69810596890153,12.4737644701685,0.124974872971296,12.5831097030772,0.109566662876653
2017,5,0.1,418,439,6.56873089058366,6.70982534885395,12.5198051177399,0.138250428687896,12.5103355592395,0.139553532335325,12.5150703384897,4.60393457976987,4.69810596890153,12.58649196214,0.109087913019894,12.5831097030772,0.109566662876653
2017,5,0.25,418,439,6.59224663362871,6.70982534885395,12.5129662515926,0.139191622308935,12.5103355592395,0.139553532335325,12.5116509054161,4.61962981129181,4.69810596890153,12.5887678178838,0.108765699219906,12.5831097030772,0.109566662876653
2017,5,0.5,418,439,6.63143953870379,6.70982534885395,12.5109229702837,0.139472727528487,12.5103355592395,0.139553532335325,12.5106292647616,4.64578853049505,4.69810596890153,12.5871720657997,0.108991630601778,12.5831097030772,0.109566662876653
2017,5,1,418,439,6.70982534885395,6.70982534885395,12.5103196507087,0.139555720674789,12.5103355592395,0.139553532335325,12.5103276049741,4.69810596890153,4.69810596890153,12.5855294690283,0.109224164481059,12.5831097030772,0.109566662876653
2017,5,2,418,439,6.86659696915428,6.70982534885395,12.5102252768447,0.139568702460606,12.5103355592395,0.139553532335325,12.5102804180421,4.80274084571448,4.69810596890153,12.5844291057736,0.10937992020847,12.5831097030772,0.109566662876653
2017,10,0,390,412,6.52902644119574,6.70982534885395,12.6233358115939,0.12393927674045,12.5007199887039,0.140875719744977,12.5620279001489,4.51424108638754,4.69810596890153,12.5552065979639,0.113511364573991,12.5789845967711,0.110150386643102
2017,10,0.1,390,412,6.6636969733801,6.70982534885395,12.5160450519547,0.138767968454538,12.5007199887039,0.140875719744977,12.5083825203293,4.46275164033416,4.69810596890153,12.5427174985719,0.115274129370634,12.5789845967711,0.110150386643102
2017,10,0.25,390,412,6.58401612356294,6.70982534885395,12.4919439421404,0.142081581181929,12.5007199887039,0.140875719744977,12.4963319654222,4.61460882490446,4.69810596890153,12.5555606974503,0.113461359885561,12.5789845967711,0.110150386643102
2017,10,0.5,390,412,6.62595253199328,6.70982534885395,12.4831016043133,0.143295694801316,12.5007199887039,0.140875719744977,12.4919107965086,4.64244120623682,4.69810596890153,12.5634953704289,0.112340483310359,12.5789845967711,0.110150386643102
2017,10,1,390,412,6.70982534885395,6.70982534885395,12.4829200275593,0.143320617526523,12.5007199887039,0.140875719744977,12.4918200081316,4.69810596890153,4.69810596890153,12.569264445404,0.111525081240777,12.5789845967711,0.110150386643102
2017,10,2,390,412,6.8775709825753,6.70982534885395,12.4874648717692,0.142696695703677,12.5007199887039,0.140875719744977,12.4940924302366,4.80943549423095,4.69810596890153,12.5732294420864,0.11096445086224,12.5789845967711,0.110150386643102
2017,15,0,334,353,6.32225628466049,6.70982534885395,12.6857486432012,0.11525494789896,12.5505414996226,0.134014008582625,12.6181450714119,4.36925380483664,4.69810596890153,12.6347725577548,0.102239894572209,12.5639556046089,0.112275447471122
2017,15,0.1,334,353,6.50257886258401,6.70982534885395,12.662572034724,0.118484817697411,12.5505414996226,0.134014008582625,12.6065567671733,4.65194092981308,4.69810596890153,12.5594981957018,0.112905225151551,12.5639556046089,0.112275447471122
2017,15,0.25,334,353,6.62409092112505,6.70982534885395,12.6452227619092,0.120898730173067,12.5505414996226,0.134014008582625,12.5978821307659,4.31684931607373,4.69810596890153,12.5395473637087,0.115721296563442,12.5639556046089,0.112275447471122
2017,15,0.5,334,353,6.61229881762061,6.70982534885395,12.6298825506617,0.123030352461608,12.5505414996226,0.134014008582625,12.5902120251422,4.63339376547314,4.69810596890153,12.5326036682275,0.116700352955359,12.5639556046089,0.112275447471122
2017,15,1,334,353,6.70982534885395,6.70982534885395,12.611092257937,0.125637860210762,12.5505414996226,0.134014008582625,12.5808168787798,4.69810596890153,4.69810596890153,12.5340048348992,0.116502833071229,12.5639556046089,0.112275447471122
2017,15,2,334,353,6.90487841132064,6.70982534885395,12.591497631207,0.128352849406866,12.5505414996226,0.134014008582625,12.5710195654148,4.82753037575832,4.69810596890153,12.539879932727,0.115674390946902,12.5639556046089,0.112275447471122
2017,20,0,249,257,6.2913101401274,6.11374295791534,12.5986285983233,0.127365286621072,12.5712023328541,0.131160471284227,12.5849154655887,4.12336560609144,4.28073918314695,12.5548920813763,0.113555778321576,12.6001051627941,0.107159699219706
2017,20,0.1,249,257,5.90278146310276,6.11374295791534,12.5903810803357,0.128507429149955,12.5712023328541,0.131160471284227,12.5807917065949,4.12967706573812,4.28073918314695,12.5466808351182,0.114714917162286,12.6001051627941,0.107159699219706
2017,20,0.25,249,257,6.02219870097559,6.11374295791534,12.578930764414,0.13009186532531,12.5712023328541,0.131160471284227,12.575066548634,4.21244402906528,4.28073918314695,12.5608453036003,0.112714918748113,12.6001051627941,0.107159699219706
2017,20,0.5,249,257,5.99571703208686,6.11374295791534,12.5713622046524,0.131138372551351,12.5712023328541,0.131160471284227,12.5712822687532,4.47610638645426,4.28073918314695,12.5755031995167,0.110642873342991,12.6001051627941,0.107159699219706
2017,20,1,249,257,6.11374295791534,6.11374295791534,12.5655985650939,0.131934890413403,12.5712023328541,0.131160471284227,12.568400448974,4.28073918314695,4.28073918314695,12.584174760522,0.109415920681319,12.6001051627941,0.107159699219706
2017,20,2,249,257,6.3497948095723,6.11374295791534,12.5635575928778,0.132216859135711,12.5712023328541,0.131160471284227,12.5673799628659,4.44106649337717,4.28073918314695,12.5910044743836,0.108448978456808,12.6001051627941,0.107159699219706
2017,25,0,157,164,4.94794751821623,5.07573681070446,12.5980292278411,0.127448314554382,12.5537691767756,0.133568532566092,12.5758992023084,3.2429157930175,3.23822220687682,12.5561281980432,0.113381216499515,12.7532902009957,0.085318427411172
2017,25,0.1,157,164,5.00024061598407,5.07573681070446,12.5885141487394,0.128765863962559,12.5537691767756,0.133568532566092,12.5711416627575,3.67022460360841,3.23822220687682,12.5657887034454,0.112016388046316,12.7532902009957,0.085318427411172
2017,25,0.25,157,164,5.11911515643591,5.07573681070446,12.5835830384609,0.129448281302493,12.5537691767756,0.133568532566092,12.5686761076183,3.42230956279149,3.23822220687682,12.5913188909947,0.108404451119638,12.7532902009957,0.085318427411172
2017,25,0.5,157,164,4.98594534561842,5.07573681070446,12.579356468519,0.130032984369979,12.5537691767756,0.133568532566092,12.5665628226473,3.65589812446359,3.23822220687682,12.6162408194536,0.104871497834008,12.7532902009957,0.085318427411172
2017,25,1,157,164,5.07573681070446,5.07573681070446,12.5731404175992,0.130892555074927,12.5537691767756,0.133568532566092,12.5634547971874,3.55394487443951,3.23822220687682,12.6459542034851,0.100650174241178,12.7532902009957,0.085318427411172
2017,25,2,157,164,5.37967314667479,5.07573681070446,12.5650663885842,0.132008417205671,12.5537691767756,0.133568532566092,12.5594177826799,3.75819457986707,3.23822220687682,12.6754586172787,0.0964487129231476,12.7532902009957,0.085318427411172
2017,30,0,63,62,1.92525243752759,1.662074972448,12.8620164082654,0.090497165008425,12.849630202591,0.0922480358742053,12.8558233054282,1.64375314344849,1.27722156501692,12.8941916169416,0.0649955342765882,12.9400424328157,0.0583340945422037
2017,30,0.1,63,62,2.05432028322033,1.662074972448,12.8504517003689,0.0921319640422403,12.849630202591,0.0922480358742053,12.85004095148,1.81584683090294,1.27722156501692,12.8851357856024,0.0663084152455108,12.9400424328157,0.0583340945422037
2017,30,0.25,63,62,2.13220950749014,1.662074972448,12.8432783835057,0.0931452525361423,12.849630202591,0.0922480358742053,12.8464542930484,1.88537946673388,1.27722156501692,12.8848035527444,0.0663565635971798,12.9400424328157,0.0583340945422037
2017,30,0.5,63,62,2.32969901367411,1.662074972448,12.8298301380181,0.095043400325097,12.849630202591,0.0922480358742053,12.8397301703045,1.87807161215891,1.27722156501692,12.8901770213279,0.0655776693321619,12.9400424328157,0.0583340945422037
2017,30,1,63,62,2.39834717706008,1.662074972448,12.826775372743,0.0954742869171873,12.849630202591,0.0922480358742053,12.838202787667,2.03369792126061,1.27722156501692,12.890195747573,0.06557495436024,12.9400424328157,0.0583340945422037
2017,30,2,63,62,2.74171307903792,1.662074972448,12.8161901483814,0.0969665804422695,12.849630202591,0.0922480358742053,12.8329101754862,2.11039505346469,1.27722156501692,12.8996224908089,0.0642077437982054,12.9400424328157,0.0583340945422037
2018,0,0,475,509,6.70446175697687,6.70446175697687,12.4588535441132,0.159506021376385,12.4588535441132,0.159506021376385,12.4588535441132,5.69970632608715,5.69970632608715,12.6522008061149,0.170391035178487,12.6522008061149,0.170391035178487
2018,0,0.1,475,509,6.70446175697687,6.70446175697687,12.4588535441132,0.159506021376385,12.4588535441132,0.159506021376385,12.4588535441132,5.69970632608715,5.69970632608715,12.6522008061149,0.170391035178487,12.6522008061149,0.170391035178487
2018,0,0.25,475,509,6.70446175697687,6.70446175697687,12.4588535441132,0.159506021376385,12.4588535441132,0.159506021376385,12.4588535441132,5.69970632608715,5.69970632608715,12.6522008061149,0.170391035178487,12.6522008061149,0.170391035178487
2018,0,0.5,475,509,6.70446175697687,6.70446175697687,12.4588535441132,0.159506021376385,12.4588535441132,0.159506021376385,12.4588535441132,5.69970632608715,5.69970632608715,12.6522008061149,0.170391035178487,12.6522008061149,0.170391035178487
2018,0,1,475,509,6.70446175697687,6.70446175697687,12.4588535441132,0.159506021376385,12.4588535441132,0.159506021376385,12.4588535441132,5.69970632608715,5.69970632608715,12.6522008061149,0.170391035178487,12.6522008061149,0.170391035178487
2018,0,2,475,509,6.70446175697687,6.70446175697687,12.4588535441132,0.159506021376385,12.4588535441132,0.159506021376385,12.4588535441132,5.69970632608715,5.69970632608715,12.6522008061149,0.170391035178487,12.6522008061149,0.170391035178487
2018,5,0,437,465,6.56057881645001,6.70446175697687,12.6783098670306,0.129635499408064,12.4580044184958,0.159620584188379,12.5681571427632,5.58414350002993,5.69970632608715,13.3835584483129,0.0717082643496112,12.6452315048748,0.171304742202667
2018,5,0.1,437,465,6.7185633696983,6.70446175697687,12.5455387922653,0.147769485069638,12.4580044184958,0.159620584188379,12.5017716053806,6.1011675604736,5.69970632608715,12.6365814826599,0.172438099177145,12.6452315048748,0.171304742202667
2018,5,0.25,437,465,6.59197078790007,6.70446175697687,12.4926354587082,0.154941879117108,12.4580044184958,0.159620584188379,12.475319938602,6.15665085671329,5.69970632608715,12.635215220111,0.172617040880623,12.6452315048748,0.171304742202667
2018,5,0.5,437,465,6.62946777759235,6.70446175697687,12.4704677108156,0.15793827085203,12.4580044184958,0.159620584188379,12.4642360646557,6.18957412332673,5.69970632608715,12.6433921124308,0.171545810929934,12.6452315048748,0.171304742202667
2018,5,1,437,465,6.70446175697687,6.70446175697687,12.4612963302363,0.159176400629383,12.4580044184958,0.159620584188379,12.4596503743661,6.25542065655361,5.69970632608715,12.6530596520376,0.170278401736979,12.6452315048748,0.171304742202667
2018,5,2,437,465,6.85444971574593,6.70446175697687,12.458491906653,0.159554813939094,12.4580044184958,0.159620584188379,12.4582481625744,6.38711372300737,5.69970632608715,12.6603369996188,0.169323706343847,12.6452315048748,0.171304742202667
2018,10,0,375,401,6.63352161312086,7.35813850157752,12.4965831049767,0.154407721591813,12.4665139666444,0.158472135171509,12.4815485358105,5.2862046157008,6.25542065655361,12.7576737728061,0.15650158777698,12.6570568305299,0.16975409073603
2018,10,0.1,375,401,6.61427092575259,7.35813850157752,12.4462326618006,0.161208008270391,12.4665139666444,0.158472135171509,12.4563733142225,6.25175324072887,6.25542065655361,12.6053165616471,0.176528073940848,12.6570568305299,0.16975409073603
2018,10,0.25,375,401,6.73459504376713,7.35813850157752,12.453274328348,0.160258618279355,12.4665139666444,0.158472135171509,12.4598941474962,5.79850009804583,6.25542065655361,12.5806630556137,0.179746020458606,12.6570568305299,0.16975409073603
2018,10,0.5,375,401,6.61739082506809,7.35813850157752,12.4552471245416,0.159992540495026,12.4665139666444,0.158472135171509,12.460880545593,5.59495310183707,6.25542065655361,12.5736965789214,0.180654191685913,12.6570568305299,0.16975409073603
2018,10,1,375,401,7.35813850157752,7.35813850157752,12.4657690188213,0.158572704684732,12.4665139666444,0.158472135171509,12.4661414927328,5.69970632608715,6.25542065655361,12.5831237234961,0.179425120041516,12.6570568305299,0.16975409073603
2018,10,2,375,401,7.54925898213798,7.35813850157752,12.4651022565264,0.158662713891471,12.4665139666444,0.158472135171509,12.4658081115854,5.83838531212334,6.25542065655361,12.594404345485,0.177953189151849,12.6570568305299,0.16975409073603
2018,15,0,310,318,6.26758849725494,8.07554792180826,12.5646594078868,0.145169741833925,12.4927250956142,0.154929752185636,12.5286922517505,6.18910380685877,6.86531644820735,12.2700969274813,0.219743723043962,12.7564554815788,0.156662679472476
2018,15,0.1,310,318,7.05002067455859,8.07554792180826,12.5062297733148,0.153101717122705,12.4927250956142,0.154929752185636,12.4994774344645,6.68058081596994,6.86531644820735,12.456512679189,0.195855246020487,12.7564554815788,0.156662679472476
2018,15,0.25,310,318,7.18423315917648,8.07554792180826,12.4946797812889,0.154665282116259,12.4927250956142,0.154929752185636,12.4937024384515,6.80694071682826,6.86531644820735,12.5467036222575,0.184168325506529,12.7564554815788,0.156662679472476
2018,15,0.5,310,318,7.6215495645532,8.07554792180826,12.4941976296268,0.154730521351267,12.4927250956142,0.154929752185636,12.4934613626205,6.57846765803836,6.86531644820735,12.5989126412844,0.17736456369752,12.7564554815788,0.156662679472476
2018,15,1,310,318,7.35813850157752,8.07554792180826,12.484001734808,0.15610952342541,12.4927250956142,0.154929752185636,12.4883634152111,6.40610942073965,6.86531644820735,12.641600556431,0.1717805765535,12.7564554815788,0.156662679472476
2018,15,2,310,318,7.58808032975182,8.07554792180826,12.4813793919271,0.156464015167134,12.4927250956142,0.154929752185636,12.4870522437707,7.07462487650635,6.86531644820735,12.699650977114,0.164156720017199,12.7564554815788,0.156662679472476
2018,20,0,228,234,7.27348372427205,8.07554792180826,12.6166447765955,0.138081511967828,12.5170505692361,0.151635555346454,12.5668476729158,5.24847149125103,5.69970632608715,12.2853334930198,0.217804731480814,12.8522190844822,0.143953167852159
2018,20,0.1,228,234,8.01563067711527,8.07554792180826,12.5622000696481,0.145504348754061,12.5170505692361,0.151635555346454,12.5396253194421,6.08765372506255,5.69970632608715,12.4841340351607,0.192285034148991,12.8522190844822,0.143953167852159
2018,20,0.25,228,234,8.18226501009777,8.07554792180826,12.5332112163376,0.149443510370597,12.5170505692361,0.151635555346454,12.5251308927868,6.21317547505473,5.69970632608715,12.6146895009735,0.175303000071253,12.8522190844822,0.143953167852159
2018,20,0.5,228,234,8.70484135093571,8.07554792180826,12.5260902354075,0.15040975530118,12.5170505692361,0.151635555346454,12.5215704023218,6.02113912744578,5.69970632608715,12.6976577690795,0.164419070345464,12.8522190844822,0.143953167852159
2018,20,1,228,234,8.5266842996982,8.07554792180826,12.5129459266473,0.152191862418479,12.5170505692361,0.151635555346454,12.5149982479417,6.46953274432377,5.69970632608715,12.7867874883903,0.152647375175676,12.8522190844822,0.143953167852159
2018,20,2,228,234,8.41485665801869,8.07554792180826,12.5036209673732,0.153455007102505,12.5170505692361,0.151635555346454,12.5103357683047,6.5117903555927,5.69970632608715,12.8265515761836,0.147369021255057,12.8522190844822,0.143953167852159
2018,25,0,152,163,8.44083962064055,7.35813850157752,12.7425179192028,0.120797425501537,12.6718276596839,0.130525277449301,12.7071727894433,5.09225657696104,4.31161881351605,12.2325935505247,0.224506118260832,12.8539017789994,0.143728994952695
2018,25,0.1,152,163,9.12488692425839,7.35813850157752,12.7559637240373,0.118940991267074,12.6718276596839,0.130525277449301,12.7138956918606,5.49286247900005,4.31161881351605,12.3899816939913,0.204422277465952,12.8539017789994,0.143728994952695
2018,25,0.25,152,163,9.34469088189591,7.35813850157752,12.7694327701322,0.117079385219194,12.6718276596839,0.130525277449301,12.720630214908,5.12211389347641,4.31161881351605,12.4928244320804,0.191160117230488,12.8539017789994,0.143728994952695
2018,25,0.5,152,163,9.1061415207885,7.35813850157752,12.7656709472844,0.1175995182223,12.6718276596839,0.130525277449301,12.7187493034842,5.47221109423233,4.31161881351605,12.610394279933,0.175864512560028,12.8539017789994,0.143728994952695
2018,25,1,152,163,9.88899335819921,7.35813850157752,12.7709273524633,0.116872692439698,12.6718276596839,0.130525277449301,12.7213775060736,5.40378362326862,4.31161881351605,12.6917860096895,0.165191684609519,12.8539017789994,0.143728994952695
2018,25,2,152,163,10.3274597688381,7.35813850157752,12.7574668837674,0.11873333146461,12.6718276596839,0.130525277449301,12.7146472717256,5.49355435201238,4.31161881351605,12.7544016407688,0.156934219034858,12.8539017789994,0.143728994952695
2018,30,0,90,88,9.19485119899665,6.10885585275794,12.8312531890942,0.108509756798046,12.8073610696801,0.111826620839837,12.8193071293872,3.11515241583138,2.46726680579102,12.4383662203605,0.19819647122003,12.7540759915701,0.156977269300782
2018,30,0.1,90,88,17.0888311277205,6.10885585275794,12.8592101101832,0.104620740867683,12.8073610696801,0.111826620839837,12.8332855899316,4.41517588736568,2.46726680579102,12.5237236536261,0.187154068703832,12.7540759915701,0.156977269300782
2018,30,0.25,90,88,16.0512571882478,6.10885585275794,12.8370527787379,0.107703686500641,12.8073610696801,0.111826620839837,12.822206924209,4.9970191936619,2.46726680579102,12.5579751638138,0.182701834953168,12.7540759915701,0.156977269300782
2018,30,0.5,90,88,13.1244505949851,6.10885585275794,12.8106426128622,0.111371421260088,12.8073610696801,0.111826620839837,12.8090018412711,5.40440285203255,2.46726680579102,12.5939056986119,0.178018282020994,12.7540759915701,0.156977269300782
2018,30,1,90,88,10.9988615023422,6.10885585275794,12.7933571886981,0.113767859833245,12.8073610696801,0.111826620839837,12.8003591291891,4.9760540428114,2.46726680579102,12.6133155828473,0.175482632626337,12.7540759915701,0.156977269300782
2018,30,2,90,88,10.6997286674822,6.10885585275794,12.8020834284808,0.112558464752264,12.8073610696801,0.111826620839837,12.8047222490805,4.79156092886166,2.46726680579102,12.6442860444298,0.171428657576847,12.7540759915701,0.156977269300782
2019,0,0,472,512,6.5981760381483,6.5981760381483,12.8834572214166,0.161767891098311,12.8834572214166,0.161767891098311,12.8834572214166,5.12520652508702,5.12520652508702,13.2769487549657,0.177399495774914,13.2769487549657,0.177399495774914
2019,0,0.1,472,512,6.5981760381483,6.5981760381483,12.8834572214166,0.161767891098311,12.8834572214166,0.161767891098311,12.8834572214166,5.12520652508702,5.12520652508702,13.2769487549657,0.177399495774914,13.2769487549657,0.177399495774914
2019,0,0.25,472,512,6.5981760381483,6.5981760381483,12.8834572214166,0.161767891098311,12.8834572214166,0.161767891098311,12.8834572214166,5.12520652508702,5.12520652508702,13.2769487549657,0.177399495774914,13.2769487549657,0.177399495774914
2019,0,0.5,472,512,6.5981760381483,6.5981760381483,12.8834572214166,0.161767891098311,12.8834572214166,0.161767891098311,12.8834572214166,5.12520652508702,5.12520652508702,13.2769487549657,0.177399495774914,13.2769487549657,0.177399495774914
2019,0,1,472,512,6.5981760381483,6.5981760381483,12.8834572214166,0.161767891098311,12.8834572214166,0.161767891098311,12.8834572214166,5.12520652508702,5.12520652508702,13.2769487549657,0.177399495774914,13.2769487549657,0.177399495774914
2019,0,2,472,512,6.5981760381483,6.5981760381483,12.8834572214166,0.161767891098311,12.8834572214166,0.161767891098311,12.8834572214166,5.12520652508702,5.12520652508702,13.2769487549657,0.177399495774914,13.2769487549657,0.177399495774914
2019,5,0,442,471,6.45659917179303,6.5981760381483,12.7785837282415,0.175359046578874,12.8803265134372,0.162175226032782,12.8294551208393,4.6429532746785,4.66989730305938,13.1302967106897,0.195471388378406,13.270533172959,0.178194284701878
2019,5,0.1,442,471,6.46679642676924,6.5981760381483,12.8538120649446,0.165621038885686,12.8803265134372,0.162175226032782,12.8670692891909,4.99249461948513,4.66989730305938,13.0951368395314,0.199774299393027,13.270533172959,0.178194284701878
2019,5,0.25,442,471,6.48869302866575,6.5981760381483,12.867213170929,0.163880321084624,12.8803265134372,0.162175226032782,12.8737698421831,5.04529166242973,4.66989730305938,13.158472371139,0.192014886717825,13.270533172959,0.178194284701878
2019,5,0.5,442,471,6.52518736515994,6.5981760381483,12.8731513940524,0.163108403990393,12.8803265134372,0.162175226032782,12.8767389537448,5.07192994998216,4.66989730305938,13.204380280901,0.186367177412424,13.270533172959,0.178194284701878
2019,5,1,442,471,6.5981760381483,6.5981760381483,12.8765541631236,0.162665913239622,12.8803265134372,0.162175226032782,12.8784403382804,5.12520652508702,4.66989730305938,13.2386568590688,0.182137558803873,13.270533172959,0.178194284701878
2019,5,2,442,471,6.74415338412504,6.5981760381483,12.8783893782374,0.162427216200155,12.8803265134372,0.162175226032782,12.8793579458373,5.23175967529673,4.66989730305938,13.2602411522459,0.179468500514925,13.270533172959,0.178194284701878
2019,10,0,373,407,6.45244614295881,6.5981760381483,13.162899518849,0.125011016141189,12.8926034548676,0.160577311926106,13.0277514868583,5.12924970383963,5.12520652508702,13.205143572111,0.186273109123227,13.300885847521,0.174430678921068
2019,10,0.1,373,407,7.11923411262624,6.5981760381483,12.9821200163451,0.14888020225259,12.8926034548676,0.160577311926106,12.9373617356064,5.5737835083016,5.12520652508702,13.0879794776882,0.200648813303768,13.300885847521,0.174430678921068
2019,10,0.25,373,407,7.24889834141896,6.5981760381483,12.9539019661023,0.152576184028754,12.8926034548676,0.160577311926106,12.9232527104849,5.16940066330973,5.12520652508702,13.0897962596642,0.200426877194163,13.300885847521,0.174430678921068
2019,10,0.5,373,407,6.99764900480031,6.5981760381483,12.9278998907172,0.155974799063374,12.8926034548676,0.160577311926106,12.9102516727924,4.98748716787499,5.12520652508702,13.1025286050447,0.198870643289022,13.300885847521,0.174430678921068
2019,10,1,373,407,7.24149005637363,6.5981760381483,12.9113802742581,0.158130456883639,12.8926034548676,0.160577311926106,12.9019918645628,4.84081981264295,5.12520652508702,13.1251555792905,0.196101286946813,13.300885847521,0.174430678921068
2019,10,2,373,407,7.43056290379853,6.5981760381483,12.9013386521985,0.159439449139504,12.8926034548676,0.160577311926106,12.896971053533,4.78188524797687,5.12520652508702,13.158049855436,0.192066774339367,13.300885847521,0.174430678921068
2019,15,0,307,328,5.8347922646888,6.5981760381483,12.9586054413834,0.151960684452355,12.8571888487782,0.165182587247644,12.9078971450808,4.51469604985328,5.12520652508702,13.1248242669239,0.196141871337895,13.3198450857133,0.172075449206011
2019,15,0.1,307,328,6.53055068794663,6.5981760381483,12.8725938551571,0.163180894322771,12.8571888487782,0.165182587247644,12.8648913519676,4.64339063868109,5.12520652508702,13.0467806663676,0.205673345319343,13.3198450857133,0.172075449206011
2019,15,0.25,307,328,6.06395676897064,6.5981760381483,12.8535890024874,0.165649997922184,12.8571888487782,0.165182587247644,12.8553889256328,4.7305450500552,5.12520652508702,13.061770999495,0.2038469849354,13.3198450857133,0.172075449206011
2019,15,0.5,307,328,6.43357494889528,6.5981760381483,12.8545023567613,0.165531418712057,12.8571888487782,0.165182587247644,12.8558456027697,5.01633209166936,5.12520652508702,13.1030766588494,0.198803622458493,13.3198450857133,0.172075449206011
2019,15,1,307,328,6.5981760381483,6.5981760381483,12.8560687313406,0.165328039386448,12.8571888487782,0.165182587247644,12.8566287900594,4.88266618703386,5.12520652508702,13.1456538734902,0.193588338438342,13.3198450857133,0.172075449206011
2019,15,2,307,328,6.80632039266402,6.5981760381483,12.856488422672,0.165273542119574,12.8571888487782,0.165182587247644,12.8568386357251,5.2768398542316,5.12520652508702,13.2033098004078,0.186499094661328,13.3198450857133,0.172075449206011
2019,20,0,236,237,6.13746216815832,6.01201226425439,12.9394285033138,0.154468788301406,12.8556110826446,0.165387463420866,12.8975197929792,4.75626418007001,4.66989730305938,13.2151964244456,0.185033684503123,13.4285278408559,0.158509492639821
2019,20,0.1,236,237,6.65151182535696,6.01201226425439,12.9079172617773,0.158581998654844,12.8556110826446,0.165387463420866,12.881764172211,5.16206309340316,4.66989730305938,13.1540249911969,0.192560969792311,13.4285278408559,0.158509492639821
2019,20,0.25,236,237,6.18524290606487,6.01201226425439,12.8926161561123,0.160575657998215,12.8556110826446,0.165387463420866,12.8741136193785,5.26807882368769,4.66989730305938,13.191966560633,0.187896285531691,13.4285278408559,0.158509492639821
2019,20,0.5,236,237,6.5779072664513,6.01201226425439,12.8933155543622,0.160484581395465,12.8556110826446,0.165387463420866,12.8744633185034,4.65110730815311,4.66989730305938,13.2354118816071,0.182538448404299,13.4285278408559,0.158509492639821
2019,20,1,236,237,6.01201226425439,6.01201226425439,12.8791971799829,0.162322138778342,12.8556110826446,0.165387463420866,12.8674041313137,4.55235617625692,4.66989730305938,13.2909876866461,0.175658954616109,13.4285278408559,0.158509492639821
2019,20,2,236,237,6.25640300670375,6.01201226425439,12.8733071845484,0.163088147793321,12.8556110826446,0.165387463420866,12.8644591335965,4.85896197119943,4.66989730305938,13.3426475038476,0.169238352978363,13.4285278408559,0.158509492639821
2019,25,0,168,170,5.86618010882175,4.99127820160888,13.0681653634893,0.137560387243593,12.9122637461058,0.158015241705797,12.9902145547975,3.79458500860662,3.87703078237202,13.2806288978294,0.17694341102422,13.4034575868973,0.161648584003514
2019,25,0.1,168,170,6.3071503960806,4.99127820160888,13.0046904669524,0.145918150364804,12.9122637461058,0.158015241705797,12.9584771065291,4.19893493991297,3.87703078237202,13.2705985330738,0.178186189556421,13.4034575868973,0.161648584003514
2019,25,0.25,168,170,5.87986318275868,4.99127820160888,12.9690818371355,0.150588933946981,12.9122637461058,0.158015241705797,12.9406727916206,4.29568601509394,3.87703078237202,13.2887035304834,0.175942268682161,13.4034575868973,0.161648584003514
2019,25,0.5,168,170,5.72120128689637,4.99127820160888,12.9486666367297,0.153261019577202,12.9122637461058,0.158015241705797,12.9304651914177,4.17907116122477,3.87703078237202,13.311717461887,0.173085521960302,13.4034575868973,0.161648584003514
2019,25,1,168,170,5.64494108955886,4.99127820160888,12.9326599099463,0.1553531488571,12.9122637461058,0.158015241705797,12.9224618280261,4.52393702098594,3.87703078237202,13.3436081269193,0.169118724916037,13.4034575868973,0.161648584003514
2019,25,2,168,170,5.78567007261602,4.99127820160888,12.9214256928763,0.156819950699359,12.9122637461058,0.158015241705797,12.916844719491,4.49142741395586,3.87703078237202,13.359522230688,0.167135660713956,13.4034575868973,0.161648584003514
2019,30,0,78,79,3.0713439244305,2.65390114031052,13.2960524434045,0.107219096816272,13.1517405992484,0.126493940628331,13.2238965213265,1.83160741271937,1.96400027378919,13.7309874001634,0.120175704126219,13.5237892119659,0.146528153861023
2019,30,0.1,78,79,3.41431616708114,2.65390114031052,13.2704066291994,0.110659819081728,13.1517405992484,0.126493940628331,13.2110736142239,1.98473648625493,1.96400027378919,13.738090750494,0.119265162651458,13.5237892119659,0.146528153861023
2019,30,0.25,78,79,3.87237100254159,2.65390114031052,13.2383738477499,0.114948106171379,13.1517405992484,0.126493940628331,13.1950572234992,2.05055239498363,1.96400027378919,13.7171752218372,0.121944867208705,13.5237892119659,0.146528153861023
2019,30,0.5,78,79,4.61174769444166,2.65390114031052,13.2028310033197,0.119694162350728,13.1517405992484,0.126493940628331,13.177285801284,2.22430775287219,1.96400027378919,13.6849811740806,0.126061600561763,13.5237892119659,0.146528153861023
2019,30,1,78,79,4.68887231332795,2.65390114031052,13.1686263996293,0.124249474557612,13.1517405992484,0.126493940628331,13.1601834994389,2.48032119097911,1.96400027378919,13.6435455450541,0.131345840985522,13.5237892119659,0.146528153861023
2019,30,2,78,79,5.00737477209979,2.65390114031052,13.1447352205365,0.127424252624057,13.1517405992484,0.126493940628331,13.1482379098925,2.63144812361777,1.96400027378919,13.6067315827016,0.136027242599177,13.5237892119659,0.146528153861023
2022,0,0,567,593,5.97928760565557,5.97928760565557,14.2169130371148,0.118504796884726,14.2169130371148,0.118504796884726,14.2169130371148,3.42647565297097,3.42647565297097,14.7576658677447,0.175500462683276,14.7576658677447,0.175500462683276
2022,0,0.1,567,593,5.97928760565557,5.97928760565557,14.2169130371148,0.118504796884726,14.2169130371148,0.118504796884726,14.2169130371148,3.42647565297097,3.42647565297097,14.7576658677447,0.175500462683276,14.7576658677447,0.175500462683276
2022,0,0.25,567,593,5.97928760565557,5.97928760565557,14.2169130371148,0.118504796884726,14.2169130371148,0.118504796884726,14.2169130371148,3.42647565297097,3.42647565297097,14.7576658677447,0.175500462683276,14.7576658677447,0.175500462683276
2022,0,0.5,567,593,5.97928760565557,5.97928760565557,14.2169130371148,0.118504796884726,14.2169130371148,0.118504796884726,14.2169130371148,3.42647565297097,3.42647565297097,14.7576658677447,0.175500462683276,14.7576658677447,0.175500462683276
2022,0,1,567,593,5.97928760565557,5.97928760565557,14.2169130371148,0.118504796884726,14.2169130371148,0.118504796884726,14.2169130371148,3.42647565297097,3.42647565297097,14.7576658677447,0.175500462683276,14.7576658677447,0.175500462683276
2022,0,2,567,593,5.97928760565557,5.97928760565557,14.2169130371148,0.118504796884726,14.2169130371148,0.118504796884726,14.2169130371148,3.42647565297097,3.42647565297097,14.7576658677447,0.175500462683276,14.7576658677447,0.175500462683276
2022,5,0,507,536,5.86363407363129,5.97928760565557,14.1832372103689,0.122675874234801,14.2310174768574,0.116754886301306,14.2071273436132,3.36371968863084,3.42647565297097,14.9587443800782,0.152879187713094,14.762143348564,0.175000079909258
2022,5,0.1,507,536,5.94006716355948,5.97928760565557,14.173616120018,0.123865722740453,14.2310174768574,0.116754886301306,14.2023167984377,3.42525310192998,3.42647565297097,14.5561425450601,0.197864624718874,14.762143348564,0.175000079909258
2022,5,0.25,507,536,5.89254745663736,5.97928760565557,14.1943626304505,0.121298977347335,14.2310174768574,0.116754886301306,14.212690053654,3.37940867971588,3.42647565297097,14.6363512172556,0.189000260480526,14.762143348564,0.175000079909258
2022,5,0.5,507,536,5.92146083964343,5.97928760565557,14.207597469952,0.11965960980806,14.2310174768574,0.116754886301306,14.2193074734047,3.39509767080091,3.42647565297097,14.6853413193542,0.18356209460915,14.762143348564,0.175000079909258
2022,5,1,507,536,5.97928760565557,5.97928760565557,14.2172522856718,0.118462727337999,14.2310174768574,0.116754886301306,14.2241348812646,3.42647565297097,3.42647565297097,14.7186356652803,0.179855870885715,14.762143348564,0.175000079909258
2022,5,2,507,536,6.09494113767986,5.97928760565557,14.2234438738148,0.117694744310741,14.2310174768574,0.116754886301306,14.2272306753361,3.4892316173111,3.42647565297097,14.7387770727237,0.17760971711385,14.762143348564,0.175000079909258
2022,10,0,431,449,5.85037805248987,5.97928760565557,14.0541751907846,0.138569855358185,14.2255778250843,0.11742997894509,14.1398765079345,3.4322617475393,3.42647565297097,14.35521290746,0.219856766369682,14.8796131043615,0.161817965684506
2022,10,0.1,431,449,5.63253870266261,5.97928760565557,14.107492594644,0.132021432663507,14.2255778250843,0.11742997894509,14.1665352098641,3.63144648888476,3.42647565297097,14.5131504863341,0.202595895257232,14.8796131043615,0.161817965684506
2022,10,0.25,431,449,5.87759904093354,5.97928760565557,14.1406805580325,0.127932779150299,14.2255778250843,0.11742997894509,14.1831291915584,3.36683043847847,3.42647565297097,14.6000434825639,0.193018890643478,14.8796131043615,0.161817965684506
2022,10,0.5,431,449,5.91149522917422,5.97928760565557,14.1626495822553,0.1252209792254,14.2255778250843,0.11742997894509,14.1941137036698,3.38915021012816,3.42647565297097,14.6707262526871,0.185186347877832,14.8796131043615,0.161817965684506
2022,10,1,431,449,5.97928760565557,5.97928760565557,14.1816784886305,0.122868697498289,14.2255778250843,0.11742997894509,14.2036281568574,3.12207699972365,3.42647565297097,14.7154181958702,0.180214395994948,14.8796131043615,0.161817965684506
2022,10,2,431,449,6.11487235861828,5.97928760565557,14.1970728558017,0.120963392692289,14.2255778250843,0.11742997894509,14.211325340443,3.19009610647145,3.42647565297097,14.7644099510062,0.174746716918958,14.8796131043615,0.161817965684506
2022,15,0,337,351,6.9874442829084,4.52311179858036,14.2012827353303,0.120441991283205,14.2658276134906,0.11242863394344,14.2335551744105,3.52471589722669,3.12207699972365,14.0821484445721,0.249254208931581,15.0545428498922,0.141994218459687
2022,15,0.1,337,351,5.72930496688794,4.52311179858036,14.187005392158,0.122209639918838,14.2658276134906,0.11242863394344,14.2264165028243,3.8013207784173,3.12207699972365,14.3700603194522,0.21824214759571,15.0545428498922,0.141994218459687
2022,15,0.25,337,351,5.31766988551927,4.52311179858036,14.2091786448499,0.119463651330718,14.2658276134906,0.11242863394344,14.2375031291703,3.52758615286584,3.12207699972365,14.5776684794029,0.195490440684734,15.0545428498922,0.141994218459687
2022,15,0.5,337,351,4.68060451871754,4.52311179858036,14.2290148906304,0.117003448999207,14.2658276134906,0.11242863394344,14.2474212520605,3.40672043934851,3.12207699972365,14.7381410045824,0.177680697897221,15.0545428498922,0.141994218459687
2022,15,1,337,351,4.55411091335644,4.52311179858036,14.2438112544264,0.115166086210591,14.2658276134906,0.11242863394344,14.2548194339585,3.12207699972365,3.12207699972365,14.8511109596263,0.165025993293551,15.0545428498922,0.141994218459687
2022,15,2,337,351,4.24006020606003,4.52311179858036,14.2584537094036,0.113345955364077,14.2658276134906,0.11242863394344,14.2621406614471,3.20856112713982,3.12207699972365,14.9452842474569,0.154403009254792,15.0545428498922,0.141994218459687
2022,20,0,255,253,7.78354226751005,5.97928760565557,14.0982855332247,0.133154011560093,14.2662324673048,0.112378255968677,14.1822590002647,4.56478515560535,2.59200317423134,14.2470040036461,0.231573802346404,15.2047551159983,0.124786657536789
2022,20,0.1,255,253,6.72763041890654,5.97928760565557,14.0233434212666,0.142345286154639,14.2662324673048,0.112378255968677,14.1447879442857,3.91503198286104,2.59200317423134,14.4769403059393,0.206569963622214,15.2047551159983,0.124786657536789
2022,20,0.25,255,253,6.25310539342026,5.97928760565557,14.0445249470705,0.13975244440062,14.2662324673048,0.112378255968677,14.1553787071876,3.63905699090991,2.59200317423134,14.6791889784689,0.18424603542017,15.2047551159983,0.124786657536789
2022,20,0.5,255,253,5.51678564746255,5.97928760565557,14.0807000854295,0.135315177560448,14.2662324673048,0.112378255968677,14.1734662763671,3.21079002689292,2.59200317423134,14.8385805782601,0.166434390141957,15.2047551159983,0.124786657536789
2022,20,1,255,253,5.44810417437632,5.97928760565557,14.1316223150629,0.129049679661628,14.2662324673048,0.112378255968677,14.1989273911838,2.84472028387298,2.59200317423134,14.9729609085397,0.15126824502756,15.2047551159983,0.124786657536789
2022,20,2,255,253,5.65369301114523,5.97928760565557,14.1787815897532,0.123227005037949,14.2662324673048,0.112378255968677,14.222507028529,2.95288455322177,2.59200317423134,15.0850646835451,0.138511620960266,15.2047551159983,0.124786657536789
2022,25,0,178,178,4.81640655503559,3.1176055132222,14.402649212975,0.0953218400915894,14.3267664508742,0.104829623132937,14.3647078319246,3.71143611786448,1.9607553462112,14.5631114054594,0.197096384430776,15.100875305769,0.13670482655899
2022,25,0.1,178,178,4.58420731078969,3.1176055132222,14.3242167763859,0.105148214210203,14.3267664508742,0.104829623132937,14.32549161363,3.37408333634376,1.9607553462112,14.5971802933099,0.193335370945101,15.100875305769,0.13670482655899
2022,25,0.25,178,178,4.27154297101419,3.1176055132222,14.3026207981179,0.107844435881887,14.3267664508742,0.104829623132937,14.314693624496,3.14395510103851,1.9607553462112,14.6532663601274,0.187124642265832,15.100875305769,0.13670482655899
2022,25,0.5,178,178,3.78401552805316,3.1176055132222,14.3077173818134,0.107208502692649,14.3267664508742,0.104829623132937,14.3172419163438,2.78512354963083,1.9607553462112,14.7157329725948,0.180179323639704,15.100875305769,0.13670482655899
2022,25,1,178,178,3.75516687780643,3.1176055132222,14.3111770623292,0.106776687231637,14.3267664508742,0.104829623132937,14.3189717566017,2.59200317423134,1.9607553462112,14.7943013604245,0.171401787493874,15.100875305769,0.13670482655899
2022,25,2,178,178,3.60356651067569,3.1176055132222,14.3249879311476,0.105051861606549,14.3267664508742,0.104829623132937,14.3258771910109,2.72987568349897,1.9607553462112,14.8907521223801,0.160562554079017,15.100875305769,0.13670482655899
2022,30,0,97,93,4.24634498574047,3.4215682020557,14.4058108023286,0.0949246166743742,14.3680929024283,0.0996578251002035,14.3869518523785,2.50797661595408,1.9607553462112,15.3897459283774,0.103360287331636,15.4923442392194,0.09136523996304
2022,30,0.1,97,93,4.60472996856861,3.4215682020557,14.3710791237972,0.0992835373700549,14.3680929024283,0.0996578251002035,14.3695860131128,2.59205519518382,1.9607553462112,15.3924242214246,0.103048173943399,15.4923442392194,0.09136523996304
2022,30,0.25,97,93,5.20362040625395,3.4215682020557,14.3530627391053,0.101540498340638,14.3680929024283,0.0996578251002035,14.3605778207668,2.67066957293925,1.9607553462112,15.393749102277,0.102893759612594,15.4923442392194,0.09136523996304
2022,30,0.5,97,93,5.11541633894617,3.4215682020557,14.337562631337,0.103479972831627,14.3680929024283,0.0996578251002035,14.3528277668826,2.62809554339641,1.9607553462112,15.4006265967927,0.102091976828749,15.4923442392194,0.09136523996304
2022,30,1,97,93,5.14591821246834,3.4215682020557,14.3258900030082,0.104939144869187,14.3680929024283,0.0996578251002035,14.3469914527183,2.90706422322078,1.9607553462112,15.4061879146285,0.10144337289264,15.4923442392194,0.09136523996304
2022,30,2,97,93,5.42804509317847,3.4215682020557,14.3227580997669,0.105330455646021,14.3680929024283,0.0996578251002035,14.3454255010976,2.84365396784604,1.9607553462112,15.4250748817316,0.0992388804876523,15.4923442392194,0.09136523996304
2023,0,0,489,511,14.7146490778075,14.7146490778075,12.6161459831337,0.107840038156961,12.6161459831337,0.107840038156961,12.6161459831337,7.91972108955174,7.91972108955174,13.996435800598,0.10841109985306,13.996435800598,0.10841109985306
2023,0,0.1,489,511,14.7146490778075,14.7146490778075,12.6161459831337,0.107840038156961,12.6161459831337,0.107840038156961,12.6161459831337,7.91972108955174,7.91972108955174,13.996435800598,0.10841109985306,13.996435800598,0.10841109985306
2023,0,0.25,489,511,14.7146490778075,14.7146490778075,12.6161459831337,0.107840038156961,12.6161459831337,0.107840038156961,12.6161459831337,7.91972108955174,7.91972108955174,13.996435800598,0.10841109985306,13.996435800598,0.10841109985306
2023,0,0.5,489,511,14.7146490778075,14.7146490778075,12.6161459831337,0.107840038156961,12.6161459831337,0.107840038156961,12.6161459831337,7.91972108955174,7.91972108955174,13.996435800598,0.10841109985306,13.996435800598,0.10841109985306
2023,0,1,489,511,14.7146490778075,14.7146490778075,12.6161459831337,0.107840038156961,12.6161459831337,0.107840038156961,12.6161459831337,7.91972108955174,7.91972108955174,13.996435800598,0.10841109985306,13.996435800598,0.10841109985306
2023,0,2,489,511,14.7146490778075,14.7146490778075,12.6161459831337,0.107840038156961,12.6161459831337,0.107840038156961,12.6161459831337,7.91972108955174,7.91972108955174,13.996435800598,0.10841109985306,13.996435800598,0.10841109985306
2023,5,0,447,470,14.421737058844,14.7146490778075,12.9300549505026,0.062891107527853,12.6140312353306,0.108139104955306,12.7720430929166,6.95753199573895,7.91972108955174,14.3235907579109,0.0662436922533666,14.0048586590035,0.107337685622039
2023,5,0.1,447,470,15.8375697911349,14.7146490778075,12.6955523002174,0.0965741442631762,12.6140312353306,0.108139104955306,12.654791767774,7.92989867367722,7.91972108955174,13.5502278347849,0.164352852075369,14.0048586590035,0.107337685622039
2023,5,0.25,447,470,14.68373637327,14.7146490778075,12.6386503854708,0.104654368986441,12.6140312353306,0.108139104955306,12.6263408104007,8.06768511398332,7.91972108955174,13.68810405813,0.147260586726341,14.0048586590035,0.107337685622039
2023,5,0.5,447,470,14.5536572935865,14.7146490778075,12.622521920566,0.106938052163408,12.6140312353306,0.108139104955306,12.6182765779483,7.83722399486891,7.91972108955174,13.7849947678984,0.1351456953123,14.0048586590035,0.107337685622039
2023,5,1,447,470,14.7146490778075,14.7146490778075,12.6174019979098,0.107662389313028,12.6140312353306,0.108139104955306,12.6157166166202,7.91972108955174,7.91972108955174,13.8752595968689,0.12378239529054,14.0048586590035,0.107337685622039
2023,5,2,447,470,15.0366326462497,14.7146490778075,12.6154310023266,0.107941156069763,12.6140312353306,0.108139104955306,12.6147311188286,8.08471527891741,7.91972108955174,13.9339181613609,0.11635820116877,14.0048586590035,0.107337685622039
2023,10,0,388,410,13.3696027921697,14.7146490778075,12.8486097981012,0.0746594412852062,12.6317486554852,0.105631964910719,12.7401792267932,7.52929401494707,7.21615489562193,13.3114655101371,0.193542504635502,13.9594295015078,0.113119553876128
2023,10,0.1,388,410,16.1578091994403,14.7146490778075,12.6494879599098,0.103118202556579,12.6317486554852,0.105631964910719,12.6406183076975,8.01475696193936,7.21615489562193,13.4824817487414,0.172687812235548,13.9594295015078,0.113119553876128
2023,10,0.25,388,410,14.9882271837763,14.7146490778075,12.5995527622391,0.110185298283635,12.6317486554852,0.105631964910719,12.6156507088621,8.15779680730325,7.21615489562193,13.6341750949206,0.153966666809641,13.9594295015078,0.113119553876128
2023,10,0.5,388,410,14.4650542445287,14.7146490778075,12.5835238757233,0.112447865338881,12.6317486554852,0.105631964910719,12.6076362656043,7.87037299016591,7.21615489562193,13.7319246474334,0.141791990493007,13.9594295015078,0.113119553876128
2023,10,1,388,410,14.0478181126589,14.7146490778075,12.5795720232255,0.113005248849905,12.6317486554852,0.105631964910719,12.6056603393554,7.21615489562193,7.21615489562193,13.7861291050007,0.135003355513683,13.9594295015078,0.113119553876128
2023,10,2,388,410,13.7443105660176,14.7146490778075,12.5790607395454,0.1130773493512,12.6317486554852,0.105631964910719,12.6054046975153,7.38796810742246,7.21615489562193,13.8567012599417,0.126124732264348,13.9594295015078,0.113119553876128
2023,15,0,309,321,14.448754640174,14.7146490778075,12.9103815285036,0.0657406102150202,12.644566320268,0.103815981043999,12.7774739243858,7.40555018745941,7.21615489562193,12.9256457247308,0.239613781815722,14.0315284493539,0.103934611647231
2023,15,0.1,309,321,15.4444375031171,14.7146490778075,12.7863725089682,0.0836022307762511,12.644566320268,0.103815981043999,12.7154694146181,8.1322514747954,7.21615489562193,13.2705847355959,0.198488313518632,14.0315284493539,0.103934611647231
2023,15,0.25,309,321,15.7386996708163,14.7146490778075,12.7453197343371,0.0894772789741162,12.644566320268,0.103815981043999,12.6949430273025,7.54962826852426,7.21615489562193,13.4796996059418,0.173029212759326,14.0315284493539,0.103934611647231
2023,15,0.5,309,321,15.213836070094,14.7146490778075,12.7072630793359,0.094906678370103,12.644566320268,0.103815981043999,12.675914699802,7.29570340978827,7.21615489562193,13.6384809896135,0.153432200197256,14.0315284493539,0.103934611647231
2023,15,1,309,321,14.8217012253462,14.7146490778075,12.6762746163317,0.099315692631403,12.644566320268,0.103815981043999,12.6604204682999,7.21615489562193,7.21615489562193,13.771428127541,0.136847167652876,14.0315284493539,0.103934611647231
2023,15,2,309,321,13.8277361403242,14.7146490778075,12.6394938744714,0.104534856321795,12.644566320268,0.103815981043999,12.6420300973697,7.43416561754404,7.21615489562193,13.8746106826714,0.123864350765895,14.0315284493539,0.103934611647231
2023,20,0,235,241,16.0481961278947,14.7146490778075,12.9026334975587,0.0668616458002574,12.6759605040353,0.0993603291700492,12.789297000797,6.79668956378265,5.99097856870688,12.9528876294715,0.23640524616245,14.0348636394008,0.103508584852891
2023,20,0.1,235,241,17.1778990185717,14.7146490778075,12.8996558332627,0.0672922946506883,12.6759605040353,0.0993603291700492,12.787808168649,7.36413519703033,5.99097856870688,13.2662819082615,0.199007990285201,14.0348636394008,0.103508584852891
2023,20,0.25,235,241,19.2409314419816,14.7146490778075,12.8892000777615,0.0688036855841982,12.6759605040353,0.0993603291700492,12.7825802908984,7.51459792056004,5.99097856870688,13.5162818378805,0.168534529834483,14.0348636394008,0.103508584852891
2023,20,0.5,235,241,18.6454129802341,14.7146490778075,12.8463694779144,0.0749821031815017,12.6759605040353,0.0993603291700492,12.7611649909748,7.28014747061493,5.99097856870688,13.681616120887,0.148068764193809,14.0348636394008,0.103508584852891
2023,20,1,235,241,18.2526168282053,14.7146490778075,12.8048501663367,0.0809517341036302,12.6759605040353,0.0993603291700492,12.740405335186,7.21615489562193,5.99097856870688,13.8199989003849,0.130747882795828,14.0348636394008,0.103508584852891
2023,20,2,235,241,16.8084646750086,14.7146490778075,12.7507761490451,0.0886975020615716,12.6759605040353,0.0993603291700492,12.7133683265402,6.83704742322133,5.99097856870688,13.8921135763703,0.121652457110757,14.0348636394008,0.103508584852891
2023,25,0,172,172,12.7267814139891,13.4074402090074,12.8790801350884,0.0702653672675309,12.7003969245051,0.0958845178766665,12.7897385297968,5.94681516760964,4.97381565804261,13.3022367086842,0.194660346411825,14.172791870893,0.0858013845904133
2023,25,0.1,172,172,20.6032687091328,13.4074402090074,12.9576961002439,0.0588802268216277,12.7003969245051,0.0958845178766665,12.8290465123745,6.87218696539072,4.97381565804261,13.5242460428976,0.167554391586526,14.172791870893,0.0858013845904133
2023,25,0.25,172,172,19.2035627911593,13.4074402090074,12.9077712222519,0.0661183614974179,12.7003969245051,0.0958845178766665,12.8040840733785,7.02982785082494,4.97381565804261,13.6994242786169,0.145849552767446,14.172791870893,0.0858013845904133
2023,25,0.5,172,172,18.6791853707652,13.4074402090074,12.8647952743711,0.0723266580112774,12.7003969245051,0.0958845178766665,12.7825960994381,6.83786956504645,4.97381565804261,13.823526408328,0.130304078841764,14.172791870893,0.0858013845904133
2023,25,1,172,172,16.7822544074703,13.4074402090074,12.8067039625633,0.0806856081416504,12.7003969245051,0.0958845178766665,12.7535504435342,6.74244202721488,4.97381565804261,13.9312956580727,0.116690790383305,14.172791870893,0.0858013845904133
2023,25,2,172,172,17.0366338787418,13.4074402090074,12.7747833669352,0.0852626627669724,12.7003969245051,0.0958845178766665,12.7375901457202,6.93636035156167,4.97381565804261,14.0234549313546,0.104965478496588,14.172791870893,0.0858013845904133
2023,30,0,102,101,8.89633911463748,8.42026320015334,12.4248679938866,0.134687684990883,12.7434799718263,0.0897401244264455,12.5841739828564,5.0701536330489,3.12370119104662,13.4603273101708,0.175404460187898,14.2266534715338,0.0788396276929232
2023,30,0.1,102,101,14.0569764230714,8.42026320015334,12.4562146993739,0.130315983536412,12.7434799718263,0.0897401244264455,12.5998473356001,5.30951213850146,3.12370119104662,13.4790445961794,0.1731095796509,14.2266534715338,0.0788396276929232
2023,30,0.25,102,101,15.8735994752192,8.42026320015334,12.5057676481265,0.123382717052921,12.7434799718263,0.0897401244264455,12.6246238099764,5.46380500224667,3.12370119104662,13.5252217087002,0.167434278715686,14.2266534715338,0.0788396276929232
2023,30,0.5,102,101,14.2015959358005,8.42026320015334,12.5299850296179,0.119984296248745,12.7434799718263,0.0897401244264455,12.6367325007221,5.36610287076403,3.12370119104662,13.5928857157084,0.159083118228301,14.2266534715338,0.0788396276929232
2023,30,1,102,101,12.988698733661,8.42026320015334,12.570116939208,0.114338117424321,12.7434799718263,0.0897401244264455,12.6567984555171,4.90987408116294,3.12370119104662,13.6827316310577,0.147929836644302,14.2266534715338,0.0788396276929232
2023,30,2,102,101,12.3623688829393,8.42026320015334,12.6135830078338,0.108202486671513,12.7434799718263,0.0897401244264455,12.67853148983,4.94023987018459,3.12370119104662,13.8073896769207,0.132333352390341,14.2266534715338,0.0788396276929232
2024,0,0,519,549,6.3318921117013,6.3318921117013,15.0934984096258,0.129242768260189,15.0934984096258,0.129242768260189,15.0934984096258,3.84064329685315,3.84064329685315,14.4245079660734,0.201050226857331,14.4245079660734,0.201050226857331
2024,0,0.1,519,549,6.3318921117013,6.3318921117013,15.0934984096258,0.129242768260189,15.0934984096258,0.129242768260189,15.0934984096258,3.84064329685315,3.84064329685315,14.4245079660734,0.201050226857331,14.4245079660734,0.201050226857331
2024,0,0.25,519,549,6.3318921117013,6.3318921117013,15.0934984096258,0.129242768260189,15.0934984096258,0.129242768260189,15.0934984096258,3.84064329685315,3.84064329685315,14.4245079660734,0.201050226857331,14.4245079660734,0.201050226857331
2024,0,0.5,519,549,6.3318921117013,6.3318921117013,15.0934984096258,0.129242768260189,15.0934984096258,0.129242768260189,15.0934984096258,3.84064329685315,3.84064329685315,14.4245079660734,0.201050226857331,14.4245079660734,0.201050226857331
2024,0,1,519,549,6.3318921117013,6.3318921117013,15.0934984096258,0.129242768260189,15.0934984096258,0.129242768260189,15.0934984096258,3.84064329685315,3.84064329685315,14.4245079660734,0.201050226857331,14.4245079660734,0.201050226857331
2024,0,2,519,549,6.3318921117013,6.3318921117013,15.0934984096258,0.129242768260189,15.0934984096258,0.129242768260189,15.0934984096258,3.84064329685315,3.84064329685315,14.4245079660734,0.201050226857331,14.4245079660734,0.201050226857331
2024,5,0,455,478,6.17310885193744,6.3318921117013,15.271902516835,0.108536533600708,15.0903478212387,0.129606250763989,15.1811251690369,3.75739041312891,3.84064329685315,14.3656870361188,0.20755293039749,14.4368208313499,0.199685665991325
2024,5,0.1,455,478,5.9017690230125,6.3318921117013,15.1218493133075,0.125968518786087,15.0903478212387,0.129606250763989,15.1060985672731,3.82374560782241,3.84064329685315,14.2512790182427,0.220124731801085,14.4368208313499,0.199685665991325
2024,5,0.25,455,478,6.22976481957709,6.3318921117013,15.0874219442298,0.129943740423276,15.0903478212387,0.129606250763989,15.0888848827342,3.7816170166761,3.84064329685315,14.29704674312,0.215107577822519,14.4368208313499,0.199685665991325
2024,5,0.5,455,478,6.26380725028516,6.3318921117013,15.0795661517184,0.130849554821252,15.0903478212387,0.129606250763989,15.0849569864785,3.80129244340178,3.84064329685315,14.3421835205369,0.210143834083641,14.4368208313499,0.199685665991325
2024,5,1,455,478,6.3318921117013,6.3318921117013,15.0805275380806,0.13073872722681,15.0903478212387,0.129606250763989,15.0854376796597,3.84064329685315,3.84064329685315,14.3793616054244,0.206043565774674,14.4368208313499,0.199685665991325
2024,5,2,455,478,6.46806183453359,6.3318921117013,15.0838362138625,0.130357252610168,15.0903478212387,0.129606250763989,15.0870920175506,3.91934500375588,3.84064329685315,14.4046099705321,0.203252941029499,14.4368208313499,0.199685665991325
2024,10,0,368,394,5.51417306090315,5.76938426792368,14.9737318217545,0.143006822114484,15.0692325618201,0.132040353920946,15.0214821917873,3.6950859832231,3.49945113161719,14.2829386074722,0.216655856349312,14.4935714449118,0.193381286526715
2024,10,0.1,368,394,5.61484388778808,5.76938426792368,15.0549150768402,0.133688891179039,15.0692325618201,0.132040353920946,15.0620738193301,3.7586486268607,3.49945113161719,14.3254353344078,0.211987477226768,14.4935714449118,0.193381286526715
2024,10,0.25,368,394,5.7174177732909,5.76938426792368,15.0420301519483,0.135171141566752,15.0692325618201,0.132040353920946,15.0556313568842,3.82629296666569,3.49945113161719,14.3611307987561,0.20805551748158,14.4935714449118,0.193381286526715
2024,10,0.5,368,394,5.69306966120512,5.76938426792368,15.0362903063969,0.135831030814337,15.0692325618201,0.132040353920946,15.0527614341085,3.6923784759501,3.49945113161719,14.3850667389632,0.20541342290887,14.4935714449118,0.193381286526715
2024,10,1,368,394,5.76938426792368,5.76938426792368,15.0375508163794,0.135686136129751,15.0692325618201,0.132040353920946,15.0533916890997,3.49945113161719,3.49945113161719,14.4013918429781,0.203608903079769,14.4935714449118,0.193381286526715
2024,10,2,368,394,5.92201348136082,5.76938426792368,15.0439865122406,0.134946168362177,15.0692325618201,0.132040353920946,15.0566095370303,3.58607120913247,3.49945113161719,14.4289550512843,0.200557517445752,14.4935714449118,0.193381286526715
2024,15,0,304,304,5.64396156381803,6.3318921117013,15.0777716051967,0.131056409326815,15.109272144986,0.127421815844971,15.0935218750914,4.11492276194653,3.84064329685315,14.5904889597817,0.182557610873426,14.5122329687159,0.191302789156648
2024,15,0.1,304,304,6.1051998399459,6.3318921117013,15.0928056132569,0.129322702492417,15.109272144986,0.127421815844971,15.1010388791215,4.23301708190517,3.84064329685315,14.659956824571,0.174755108641591,14.5122329687159,0.191302789156648
2024,15,0.25,304,304,6.22201306977757,6.3318921117013,15.0841611590237,0.130319783462059,15.109272144986,0.127421815844971,15.0967166520049,4.31400909039516,3.84064329685315,14.6739819043036,0.173175341118142,14.5122329687159,0.191302789156648
2024,15,0.5,304,304,6.60178303297695,6.3318921117013,15.0757361317994,0.131291005289975,15.109272144986,0.127421815844971,15.0925041383927,4.57732114955156,3.84064329685315,14.6833365561621,0.17212080496005,14.5122329687159,0.191302789156648
2024,15,1,304,304,6.43325406347005,6.3318921117013,15.0715061752073,0.131778422394663,15.109272144986,0.127421815844971,15.0903891600967,4.46047222970934,3.84064329685315,14.6610915151434,0.174627354672284,14.5122329687159,0.191302789156648
2024,15,2,304,304,6.53354472672364,6.3318921117013,15.0734286631426,0.131556911426217,15.109272144986,0.127421815844971,15.0913504040643,4.34934017116734,3.84064329685315,14.628302358697,0.178315075959253,14.5122329687159,0.191302789156648
2024,20,0,234,230,5.71739299520594,5.25684807065069,15.033566028939,0.136144142988173,15.108042582408,0.127563827427868,15.0708043056735,4.34027488778792,3.49945113161719,14.3415484015202,0.210213787387939,14.6329060947809,0.177797802567514
2024,20,0.1,234,230,5.47948425306485,5.25684807065069,15.0928764856379,0.129314525468266,15.108042582408,0.127563827427868,15.1004595340229,4.03689808653911,3.49945113161719,14.5050030762945,0.192108362969126,14.6329060947809,0.177797802567514
2024,20,0.25,234,230,5.5924661149713,5.25684807065069,15.1231416278746,0.125819122788754,15.108042582408,0.127563827427868,15.1155921051413,4.1205876663117,3.49945113161719,14.6349951316542,0.177563025783981,14.6329060947809,0.177797802567514
2024,20,0.5,234,230,5.94802033768208,5.25684807065069,15.1376398695376,0.124142201270945,15.108042582408,0.127563827427868,15.1228412259728,3.99394748773113,3.49945113161719,14.706510432097,0.169505553431456,14.6329060947809,0.177797802567514
2024,20,1,234,230,5.8232127512879,5.25684807065069,15.140718483803,0.12378591025998,15.108042582408,0.127563827427868,15.1243805331055,4.2928731676027,3.49945113161719,14.7657181541374,0.162805029058276,14.6329060947809,0.177797802567514
2024,20,2,234,230,6.00583444283859,5.25684807065069,15.1360342147187,0.124327996510187,15.108042582408,0.127563827427868,15.1220383985633,4.39073049687032,3.49945113161719,14.7658546780826,0.162789547564236,14.6329060947809,0.177797802567514
2024,25,0,171,177,4.22763261131269,4.36432762125488,15.0381816625766,0.13561361626826,15.0591542436821,0.133200950283796,15.0486679531293,3.29583735719477,2.90530580828791,14.375904157214,0.20642532587076,14.6038903681656,0.181055274610105
2024,25,0.1,171,177,4.14645733461479,4.36432762125488,15.0436412028295,0.134985879618328,15.0591542436821,0.133200950283796,15.0513977232558,3.68201671240301,2.90530580828791,14.44312373593,0.198986702407158,14.6038903681656,0.181055274610105
2024,25,0.25,171,177,4.24178477159844,4.36432762125488,15.0540149652739,0.133792479055056,15.0591542436821,0.133200950283796,15.056584604478,3.43104616034313,2.90530580828791,14.478753840216,0.1950297480665,14.6038903681656,0.181055274610105
2024,25,0.5,171,177,4.12629339268252,4.36432762125488,15.0614321137222,0.132938703827751,15.0591542436821,0.133200950283796,15.0602931787021,3.33604410120703,2.90530580828791,14.5207881558531,0.190349028933916,14.6038903681656,0.181055274610105
2024,25,1,171,177,4.46609893049753,4.36432762125488,15.0699410860613,0.131958732656626,15.0591542436821,0.133200950283796,15.0645476648717,3.60748330018499,2.90530580828791,14.5861959071216,0.183038582682865,14.6038903681656,0.181055274610105
2024,25,2,171,177,5.05447645148112,4.36432762125488,15.0743090981452,0.131455457398695,15.0591542436821,0.133200950283796,15.0667316709137,3.68658755576785,2.90530580828791,14.6120336776677,0.180141712602734,14.6038903681656,0.181055274610105
2024,30,0,95,94,2.67094038596356,2.49742872346778,15.0932253213971,0.129274277376547,14.9703985697502,0.143388324376674,15.0318119455737,2.59673415071119,2.19775729930127,14.2810898553625,0.216858631905731,14.7676291516104,0.162588313421933
2024,30,0.1,95,94,2.8315861363863,2.49742872346778,15.0488697636503,0.134384487329623,14.9703985697502,0.143388324376674,15.0096341667003,2.66054055226582,2.19775729930127,14.2941263487081,0.215428198070401,14.7676291516104,0.162588313421933
2024,30,0.25,95,94,2.91651057417356,2.49742872346778,15.0321594909791,0.136305779849671,14.9703985697502,0.143388324376674,15.0012790303646,2.74077879966232,2.19775729930127,14.3212029803189,0.212453034506031,14.7676291516104,0.162588313421933
2024,30,0.5,95,94,2.86851567101733,2.49742872346778,15.0142452227317,0.138363133015073,14.9703985697502,0.143388324376674,14.9923218962409,2.95926729950979,2.19775729930127,14.3663459358997,0.207480235625064,14.7676291516104,0.162588313421933
2024,30,1,95,94,2.88831671163655,2.49742872346778,14.9950183957418,0.140568496707456,14.9703985697502,0.143388324376674,14.982708482746,2.98112802302633,2.19775729930127,14.4209003383851,0.201449818010222,14.7676291516104,0.162588313421933
2024,30,2,95,94,3.03355338059003,2.49742872346778,14.9788628024608,0.142419397563217,14.9703985697502,0.143388324376674,14.9746306861055,3.1846621360079,2.19775729930127,14.5000457199607,0.192660492783892,14.7676291516104,0.162588313421933
2025,0,0,512,541,6.5303819433978,6.5303819433978,15.1355839729563,0.120575114536293,15.1355839729563,0.120575114536293,15.1355839729563,4.67807631823416,4.67807631823416,14.7472126166126,0.218621642540198,14.7472126166126,0.218621642540198
2025,0,0.1,512,541,6.5303819433978,6.5303819433978,15.1355839729563,0.120575114536293,15.1355839729563,0.120575114536293,15.1355839729563,4.67807631823416,4.67807631823416,14.7472126166126,0.218621642540198,14.7472126166126,0.218621642540198
2025,0,0.25,512,541,6.5303819433978,6.5303819433978,15.1355839729563,0.120575114536293,15.1355839729563,0.120575114536293,15.1355839729563,4.67807631823416,4.67807631823416,14.7472126166126,0.218621642540198,14.7472126166126,0.218621642540198
2025,0,0.5,512,541,6.5303819433978,6.5303819433978,15.1355839729563,0.120575114536293,15.1355839729563,0.120575114536293,15.1355839729563,4.67807631823416,4.67807631823416,14.7472126166126,0.218621642540198,14.7472126166126,0.218621642540198
2025,0,1,512,541,6.5303819433978,6.5303819433978,15.1355839729563,0.120575114536293,15.1355839729563,0.120575114536293,15.1355839729563,4.67807631823416,4.67807631823416,14.7472126166126,0.218621642540198,14.7472126166126,0.218621642540198
2025,0,2,512,541,6.5303819433978,6.5303819433978,15.1355839729563,0.120575114536293,15.1355839729563,0.120575114536293,15.1355839729563,4.67807631823416,4.67807631823416,14.7472126166126,0.218621642540198,14.7472126166126,0.218621642540198
2025,5,0,449,483,5.7773682976331,6.5303819433978,15.6287283745015,0.0623350689481712,15.1362858355504,0.120493551810512,15.382507105026,4.17066396521739,4.67807631823416,14.9314209282204,0.198979239501805,14.7545544394007,0.217843438606548
2025,5,0.1,449,483,5.94003584561102,6.5303819433978,15.3333192171357,0.0974469433851558,15.1362858355504,0.120493551810512,15.2348025263431,4.72002679752083,4.67807631823416,14.5821946832113,0.236010695302544,14.7545544394007,0.217843438606548
2025,5,0.25,449,483,5.85301465300648,6.5303819433978,15.2472188884218,0.10755459628547,15.1362858355504,0.120493551810512,15.1917523619861,4.60690882860585,4.67807631823416,14.6004953880007,0.234091873551255,14.7545544394007,0.217843438606548
2025,5,0.5,449,483,6.45924488519085,6.5303819433978,15.1891457422653,0.114339887947653,15.1362858355504,0.120493551810512,15.1627157889079,4.63063132514862,4.67807631823416,14.6455189092025,0.229360931375346,14.7545544394007,0.217843438606548
2025,5,1,449,483,6.5303819433978,6.5303819433978,15.1617832748995,0.117527956362893,15.1362858355504,0.120493551810512,15.149034555225,4.67807631823416,4.67807631823416,14.6872116365329,0.224966989649671,14.7545544394007,0.217843438606548
2025,5,2,449,483,6.6726560598117,6.5303819433978,15.1480309617093,0.119128101647238,15.1362858355504,0.120493551810512,15.1421583986299,4.77296630440524,4.67807631823416,14.7165784384259,0.221864563433605,14.7545544394007,0.217843438606548
2025,10,0,377,410,5.79453518057514,6.5303819433978,15.1543273718051,0.118395665409415,15.1395227728952,0.120117341727316,15.1469250723501,4.15399417943361,4.67807631823416,14.26347134423,0.269042776094023,14.7558898063412,0.217701853405376
2025,10,0.1,377,410,5.86457225084512,6.5303819433978,15.116982209132,0.122735427803773,15.1395227728952,0.120117341727316,15.1282524910136,4.49316353602241,4.67807631823416,14.4127333517402,0.253664330348393,14.7558898063412,0.217701853405376
2025,10,0.25,377,410,5.97113261753987,6.5303819433978,15.1056693019284,0.12404795156766,15.1395227728952,0.120117341727316,15.1225960374118,4.57335329354586,4.67807631823416,14.4867548523782,0.245978522339657,14.7558898063412,0.217701853405376
2025,10,0.5,377,410,5.87336431377951,6.5303819433978,15.1026813606096,0.12439444855667,15.1395227728952,0.120117341727316,15.1211020667524,4.21174499582845,4.67807631823416,14.5133348599789,0.243209056983624,14.7558898063412,0.217701853405376
2025,10,1,377,410,5.95024081003316,6.5303819433978,15.1031703174564,0.124337751305399,15.1395227728952,0.120117341727316,15.1213465451758,4.26248891144084,4.67807631823416,14.5688007749929,0.237413516123077,14.7558898063412,0.217701853405376
2025,10,2,377,410,6.10399380254049,6.5303819433978,15.1100272120178,0.123542463087503,15.1395227728952,0.120117341727316,15.1247749924565,4.36397674266562,4.67807631823416,14.6187237694502,0.23217824250358,14.7558898063412,0.217701853405376
2025,15,0,320,330,5.77186816043992,5.95024081003316,15.1897342512915,0.114271256165941,15.167983299697,0.116806079900387,15.1788587754943,4.44791776259894,4.26248891144084,14.5005875605257,0.244537876898587,14.7846040704483,0.21465426061802
2025,15,0.1,320,330,6.17196540053019,5.95024081003316,15.1439687875721,0.119600476607528,15.167983299697,0.116806079900387,15.1559760436346,4.41985411524486,4.26248891144084,14.5650921358568,0.237801715282913,14.7846040704483,0.21465426061802
2025,15,0.25,320,330,6.28852171200186,5.95024081003316,15.1235445772866,0.121973611381582,15.167983299697,0.116806079900387,15.1457639384918,4.50268936126433,4.26248891144084,14.6314079965877,0.230845232735626,14.7846040704483,0.21465426061802
2025,15,0.5,320,330,6.66967288324826,5.95024081003316,15.1114970256677,0.123371941633256,15.167983299697,0.116806079900387,15.1397401626823,4.60928107826013,4.26248891144084,14.6876391582041,0.224921869004792,14.7846040704483,0.21465426061802
2025,15,1,320,330,6.5303819433978,5.95024081003316,15.1157898076005,0.122873816583965,15.167983299697,0.116806079900387,15.1418865536487,4.26248891144084,4.26248891144084,14.7002040325271,0.2235951854142,14.7846040704483,0.21465426061802
2025,15,2,320,330,6.13055113760993,5.95024081003316,15.130931766271,0.121115647042313,15.167983299697,0.116806079900387,15.149457532984,4.38785623236557,4.26248891144084,14.734729734707,0.219943889110334,14.7846040704483,0.21465426061802
2025,20,0,236,249,6.20993694619728,5.95024081003316,15.158949477182,0.117857800619055,15.1912505707963,0.114094411096356,15.1751000239892,3.65769709191118,3.53879317824592,14.4871549355159,0.245936873889416,14.8556182109198,0.207091718859656
2025,20,0.1,236,249,5.95524371435727,5.95024081003316,15.1394977183084,0.120120253982679,15.1912505707963,0.114094411096356,15.1653741445524,3.67570615093708,3.53879317824592,14.5434514746305,0.24006496512083,14.8556182109198,0.207091718859656
2025,20,0.25,236,249,6.07770997758202,5.95024081003316,15.1413693821836,0.119902685214758,15.1912505707963,0.114094411096356,15.16630997649,3.75006815781821,3.53879317824592,14.6035732532348,0.233768924171159,14.8556182109198,0.207091718859656
2025,20,0.5,236,249,5.88934394626246,5.95024081003316,15.1493235994722,0.11897775908912,15.1912505707963,0.114094411096356,15.1702870851343,3.8088439022891,3.53879317824592,14.6595883546961,0.227879567358208,14.8556182109198,0.207091718859656
2025,20,1,236,249,5.95024081003316,5.95024081003316,15.1588706153418,0.11786697898281,15.1912505707963,0.114094411096356,15.1750605930691,3.53879317824592,3.53879317824592,14.6839344034107,0.225312825270154,14.8556182109198,0.207091718859656
2025,20,2,236,249,6.19212051775809,5.95024081003316,15.1677377450599,0.116834675739761,15.1912505707963,0.114094411096356,15.1794941579281,3.67542611949094,3.53879317824592,14.7305248543162,0.22038903804583,14.8556182109198,0.207091718859656
2025,25,0,168,173,3.44088716260008,4.50113896290904,14.9446567704828,0.142622114632813,15.0734240165516,0.127783658513638,15.0090403935172,3.12862427963488,2.67696726314353,14.6777510758282,0.225965121295365,15.0397943825895,0.187309295695082
2025,25,0.1,168,173,3.77345994414816,4.50113896290904,14.9329475720011,0.143965106326492,15.0734240165516,0.127783658513638,15.0031857942763,3.11243974740026,2.67696726314353,14.7319492184846,0.220238262208881,15.0397943825895,0.187309295695082
2025,25,0.25,168,173,3.86080456731099,4.50113896290904,14.9417087434138,0.142960339050403,15.0734240165516,0.127783658513638,15.0075663799827,3.18367861843466,2.67696726314353,14.7887551544226,0.214213194525362,15.0397943825895,0.187309295695082
2025,25,0.5,168,173,4.12289111887068,4.50113896290904,14.9618723244111,0.140645657494487,15.0734240165516,0.127783658513638,15.0176481704814,3.39839948927424,2.67696726314353,14.8544926099078,0.20721187064856,15.0397943825895,0.187309295695082
2025,25,1,168,173,4.50113896290904,4.50113896290904,14.9897564679256,0.137439549544552,15.0734240165516,0.127783658513638,15.0315902422386,3.35045511638965,2.67696726314353,14.8979949564365,0.202561608237203,15.0397943825895,0.187309295695082
2025,25,2,168,173,4.75401193835337,4.50113896290904,15.0118839002818,0.13489109782859,15.0734240165516,0.127783658513638,15.0426539584167,3.40061417105659,2.67696726314353,14.9371979449918,0.198359284362961,15.0397943825895,0.187309295695082
2025,30,0,98,101,2.37521236694412,3.10246048991069,15.2449570997599,0.107819349247349,15.2721144272702,0.104637861372104,15.2585357635151,1.77301138892394,1.8451296960891,15.0058183248819,0.190977010387949,15.2926516854825,0.159752771983766
2025,30,0.1,98,101,2.38313491215114,3.10246048991069,15.2450678224521,0.107806389551676,15.2721144272702,0.104637861372104,15.2585911248611,1.83610008379209,1.8451296960891,15.0242476696755,0.188988592430819,15.2926516854825,0.159752771983766
2025,30,0.25,98,101,2.45346513891379,3.10246048991069,15.2413105891288,0.108246107698051,15.2721144272702,0.104637861372104,15.2567125081995,1.88945661310422,1.8451296960891,15.0395639765389,0.187334195958537,15.2926516854825,0.159752771983766
2025,30,0.5,98,101,2.64638716790789,3.10246048991069,15.2340594693283,0.109094417441899,15.2721144272702,0.104637861372104,15.2530869482993,2.03659543920128,1.8451296960891,15.0618007552983,0.184929281929516,15.2926516854825,0.159752771983766
2025,30,1,98,101,3.10246048991069,3.10246048991069,15.2257076086656,0.110071002792484,15.2721144272702,0.104637861372104,15.2489110179679,2.22246525117593,1.8451296960891,15.0970464070553,0.181110175363041,15.2926516854825,0.159752771983766
2025,30,2,98,101,3.3897253500876,3.10246048991069,15.2263487674329,0.109996050900949,15.2721144272702,0.104637861372104,15.2492315973516,2.42268734587646,1.8451296960891,15.142474180023,0.17617459937228,15.2926516854825,0.159752771983766
